{
  "characteristics": {
    "cpu": 0.001517, 
    "gpu_copy": 0.002252, 
    "gpu_only": 0.000373, 
    "is_gpu_better": false, 
    "l2 cache and mmu counters": {
      "0": 2801912119, 
      "1": 13, 
      "10": 0, 
      "11": 0, 
      "12": 0, 
      "13": 0, 
      "14": 0, 
      "15": 0, 
      "16": 8, 
      "17": 3, 
      "18": 189, 
      "19": 4, 
      "2": 65535, 
      "20": 0, 
      "21": 0, 
      "22": 0, 
      "23": 0, 
      "24": 0, 
      "25": 0, 
      "26": 0, 
      "27": 0, 
      "28": 0, 
      "29": 0, 
      "3": 0, 
      "30": 842, 
      "31": 4108, 
      "32": 146606, 
      "33": 117567, 
      "34": 115434, 
      "35": 9716, 
      "36": 10422, 
      "37": 113107, 
      "38": 0, 
      "39": 14400, 
      "4": 117, 
      "40": 13985, 
      "41": 97, 
      "42": 0, 
      "43": 14338, 
      "44": 0, 
      "45": 34, 
      "46": 0, 
      "47": 0, 
      "48": 1027, 
      "49": 1027, 
      "5": 58, 
      "50": 214, 
      "51": 181, 
      "52": 4, 
      "53": 2, 
      "54": 0, 
      "55": 0, 
      "56": 0, 
      "57": 31, 
      "58": 18, 
      "59": 0, 
      "6": 66, 
      "60": 0, 
      "61": 3395, 
      "62": 118549, 
      "63": 94287, 
      "7": 105, 
      "8": 38, 
      "9": 0
    }, 
    "shader core counters": {
      "0": [
        2801912119, 
        2801912119, 
        2801912119, 
        2801912119
      ], 
      "1": [
        13, 
        13, 
        13, 
        13
      ], 
      "10": [
        0, 
        0, 
        0, 
        0
      ], 
      "11": [
        0, 
        0, 
        0, 
        0
      ], 
      "12": [
        0, 
        0, 
        0, 
        0
      ], 
      "13": [
        0, 
        0, 
        0, 
        0
      ], 
      "14": [
        0, 
        0, 
        0, 
        0
      ], 
      "15": [
        0, 
        0, 
        0, 
        0
      ], 
      "16": [
        0, 
        0, 
        0, 
        0
      ], 
      "17": [
        0, 
        0, 
        0, 
        0
      ], 
      "18": [
        0, 
        0, 
        0, 
        0
      ], 
      "19": [
        0, 
        0, 
        0, 
        0
      ], 
      "2": [
        65535, 
        65535, 
        65535, 
        65535
      ], 
      "20": [
        0, 
        0, 
        0, 
        0
      ], 
      "21": [
        0, 
        0, 
        0, 
        0
      ], 
      "22": [
        193881, 
        198409, 
        195857, 
        195788
      ], 
      "23": [
        40, 
        33, 
        42, 
        13
      ], 
      "24": [
        5120, 
        4224, 
        5376, 
        1664
      ], 
      "25": [
        9476, 
        6805, 
        10461, 
        24057
      ], 
      "26": [
        193342, 
        197872, 
        195321, 
        195258
      ], 
      "27": [
        91234, 
        73240, 
        87367, 
        26217
      ], 
      "28": [
        5371, 
        3765, 
        4896, 
        1552
      ], 
      "29": [
        85135, 
        98894, 
        90426, 
        65511
      ], 
      "3": [
        0, 
        0, 
        0, 
        0
      ], 
      "30": [
        0, 
        0, 
        0, 
        0
      ], 
      "31": [
        60754, 
        50152, 
        59504, 
        20252
      ], 
      "32": [
        132857, 
        161803, 
        142497, 
        179403
      ], 
      "33": [
        0, 
        0, 
        0, 
        0
      ], 
      "34": [
        72103, 
        111651, 
        82993, 
        159151
      ], 
      "35": [
        0, 
        0, 
        0, 
        0
      ], 
      "36": [
        0, 
        0, 
        0, 
        0
      ], 
      "37": [
        0, 
        0, 
        0, 
        0
      ], 
      "38": [
        0, 
        0, 
        0, 
        0
      ], 
      "39": [
        0, 
        0, 
        0, 
        0
      ], 
      "4": [
        0, 
        0, 
        0, 
        0
      ], 
      "40": [
        0, 
        0, 
        0, 
        0
      ], 
      "41": [
        0, 
        0, 
        0, 
        0
      ], 
      "42": [
        0, 
        0, 
        0, 
        0
      ], 
      "43": [
        0, 
        0, 
        0, 
        0
      ], 
      "44": [
        0, 
        0, 
        0, 
        0
      ], 
      "45": [
        0, 
        0, 
        0, 
        0
      ], 
      "46": [
        0, 
        0, 
        0, 
        0
      ], 
      "47": [
        0, 
        0, 
        0, 
        0
      ], 
      "48": [
        10008, 
        7938, 
        9596, 
        2762
      ], 
      "49": [
        3756, 
        8129, 
        4996, 
        14219
      ], 
      "5": [
        0, 
        0, 
        0, 
        0
      ], 
      "50": [
        7444, 
        6360, 
        7357, 
        2879
      ], 
      "51": [
        372, 
        280, 
        342, 
        67
      ], 
      "52": [
        7444, 
        6360, 
        7357, 
        2879
      ], 
      "53": [
        13871, 
        29927, 
        17919, 
        48036
      ], 
      "54": [
        4249, 
        3684, 
        4250, 
        1896
      ], 
      "55": [
        37, 
        38, 
        32, 
        4
      ], 
      "56": [
        3133, 
        2703, 
        3171, 
        1418
      ], 
      "57": [
        1, 
        1, 
        1, 
        1
      ], 
      "58": [
        3, 
        3, 
        3, 
        3
      ], 
      "59": [
        47, 
        47, 
        47, 
        48
      ], 
      "6": [
        0, 
        0, 
        0, 
        0
      ], 
      "60": [
        14, 
        13, 
        14, 
        12
      ], 
      "61": [
        24897, 
        20659, 
        24310, 
        8521
      ], 
      "62": [
        372, 
        372, 
        372, 
        372
      ], 
      "63": [
        0, 
        0, 
        0, 
        16
      ], 
      "7": [
        0, 
        0, 
        0, 
        0
      ], 
      "8": [
        0, 
        0, 
        0, 
        0
      ], 
      "9": [
        0, 
        0, 
        0, 
        0
      ]
    }
  }, 
  "features": {
    "GWS": [
      16, 
      16, 
      64
    ], 
    "LWS": [
      4, 
      1, 
      64
    ], 
    "OFFSET": [
      0, 
      0, 
      0
    ], 
    "compiler name": "ARM Mali OpenCL", 
    "compiler version": "5.0", 
    "cpu_freq": 1600, 
    "gpu_freq": 533, 
    "image cols": 633, 
    "image rows": 921, 
    "pool_dir": "pool.01", 
    "program version": "c597087", 
    "size": 16
  }, 
  "meta": {
    "device name": "Mali-T604", 
    "device type": "GPU", 
    "device vendor": "ARM", 
    "experiment type": "benchmarking", 
    "kernel name": "calc_histogram", 
    "program name": "Realeyes HOG"
  }, 
  "tags": [
    "demo", 
    "arm", 
    "codegen15"
  ], 
  "work": {
    "repl": 1, 
    "timestamp": "2015-02-22T02:01:05.159101"
  }
}