{
  "characteristics": {
    "cpu": 0.001779, 
    "gpu_copy": 0.003597, 
    "gpu_only": 0.000716, 
    "is_gpu_better": false, 
    "l2 cache and mmu counters": {
      "0": 2986022765, 
      "1": 14, 
      "10": 0, 
      "11": 0, 
      "12": 0, 
      "13": 0, 
      "14": 0, 
      "15": 0, 
      "16": 8, 
      "17": 3, 
      "18": 147, 
      "19": 4, 
      "2": 65535, 
      "20": 0, 
      "21": 0, 
      "22": 0, 
      "23": 0, 
      "24": 0, 
      "25": 0, 
      "26": 0, 
      "27": 0, 
      "28": 0, 
      "29": 0, 
      "3": 0, 
      "30": 783, 
      "31": 4184, 
      "32": 141784, 
      "33": 113129, 
      "34": 111843, 
      "35": 9667, 
      "36": 10267, 
      "37": 108815, 
      "38": 0, 
      "39": 14150, 
      "4": 352, 
      "40": 13748, 
      "41": 88, 
      "42": 0, 
      "43": 14106, 
      "44": 0, 
      "45": 34, 
      "46": 0, 
      "47": 0, 
      "48": 1046, 
      "49": 1046, 
      "5": 68, 
      "50": 200, 
      "51": 181, 
      "52": 5, 
      "53": 2, 
      "54": 0, 
      "55": 0, 
      "56": 0, 
      "57": 0, 
      "58": 0, 
      "59": 0, 
      "6": 34, 
      "60": 0, 
      "61": 3207, 
      "62": 116104, 
      "63": 90685, 
      "7": 102, 
      "8": 47, 
      "9": 0
    }, 
    "shader core counters": {
      "0": [
        2986022765, 
        2986022765, 
        2986022765, 
        2986022765
      ], 
      "1": [
        14, 
        14, 
        14, 
        14
      ], 
      "10": [
        0, 
        0, 
        0, 
        0
      ], 
      "11": [
        0, 
        0, 
        0, 
        0
      ], 
      "12": [
        0, 
        0, 
        0, 
        0
      ], 
      "13": [
        0, 
        0, 
        0, 
        0
      ], 
      "14": [
        0, 
        0, 
        0, 
        0
      ], 
      "15": [
        0, 
        0, 
        0, 
        0
      ], 
      "16": [
        0, 
        0, 
        0, 
        0
      ], 
      "17": [
        0, 
        0, 
        0, 
        0
      ], 
      "18": [
        0, 
        0, 
        0, 
        0
      ], 
      "19": [
        0, 
        0, 
        0, 
        0
      ], 
      "2": [
        65535, 
        65535, 
        65535, 
        65535
      ], 
      "20": [
        0, 
        0, 
        0, 
        0
      ], 
      "21": [
        0, 
        0, 
        0, 
        0
      ], 
      "22": [
        190036, 
        184152, 
        186402, 
        189388
      ], 
      "23": [
        39, 
        33, 
        38, 
        18
      ], 
      "24": [
        4992, 
        4224, 
        4864, 
        2304
      ], 
      "25": [
        6239, 
        4828, 
        8455, 
        11442
      ], 
      "26": [
        189577, 
        183688, 
        185940, 
        188931
      ], 
      "27": [
        89174, 
        73664, 
        87190, 
        40654
      ], 
      "28": [
        5237, 
        3789, 
        5331, 
        1970
      ], 
      "29": [
        85235, 
        89480, 
        80649, 
        79679
      ], 
      "3": [
        0, 
        0, 
        0, 
        0
      ], 
      "30": [
        0, 
        0, 
        0, 
        0
      ], 
      "31": [
        60168, 
        49832, 
        58124, 
        29714
      ], 
      "32": [
        133768, 
        149019, 
        132407, 
        172581
      ], 
      "33": [
        0, 
        0, 
        0, 
        0
      ], 
      "34": [
        73600, 
        99187, 
        74283, 
        142867
      ], 
      "35": [
        0, 
        0, 
        0, 
        0
      ], 
      "36": [
        0, 
        0, 
        0, 
        0
      ], 
      "37": [
        0, 
        0, 
        0, 
        0
      ], 
      "38": [
        0, 
        0, 
        0, 
        0
      ], 
      "39": [
        0, 
        0, 
        0, 
        0
      ], 
      "4": [
        0, 
        0, 
        0, 
        0
      ], 
      "40": [
        0, 
        0, 
        0, 
        0
      ], 
      "41": [
        0, 
        0, 
        0, 
        0
      ], 
      "42": [
        0, 
        0, 
        0, 
        0
      ], 
      "43": [
        0, 
        0, 
        0, 
        0
      ], 
      "44": [
        0, 
        0, 
        0, 
        0
      ], 
      "45": [
        0, 
        0, 
        0, 
        0
      ], 
      "46": [
        0, 
        0, 
        0, 
        0
      ], 
      "47": [
        0, 
        0, 
        0, 
        0
      ], 
      "48": [
        9736, 
        7832, 
        9448, 
        4216
      ], 
      "49": [
        3378, 
        7731, 
        3949, 
        14136
      ], 
      "5": [
        0, 
        0, 
        0, 
        0
      ], 
      "50": [
        7502, 
        6318, 
        7207, 
        4112
      ], 
      "51": [
        382, 
        265, 
        306, 
        97
      ], 
      "52": [
        7502, 
        6318, 
        7207, 
        4112
      ], 
      "53": [
        14526, 
        24639, 
        14893, 
        43572
      ], 
      "54": [
        4338, 
        3624, 
        3641, 
        2239
      ], 
      "55": [
        35, 
        35, 
        14, 
        7
      ], 
      "56": [
        3277, 
        2673, 
        2708, 
        1613
      ], 
      "57": [
        1, 
        1, 
        1, 
        1
      ], 
      "58": [
        4, 
        4, 
        4, 
        4
      ], 
      "59": [
        47, 
        47, 
        47, 
        47
      ], 
      "6": [
        0, 
        0, 
        0, 
        0
      ], 
      "60": [
        46, 
        42, 
        46, 
        31
      ], 
      "61": [
        24740, 
        20468, 
        23862, 
        12441
      ], 
      "62": [
        372, 
        372, 
        372, 
        372
      ], 
      "63": [
        0, 
        0, 
        0, 
        0
      ], 
      "7": [
        0, 
        0, 
        0, 
        0
      ], 
      "8": [
        0, 
        0, 
        0, 
        0
      ], 
      "9": [
        0, 
        0, 
        0, 
        0
      ]
    }
  }, 
  "features": {
    "GWS": [
      16, 
      16, 
      64
    ], 
    "LWS": [
      4, 
      1, 
      64
    ], 
    "OFFSET": [
      0, 
      0, 
      0
    ], 
    "compiler name": "ARM Mali OpenCL", 
    "compiler version": "5.0", 
    "cpu_freq": 1600, 
    "gpu_freq": 266, 
    "image cols": 1072, 
    "image rows": 804, 
    "pool_dir": "pool.22", 
    "program version": "c597087", 
    "size": 16
  }, 
  "meta": {
    "device name": "Mali-T604", 
    "device type": "GPU", 
    "device vendor": "ARM", 
    "experiment type": "benchmarking", 
    "kernel name": "calc_histogram", 
    "program name": "Realeyes HOG"
  }, 
  "tags": [
    "demo", 
    "arm", 
    "codegen15"
  ], 
  "work": {
    "repl": 3, 
    "timestamp": "2015-02-22T02:04:11.808585"
  }
}