{
  "characteristics": {
    "cpu": 0.115076, 
    "gpu_copy": 0.034511, 
    "gpu_only": 0.018348, 
    "is_gpu_better": true, 
    "l2 cache and mmu counters": {
      "0": 1439164220, 
      "1": 13, 
      "10": 0, 
      "11": 0, 
      "12": 0, 
      "13": 0, 
      "14": 0, 
      "15": 0, 
      "16": 9, 
      "17": 3, 
      "18": 121, 
      "19": 7, 
      "2": 65535, 
      "20": 0, 
      "21": 0, 
      "22": 0, 
      "23": 0, 
      "24": 0, 
      "25": 0, 
      "26": 0, 
      "27": 0, 
      "28": 0, 
      "29": 0, 
      "3": 0, 
      "30": 6780, 
      "31": 43128, 
      "32": 7228998, 
      "33": 6021674, 
      "34": 6015887, 
      "35": 493677, 
      "36": 545569, 
      "37": 5819143, 
      "38": 0, 
      "39": 655377, 
      "4": 43225, 
      "40": 634265, 
      "41": 1586, 
      "42": 0, 
      "43": 653557, 
      "44": 0, 
      "45": 73, 
      "46": 0, 
      "47": 0, 
      "48": 10782, 
      "49": 10782, 
      "5": 1215, 
      "50": 1700, 
      "51": 1451, 
      "52": 6, 
      "53": 2, 
      "54": 0, 
      "55": 0, 
      "56": 0, 
      "57": 107, 
      "58": 4, 
      "59": 0, 
      "6": 106, 
      "60": 0, 
      "61": 188556, 
      "62": 6187899, 
      "63": 5195826, 
      "7": 288, 
      "8": 1169, 
      "9": 0
    }, 
    "shader core counters": {
      "0": [
        1439164220, 
        1439164220, 
        1439164220, 
        1439164220
      ], 
      "1": [
        13, 
        13, 
        13, 
        13
      ], 
      "10": [
        0, 
        0, 
        0, 
        0
      ], 
      "11": [
        0, 
        0, 
        0, 
        0
      ], 
      "12": [
        0, 
        0, 
        0, 
        0
      ], 
      "13": [
        0, 
        0, 
        0, 
        0
      ], 
      "14": [
        0, 
        0, 
        0, 
        0
      ], 
      "15": [
        0, 
        0, 
        0, 
        0
      ], 
      "16": [
        0, 
        0, 
        0, 
        0
      ], 
      "17": [
        0, 
        0, 
        0, 
        0
      ], 
      "18": [
        0, 
        0, 
        0, 
        0
      ], 
      "19": [
        0, 
        0, 
        0, 
        0
      ], 
      "2": [
        65535, 
        65535, 
        65535, 
        65535
      ], 
      "20": [
        0, 
        0, 
        0, 
        0
      ], 
      "21": [
        0, 
        0, 
        0, 
        0
      ], 
      "22": [
        9779539, 
        9778109, 
        9778026, 
        9778767
      ], 
      "23": [
        2829, 
        1997, 
        2737, 
        629
      ], 
      "24": [
        362112, 
        255616, 
        350336, 
        80512
      ], 
      "25": [
        154147, 
        900122, 
        202593, 
        3440159
      ], 
      "26": [
        9779113, 
        9777680, 
        9777603, 
        9778342
      ], 
      "27": [
        4832610, 
        3474572, 
        4689006, 
        1164140
      ], 
      "28": [
        281611, 
        156746, 
        262581, 
        70319
      ], 
      "29": [
        4577141, 
        5332185, 
        4735296, 
        2936953
      ], 
      "3": [
        0, 
        0, 
        0, 
        0
      ], 
      "30": [
        0, 
        0, 
        0, 
        0
      ], 
      "31": [
        3312446, 
        2442486, 
        3222894, 
        906946
      ], 
      "32": [
        6947546, 
        8380436, 
        7208806, 
        9128196
      ], 
      "33": [
        0, 
        0, 
        0, 
        0
      ], 
      "34": [
        3635100, 
        5937950, 
        3985912, 
        8221250
      ], 
      "35": [
        0, 
        0, 
        0, 
        0
      ], 
      "36": [
        0, 
        0, 
        0, 
        0
      ], 
      "37": [
        0, 
        0, 
        0, 
        0
      ], 
      "38": [
        0, 
        0, 
        0, 
        0
      ], 
      "39": [
        0, 
        0, 
        0, 
        0
      ], 
      "4": [
        0, 
        0, 
        0, 
        0
      ], 
      "40": [
        0, 
        0, 
        0, 
        0
      ], 
      "41": [
        0, 
        0, 
        0, 
        0
      ], 
      "42": [
        0, 
        0, 
        0, 
        0
      ], 
      "43": [
        0, 
        0, 
        0, 
        0
      ], 
      "44": [
        0, 
        0, 
        0, 
        0
      ], 
      "45": [
        0, 
        0, 
        0, 
        0
      ], 
      "46": [
        0, 
        0, 
        0, 
        0
      ], 
      "47": [
        0, 
        0, 
        0, 
        0
      ], 
      "48": [
        563568, 
        399664, 
        550400, 
        124768
      ], 
      "49": [
        103876, 
        283612, 
        135541, 
        474339
      ], 
      "5": [
        0, 
        0, 
        0, 
        0
      ], 
      "50": [
        384981, 
        296971, 
        374639, 
        128456
      ], 
      "51": [
        18743, 
        11794, 
        17270, 
        2449
      ], 
      "52": [
        384981, 
        296971, 
        374639, 
        128456
      ], 
      "53": [
        777398, 
        1843325, 
        928060, 
        3129801
      ], 
      "54": [
        200159, 
        164275, 
        192890, 
        78398
      ], 
      "55": [
        990, 
        781, 
        808, 
        198
      ], 
      "56": [
        172644, 
        140858, 
        166058, 
        66611
      ], 
      "57": [
        1, 
        1, 
        1, 
        1
      ], 
      "58": [
        3, 
        3, 
        3, 
        3
      ], 
      "59": [
        47, 
        47, 
        47, 
        47
      ], 
      "6": [
        0, 
        0, 
        0, 
        0
      ], 
      "60": [
        7010, 
        5332, 
        6626, 
        2142
      ], 
      "61": [
        1333531, 
        993607, 
        1299679, 
        381681
      ], 
      "62": [
        372, 
        372, 
        372, 
        372
      ], 
      "63": [
        0, 
        0, 
        0, 
        0
      ], 
      "7": [
        0, 
        0, 
        0, 
        0
      ], 
      "8": [
        0, 
        0, 
        0, 
        0
      ], 
      "9": [
        0, 
        0, 
        0, 
        0
      ]
    }
  }, 
  "features": {
    "GWS": [
      12, 
      12, 
      64
    ], 
    "LWS": [
      4, 
      1, 
      64
    ], 
    "OFFSET": [
      0, 
      0, 
      0
    ], 
    "compiler name": "ARM Mali OpenCL", 
    "compiler version": "5.0", 
    "cpu_freq": 800, 
    "gpu_freq": 533, 
    "image cols": 3600, 
    "image rows": 1800, 
    "pool_dir": "pool.17", 
    "program version": "c597087", 
    "size": 128
  }, 
  "meta": {
    "device name": "Mali-T604", 
    "device type": "GPU", 
    "device vendor": "ARM", 
    "experiment type": "benchmarking", 
    "kernel name": "calc_histogram", 
    "program name": "Realeyes HOG"
  }, 
  "tags": [
    "demo", 
    "arm", 
    "codegen15"
  ], 
  "work": {
    "repl": 3, 
    "timestamp": "2015-02-22T02:00:08.553418"
  }
}