{
  "characteristics": {
    "cpu": 0.027788, 
    "gpu_copy": 0.014261, 
    "gpu_only": 0.006039, 
    "is_gpu_better": true, 
    "l2 cache and mmu counters": {
      "0": 3867306986, 
      "1": 19, 
      "10": 0, 
      "11": 0, 
      "12": 0, 
      "13": 0, 
      "14": 0, 
      "15": 0, 
      "16": 9, 
      "17": 3, 
      "18": 231, 
      "19": 7, 
      "2": 65535, 
      "20": 0, 
      "21": 0, 
      "22": 0, 
      "23": 0, 
      "24": 0, 
      "25": 0, 
      "26": 0, 
      "27": 0, 
      "28": 0, 
      "29": 0, 
      "3": 0, 
      "30": 3252, 
      "31": 30716, 
      "32": 2365509, 
      "33": 1926591, 
      "34": 1917234, 
      "35": 161485, 
      "36": 172819, 
      "37": 1859649, 
      "38": 0, 
      "39": 259823, 
      "4": 46273, 
      "40": 252621, 
      "41": 1062, 
      "42": 0, 
      "43": 258972, 
      "44": 0, 
      "45": 96, 
      "46": 0, 
      "47": 0, 
      "48": 7679, 
      "49": 7679, 
      "5": 5999, 
      "50": 818, 
      "51": 711, 
      "52": 6, 
      "53": 2, 
      "54": 0, 
      "55": 0, 
      "56": 0, 
      "57": 47, 
      "58": 1, 
      "59": 0, 
      "6": 64, 
      "60": 0, 
      "61": 56350, 
      "62": 2007404, 
      "63": 1507526, 
      "7": 1198, 
      "8": 5650, 
      "9": 0
    }, 
    "shader core counters": {
      "0": [
        3867306986, 
        3867306986, 
        3867306986, 
        3867306986
      ], 
      "1": [
        19, 
        19, 
        19, 
        19
      ], 
      "10": [
        0, 
        0, 
        0, 
        0
      ], 
      "11": [
        0, 
        0, 
        0, 
        0
      ], 
      "12": [
        0, 
        0, 
        0, 
        0
      ], 
      "13": [
        0, 
        0, 
        0, 
        0
      ], 
      "14": [
        0, 
        0, 
        0, 
        0
      ], 
      "15": [
        0, 
        0, 
        0, 
        0
      ], 
      "16": [
        0, 
        0, 
        0, 
        0
      ], 
      "17": [
        0, 
        0, 
        0, 
        0
      ], 
      "18": [
        0, 
        0, 
        0, 
        0
      ], 
      "19": [
        0, 
        0, 
        0, 
        0
      ], 
      "2": [
        65535, 
        65535, 
        65535, 
        65535
      ], 
      "20": [
        0, 
        0, 
        0, 
        0
      ], 
      "21": [
        0, 
        0, 
        0, 
        0
      ], 
      "22": [
        3217475, 
        3203192, 
        3214774, 
        3218503
      ], 
      "23": [
        579, 
        533, 
        572, 
        364
      ], 
      "24": [
        74112, 
        68224, 
        73216, 
        46592
      ], 
      "25": [
        5389, 
        3837, 
        6224, 
        4802
      ], 
      "26": [
        3217035, 
        3202753, 
        3214335, 
        3218074
      ], 
      "27": [
        1680622, 
        1511322, 
        1644570, 
        1068358
      ], 
      "28": [
        113594, 
        95669, 
        108669, 
        58536
      ], 
      "29": [
        1389617, 
        1485673, 
        1420564, 
        1589687
      ], 
      "3": [
        0, 
        0, 
        0, 
        0
      ], 
      "30": [
        0, 
        0, 
        0, 
        0
      ], 
      "31": [
        1081862, 
        977116, 
        1061564, 
        696444
      ], 
      "32": [
        2291596, 
        2516947, 
        2351915, 
        2939729
      ], 
      "33": [
        0, 
        0, 
        0, 
        0
      ], 
      "34": [
        1209734, 
        1539831, 
        1290351, 
        2243285
      ], 
      "35": [
        0, 
        0, 
        0, 
        0
      ], 
      "36": [
        0, 
        0, 
        0, 
        0
      ], 
      "37": [
        0, 
        0, 
        0, 
        0
      ], 
      "38": [
        0, 
        0, 
        0, 
        0
      ], 
      "39": [
        0, 
        0, 
        0, 
        0
      ], 
      "4": [
        0, 
        0, 
        0, 
        0
      ], 
      "40": [
        0, 
        0, 
        0, 
        0
      ], 
      "41": [
        0, 
        0, 
        0, 
        0
      ], 
      "42": [
        0, 
        0, 
        0, 
        0
      ], 
      "43": [
        0, 
        0, 
        0, 
        0
      ], 
      "44": [
        0, 
        0, 
        0, 
        0
      ], 
      "45": [
        0, 
        0, 
        0, 
        0
      ], 
      "46": [
        0, 
        0, 
        0, 
        0
      ], 
      "47": [
        0, 
        0, 
        0, 
        0
      ], 
      "48": [
        175464, 
        157128, 
        171600, 
        110208
      ], 
      "49": [
        65724, 
        128880, 
        81002, 
        255627
      ], 
      "5": [
        0, 
        0, 
        0, 
        0
      ], 
      "50": [
        134961, 
        122471, 
        132687, 
        88991
      ], 
      "51": [
        6473, 
        4970, 
        6046, 
        3012
      ], 
      "52": [
        134961, 
        122471, 
        132687, 
        88991
      ], 
      "53": [
        236019, 
        357469, 
        264367, 
        630460
      ], 
      "54": [
        71773, 
        63080, 
        69413, 
        49261
      ], 
      "55": [
        642, 
        527, 
        602, 
        434
      ], 
      "56": [
        49314, 
        42752, 
        47632, 
        33627
      ], 
      "57": [
        1, 
        1, 
        1, 
        1
      ], 
      "58": [
        3, 
        3, 
        3, 
        3
      ], 
      "59": [
        47, 
        47, 
        47, 
        47
      ], 
      "6": [
        0, 
        0, 
        0, 
        0
      ], 
      "60": [
        6326, 
        5562, 
        6070, 
        4101
      ], 
      "61": [
        445387, 
        402070, 
        436974, 
        288190
      ], 
      "62": [
        372, 
        372, 
        372, 
        372
      ], 
      "63": [
        0, 
        0, 
        0, 
        0
      ], 
      "7": [
        0, 
        0, 
        0, 
        0
      ], 
      "8": [
        0, 
        0, 
        0, 
        0
      ], 
      "9": [
        0, 
        0, 
        0, 
        0
      ]
    }
  }, 
  "features": {
    "GWS": [
      64, 
      64, 
      64
    ], 
    "LWS": [
      4, 
      1, 
      64
    ], 
    "OFFSET": [
      0, 
      0, 
      0
    ], 
    "compiler name": "ARM Mali OpenCL", 
    "compiler version": "5.0", 
    "cpu_freq": 1600, 
    "gpu_freq": 533, 
    "image cols": 2400, 
    "image rows": 2400, 
    "pool_dir": "pool.19", 
    "program version": "c597087", 
    "size": 64
  }, 
  "meta": {
    "device name": "Mali-T604", 
    "device type": "GPU", 
    "device vendor": "ARM", 
    "experiment type": "benchmarking", 
    "kernel name": "calc_histogram", 
    "program name": "Realeyes HOG"
  }, 
  "tags": [
    "demo", 
    "arm", 
    "codegen15"
  ], 
  "work": {
    "repl": 0, 
    "timestamp": "2015-02-22T02:19:43.286576"
  }
}