{
  "characteristics": {
    "cpu": 0.173974, 
    "gpu_copy": 0.050584, 
    "gpu_only": 0.046936, 
    "is_gpu_better": true, 
    "l2 cache and mmu counters": {
      "0": 2984494192, 
      "1": 21, 
      "10": 0, 
      "11": 0, 
      "12": 0, 
      "13": 0, 
      "14": 0, 
      "15": 0, 
      "16": 8, 
      "17": 3, 
      "18": 148, 
      "19": 4, 
      "2": 65535, 
      "20": 0, 
      "21": 0, 
      "22": 0, 
      "23": 0, 
      "24": 0, 
      "25": 0, 
      "26": 0, 
      "27": 0, 
      "28": 0, 
      "29": 0, 
      "3": 0, 
      "30": 10584, 
      "31": 50632, 
      "32": 9299090, 
      "33": 7671715, 
      "34": 7665338, 
      "35": 638361, 
      "36": 696089, 
      "37": 7441939, 
      "38": 0, 
      "39": 922317, 
      "4": 1131, 
      "40": 894878, 
      "41": 2491, 
      "42": 0, 
      "43": 919279, 
      "44": 0, 
      "45": 76, 
      "46": 0, 
      "47": 0, 
      "48": 12658, 
      "49": 12658, 
      "5": 71, 
      "50": 2651, 
      "51": 2246, 
      "52": 6, 
      "53": 2, 
      "54": 0, 
      "55": 0, 
      "56": 0, 
      "57": 171, 
      "58": 0, 
      "59": 0, 
      "6": 70, 
      "60": 0, 
      "61": 212732, 
      "62": 7991737, 
      "63": 6405580, 
      "7": 164, 
      "8": 48, 
      "9": 0
    }, 
    "shader core counters": {
      "0": [
        2984494192, 
        2984494192, 
        2984494192, 
        2984494192
      ], 
      "1": [
        21, 
        21, 
        21, 
        21
      ], 
      "10": [
        0, 
        0, 
        0, 
        0
      ], 
      "11": [
        0, 
        0, 
        0, 
        0
      ], 
      "12": [
        0, 
        0, 
        0, 
        0
      ], 
      "13": [
        0, 
        0, 
        0, 
        0
      ], 
      "14": [
        0, 
        0, 
        0, 
        0
      ], 
      "15": [
        0, 
        0, 
        0, 
        0
      ], 
      "16": [
        0, 
        0, 
        0, 
        0
      ], 
      "17": [
        0, 
        0, 
        0, 
        0
      ], 
      "18": [
        0, 
        0, 
        0, 
        0
      ], 
      "19": [
        0, 
        0, 
        0, 
        0
      ], 
      "2": [
        65535, 
        65535, 
        65535, 
        65535
      ], 
      "20": [
        0, 
        0, 
        0, 
        0
      ], 
      "21": [
        0, 
        0, 
        0, 
        0
      ], 
      "22": [
        12481403, 
        12481844, 
        12479814, 
        12484913
      ], 
      "23": [
        2620, 
        2125, 
        2547, 
        900
      ], 
      "24": [
        335360, 
        272000, 
        326016, 
        115200
      ], 
      "25": [
        8143, 
        28224, 
        20813, 
        242927
      ], 
      "26": [
        12481060, 
        12481492, 
        12479468, 
        12484575
      ], 
      "27": [
        6158606, 
        5082820, 
        6006086, 
        2200558
      ], 
      "28": [
        371035, 
        263108, 
        351651, 
        105119
      ], 
      "29": [
        5845251, 
        6500426, 
        5990715, 
        5676368
      ], 
      "3": [
        0, 
        0, 
        0, 
        0
      ], 
      "30": [
        0, 
        0, 
        0, 
        0
      ], 
      "31": [
        4176962, 
        3490062, 
        4076476, 
        1611784
      ], 
      "32": [
        8913021, 
        10351931, 
        9227896, 
        12212274
      ], 
      "33": [
        0, 
        0, 
        0, 
        0
      ], 
      "34": [
        4736059, 
        6861869, 
        5151420, 
        10600490
      ], 
      "35": [
        0, 
        0, 
        0, 
        0
      ], 
      "36": [
        0, 
        0, 
        0, 
        0
      ], 
      "37": [
        0, 
        0, 
        0, 
        0
      ], 
      "38": [
        0, 
        0, 
        0, 
        0
      ], 
      "39": [
        0, 
        0, 
        0, 
        0
      ], 
      "4": [
        0, 
        0, 
        0, 
        0
      ], 
      "40": [
        0, 
        0, 
        0, 
        0
      ], 
      "41": [
        0, 
        0, 
        0, 
        0
      ], 
      "42": [
        0, 
        0, 
        0, 
        0
      ], 
      "43": [
        0, 
        0, 
        0, 
        0
      ], 
      "44": [
        0, 
        0, 
        0, 
        0
      ], 
      "45": [
        0, 
        0, 
        0, 
        0
      ], 
      "46": [
        0, 
        0, 
        0, 
        0
      ], 
      "47": [
        0, 
        0, 
        0, 
        0
      ], 
      "48": [
        659368, 
        539816, 
        642448, 
        226592
      ], 
      "49": [
        178995, 
        456184, 
        253581, 
        994636
      ], 
      "5": [
        0, 
        0, 
        0, 
        0
      ], 
      "50": [
        531122, 
        453289, 
        519377, 
        226520
      ], 
      "51": [
        25673, 
        19138, 
        24137, 
        5542
      ], 
      "52": [
        531122, 
        453289, 
        519377, 
        226520
      ], 
      "53": [
        947045, 
        1811845, 
        1085659, 
        3513172
      ], 
      "54": [
        267410, 
        235952, 
        261717, 
        131935
      ], 
      "55": [
        1804, 
        1387, 
        1498, 
        479
      ], 
      "56": [
        208564, 
        184162, 
        202345, 
        101670
      ], 
      "57": [
        1, 
        1, 
        1, 
        1
      ], 
      "58": [
        3, 
        3, 
        3, 
        3
      ], 
      "59": [
        47, 
        49, 
        49, 
        47
      ], 
      "6": [
        0, 
        0, 
        0, 
        0
      ], 
      "60": [
        148, 
        122, 
        163, 
        124
      ], 
      "61": [
        1721613, 
        1446395, 
        1681202, 
        679632
      ], 
      "62": [
        372, 
        372, 
        372, 
        372
      ], 
      "63": [
        0, 
        0, 
        24, 
        0
      ], 
      "7": [
        0, 
        0, 
        0, 
        0
      ], 
      "8": [
        0, 
        0, 
        0, 
        0
      ], 
      "9": [
        0, 
        0, 
        0, 
        0
      ]
    }
  }, 
  "features": {
    "GWS": [
      12, 
      12, 
      64
    ], 
    "LWS": [
      4, 
      1, 
      64
    ], 
    "OFFSET": [
      0, 
      0, 
      0
    ], 
    "compiler name": "ARM Mali OpenCL", 
    "compiler version": "5.0", 
    "cpu_freq": 800, 
    "gpu_freq": 266, 
    "image cols": 944, 
    "image rows": 708, 
    "pool_dir": "pool.05", 
    "program version": "c597087", 
    "size": 128
  }, 
  "meta": {
    "device name": "Mali-T604", 
    "device type": "GPU", 
    "device vendor": "ARM", 
    "experiment type": "benchmarking", 
    "kernel name": "calc_histogram", 
    "program name": "Realeyes HOG"
  }, 
  "tags": [
    "demo", 
    "arm", 
    "codegen15"
  ], 
  "work": {
    "repl": 4, 
    "timestamp": "2015-02-22T02:25:04.579725"
  }
}