{
  "characteristics": {
    "cpu": 0.042942, 
    "gpu_copy": 0.01345, 
    "gpu_only": 0.011054, 
    "is_gpu_better": true, 
    "l2 cache and mmu counters": {
      "0": 4185467929, 
      "1": 11, 
      "10": 0, 
      "11": 0, 
      "12": 0, 
      "13": 0, 
      "14": 0, 
      "15": 0, 
      "16": 9, 
      "17": 3, 
      "18": 152, 
      "19": 7, 
      "2": 65535, 
      "20": 0, 
      "21": 0, 
      "22": 0, 
      "23": 0, 
      "24": 0, 
      "25": 0, 
      "26": 0, 
      "27": 0, 
      "28": 0, 
      "29": 0, 
      "3": 0, 
      "30": 1952, 
      "31": 16224, 
      "32": 2194113, 
      "33": 1810213, 
      "34": 1808091, 
      "35": 150737, 
      "36": 164924, 
      "37": 1755537, 
      "38": 0, 
      "39": 213774, 
      "4": 148, 
      "40": 207448, 
      "41": 549, 
      "42": 0, 
      "43": 213319, 
      "44": 0, 
      "45": 54, 
      "46": 0, 
      "47": 0, 
      "48": 4056, 
      "49": 4056, 
      "5": 53, 
      "50": 491, 
      "51": 446, 
      "52": 4, 
      "53": 2, 
      "54": 0, 
      "55": 0, 
      "56": 0, 
      "57": 20, 
      "58": 0, 
      "59": 0, 
      "6": 0, 
      "60": 0, 
      "61": 49978, 
      "62": 1884683, 
      "63": 1518621, 
      "7": 62, 
      "8": 37, 
      "9": 0
    }, 
    "shader core counters": {
      "0": [
        4185467929, 
        4185467929, 
        4185467929, 
        4185467929
      ], 
      "1": [
        11, 
        11, 
        11, 
        11
      ], 
      "10": [
        0, 
        0, 
        0, 
        0
      ], 
      "11": [
        0, 
        0, 
        0, 
        0
      ], 
      "12": [
        0, 
        0, 
        0, 
        0
      ], 
      "13": [
        0, 
        0, 
        0, 
        0
      ], 
      "14": [
        0, 
        0, 
        0, 
        0
      ], 
      "15": [
        0, 
        0, 
        0, 
        0
      ], 
      "16": [
        0, 
        0, 
        0, 
        0
      ], 
      "17": [
        0, 
        0, 
        0, 
        0
      ], 
      "18": [
        0, 
        0, 
        0, 
        0
      ], 
      "19": [
        0, 
        0, 
        0, 
        0
      ], 
      "2": [
        65535, 
        65535, 
        65535, 
        65535
      ], 
      "20": [
        0, 
        0, 
        0, 
        0
      ], 
      "21": [
        0, 
        0, 
        0, 
        0
      ], 
      "22": [
        2938626, 
        2939857, 
        2935430, 
        2938371
      ], 
      "23": [
        641, 
        551, 
        627, 
        229
      ], 
      "24": [
        82048, 
        70528, 
        80256, 
        29312
      ], 
      "25": [
        8702, 
        5302, 
        9261, 
        79213
      ], 
      "26": [
        2938261, 
        2939491, 
        2935069, 
        2938016
      ], 
      "27": [
        1459492, 
        1253848, 
        1429024, 
        547962
      ], 
      "28": [
        87778, 
        66767, 
        84573, 
        25557
      ], 
      "29": [
        1359144, 
        1513442, 
        1386705, 
        1346656
      ], 
      "3": [
        0, 
        0, 
        0, 
        0
      ], 
      "30": [
        0, 
        0, 
        0, 
        0
      ], 
      "31": [
        972832, 
        845608, 
        955282, 
        395320
      ], 
      "32": [
        2094139, 
        2380323, 
        2151785, 
        2845025
      ], 
      "33": [
        0, 
        0, 
        0, 
        0
      ], 
      "34": [
        1121307, 
        1534715, 
        1196503, 
        2449705
      ], 
      "35": [
        0, 
        0, 
        0, 
        0
      ], 
      "36": [
        0, 
        0, 
        0, 
        0
      ], 
      "37": [
        0, 
        0, 
        0, 
        0
      ], 
      "38": [
        0, 
        0, 
        0, 
        0
      ], 
      "39": [
        0, 
        0, 
        0, 
        0
      ], 
      "4": [
        0, 
        0, 
        0, 
        0
      ], 
      "40": [
        0, 
        0, 
        0, 
        0
      ], 
      "41": [
        0, 
        0, 
        0, 
        0
      ], 
      "42": [
        0, 
        0, 
        0, 
        0
      ], 
      "43": [
        0, 
        0, 
        0, 
        0
      ], 
      "44": [
        0, 
        0, 
        0, 
        0
      ], 
      "45": [
        0, 
        0, 
        0, 
        0
      ], 
      "46": [
        0, 
        0, 
        0, 
        0
      ], 
      "47": [
        0, 
        0, 
        0, 
        0
      ], 
      "48": [
        158368, 
        136240, 
        155432, 
        56968
      ], 
      "49": [
        42850, 
        97892, 
        51131, 
        183812
      ], 
      "5": [
        0, 
        0, 
        0, 
        0
      ], 
      "50": [
        119896, 
        105344, 
        117892, 
        54536
      ], 
      "51": [
        5664, 
        4279, 
        5387, 
        1379
      ], 
      "52": [
        119896, 
        105344, 
        117892, 
        54536
      ], 
      "53": [
        225099, 
        393267, 
        255396, 
        846677
      ], 
      "54": [
        62559, 
        53500, 
        60258, 
        31419
      ], 
      "55": [
        446, 
        204, 
        259, 
        91
      ], 
      "56": [
        49187, 
        42558, 
        48025, 
        25288
      ], 
      "57": [
        1, 
        1, 
        1, 
        1
      ], 
      "58": [
        3, 
        3, 
        3, 
        3
      ], 
      "59": [
        48, 
        47, 
        47, 
        47
      ], 
      "6": [
        0, 
        0, 
        0, 
        0
      ], 
      "60": [
        15, 
        16, 
        15, 
        16
      ], 
      "61": [
        398160, 
        346928, 
        391217, 
        166040
      ], 
      "62": [
        372, 
        372, 
        372, 
        372
      ], 
      "63": [
        16, 
        0, 
        0, 
        0
      ], 
      "7": [
        0, 
        0, 
        0, 
        0
      ], 
      "8": [
        0, 
        0, 
        0, 
        0
      ], 
      "9": [
        0, 
        0, 
        0, 
        0
      ]
    }
  }, 
  "features": {
    "GWS": [
      64, 
      64, 
      64
    ], 
    "LWS": [
      4, 
      1, 
      64
    ], 
    "OFFSET": [
      0, 
      0, 
      0
    ], 
    "compiler name": "ARM Mali OpenCL", 
    "compiler version": "5.0", 
    "cpu_freq": 800, 
    "gpu_freq": 266, 
    "image cols": 816, 
    "image rows": 612, 
    "pool_dir": "pool.21", 
    "program version": "c597087", 
    "size": 64
  }, 
  "meta": {
    "device name": "Mali-T604", 
    "device type": "GPU", 
    "device vendor": "ARM", 
    "experiment type": "benchmarking", 
    "kernel name": "calc_histogram", 
    "program name": "Realeyes HOG"
  }, 
  "tags": [
    "demo", 
    "arm", 
    "codegen15"
  ], 
  "work": {
    "repl": 3, 
    "timestamp": "2015-02-22T01:56:04.966328"
  }
}