{
  "characteristics": {
    "cpu": 0.001415, 
    "gpu_copy": 0.002947, 
    "gpu_only": 0.00067, 
    "is_gpu_better": false, 
    "l2 cache and mmu counters": {
      "0": 3489485023, 
      "1": 11, 
      "10": 0, 
      "11": 0, 
      "12": 0, 
      "13": 0, 
      "14": 0, 
      "15": 0, 
      "16": 8, 
      "17": 3, 
      "18": 146, 
      "19": 4, 
      "2": 65535, 
      "20": 0, 
      "21": 0, 
      "22": 0, 
      "23": 0, 
      "24": 0, 
      "25": 0, 
      "26": 0, 
      "27": 0, 
      "28": 0, 
      "29": 0, 
      "3": 0, 
      "30": 782, 
      "31": 3588, 
      "32": 127996, 
      "33": 102300, 
      "34": 101305, 
      "35": 8540, 
      "36": 9183, 
      "37": 97869, 
      "38": 0, 
      "39": 12307, 
      "4": 162, 
      "40": 11958, 
      "41": 96, 
      "42": 0, 
      "43": 12241, 
      "44": 0, 
      "45": 53, 
      "46": 0, 
      "47": 0, 
      "48": 897, 
      "49": 897, 
      "5": 60, 
      "50": 199, 
      "51": 184, 
      "52": 4, 
      "53": 2, 
      "54": 0, 
      "55": 0, 
      "56": 0, 
      "57": 0, 
      "58": 0, 
      "59": 0, 
      "6": 16, 
      "60": 0, 
      "61": 3468, 
      "62": 103129, 
      "63": 83574, 
      "7": 63, 
      "8": 35, 
      "9": 0
    }, 
    "shader core counters": {
      "0": [
        3489485023, 
        3489485023, 
        3489485023, 
        3489485023
      ], 
      "1": [
        11, 
        11, 
        11, 
        11
      ], 
      "10": [
        0, 
        0, 
        0, 
        0
      ], 
      "11": [
        0, 
        0, 
        0, 
        0
      ], 
      "12": [
        0, 
        0, 
        0, 
        0
      ], 
      "13": [
        0, 
        0, 
        0, 
        0
      ], 
      "14": [
        0, 
        0, 
        0, 
        0
      ], 
      "15": [
        0, 
        0, 
        0, 
        0
      ], 
      "16": [
        0, 
        0, 
        0, 
        0
      ], 
      "17": [
        0, 
        0, 
        0, 
        0
      ], 
      "18": [
        0, 
        0, 
        0, 
        0
      ], 
      "19": [
        0, 
        0, 
        0, 
        0
      ], 
      "2": [
        65535, 
        65535, 
        65535, 
        65535
      ], 
      "20": [
        0, 
        0, 
        0, 
        0
      ], 
      "21": [
        0, 
        0, 
        0, 
        0
      ], 
      "22": [
        173440, 
        169523, 
        173337, 
        178101
      ], 
      "23": [
        44, 
        29, 
        40, 
        15
      ], 
      "24": [
        5632, 
        3712, 
        5120, 
        1920
      ], 
      "25": [
        6793, 
        17304, 
        10115, 
        60416
      ], 
      "26": [
        173100, 
        169177, 
        172998, 
        177760
      ], 
      "27": [
        83870, 
        58094, 
        79234, 
        29910
      ], 
      "28": [
        5114, 
        2766, 
        4417, 
        1604
      ], 
      "29": [
        76819, 
        79650, 
        80198, 
        48585
      ], 
      "3": [
        0, 
        0, 
        0, 
        0
      ], 
      "30": [
        0, 
        0, 
        0, 
        0
      ], 
      "31": [
        56398, 
        39960, 
        53454, 
        21746
      ], 
      "32": [
        120749, 
        138941, 
        126059, 
        153552
      ], 
      "33": [
        0, 
        0, 
        0, 
        0
      ], 
      "34": [
        64351, 
        98981, 
        72605, 
        131806
      ], 
      "35": [
        0, 
        0, 
        0, 
        0
      ], 
      "36": [
        0, 
        0, 
        0, 
        0
      ], 
      "37": [
        0, 
        0, 
        0, 
        0
      ], 
      "38": [
        0, 
        0, 
        0, 
        0
      ], 
      "39": [
        0, 
        0, 
        0, 
        0
      ], 
      "4": [
        0, 
        0, 
        0, 
        0
      ], 
      "40": [
        0, 
        0, 
        0, 
        0
      ], 
      "41": [
        0, 
        0, 
        0, 
        0
      ], 
      "42": [
        0, 
        0, 
        0, 
        0
      ], 
      "43": [
        0, 
        0, 
        0, 
        0
      ], 
      "44": [
        0, 
        0, 
        0, 
        0
      ], 
      "45": [
        0, 
        0, 
        0, 
        0
      ], 
      "46": [
        0, 
        0, 
        0, 
        0
      ], 
      "47": [
        0, 
        0, 
        0, 
        0
      ], 
      "48": [
        9376, 
        6416, 
        9048, 
        3032
      ], 
      "49": [
        2839, 
        7110, 
        3637, 
        10897
      ], 
      "5": [
        0, 
        0, 
        0, 
        0
      ], 
      "50": [
        6717, 
        4996, 
        6367, 
        3008
      ], 
      "51": [
        323, 
        215, 
        295, 
        67
      ], 
      "52": [
        6717, 
        4996, 
        6367, 
        3008
      ], 
      "53": [
        12650, 
        27967, 
        16411, 
        43522
      ], 
      "54": [
        3635, 
        3050, 
        3623, 
        1728
      ], 
      "55": [
        16, 
        10, 
        12, 
        8
      ], 
      "56": [
        2779, 
        2349, 
        2795, 
        1266
      ], 
      "57": [
        1, 
        1, 
        1, 
        1
      ], 
      "58": [
        3, 
        3, 
        3, 
        3
      ], 
      "59": [
        49, 
        47, 
        47, 
        47
      ], 
      "6": [
        0, 
        0, 
        0, 
        0
      ], 
      "60": [
        17, 
        18, 
        17, 
        17
      ], 
      "61": [
        22811, 
        16408, 
        21783, 
        9049
      ], 
      "62": [
        372, 
        372, 
        372, 
        372
      ], 
      "63": [
        0, 
        0, 
        0, 
        0
      ], 
      "7": [
        0, 
        0, 
        0, 
        0
      ], 
      "8": [
        0, 
        0, 
        0, 
        0
      ], 
      "9": [
        0, 
        0, 
        0, 
        0
      ]
    }
  }, 
  "features": {
    "GWS": [
      16, 
      16, 
      64
    ], 
    "LWS": [
      4, 
      1, 
      64
    ], 
    "OFFSET": [
      0, 
      0, 
      0
    ], 
    "compiler name": "ARM Mali OpenCL", 
    "compiler version": "5.0", 
    "cpu_freq": 1600, 
    "gpu_freq": 266, 
    "image cols": 1064, 
    "image rows": 629, 
    "pool_dir": "pool.07", 
    "program version": "c597087", 
    "size": 16
  }, 
  "meta": {
    "device name": "Mali-T604", 
    "device type": "GPU", 
    "device vendor": "ARM", 
    "experiment type": "benchmarking", 
    "kernel name": "calc_histogram", 
    "program name": "Realeyes HOG"
  }, 
  "tags": [
    "demo", 
    "arm", 
    "codegen15"
  ], 
  "work": {
    "repl": 3, 
    "timestamp": "2015-02-22T01:55:35.892368"
  }
}