{
  "characteristics": {
    "cpu": 0.001817, 
    "gpu_copy": 0.003603, 
    "gpu_only": 0.000734, 
    "is_gpu_better": false, 
    "l2 cache and mmu counters": {
      "0": 3683095930, 
      "1": 13, 
      "10": 0, 
      "11": 0, 
      "12": 0, 
      "13": 0, 
      "14": 0, 
      "15": 0, 
      "16": 9, 
      "17": 3, 
      "18": 137, 
      "19": 4, 
      "2": 65535, 
      "20": 0, 
      "21": 0, 
      "22": 0, 
      "23": 0, 
      "24": 0, 
      "25": 0, 
      "26": 0, 
      "27": 0, 
      "28": 0, 
      "29": 0, 
      "3": 0, 
      "30": 806, 
      "31": 4192, 
      "32": 142353, 
      "33": 113746, 
      "34": 112326, 
      "35": 9572, 
      "36": 10227, 
      "37": 109371, 
      "38": 0, 
      "39": 14147, 
      "4": 399, 
      "40": 13741, 
      "41": 98, 
      "42": 0, 
      "43": 14095, 
      "44": 0, 
      "45": 35, 
      "46": 0, 
      "47": 0, 
      "48": 1048, 
      "49": 1048, 
      "5": 62, 
      "50": 205, 
      "51": 182, 
      "52": 4, 
      "53": 2, 
      "54": 0, 
      "55": 0, 
      "56": 0, 
      "57": 0, 
      "58": 0, 
      "59": 0, 
      "6": 19, 
      "60": 0, 
      "61": 3251, 
      "62": 115965, 
      "63": 91350, 
      "7": 107, 
      "8": 46, 
      "9": 0
    }, 
    "shader core counters": {
      "0": [
        3683095930, 
        3683095930, 
        3683095930, 
        3683095930
      ], 
      "1": [
        13, 
        13, 
        13, 
        13
      ], 
      "10": [
        0, 
        0, 
        0, 
        0
      ], 
      "11": [
        0, 
        0, 
        0, 
        0
      ], 
      "12": [
        0, 
        0, 
        0, 
        0
      ], 
      "13": [
        0, 
        0, 
        0, 
        0
      ], 
      "14": [
        0, 
        0, 
        0, 
        0
      ], 
      "15": [
        0, 
        0, 
        0, 
        0
      ], 
      "16": [
        0, 
        0, 
        0, 
        0
      ], 
      "17": [
        0, 
        0, 
        0, 
        0
      ], 
      "18": [
        0, 
        0, 
        0, 
        0
      ], 
      "19": [
        0, 
        0, 
        0, 
        0
      ], 
      "2": [
        65535, 
        65535, 
        65535, 
        65535
      ], 
      "20": [
        0, 
        0, 
        0, 
        0
      ], 
      "21": [
        0, 
        0, 
        0, 
        0
      ], 
      "22": [
        192382, 
        183994, 
        190317, 
        194991
      ], 
      "23": [
        39, 
        33, 
        39, 
        17
      ], 
      "24": [
        4992, 
        4224, 
        4992, 
        2176
      ], 
      "25": [
        10977, 
        5403, 
        7354, 
        12851
      ], 
      "26": [
        192033, 
        183640, 
        189966, 
        194643
      ], 
      "27": [
        90860, 
        72934, 
        86954, 
        37080
      ], 
      "28": [
        5255, 
        3892, 
        4915, 
        1774
      ], 
      "29": [
        87511, 
        86514, 
        88620, 
        75782
      ], 
      "3": [
        0, 
        0, 
        0, 
        0
      ], 
      "30": [
        0, 
        0, 
        0, 
        0
      ], 
      "31": [
        61192, 
        49370, 
        58816, 
        27584
      ], 
      "32": [
        134033, 
        147853, 
        138866, 
        180035
      ], 
      "33": [
        0, 
        0, 
        0, 
        0
      ], 
      "34": [
        72841, 
        98483, 
        80050, 
        152451
      ], 
      "35": [
        0, 
        0, 
        0, 
        0
      ], 
      "36": [
        0, 
        0, 
        0, 
        0
      ], 
      "37": [
        0, 
        0, 
        0, 
        0
      ], 
      "38": [
        0, 
        0, 
        0, 
        0
      ], 
      "39": [
        0, 
        0, 
        0, 
        0
      ], 
      "4": [
        0, 
        0, 
        0, 
        0
      ], 
      "40": [
        0, 
        0, 
        0, 
        0
      ], 
      "41": [
        0, 
        0, 
        0, 
        0
      ], 
      "42": [
        0, 
        0, 
        0, 
        0
      ], 
      "43": [
        0, 
        0, 
        0, 
        0
      ], 
      "44": [
        0, 
        0, 
        0, 
        0
      ], 
      "45": [
        0, 
        0, 
        0, 
        0
      ], 
      "46": [
        0, 
        0, 
        0, 
        0
      ], 
      "47": [
        0, 
        0, 
        0, 
        0
      ], 
      "48": [
        10000, 
        7744, 
        9560, 
        3928
      ], 
      "49": [
        3214, 
        7214, 
        4533, 
        18240
      ], 
      "5": [
        0, 
        0, 
        0, 
        0
      ], 
      "50": [
        7602, 
        6254, 
        7268, 
        3796
      ], 
      "51": [
        341, 
        266, 
        340, 
        81
      ], 
      "52": [
        7602, 
        6254, 
        7268, 
        3796
      ], 
      "53": [
        14258, 
        24827, 
        16717, 
        43739
      ], 
      "54": [
        4160, 
        3495, 
        4092, 
        2087
      ], 
      "55": [
        23, 
        24, 
        27, 
        10
      ], 
      "56": [
        3159, 
        2587, 
        3032, 
        1458
      ], 
      "57": [
        1, 
        1, 
        1, 
        1
      ], 
      "58": [
        3, 
        3, 
        3, 
        3
      ], 
      "59": [
        47, 
        47, 
        48, 
        47
      ], 
      "6": [
        0, 
        0, 
        0, 
        0
      ], 
      "60": [
        52, 
        38, 
        55, 
        43
      ], 
      "61": [
        25204, 
        20253, 
        24096, 
        11520
      ], 
      "62": [
        372, 
        372, 
        372, 
        372
      ], 
      "63": [
        0, 
        8, 
        16, 
        0
      ], 
      "7": [
        0, 
        0, 
        0, 
        0
      ], 
      "8": [
        0, 
        0, 
        0, 
        0
      ], 
      "9": [
        0, 
        0, 
        0, 
        0
      ]
    }
  }, 
  "features": {
    "GWS": [
      16, 
      16, 
      64
    ], 
    "LWS": [
      4, 
      1, 
      64
    ], 
    "OFFSET": [
      0, 
      0, 
      0
    ], 
    "compiler name": "ARM Mali OpenCL", 
    "compiler version": "5.0", 
    "cpu_freq": 1600, 
    "gpu_freq": 266, 
    "image cols": 1072, 
    "image rows": 804, 
    "pool_dir": "pool.22", 
    "program version": "c597087", 
    "size": 16
  }, 
  "meta": {
    "device name": "Mali-T604", 
    "device type": "GPU", 
    "device vendor": "ARM", 
    "experiment type": "benchmarking", 
    "kernel name": "calc_histogram", 
    "program name": "Realeyes HOG"
  }, 
  "tags": [
    "demo", 
    "arm", 
    "codegen15"
  ], 
  "work": {
    "repl": 2, 
    "timestamp": "2015-02-22T02:01:41.869505"
  }
}