{
  "characteristics": {
    "cpu": 0.219908, 
    "gpu_copy": 0.038254, 
    "gpu_only": 0.023976, 
    "is_gpu_better": true, 
    "l2 cache and mmu counters": {
      "0": 425978516, 
      "1": 11, 
      "10": 0, 
      "11": 0, 
      "12": 0, 
      "13": 0, 
      "14": 0, 
      "15": 0, 
      "16": 8, 
      "17": 3, 
      "18": 219, 
      "19": 4, 
      "2": 65535, 
      "20": 0, 
      "21": 0, 
      "22": 0, 
      "23": 0, 
      "24": 0, 
      "25": 0, 
      "26": 0, 
      "27": 0, 
      "28": 0, 
      "29": 0, 
      "3": 0, 
      "30": 10472, 
      "31": 96996, 
      "32": 9418751, 
      "33": 7666321, 
      "34": 7646660, 
      "35": 648623, 
      "36": 693330, 
      "37": 7405042, 
      "38": 0, 
      "39": 1046297, 
      "4": 185728, 
      "40": 1018362, 
      "41": 3861, 
      "42": 0, 
      "43": 1042967, 
      "44": 0, 
      "45": 202, 
      "46": 0, 
      "47": 0, 
      "48": 24249, 
      "49": 24249, 
      "5": 12242, 
      "50": 2629, 
      "51": 2351, 
      "52": 6, 
      "53": 2, 
      "54": 0, 
      "55": 0, 
      "56": 0, 
      "57": 512, 
      "58": 0, 
      "59": 0, 
      "6": 176, 
      "60": 0, 
      "61": 221424, 
      "62": 8006831, 
      "63": 5990966, 
      "7": 1471, 
      "8": 11443, 
      "9": 0
    }, 
    "shader core counters": {
      "0": [
        425978516, 
        425978516, 
        425978516, 
        425978516
      ], 
      "1": [
        11, 
        11, 
        11, 
        11
      ], 
      "10": [
        0, 
        0, 
        0, 
        0
      ], 
      "11": [
        0, 
        0, 
        0, 
        0
      ], 
      "12": [
        0, 
        0, 
        0, 
        0
      ], 
      "13": [
        0, 
        0, 
        0, 
        0
      ], 
      "14": [
        0, 
        0, 
        0, 
        0
      ], 
      "15": [
        0, 
        0, 
        0, 
        0
      ], 
      "16": [
        0, 
        0, 
        0, 
        0
      ], 
      "17": [
        0, 
        0, 
        0, 
        0
      ], 
      "18": [
        0, 
        0, 
        0, 
        0
      ], 
      "19": [
        0, 
        0, 
        0, 
        0
      ], 
      "2": [
        65535, 
        65535, 
        65535, 
        65535
      ], 
      "20": [
        0, 
        0, 
        0, 
        0
      ], 
      "21": [
        0, 
        0, 
        0, 
        0
      ], 
      "22": [
        12777998, 
        12778013, 
        12775007, 
        12779588
      ], 
      "23": [
        2337, 
        2086, 
        2289, 
        1480
      ], 
      "24": [
        299136, 
        267008, 
        292992, 
        189440
      ], 
      "25": [
        7196, 
        5685, 
        5614, 
        10044
      ], 
      "26": [
        12777577, 
        12777585, 
        12774584, 
        12779170
      ], 
      "27": [
        6688530, 
        6048546, 
        6581818, 
        4279680
      ], 
      "28": [
        453615, 
        381320, 
        440193, 
        234391
      ], 
      "29": [
        5527519, 
        5974881, 
        5622768, 
        6284162
      ], 
      "3": [
        0, 
        0, 
        0, 
        0
      ], 
      "30": [
        0, 
        0, 
        0, 
        0
      ], 
      "31": [
        4309624, 
        3910590, 
        4237838, 
        2797586
      ], 
      "32": [
        9088582, 
        10055562, 
        9332299, 
        11611204
      ], 
      "33": [
        0, 
        0, 
        0, 
        0
      ], 
      "34": [
        4778958, 
        6144972, 
        5094461, 
        8813618
      ], 
      "35": [
        0, 
        0, 
        0, 
        0
      ], 
      "36": [
        0, 
        0, 
        0, 
        0
      ], 
      "37": [
        0, 
        0, 
        0, 
        0
      ], 
      "38": [
        0, 
        0, 
        0, 
        0
      ], 
      "39": [
        0, 
        0, 
        0, 
        0
      ], 
      "4": [
        0, 
        0, 
        0, 
        0
      ], 
      "40": [
        0, 
        0, 
        0, 
        0
      ], 
      "41": [
        0, 
        0, 
        0, 
        0
      ], 
      "42": [
        0, 
        0, 
        0, 
        0
      ], 
      "43": [
        0, 
        0, 
        0, 
        0
      ], 
      "44": [
        0, 
        0, 
        0, 
        0
      ], 
      "45": [
        0, 
        0, 
        0, 
        0
      ], 
      "46": [
        0, 
        0, 
        0, 
        0
      ], 
      "47": [
        0, 
        0, 
        0, 
        0
      ], 
      "48": [
        697992, 
        630504, 
        686280, 
        442824
      ], 
      "49": [
        257663, 
        521432, 
        334022, 
        1048130
      ], 
      "5": [
        0, 
        0, 
        0, 
        0
      ], 
      "50": [
        537294, 
        490559, 
        528691, 
        356820
      ], 
      "51": [
        25341, 
        20907, 
        23777, 
        12247
      ], 
      "52": [
        537294, 
        490559, 
        528691, 
        356820
      ], 
      "53": [
        934301, 
        1411489, 
        1025140, 
        2422166
      ], 
      "54": [
        285232, 
        261601, 
        276082, 
        199534
      ], 
      "55": [
        2548, 
        2101, 
        1563, 
        1155
      ], 
      "56": [
        195429, 
        177580, 
        188393, 
        134301
      ], 
      "57": [
        1, 
        1, 
        1, 
        1
      ], 
      "58": [
        3, 
        3, 
        3, 
        3
      ], 
      "59": [
        47, 
        49, 
        47, 
        47
      ], 
      "6": [
        0, 
        0, 
        0, 
        0
      ], 
      "60": [
        24648, 
        22774, 
        24493, 
        16483
      ], 
      "61": [
        1772580, 
        1611623, 
        1743663, 
        1156465
      ], 
      "62": [
        372, 
        372, 
        372, 
        372
      ], 
      "63": [
        0, 
        24, 
        0, 
        0
      ], 
      "7": [
        0, 
        0, 
        0, 
        0
      ], 
      "8": [
        0, 
        0, 
        0, 
        0
      ], 
      "9": [
        0, 
        0, 
        0, 
        0
      ]
    }
  }, 
  "features": {
    "GWS": [
      12, 
      12, 
      64
    ], 
    "LWS": [
      4, 
      1, 
      64
    ], 
    "OFFSET": [
      0, 
      0, 
      0
    ], 
    "compiler name": "ARM Mali OpenCL", 
    "compiler version": "5.0", 
    "cpu_freq": 800, 
    "gpu_freq": 533, 
    "image cols": 2400, 
    "image rows": 2400, 
    "pool_dir": "pool.19", 
    "program version": "c597087", 
    "size": 128
  }, 
  "meta": {
    "device name": "Mali-T604", 
    "device type": "GPU", 
    "device vendor": "ARM", 
    "experiment type": "benchmarking", 
    "kernel name": "calc_histogram", 
    "program name": "Realeyes HOG"
  }, 
  "tags": [
    "demo", 
    "arm", 
    "codegen15"
  ], 
  "work": {
    "repl": 1, 
    "timestamp": "2015-02-22T01:53:28.398861"
  }
}