{
  "characteristics": {
    "cpu": 0.001494, 
    "gpu_copy": 0.003074, 
    "gpu_only": 0.000668, 
    "is_gpu_better": false, 
    "l2 cache and mmu counters": {
      "0": 359107564, 
      "1": 20, 
      "10": 0, 
      "11": 0, 
      "12": 0, 
      "13": 0, 
      "14": 0, 
      "15": 0, 
      "16": 9, 
      "17": 3, 
      "18": 137, 
      "19": 4, 
      "2": 65535, 
      "20": 0, 
      "21": 0, 
      "22": 0, 
      "23": 0, 
      "24": 0, 
      "25": 0, 
      "26": 0, 
      "27": 0, 
      "28": 0, 
      "29": 0, 
      "3": 0, 
      "30": 814, 
      "31": 4012, 
      "32": 129845, 
      "33": 103773, 
      "34": 102479, 
      "35": 8585, 
      "36": 9194, 
      "37": 99347, 
      "38": 0, 
      "39": 12663, 
      "4": 403, 
      "40": 12306, 
      "41": 99, 
      "42": 0, 
      "43": 12600, 
      "44": 0, 
      "45": 43, 
      "46": 0, 
      "47": 0, 
      "48": 1003, 
      "49": 1003, 
      "5": 71, 
      "50": 207, 
      "51": 180, 
      "52": 4, 
      "53": 2, 
      "54": 0, 
      "55": 0, 
      "56": 0, 
      "57": 0, 
      "58": 0, 
      "59": 0, 
      "6": 21, 
      "60": 0, 
      "61": 3371, 
      "62": 103719, 
      "63": 84223, 
      "7": 100, 
      "8": 49, 
      "9": 0
    }, 
    "shader core counters": {
      "0": [
        359107564, 
        359107564, 
        359107564, 
        359107564
      ], 
      "1": [
        20, 
        20, 
        20, 
        20
      ], 
      "10": [
        0, 
        0, 
        0, 
        0
      ], 
      "11": [
        0, 
        0, 
        0, 
        0
      ], 
      "12": [
        0, 
        0, 
        0, 
        0
      ], 
      "13": [
        0, 
        0, 
        0, 
        0
      ], 
      "14": [
        0, 
        0, 
        0, 
        0
      ], 
      "15": [
        0, 
        0, 
        0, 
        0
      ], 
      "16": [
        0, 
        0, 
        0, 
        0
      ], 
      "17": [
        0, 
        0, 
        0, 
        0
      ], 
      "18": [
        0, 
        0, 
        0, 
        0
      ], 
      "19": [
        0, 
        0, 
        0, 
        0
      ], 
      "2": [
        65535, 
        65535, 
        65535, 
        65535
      ], 
      "20": [
        0, 
        0, 
        0, 
        0
      ], 
      "21": [
        0, 
        0, 
        0, 
        0
      ], 
      "22": [
        177461, 
        175783, 
        176741, 
        177042
      ], 
      "23": [
        41, 
        32, 
        39, 
        16
      ], 
      "24": [
        5248, 
        4096, 
        4992, 
        2048
      ], 
      "25": [
        10717, 
        21059, 
        8629, 
        72977
      ], 
      "26": [
        177109, 
        175432, 
        176393, 
        176697
      ], 
      "27": [
        85578, 
        69264, 
        84578, 
        33312
      ], 
      "28": [
        5297, 
        3758, 
        5317, 
        1735
      ], 
      "29": [
        74543, 
        82459, 
        76711, 
        56518
      ], 
      "3": [
        0, 
        0, 
        0, 
        0
      ], 
      "30": [
        0, 
        0, 
        0, 
        0
      ], 
      "31": [
        57044, 
        46100, 
        55826, 
        24786
      ], 
      "32": [
        118847, 
        137705, 
        126599, 
        151321
      ], 
      "33": [
        0, 
        0, 
        0, 
        0
      ], 
      "34": [
        61803, 
        91605, 
        70773, 
        126535
      ], 
      "35": [
        0, 
        0, 
        0, 
        0
      ], 
      "36": [
        0, 
        0, 
        0, 
        0
      ], 
      "37": [
        0, 
        0, 
        0, 
        0
      ], 
      "38": [
        0, 
        0, 
        0, 
        0
      ], 
      "39": [
        0, 
        0, 
        0, 
        0
      ], 
      "4": [
        0, 
        0, 
        0, 
        0
      ], 
      "40": [
        0, 
        0, 
        0, 
        0
      ], 
      "41": [
        0, 
        0, 
        0, 
        0
      ], 
      "42": [
        0, 
        0, 
        0, 
        0
      ], 
      "43": [
        0, 
        0, 
        0, 
        0
      ], 
      "44": [
        0, 
        0, 
        0, 
        0
      ], 
      "45": [
        0, 
        0, 
        0, 
        0
      ], 
      "46": [
        0, 
        0, 
        0, 
        0
      ], 
      "47": [
        0, 
        0, 
        0, 
        0
      ], 
      "48": [
        9424, 
        7440, 
        9184, 
        3520
      ], 
      "49": [
        2970, 
        6469, 
        3551, 
        12178
      ], 
      "5": [
        0, 
        0, 
        0, 
        0
      ], 
      "50": [
        6899, 
        5735, 
        6830, 
        3402
      ], 
      "51": [
        322, 
        227, 
        302, 
        79
      ], 
      "52": [
        6899, 
        5735, 
        6830, 
        3402
      ], 
      "53": [
        12746, 
        25318, 
        16211, 
        39147
      ], 
      "54": [
        3663, 
        3146, 
        3687, 
        1894
      ], 
      "55": [
        21, 
        26, 
        21, 
        10
      ], 
      "56": [
        2738, 
        2340, 
        2790, 
        1330
      ], 
      "57": [
        1, 
        1, 
        1, 
        1
      ], 
      "58": [
        3, 
        3, 
        3, 
        3
      ], 
      "59": [
        49, 
        49, 
        47, 
        47
      ], 
      "6": [
        0, 
        0, 
        0, 
        0
      ], 
      "60": [
        44, 
        56, 
        50, 
        42
      ], 
      "61": [
        23222, 
        18910, 
        22845, 
        10325
      ], 
      "62": [
        372, 
        372, 
        372, 
        372
      ], 
      "63": [
        24, 
        16, 
        0, 
        8
      ], 
      "7": [
        0, 
        0, 
        0, 
        0
      ], 
      "8": [
        0, 
        0, 
        0, 
        0
      ], 
      "9": [
        0, 
        0, 
        0, 
        0
      ]
    }
  }, 
  "features": {
    "GWS": [
      16, 
      16, 
      64
    ], 
    "LWS": [
      4, 
      1, 
      64
    ], 
    "OFFSET": [
      0, 
      0, 
      0
    ], 
    "compiler name": "ARM Mali OpenCL", 
    "compiler version": "5.0", 
    "cpu_freq": 1600, 
    "gpu_freq": 266, 
    "image cols": 1232, 
    "image rows": 820, 
    "pool_dir": "pool.09", 
    "program version": "c597087", 
    "size": 16
  }, 
  "meta": {
    "device name": "Mali-T604", 
    "device type": "GPU", 
    "device vendor": "ARM", 
    "experiment type": "benchmarking", 
    "kernel name": "calc_histogram", 
    "program name": "Realeyes HOG"
  }, 
  "tags": [
    "demo", 
    "arm", 
    "codegen15"
  ], 
  "work": {
    "repl": 4, 
    "timestamp": "2015-02-22T02:20:16.096856"
  }
}