{
  "characteristics": {
    "cpu": 0.001578, 
    "gpu_copy": 0.010309, 
    "gpu_only": 0.000718, 
    "is_gpu_better": false, 
    "l2 cache and mmu counters": {
      "0": 2326315042, 
      "1": 14, 
      "10": 0, 
      "11": 0, 
      "12": 0, 
      "13": 0, 
      "14": 0, 
      "15": 0, 
      "16": 8, 
      "17": 3, 
      "18": 146, 
      "19": 4, 
      "2": 65535, 
      "20": 0, 
      "21": 0, 
      "22": 0, 
      "23": 0, 
      "24": 0, 
      "25": 0, 
      "26": 0, 
      "27": 0, 
      "28": 0, 
      "29": 0, 
      "3": 0, 
      "30": 879, 
      "31": 4504, 
      "32": 138568, 
      "33": 110440, 
      "34": 108741, 
      "35": 9224, 
      "36": 9885, 
      "37": 105843, 
      "38": 0, 
      "39": 13997, 
      "4": 1887, 
      "40": 13606, 
      "41": 100, 
      "42": 0, 
      "43": 13910, 
      "44": 0, 
      "45": 52, 
      "46": 0, 
      "47": 0, 
      "48": 1126, 
      "49": 1126, 
      "5": 282, 
      "50": 224, 
      "51": 187, 
      "52": 5, 
      "53": 2, 
      "54": 0, 
      "55": 0, 
      "56": 0, 
      "57": 0, 
      "58": 0, 
      "59": 0, 
      "6": 32, 
      "60": 0, 
      "61": 3411, 
      "62": 111876, 
      "63": 87899, 
      "7": 209, 
      "8": 249, 
      "9": 0
    }, 
    "shader core counters": {
      "0": [
        2326315042, 
        2326315042, 
        2326315042, 
        2326315042
      ], 
      "1": [
        14, 
        14, 
        14, 
        14
      ], 
      "10": [
        0, 
        0, 
        0, 
        0
      ], 
      "11": [
        0, 
        0, 
        0, 
        0
      ], 
      "12": [
        0, 
        0, 
        0, 
        0
      ], 
      "13": [
        0, 
        0, 
        0, 
        0
      ], 
      "14": [
        0, 
        0, 
        0, 
        0
      ], 
      "15": [
        0, 
        0, 
        0, 
        0
      ], 
      "16": [
        0, 
        0, 
        0, 
        0
      ], 
      "17": [
        0, 
        0, 
        0, 
        0
      ], 
      "18": [
        0, 
        0, 
        0, 
        0
      ], 
      "19": [
        0, 
        0, 
        0, 
        0
      ], 
      "2": [
        65535, 
        65535, 
        65535, 
        65535
      ], 
      "20": [
        0, 
        0, 
        0, 
        0
      ], 
      "21": [
        0, 
        0, 
        0, 
        0
      ], 
      "22": [
        186688, 
        189040, 
        183772, 
        190809
      ], 
      "23": [
        41, 
        34, 
        38, 
        15
      ], 
      "24": [
        5248, 
        4352, 
        4864, 
        1920
      ], 
      "25": [
        5248, 
        10535, 
        6494, 
        28460
      ], 
      "26": [
        186326, 
        188677, 
        183414, 
        190456
      ], 
      "27": [
        89984, 
        76842, 
        84756, 
        34900
      ], 
      "28": [
        5540, 
        4204, 
        4863, 
        1774
      ], 
      "29": [
        82712, 
        88206, 
        84804, 
        65151
      ], 
      "3": [
        0, 
        0, 
        0, 
        0
      ], 
      "30": [
        0, 
        0, 
        0, 
        0
      ], 
      "31": [
        60008, 
        51440, 
        56566, 
        24820
      ], 
      "32": [
        132952, 
        149228, 
        136138, 
        174736
      ], 
      "33": [
        0, 
        0, 
        0, 
        0
      ], 
      "34": [
        72944, 
        97788, 
        79572, 
        149916
      ], 
      "35": [
        0, 
        0, 
        0, 
        0
      ], 
      "36": [
        0, 
        0, 
        0, 
        0
      ], 
      "37": [
        0, 
        0, 
        0, 
        0
      ], 
      "38": [
        0, 
        0, 
        0, 
        0
      ], 
      "39": [
        0, 
        0, 
        0, 
        0
      ], 
      "4": [
        0, 
        0, 
        0, 
        0
      ], 
      "40": [
        0, 
        0, 
        0, 
        0
      ], 
      "41": [
        0, 
        0, 
        0, 
        0
      ], 
      "42": [
        0, 
        0, 
        0, 
        0
      ], 
      "43": [
        0, 
        0, 
        0, 
        0
      ], 
      "44": [
        0, 
        0, 
        0, 
        0
      ], 
      "45": [
        0, 
        0, 
        0, 
        0
      ], 
      "46": [
        0, 
        0, 
        0, 
        0
      ], 
      "47": [
        0, 
        0, 
        0, 
        0
      ], 
      "48": [
        9872, 
        8472, 
        9360, 
        3528
      ], 
      "49": [
        3336, 
        8492, 
        4456, 
        17458
      ], 
      "5": [
        0, 
        0, 
        0, 
        0
      ], 
      "50": [
        7290, 
        6296, 
        6869, 
        3433
      ], 
      "51": [
        387, 
        233, 
        329, 
        92
      ], 
      "52": [
        7290, 
        6296, 
        6869, 
        3433
      ], 
      "53": [
        13860, 
        22936, 
        16670, 
        43996
      ], 
      "54": [
        4132, 
        3328, 
        4054, 
        2171
      ], 
      "55": [
        16, 
        17, 
        27, 
        14
      ], 
      "56": [
        3084, 
        2338, 
        2978, 
        1496
      ], 
      "57": [
        1, 
        1, 
        1, 
        1
      ], 
      "58": [
        3, 
        3, 
        3, 
        3
      ], 
      "59": [
        47, 
        47, 
        49, 
        47
      ], 
      "6": [
        0, 
        0, 
        0, 
        0
      ], 
      "60": [
        271, 
        250, 
        248, 
        132
      ], 
      "61": [
        24452, 
        21064, 
        23099, 
        10394
      ], 
      "62": [
        372, 
        372, 
        372, 
        372
      ], 
      "63": [
        0, 
        0, 
        24, 
        0
      ], 
      "7": [
        0, 
        0, 
        0, 
        0
      ], 
      "8": [
        0, 
        0, 
        0, 
        0
      ], 
      "9": [
        0, 
        0, 
        0, 
        0
      ]
    }
  }, 
  "features": {
    "GWS": [
      16, 
      16, 
      64
    ], 
    "LWS": [
      4, 
      1, 
      64
    ], 
    "OFFSET": [
      0, 
      0, 
      0
    ], 
    "compiler name": "ARM Mali OpenCL", 
    "compiler version": "5.0", 
    "cpu_freq": 1600, 
    "gpu_freq": 266, 
    "image cols": 2582, 
    "image rows": 1940, 
    "pool_dir": "pool.06", 
    "program version": "c597087", 
    "size": 16
  }, 
  "meta": {
    "device name": "Mali-T604", 
    "device type": "GPU", 
    "device vendor": "ARM", 
    "experiment type": "benchmarking", 
    "kernel name": "calc_histogram", 
    "program name": "Realeyes HOG"
  }, 
  "tags": [
    "demo", 
    "arm", 
    "codegen15"
  ], 
  "work": {
    "repl": 2, 
    "timestamp": "2015-02-22T02:03:44.301935"
  }
}