{
  "characteristics": {
    "cpu": 0.160954, 
    "gpu_copy": 0.056504, 
    "gpu_only": 0.042935, 
    "is_gpu_better": true, 
    "l2 cache and mmu counters": {
      "0": 1024426679, 
      "1": 11, 
      "10": 0, 
      "11": 0, 
      "12": 0, 
      "13": 0, 
      "14": 0, 
      "15": 0, 
      "16": 8, 
      "17": 3, 
      "18": 149, 
      "19": 4, 
      "2": 65535, 
      "20": 0, 
      "21": 0, 
      "22": 0, 
      "23": 0, 
      "24": 0, 
      "25": 0, 
      "26": 0, 
      "27": 0, 
      "28": 0, 
      "29": 0, 
      "3": 0, 
      "30": 9652, 
      "31": 64136, 
      "32": 8518374, 
      "33": 7011449, 
      "34": 6999003, 
      "35": 585004, 
      "36": 636671, 
      "37": 6788725, 
      "38": 0, 
      "39": 861031, 
      "4": 92616, 
      "40": 834763, 
      "41": 2577, 
      "42": 0, 
      "43": 858242, 
      "44": 0, 
      "45": 127, 
      "46": 0, 
      "47": 0, 
      "48": 16034, 
      "49": 16034, 
      "5": 5309, 
      "50": 2418, 
      "51": 2042, 
      "52": 6, 
      "53": 2, 
      "54": 0, 
      "55": 0, 
      "56": 0, 
      "57": 213, 
      "58": 0, 
      "59": 0, 
      "6": 69, 
      "60": 0, 
      "61": 200167, 
      "62": 7300935, 
      "63": 5796892, 
      "7": 545, 
      "8": 5047, 
      "9": 0
    }, 
    "shader core counters": {
      "0": [
        1024426679, 
        1024426679, 
        1024426679, 
        1024426679
      ], 
      "1": [
        11, 
        11, 
        11, 
        11
      ], 
      "10": [
        0, 
        0, 
        0, 
        0
      ], 
      "11": [
        0, 
        0, 
        0, 
        0
      ], 
      "12": [
        0, 
        0, 
        0, 
        0
      ], 
      "13": [
        0, 
        0, 
        0, 
        0
      ], 
      "14": [
        0, 
        0, 
        0, 
        0
      ], 
      "15": [
        0, 
        0, 
        0, 
        0
      ], 
      "16": [
        0, 
        0, 
        0, 
        0
      ], 
      "17": [
        0, 
        0, 
        0, 
        0
      ], 
      "18": [
        0, 
        0, 
        0, 
        0
      ], 
      "19": [
        0, 
        0, 
        0, 
        0
      ], 
      "2": [
        65535, 
        65535, 
        65535, 
        65535
      ], 
      "20": [
        0, 
        0, 
        0, 
        0
      ], 
      "21": [
        0, 
        0, 
        0, 
        0
      ], 
      "22": [
        11418501, 
        11419480, 
        11417227, 
        11420513
      ], 
      "23": [
        2557, 
        2153, 
        2500, 
        982
      ], 
      "24": [
        327296, 
        275584, 
        320000, 
        125696
      ], 
      "25": [
        9164, 
        18956, 
        10093, 
        219398
      ], 
      "26": [
        11418136, 
        11419108, 
        11416862, 
        11420156
      ], 
      "27": [
        5722186, 
        4886310, 
        5608304, 
        2274304
      ], 
      "28": [
        350157, 
        260679, 
        334354, 
        103316
      ], 
      "29": [
        5255544, 
        5885883, 
        5374581, 
        5470234
      ], 
      "3": [
        0, 
        0, 
        0, 
        0
      ], 
      "30": [
        0, 
        0, 
        0, 
        0
      ], 
      "31": [
        3793578, 
        3263750, 
        3720280, 
        1607870
      ], 
      "32": [
        8168401, 
        9383938, 
        8424324, 
        11084502
      ], 
      "33": [
        0, 
        0, 
        0, 
        0
      ], 
      "34": [
        4374823, 
        6120188, 
        4704044, 
        9476632
      ], 
      "35": [
        0, 
        0, 
        0, 
        0
      ], 
      "36": [
        0, 
        0, 
        0, 
        0
      ], 
      "37": [
        0, 
        0, 
        0, 
        0
      ], 
      "38": [
        0, 
        0, 
        0, 
        0
      ], 
      "39": [
        0, 
        0, 
        0, 
        0
      ], 
      "4": [
        0, 
        0, 
        0, 
        0
      ], 
      "40": [
        0, 
        0, 
        0, 
        0
      ], 
      "41": [
        0, 
        0, 
        0, 
        0
      ], 
      "42": [
        0, 
        0, 
        0, 
        0
      ], 
      "43": [
        0, 
        0, 
        0, 
        0
      ], 
      "44": [
        0, 
        0, 
        0, 
        0
      ], 
      "45": [
        0, 
        0, 
        0, 
        0
      ], 
      "46": [
        0, 
        0, 
        0, 
        0
      ], 
      "47": [
        0, 
        0, 
        0, 
        0
      ], 
      "48": [
        625832, 
        532960, 
        612864, 
        239480
      ], 
      "49": [
        182386, 
        449630, 
        237637, 
        874735
      ], 
      "5": [
        0, 
        0, 
        0, 
        0
      ], 
      "50": [
        460820, 
        401825, 
        452796, 
        215231
      ], 
      "51": [
        22202, 
        17180, 
        21110, 
        5622
      ], 
      "52": [
        460820, 
        401825, 
        452796, 
        215231
      ], 
      "53": [
        851884, 
        1526000, 
        970288, 
        3112528
      ], 
      "54": [
        246607, 
        222554, 
        239977, 
        129532
      ], 
      "55": [
        2585, 
        2170, 
        2258, 
        481
      ], 
      "56": [
        187344, 
        168817, 
        182443, 
        99236
      ], 
      "57": [
        1, 
        1, 
        1, 
        1
      ], 
      "58": [
        4, 
        4, 
        4, 
        4
      ], 
      "59": [
        47, 
        47, 
        47, 
        47
      ], 
      "6": [
        0, 
        0, 
        0, 
        0
      ], 
      "60": [
        13761, 
        12050, 
        13262, 
        5767
      ], 
      "61": [
        1547473, 
        1336611, 
        1518456, 
        669943
      ], 
      "62": [
        372, 
        372, 
        372, 
        372
      ], 
      "63": [
        0, 
        0, 
        0, 
        0
      ], 
      "7": [
        0, 
        0, 
        0, 
        0
      ], 
      "8": [
        0, 
        0, 
        0, 
        0
      ], 
      "9": [
        0, 
        0, 
        0, 
        0
      ]
    }
  }, 
  "features": {
    "GWS": [
      12, 
      12, 
      64
    ], 
    "LWS": [
      4, 
      1, 
      64
    ], 
    "OFFSET": [
      0, 
      0, 
      0
    ], 
    "compiler name": "ARM Mali OpenCL", 
    "compiler version": "5.0", 
    "cpu_freq": 800, 
    "gpu_freq": 266, 
    "image cols": 2582, 
    "image rows": 1940, 
    "pool_dir": "pool.06", 
    "program version": "c597087", 
    "size": 128
  }, 
  "meta": {
    "device name": "Mali-T604", 
    "device type": "GPU", 
    "device vendor": "ARM", 
    "experiment type": "benchmarking", 
    "kernel name": "calc_histogram", 
    "program name": "Realeyes HOG"
  }, 
  "tags": [
    "demo", 
    "arm", 
    "codegen15"
  ], 
  "work": {
    "repl": 4, 
    "timestamp": "2015-02-22T01:53:53.320257"
  }
}