{
  "characteristics": {
    "cpu": 0.047172, 
    "gpu_copy": 0.024286, 
    "gpu_only": 0.010938, 
    "is_gpu_better": true, 
    "l2 cache and mmu counters": {
      "0": 2051455513, 
      "1": 16, 
      "10": 0, 
      "11": 0, 
      "12": 0, 
      "13": 0, 
      "14": 0, 
      "15": 0, 
      "16": 8, 
      "17": 3, 
      "18": 143, 
      "19": 4, 
      "2": 65535, 
      "20": 0, 
      "21": 0, 
      "22": 0, 
      "23": 0, 
      "24": 0, 
      "25": 0, 
      "26": 0, 
      "27": 0, 
      "28": 0, 
      "29": 0, 
      "3": 0, 
      "30": 2864, 
      "31": 25152, 
      "32": 2159786, 
      "33": 1766963, 
      "34": 1762163, 
      "35": 147469, 
      "36": 159882, 
      "37": 1707009, 
      "38": 0, 
      "39": 227246, 
      "4": 32196, 
      "40": 220816, 
      "41": 742, 
      "42": 0, 
      "43": 226602, 
      "44": 0, 
      "45": 94, 
      "46": 0, 
      "47": 0, 
      "48": 6288, 
      "49": 6288, 
      "5": 2457, 
      "50": 721, 
      "51": 638, 
      "52": 6, 
      "53": 2, 
      "54": 0, 
      "55": 0, 
      "56": 0, 
      "57": 88, 
      "58": 0, 
      "59": 0, 
      "6": 33, 
      "60": 0, 
      "61": 52198, 
      "62": 1832174, 
      "63": 1431520, 
      "7": 404, 
      "8": 2308, 
      "9": 0
    }, 
    "shader core counters": {
      "0": [
        2051455513, 
        2051455513, 
        2051455513, 
        2051455513
      ], 
      "1": [
        16, 
        16, 
        16, 
        16
      ], 
      "10": [
        0, 
        0, 
        0, 
        0
      ], 
      "11": [
        0, 
        0, 
        0, 
        0
      ], 
      "12": [
        0, 
        0, 
        0, 
        0
      ], 
      "13": [
        0, 
        0, 
        0, 
        0
      ], 
      "14": [
        0, 
        0, 
        0, 
        0
      ], 
      "15": [
        0, 
        0, 
        0, 
        0
      ], 
      "16": [
        0, 
        0, 
        0, 
        0
      ], 
      "17": [
        0, 
        0, 
        0, 
        0
      ], 
      "18": [
        0, 
        0, 
        0, 
        0
      ], 
      "19": [
        0, 
        0, 
        0, 
        0
      ], 
      "2": [
        65535, 
        65535, 
        65535, 
        65535
      ], 
      "20": [
        0, 
        0, 
        0, 
        0
      ], 
      "21": [
        0, 
        0, 
        0, 
        0
      ], 
      "22": [
        2907187, 
        2907767, 
        2909383, 
        2908310
      ], 
      "23": [
        606, 
        528, 
        602, 
        312
      ], 
      "24": [
        77568, 
        67584, 
        77056, 
        39936
      ], 
      "25": [
        8494, 
        9838, 
        7624, 
        27491
      ], 
      "26": [
        2906845, 
        2907424, 
        2909042, 
        2907977
      ], 
      "27": [
        1526782, 
        1351610, 
        1497948, 
        798866
      ], 
      "28": [
        103155, 
        82588, 
        99586, 
        39535
      ], 
      "29": [
        1248722, 
        1384811, 
        1281235, 
        1477935
      ], 
      "3": [
        0, 
        0, 
        0, 
        0
      ], 
      "30": [
        0, 
        0, 
        0, 
        0
      ], 
      "31": [
        992344, 
        882080, 
        976298, 
        535600
      ], 
      "32": [
        2039253, 
        2323619, 
        2117134, 
        2757739
      ], 
      "33": [
        0, 
        0, 
        0, 
        0
      ], 
      "34": [
        1046909, 
        1441539, 
        1140836, 
        2222139
      ], 
      "35": [
        0, 
        0, 
        0, 
        0
      ], 
      "36": [
        0, 
        0, 
        0, 
        0
      ], 
      "37": [
        0, 
        0, 
        0, 
        0
      ], 
      "38": [
        0, 
        0, 
        0, 
        0
      ], 
      "39": [
        0, 
        0, 
        0, 
        0
      ], 
      "4": [
        0, 
        0, 
        0, 
        0
      ], 
      "40": [
        0, 
        0, 
        0, 
        0
      ], 
      "41": [
        0, 
        0, 
        0, 
        0
      ], 
      "42": [
        0, 
        0, 
        0, 
        0
      ], 
      "43": [
        0, 
        0, 
        0, 
        0
      ], 
      "44": [
        0, 
        0, 
        0, 
        0
      ], 
      "45": [
        0, 
        0, 
        0, 
        0
      ], 
      "46": [
        0, 
        0, 
        0, 
        0
      ], 
      "47": [
        0, 
        0, 
        0, 
        0
      ], 
      "48": [
        163424, 
        144560, 
        159952, 
        84256
      ], 
      "49": [
        52474, 
        119352, 
        67239, 
        229247
      ], 
      "5": [
        0, 
        0, 
        0, 
        0
      ], 
      "50": [
        121276, 
        108656, 
        119630, 
        68538
      ], 
      "51": [
        5644, 
        4751, 
        5326, 
        1964
      ], 
      "52": [
        121276, 
        108656, 
        119630, 
        68538
      ], 
      "53": [
        213869, 
        353891, 
        246562, 
        689532
      ], 
      "54": [
        62396, 
        59206, 
        61377, 
        38422
      ], 
      "55": [
        478, 
        423, 
        410, 
        222
      ], 
      "56": [
        44906, 
        42663, 
        44400, 
        28154
      ], 
      "57": [
        1, 
        1, 
        1, 
        1
      ], 
      "58": [
        3, 
        3, 
        3, 
        3
      ], 
      "59": [
        48, 
        47, 
        47, 
        47
      ], 
      "6": [
        0, 
        0, 
        0, 
        0
      ], 
      "60": [
        4466, 
        4230, 
        4310, 
        2500
      ], 
      "61": [
        405976, 
        361872, 
        399213, 
        221332
      ], 
      "62": [
        372, 
        372, 
        372, 
        372
      ], 
      "63": [
        16, 
        0, 
        0, 
        0
      ], 
      "7": [
        0, 
        0, 
        0, 
        0
      ], 
      "8": [
        0, 
        0, 
        0, 
        0
      ], 
      "9": [
        0, 
        0, 
        0, 
        0
      ]
    }
  }, 
  "features": {
    "GWS": [
      64, 
      64, 
      64
    ], 
    "LWS": [
      4, 
      1, 
      64
    ], 
    "OFFSET": [
      0, 
      0, 
      0
    ], 
    "compiler name": "ARM Mali OpenCL", 
    "compiler version": "5.0", 
    "cpu_freq": 800, 
    "gpu_freq": 266, 
    "image cols": 2422, 
    "image rows": 2066, 
    "pool_dir": "pool.15", 
    "program version": "c597087", 
    "size": 64
  }, 
  "meta": {
    "device name": "Mali-T604", 
    "device type": "GPU", 
    "device vendor": "ARM", 
    "experiment type": "benchmarking", 
    "kernel name": "calc_histogram", 
    "program name": "Realeyes HOG"
  }, 
  "tags": [
    "demo", 
    "arm", 
    "codegen15"
  ], 
  "work": {
    "repl": 4, 
    "timestamp": "2015-02-22T02:09:30.830475"
  }
}