{
  "characteristics": {
    "cpu": 0.002388, 
    "gpu_copy": 0.007133, 
    "gpu_only": 0.000436, 
    "is_gpu_better": false, 
    "l2 cache and mmu counters": {
      "0": 121304973, 
      "1": 22, 
      "10": 0, 
      "11": 0, 
      "12": 0, 
      "13": 0, 
      "14": 0, 
      "15": 0, 
      "16": 9, 
      "17": 3, 
      "18": 201, 
      "19": 4, 
      "2": 65535, 
      "20": 0, 
      "21": 0, 
      "22": 0, 
      "23": 0, 
      "24": 0, 
      "25": 0, 
      "26": 0, 
      "27": 0, 
      "28": 0, 
      "29": 0, 
      "3": 0, 
      "30": 894, 
      "31": 5844, 
      "32": 172861, 
      "33": 138143, 
      "34": 135647, 
      "35": 11711, 
      "36": 12383, 
      "37": 132483, 
      "38": 0, 
      "39": 18047, 
      "4": 2599, 
      "40": 17563, 
      "41": 126, 
      "42": 0, 
      "43": 17964, 
      "44": 0, 
      "45": 44, 
      "46": 0, 
      "47": 31, 
      "48": 1461, 
      "49": 1461, 
      "5": 269, 
      "50": 227, 
      "51": 190, 
      "52": 4, 
      "53": 2, 
      "54": 0, 
      "55": 0, 
      "56": 0, 
      "57": 0, 
      "58": 183, 
      "59": 0, 
      "6": 111, 
      "60": 0, 
      "61": 3652, 
      "62": 141668, 
      "63": 106976, 
      "7": 376, 
      "8": 232, 
      "9": 0
    }, 
    "shader core counters": {
      "0": [
        121304973, 
        121304973, 
        121304973, 
        121304973
      ], 
      "1": [
        22, 
        22, 
        22, 
        22
      ], 
      "10": [
        0, 
        0, 
        0, 
        0
      ], 
      "11": [
        0, 
        0, 
        0, 
        0
      ], 
      "12": [
        0, 
        0, 
        0, 
        0
      ], 
      "13": [
        0, 
        0, 
        0, 
        0
      ], 
      "14": [
        0, 
        0, 
        0, 
        0
      ], 
      "15": [
        0, 
        0, 
        0, 
        0
      ], 
      "16": [
        0, 
        0, 
        0, 
        0
      ], 
      "17": [
        0, 
        0, 
        0, 
        0
      ], 
      "18": [
        0, 
        0, 
        0, 
        0
      ], 
      "19": [
        0, 
        0, 
        0, 
        0
      ], 
      "2": [
        65535, 
        65535, 
        65535, 
        65535
      ], 
      "20": [
        0, 
        0, 
        0, 
        0
      ], 
      "21": [
        0, 
        0, 
        0, 
        0
      ], 
      "22": [
        231916, 
        229595, 
        228543, 
        231324
      ], 
      "23": [
        36, 
        32, 
        38, 
        22
      ], 
      "24": [
        4608, 
        4096, 
        4864, 
        2816
      ], 
      "25": [
        6235, 
        4906, 
        5375, 
        11504
      ], 
      "26": [
        231495, 
        229171, 
        228129, 
        230913
      ], 
      "27": [
        111222, 
        89714, 
        104158, 
        58776
      ], 
      "28": [
        6832, 
        4725, 
        6285, 
        2919
      ], 
      "29": [
        101051, 
        112830, 
        102551, 
        105586
      ], 
      "3": [
        0, 
        0, 
        0, 
        0
      ], 
      "30": [
        0, 
        0, 
        0, 
        0
      ], 
      "31": [
        73466, 
        60846, 
        69948, 
        41064
      ], 
      "32": [
        163640, 
        186659, 
        170339, 
        211394
      ], 
      "33": [
        0, 
        0, 
        0, 
        0
      ], 
      "34": [
        90174, 
        125813, 
        100391, 
        170330
      ], 
      "35": [
        0, 
        0, 
        0, 
        0
      ], 
      "36": [
        0, 
        0, 
        0, 
        0
      ], 
      "37": [
        0, 
        0, 
        0, 
        0
      ], 
      "38": [
        0, 
        0, 
        0, 
        0
      ], 
      "39": [
        0, 
        0, 
        0, 
        0
      ], 
      "4": [
        0, 
        0, 
        0, 
        0
      ], 
      "40": [
        0, 
        0, 
        0, 
        0
      ], 
      "41": [
        0, 
        0, 
        0, 
        0
      ], 
      "42": [
        0, 
        0, 
        0, 
        0
      ], 
      "43": [
        0, 
        0, 
        0, 
        0
      ], 
      "44": [
        0, 
        0, 
        0, 
        0
      ], 
      "45": [
        0, 
        0, 
        0, 
        0
      ], 
      "46": [
        0, 
        0, 
        0, 
        0
      ], 
      "47": [
        0, 
        0, 
        0, 
        0
      ], 
      "48": [
        11592, 
        9192, 
        10656, 
        5968
      ], 
      "49": [
        5060, 
        9923, 
        6278, 
        21716
      ], 
      "5": [
        0, 
        0, 
        0, 
        0
      ], 
      "50": [
        9518, 
        8079, 
        9187, 
        5594
      ], 
      "51": [
        430, 
        382, 
        413, 
        163
      ], 
      "52": [
        9518, 
        8079, 
        9187, 
        5594
      ], 
      "53": [
        14782, 
        29748, 
        19267, 
        45219
      ], 
      "54": [
        4900, 
        4898, 
        4887, 
        3054
      ], 
      "55": [
        26, 
        24, 
        26, 
        24
      ], 
      "56": [
        3503, 
        3487, 
        3419, 
        2049
      ], 
      "57": [
        1, 
        1, 
        1, 
        1
      ], 
      "58": [
        3, 
        3, 
        3, 
        3
      ], 
      "59": [
        47, 
        47, 
        47, 
        47
      ], 
      "6": [
        0, 
        0, 
        0, 
        0
      ], 
      "60": [
        354, 
        340, 
        339, 
        221
      ], 
      "61": [
        30629, 
        25351, 
        29030, 
        17156
      ], 
      "62": [
        372, 
        372, 
        372, 
        372
      ], 
      "63": [
        0, 
        0, 
        0, 
        0
      ], 
      "7": [
        0, 
        0, 
        0, 
        0
      ], 
      "8": [
        0, 
        0, 
        0, 
        0
      ], 
      "9": [
        0, 
        0, 
        0, 
        0
      ]
    }
  }, 
  "features": {
    "GWS": [
      16, 
      16, 
      64
    ], 
    "LWS": [
      4, 
      1, 
      64
    ], 
    "OFFSET": [
      0, 
      0, 
      0
    ], 
    "compiler name": "ARM Mali OpenCL", 
    "compiler version": "5.0", 
    "cpu_freq": 1600, 
    "gpu_freq": 533, 
    "image cols": 2103, 
    "image rows": 2082, 
    "pool_dir": "pool.18", 
    "program version": "c597087", 
    "size": 16
  }, 
  "meta": {
    "device name": "Mali-T604", 
    "device type": "GPU", 
    "device vendor": "ARM", 
    "experiment type": "benchmarking", 
    "kernel name": "calc_histogram", 
    "program name": "Realeyes HOG"
  }, 
  "tags": [
    "demo", 
    "arm", 
    "codegen15"
  ], 
  "work": {
    "repl": 0, 
    "timestamp": "2015-02-22T02:26:04.086533"
  }
}