{
  "characteristics": {
    "cpu": 0.189028, 
    "gpu_copy": 0.026904, 
    "gpu_only": 0.024967, 
    "is_gpu_better": true, 
    "l2 cache and mmu counters": {
      "0": 2134288494, 
      "1": 23, 
      "10": 0, 
      "11": 0, 
      "12": 0, 
      "13": 0, 
      "14": 0, 
      "15": 0, 
      "16": 8, 
      "17": 3, 
      "18": 188, 
      "19": 4, 
      "2": 65535, 
      "20": 0, 
      "21": 0, 
      "22": 0, 
      "23": 0, 
      "24": 0, 
      "25": 0, 
      "26": 0, 
      "27": 0, 
      "28": 0, 
      "29": 0, 
      "3": 0, 
      "30": 4732, 
      "31": 28032, 
      "32": 9891146, 
      "33": 8170686, 
      "34": 8163445, 
      "35": 678177, 
      "36": 740655, 
      "37": 7943081, 
      "38": 0, 
      "39": 971456, 
      "4": 86, 
      "40": 942950, 
      "41": 1332, 
      "42": 0, 
      "43": 970076, 
      "44": 0, 
      "45": 46, 
      "46": 0, 
      "47": 0, 
      "48": 7008, 
      "49": 7008, 
      "5": 52, 
      "50": 1188, 
      "51": 1100, 
      "52": 6, 
      "53": 2, 
      "54": 0, 
      "55": 0, 
      "56": 0, 
      "57": 128, 
      "58": 0, 
      "59": 0, 
      "6": 61, 
      "60": 0, 
      "61": 219979, 
      "62": 8508595, 
      "63": 6842857, 
      "7": 84, 
      "8": 35, 
      "9": 0
    }, 
    "shader core counters": {
      "0": [
        2134288494, 
        2134288494, 
        2134288494, 
        2134288494
      ], 
      "1": [
        23, 
        23, 
        23, 
        23
      ], 
      "10": [
        0, 
        0, 
        0, 
        0
      ], 
      "11": [
        0, 
        0, 
        0, 
        0
      ], 
      "12": [
        0, 
        0, 
        0, 
        0
      ], 
      "13": [
        0, 
        0, 
        0, 
        0
      ], 
      "14": [
        0, 
        0, 
        0, 
        0
      ], 
      "15": [
        0, 
        0, 
        0, 
        0
      ], 
      "16": [
        0, 
        0, 
        0, 
        0
      ], 
      "17": [
        0, 
        0, 
        0, 
        0
      ], 
      "18": [
        0, 
        0, 
        0, 
        0
      ], 
      "19": [
        0, 
        0, 
        0, 
        0
      ], 
      "2": [
        65535, 
        65535, 
        65535, 
        65535
      ], 
      "20": [
        0, 
        0, 
        0, 
        0
      ], 
      "21": [
        0, 
        0, 
        0, 
        0
      ], 
      "22": [
        13301604, 
        13303454, 
        13301895, 
        13307037
      ], 
      "23": [
        2635, 
        2093, 
        2553, 
        911
      ], 
      "24": [
        337280, 
        267904, 
        326784, 
        116608
      ], 
      "25": [
        19855, 
        64196, 
        18531, 
        814151
      ], 
      "26": [
        13301178, 
        13303027, 
        13301476, 
        13306616
      ], 
      "27": [
        6498724, 
        5222322, 
        6321868, 
        2353014
      ], 
      "28": [
        389709, 
        267185, 
        368898, 
        116615
      ], 
      "29": [
        6293503, 
        7000991, 
        6451411, 
        5661489
      ], 
      "3": [
        0, 
        0, 
        0, 
        0
      ], 
      "30": [
        0, 
        0, 
        0, 
        0
      ], 
      "31": [
        4473184, 
        3669334, 
        4362744, 
        1755400
      ], 
      "32": [
        9535570, 
        11149152, 
        9864700, 
        12875308
      ], 
      "33": [
        0, 
        0, 
        0, 
        0
      ], 
      "34": [
        5062386, 
        7479818, 
        5501956, 
        11119908
      ], 
      "35": [
        0, 
        0, 
        0, 
        0
      ], 
      "36": [
        0, 
        0, 
        0, 
        0
      ], 
      "37": [
        0, 
        0, 
        0, 
        0
      ], 
      "38": [
        0, 
        0, 
        0, 
        0
      ], 
      "39": [
        0, 
        0, 
        0, 
        0
      ], 
      "4": [
        0, 
        0, 
        0, 
        0
      ], 
      "40": [
        0, 
        0, 
        0, 
        0
      ], 
      "41": [
        0, 
        0, 
        0, 
        0
      ], 
      "42": [
        0, 
        0, 
        0, 
        0
      ], 
      "43": [
        0, 
        0, 
        0, 
        0
      ], 
      "44": [
        0, 
        0, 
        0, 
        0
      ], 
      "45": [
        0, 
        0, 
        0, 
        0
      ], 
      "46": [
        0, 
        0, 
        0, 
        0
      ], 
      "47": [
        0, 
        0, 
        0, 
        0
      ], 
      "48": [
        684328, 
        544880, 
        664728, 
        235472
      ], 
      "49": [
        183750, 
        481371, 
        245637, 
        964494
      ], 
      "5": [
        0, 
        0, 
        0, 
        0
      ], 
      "50": [
        586752, 
        494183, 
        574458, 
        255372
      ], 
      "51": [
        27897, 
        20596, 
        26748, 
        6270
      ], 
      "52": [
        586752, 
        494183, 
        574458, 
        255372
      ], 
      "53": [
        1015496, 
        2018707, 
        1176171, 
        3743899
      ], 
      "54": [
        282373, 
        248388, 
        276440, 
        137790
      ], 
      "55": [
        1831, 
        1297, 
        1660, 
        639
      ], 
      "56": [
        221935, 
        195092, 
        217343, 
        106469
      ], 
      "57": [
        1, 
        1, 
        1, 
        1
      ], 
      "58": [
        3, 
        3, 
        3, 
        3
      ], 
      "59": [
        47, 
        47, 
        47, 
        48
      ], 
      "6": [
        0, 
        0, 
        0, 
        0
      ], 
      "60": [
        10, 
        9, 
        9, 
        9
      ], 
      "61": [
        1857832, 
        1533247, 
        1813644, 
        746216
      ], 
      "62": [
        372, 
        372, 
        372, 
        372
      ], 
      "63": [
        0, 
        0, 
        0, 
        8
      ], 
      "7": [
        0, 
        0, 
        0, 
        0
      ], 
      "8": [
        0, 
        0, 
        0, 
        0
      ], 
      "9": [
        0, 
        0, 
        0, 
        0
      ]
    }
  }, 
  "features": {
    "GWS": [
      12, 
      12, 
      64
    ], 
    "LWS": [
      4, 
      1, 
      64
    ], 
    "OFFSET": [
      0, 
      0, 
      0
    ], 
    "compiler name": "ARM Mali OpenCL", 
    "compiler version": "5.0", 
    "cpu_freq": 800, 
    "gpu_freq": 533, 
    "image cols": 594, 
    "image rows": 446, 
    "pool_dir": "pool.03", 
    "program version": "c597087", 
    "size": 128
  }, 
  "meta": {
    "device name": "Mali-T604", 
    "device type": "GPU", 
    "device vendor": "ARM", 
    "experiment type": "benchmarking", 
    "kernel name": "calc_histogram", 
    "program name": "Realeyes HOG"
  }, 
  "tags": [
    "demo", 
    "arm", 
    "codegen15"
  ], 
  "work": {
    "repl": 2, 
    "timestamp": "2015-02-22T02:30:27.001517"
  }
}