{
  "characteristics": {
    "cpu": 0.029148, 
    "gpu_copy": 0.02227, 
    "gpu_only": 0.013571, 
    "is_gpu_better": true, 
    "l2 cache and mmu counters": {
      "0": 3882486292, 
      "1": 20, 
      "10": 0, 
      "11": 0, 
      "12": 0, 
      "13": 0, 
      "14": 0, 
      "15": 0, 
      "16": 8, 
      "17": 3, 
      "18": 164, 
      "19": 4, 
      "2": 65535, 
      "20": 0, 
      "21": 0, 
      "22": 0, 
      "23": 0, 
      "24": 0, 
      "25": 0, 
      "26": 0, 
      "27": 0, 
      "28": 0, 
      "29": 0, 
      "3": 0, 
      "30": 4914, 
      "31": 33416, 
      "32": 2675363, 
      "33": 2187590, 
      "34": 2180889, 
      "35": 184835, 
      "36": 198233, 
      "37": 2113661, 
      "38": 0, 
      "39": 283197, 
      "4": 42284, 
      "40": 275401, 
      "41": 1185, 
      "42": 0, 
      "43": 281951, 
      "44": 0, 
      "45": 97, 
      "46": 0, 
      "47": 0, 
      "48": 8354, 
      "49": 8354, 
      "5": 3824, 
      "50": 1235, 
      "51": 942, 
      "52": 7, 
      "53": 2, 
      "54": 0, 
      "55": 0, 
      "56": 0, 
      "57": 135, 
      "58": 0, 
      "59": 0, 
      "6": 82, 
      "60": 0, 
      "61": 57037, 
      "62": 2294960, 
      "63": 1750402, 
      "7": 615, 
      "8": 3587, 
      "9": 0
    }, 
    "shader core counters": {
      "0": [
        3882486292, 
        3882486292, 
        3882486292, 
        3882486292
      ], 
      "1": [
        20, 
        20, 
        20, 
        20
      ], 
      "10": [
        0, 
        0, 
        0, 
        0
      ], 
      "11": [
        0, 
        0, 
        0, 
        0
      ], 
      "12": [
        0, 
        0, 
        0, 
        0
      ], 
      "13": [
        0, 
        0, 
        0, 
        0
      ], 
      "14": [
        0, 
        0, 
        0, 
        0
      ], 
      "15": [
        0, 
        0, 
        0, 
        0
      ], 
      "16": [
        0, 
        0, 
        0, 
        0
      ], 
      "17": [
        0, 
        0, 
        0, 
        0
      ], 
      "18": [
        0, 
        0, 
        0, 
        0
      ], 
      "19": [
        0, 
        0, 
        0, 
        0
      ], 
      "2": [
        65535, 
        65535, 
        65535, 
        65535
      ], 
      "20": [
        0, 
        0, 
        0, 
        0
      ], 
      "21": [
        0, 
        0, 
        0, 
        0
      ], 
      "22": [
        3604160, 
        3602652, 
        3602268, 
        3609642
      ], 
      "23": [
        612, 
        523, 
        595, 
        318
      ], 
      "24": [
        78336, 
        66944, 
        76160, 
        40704
      ], 
      "25": [
        7167, 
        6828, 
        7018, 
        4103
      ], 
      "26": [
        3603800, 
        3602292, 
        3601914, 
        3609289
      ], 
      "27": [
        1771386, 
        1524102, 
        1727160, 
        935104
      ], 
      "28": [
        108306, 
        83637, 
        101915, 
        45319
      ], 
      "29": [
        1686438, 
        1828041, 
        1725336, 
        1785490
      ], 
      "3": [
        0, 
        0, 
        0, 
        0
      ], 
      "30": [
        0, 
        0, 
        0, 
        0
      ], 
      "31": [
        1176318, 
        1019952, 
        1150648, 
        644142
      ], 
      "32": [
        2612742, 
        2947445, 
        2708479, 
        3404640
      ], 
      "33": [
        0, 
        0, 
        0, 
        0
      ], 
      "34": [
        1436424, 
        1927493, 
        1557831, 
        2760498
      ], 
      "35": [
        0, 
        0, 
        0, 
        0
      ], 
      "36": [
        0, 
        0, 
        0, 
        0
      ], 
      "37": [
        0, 
        0, 
        0, 
        0
      ], 
      "38": [
        0, 
        0, 
        0, 
        0
      ], 
      "39": [
        0, 
        0, 
        0, 
        0
      ], 
      "4": [
        0, 
        0, 
        0, 
        0
      ], 
      "40": [
        0, 
        0, 
        0, 
        0
      ], 
      "41": [
        0, 
        0, 
        0, 
        0
      ], 
      "42": [
        0, 
        0, 
        0, 
        0
      ], 
      "43": [
        0, 
        0, 
        0, 
        0
      ], 
      "44": [
        0, 
        0, 
        0, 
        0
      ], 
      "45": [
        0, 
        0, 
        0, 
        0
      ], 
      "46": [
        0, 
        0, 
        0, 
        0
      ], 
      "47": [
        0, 
        0, 
        0, 
        0
      ], 
      "48": [
        182272, 
        155824, 
        177360, 
        94592
      ], 
      "49": [
        68784, 
        148291, 
        87303, 
        311928
      ], 
      "5": [
        0, 
        0, 
        0, 
        0
      ], 
      "50": [
        153091, 
        134466, 
        150484, 
        87851
      ], 
      "51": [
        7397, 
        5689, 
        6898, 
        2597
      ], 
      "52": [
        153091, 
        134466, 
        150484, 
        87851
      ], 
      "53": [
        254966, 
        450482, 
        299480, 
        790093
      ], 
      "54": [
        79804, 
        71058, 
        78297, 
        48133
      ], 
      "55": [
        488, 
        357, 
        427, 
        338
      ], 
      "56": [
        57381, 
        51687, 
        56489, 
        33928
      ], 
      "57": [
        1, 
        1, 
        1, 
        1
      ], 
      "58": [
        3, 
        3, 
        3, 
        3
      ], 
      "59": [
        47, 
        47, 
        47, 
        48
      ], 
      "6": [
        0, 
        0, 
        0, 
        0
      ], 
      "60": [
        6176, 
        5033, 
        5740, 
        3311
      ], 
      "61": [
        488455, 
        424756, 
        478328, 
        270295
      ], 
      "62": [
        372, 
        372, 
        372, 
        372
      ], 
      "63": [
        0, 
        0, 
        0, 
        8
      ], 
      "7": [
        0, 
        0, 
        0, 
        0
      ], 
      "8": [
        0, 
        0, 
        0, 
        0
      ], 
      "9": [
        0, 
        0, 
        0, 
        0
      ]
    }
  }, 
  "features": {
    "GWS": [
      64, 
      64, 
      64
    ], 
    "LWS": [
      4, 
      1, 
      64
    ], 
    "OFFSET": [
      0, 
      0, 
      0
    ], 
    "compiler name": "ARM Mali OpenCL", 
    "compiler version": "5.0", 
    "cpu_freq": 1600, 
    "gpu_freq": 266, 
    "image cols": 2103, 
    "image rows": 2082, 
    "pool_dir": "pool.18", 
    "program version": "c597087", 
    "size": 64
  }, 
  "meta": {
    "device name": "Mali-T604", 
    "device type": "GPU", 
    "device vendor": "ARM", 
    "experiment type": "benchmarking", 
    "kernel name": "calc_histogram", 
    "program name": "Realeyes HOG"
  }, 
  "tags": [
    "demo", 
    "arm", 
    "codegen15"
  ], 
  "work": {
    "repl": 4, 
    "timestamp": "2015-02-22T02:22:42.879083"
  }
}