{
  "characteristics": {
    "cpu": 0.187327, 
    "gpu_copy": 0.034825, 
    "gpu_only": 0.02202, 
    "is_gpu_better": true, 
    "l2 cache and mmu counters": {
      "0": 64372083, 
      "1": 11, 
      "10": 0, 
      "11": 0, 
      "12": 0, 
      "13": 0, 
      "14": 0, 
      "15": 0, 
      "16": 9, 
      "17": 3, 
      "18": 213, 
      "19": 7, 
      "2": 65535, 
      "20": 0, 
      "21": 0, 
      "22": 0, 
      "23": 0, 
      "24": 0, 
      "25": 0, 
      "26": 0, 
      "27": 0, 
      "28": 0, 
      "29": 0, 
      "3": 0, 
      "30": 9845, 
      "31": 77008, 
      "32": 8750411, 
      "33": 7163575, 
      "34": 7148784, 
      "35": 600203, 
      "36": 648882, 
      "37": 6923840, 
      "38": 0, 
      "39": 927737, 
      "4": 129486, 
      "40": 901969, 
      "41": 2829, 
      "42": 0, 
      "43": 924986, 
      "44": 0, 
      "45": 196, 
      "46": 0, 
      "47": 0, 
      "48": 19252, 
      "49": 19252, 
      "5": 7610, 
      "50": 2466, 
      "51": 2226, 
      "52": 6, 
      "53": 2, 
      "54": 22, 
      "55": 0, 
      "56": 0, 
      "57": 290, 
      "58": 0, 
      "59": 0, 
      "6": 70, 
      "60": 0, 
      "61": 213702, 
      "62": 7449262, 
      "63": 5801645, 
      "7": 816, 
      "8": 7211, 
      "9": 0
    }, 
    "shader core counters": {
      "0": [
        64372083, 
        64372083, 
        64372083, 
        64372083
      ], 
      "1": [
        11, 
        11, 
        11, 
        11
      ], 
      "10": [
        0, 
        0, 
        0, 
        0
      ], 
      "11": [
        0, 
        0, 
        0, 
        0
      ], 
      "12": [
        0, 
        0, 
        0, 
        0
      ], 
      "13": [
        0, 
        0, 
        0, 
        0
      ], 
      "14": [
        0, 
        0, 
        0, 
        0
      ], 
      "15": [
        0, 
        0, 
        0, 
        0
      ], 
      "16": [
        0, 
        0, 
        0, 
        0
      ], 
      "17": [
        0, 
        0, 
        0, 
        0
      ], 
      "18": [
        0, 
        0, 
        0, 
        0
      ], 
      "19": [
        0, 
        0, 
        0, 
        0
      ], 
      "2": [
        65535, 
        65535, 
        65535, 
        65535
      ], 
      "20": [
        0, 
        0, 
        0, 
        0
      ], 
      "21": [
        0, 
        0, 
        0, 
        0
      ], 
      "22": [
        11732496, 
        11735926, 
        11734867, 
        11735409
      ], 
      "23": [
        2423, 
        2152, 
        2376, 
        1241
      ], 
      "24": [
        310144, 
        275456, 
        304128, 
        158848
      ], 
      "25": [
        8082, 
        10782, 
        6435, 
        64573
      ], 
      "26": [
        11732069, 
        11735490, 
        11734442, 
        11734990
      ], 
      "27": [
        6133576, 
        5474370, 
        6009530, 
        3183384
      ], 
      "28": [
        411000, 
        333646, 
        394330, 
        158431
      ], 
      "29": [
        5093780, 
        5640968, 
        5228478, 
        5867444
      ], 
      "3": [
        0, 
        0, 
        0, 
        0
      ], 
      "30": [
        0, 
        0, 
        0, 
        0
      ], 
      "31": [
        3996820, 
        3581548, 
        3919132, 
        2137798
      ], 
      "32": [
        8275353, 
        9364082, 
        8577485, 
        11143084
      ], 
      "33": [
        0, 
        0, 
        0, 
        0
      ], 
      "34": [
        4278533, 
        5782534, 
        4658353, 
        9005286
      ], 
      "35": [
        0, 
        0, 
        0, 
        0
      ], 
      "36": [
        0, 
        0, 
        0, 
        0
      ], 
      "37": [
        0, 
        0, 
        0, 
        0
      ], 
      "38": [
        0, 
        0, 
        0, 
        0
      ], 
      "39": [
        0, 
        0, 
        0, 
        0
      ], 
      "4": [
        0, 
        0, 
        0, 
        0
      ], 
      "40": [
        0, 
        0, 
        0, 
        0
      ], 
      "41": [
        0, 
        0, 
        0, 
        0
      ], 
      "42": [
        0, 
        0, 
        0, 
        0
      ], 
      "43": [
        0, 
        0, 
        0, 
        0
      ], 
      "44": [
        0, 
        0, 
        0, 
        0
      ], 
      "45": [
        0, 
        0, 
        0, 
        0
      ], 
      "46": [
        0, 
        0, 
        0, 
        0
      ], 
      "47": [
        0, 
        0, 
        0, 
        0
      ], 
      "48": [
        656520, 
        582864, 
        641632, 
        334664
      ], 
      "49": [
        213669, 
        470015, 
        280397, 
        1007310
      ], 
      "5": [
        0, 
        0, 
        0, 
        0
      ], 
      "50": [
        489987, 
        443259, 
        481815, 
        274659
      ], 
      "51": [
        23156, 
        18929, 
        22190, 
        8244
      ], 
      "52": [
        489987, 
        443259, 
        481815, 
        274659
      ], 
      "53": [
        876135, 
        1412353, 
        998604, 
        2729042
      ], 
      "54": [
        256310, 
        236610, 
        254435, 
        157602
      ], 
      "55": [
        1801, 
        1824, 
        1848, 
        851
      ], 
      "56": [
        184635, 
        169717, 
        183167, 
        112593
      ], 
      "57": [
        1, 
        1, 
        1, 
        1
      ], 
      "58": [
        3, 
        3, 
        3, 
        3
      ], 
      "59": [
        47, 
        47, 
        47, 
        47
      ], 
      "6": [
        0, 
        0, 
        0, 
        0
      ], 
      "60": [
        18186, 
        16694, 
        18028, 
        9355
      ], 
      "61": [
        1636494, 
        1469382, 
        1605262, 
        883983
      ], 
      "62": [
        372, 
        372, 
        372, 
        372
      ], 
      "63": [
        0, 
        0, 
        0, 
        0
      ], 
      "7": [
        0, 
        0, 
        0, 
        0
      ], 
      "8": [
        0, 
        0, 
        0, 
        0
      ], 
      "9": [
        0, 
        0, 
        0, 
        0
      ]
    }
  }, 
  "features": {
    "GWS": [
      12, 
      12, 
      64
    ], 
    "LWS": [
      4, 
      1, 
      64
    ], 
    "OFFSET": [
      0, 
      0, 
      0
    ], 
    "compiler name": "ARM Mali OpenCL", 
    "compiler version": "5.0", 
    "cpu_freq": 800, 
    "gpu_freq": 533, 
    "image cols": 2422, 
    "image rows": 2066, 
    "pool_dir": "pool.15", 
    "program version": "c597087", 
    "size": 128
  }, 
  "meta": {
    "device name": "Mali-T604", 
    "device type": "GPU", 
    "device vendor": "ARM", 
    "experiment type": "benchmarking", 
    "kernel name": "calc_histogram", 
    "program name": "Realeyes HOG"
  }, 
  "tags": [
    "demo", 
    "arm", 
    "codegen15"
  ], 
  "work": {
    "repl": 3, 
    "timestamp": "2015-02-22T01:53:13.332956"
  }
}