{
  "characteristics": {
    "cpu": 0.003062, 
    "gpu_copy": 0.004411, 
    "gpu_only": 0.000374, 
    "is_gpu_better": false, 
    "l2 cache and mmu counters": {
      "0": 1168525104, 
      "1": 22, 
      "10": 0, 
      "11": 0, 
      "12": 0, 
      "13": 0, 
      "14": 0, 
      "15": 0, 
      "16": 9, 
      "17": 3, 
      "18": 185, 
      "19": 4, 
      "2": 65535, 
      "20": 0, 
      "21": 0, 
      "22": 0, 
      "23": 0, 
      "24": 0, 
      "25": 0, 
      "26": 0, 
      "27": 0, 
      "28": 0, 
      "29": 0, 
      "3": 0, 
      "30": 820, 
      "31": 4192, 
      "32": 146346, 
      "33": 117417, 
      "34": 115398, 
      "35": 9739, 
      "36": 10436, 
      "37": 112920, 
      "38": 0, 
      "39": 14285, 
      "4": 233, 
      "40": 13890, 
      "41": 117, 
      "42": 0, 
      "43": 14200, 
      "44": 0, 
      "45": 38, 
      "46": 0, 
      "47": 0, 
      "48": 1048, 
      "49": 1048, 
      "5": 61, 
      "50": 210, 
      "51": 178, 
      "52": 6, 
      "53": 2, 
      "54": 0, 
      "55": 0, 
      "56": 0, 
      "57": 90, 
      "58": 3, 
      "59": 0, 
      "6": 136, 
      "60": 0, 
      "61": 3247, 
      "62": 118687, 
      "63": 94291, 
      "7": 136, 
      "8": 43, 
      "9": 0
    }, 
    "shader core counters": {
      "0": [
        1168525104, 
        1168525104, 
        1168525104, 
        1168525104
      ], 
      "1": [
        22, 
        22, 
        22, 
        22
      ], 
      "10": [
        0, 
        0, 
        0, 
        0
      ], 
      "11": [
        0, 
        0, 
        0, 
        0
      ], 
      "12": [
        0, 
        0, 
        0, 
        0
      ], 
      "13": [
        0, 
        0, 
        0, 
        0
      ], 
      "14": [
        0, 
        0, 
        0, 
        0
      ], 
      "15": [
        0, 
        0, 
        0, 
        0
      ], 
      "16": [
        0, 
        0, 
        0, 
        0
      ], 
      "17": [
        0, 
        0, 
        0, 
        0
      ], 
      "18": [
        0, 
        0, 
        0, 
        0
      ], 
      "19": [
        0, 
        0, 
        0, 
        0
      ], 
      "2": [
        65535, 
        65535, 
        65535, 
        65535
      ], 
      "20": [
        0, 
        0, 
        0, 
        0
      ], 
      "21": [
        0, 
        0, 
        0, 
        0
      ], 
      "22": [
        194565, 
        197210, 
        198960, 
        198086
      ], 
      "23": [
        40, 
        34, 
        39, 
        15
      ], 
      "24": [
        5120, 
        4352, 
        4992, 
        1920
      ], 
      "25": [
        5706, 
        8654, 
        7315, 
        9058
      ], 
      "26": [
        194111, 
        196754, 
        198511, 
        197643
      ], 
      "27": [
        91184, 
        76352, 
        91070, 
        33786
      ], 
      "28": [
        5475, 
        4046, 
        5253, 
        1733
      ], 
      "29": [
        86551, 
        94493, 
        89990, 
        74310
      ], 
      "3": [
        0, 
        0, 
        0, 
        0
      ], 
      "30": [
        0, 
        0, 
        0, 
        0
      ], 
      "31": [
        61626, 
        51936, 
        61608, 
        24972
      ], 
      "32": [
        135723, 
        158536, 
        143770, 
        185047
      ], 
      "33": [
        0, 
        0, 
        0, 
        0
      ], 
      "34": [
        74097, 
        106600, 
        82162, 
        160075
      ], 
      "35": [
        0, 
        0, 
        0, 
        0
      ], 
      "36": [
        0, 
        0, 
        0, 
        0
      ], 
      "37": [
        0, 
        0, 
        0, 
        0
      ], 
      "38": [
        0, 
        0, 
        0, 
        0
      ], 
      "39": [
        0, 
        0, 
        0, 
        0
      ], 
      "4": [
        0, 
        0, 
        0, 
        0
      ], 
      "40": [
        0, 
        0, 
        0, 
        0
      ], 
      "41": [
        0, 
        0, 
        0, 
        0
      ], 
      "42": [
        0, 
        0, 
        0, 
        0
      ], 
      "43": [
        0, 
        0, 
        0, 
        0
      ], 
      "44": [
        0, 
        0, 
        0, 
        0
      ], 
      "45": [
        0, 
        0, 
        0, 
        0
      ], 
      "46": [
        0, 
        0, 
        0, 
        0
      ], 
      "47": [
        0, 
        0, 
        0, 
        0
      ], 
      "48": [
        10024, 
        8032, 
        9824, 
        3352
      ], 
      "49": [
        3725, 
        8181, 
        4338, 
        16652
      ], 
      "5": [
        0, 
        0, 
        0, 
        0
      ], 
      "50": [
        7650, 
        6680, 
        7810, 
        3575
      ], 
      "51": [
        380, 
        266, 
        345, 
        91
      ], 
      "52": [
        7650, 
        6680, 
        7810, 
        3575
      ], 
      "53": [
        14331, 
        26979, 
        17394, 
        49475
      ], 
      "54": [
        4200, 
        3589, 
        4118, 
        2068
      ], 
      "55": [
        28, 
        22, 
        17, 
        6
      ], 
      "56": [
        3186, 
        2671, 
        3137, 
        1460
      ], 
      "57": [
        1, 
        1, 
        1, 
        1
      ], 
      "58": [
        4, 
        4, 
        4, 
        4
      ], 
      "59": [
        47, 
        47, 
        47, 
        47
      ], 
      "6": [
        0, 
        0, 
        0, 
        0
      ], 
      "60": [
        29, 
        27, 
        25, 
        24
      ], 
      "61": [
        25325, 
        21392, 
        25444, 
        10502
      ], 
      "62": [
        372, 
        372, 
        372, 
        372
      ], 
      "63": [
        0, 
        0, 
        0, 
        0
      ], 
      "7": [
        0, 
        0, 
        0, 
        0
      ], 
      "8": [
        0, 
        0, 
        0, 
        0
      ], 
      "9": [
        0, 
        0, 
        0, 
        0
      ]
    }
  }, 
  "features": {
    "GWS": [
      16, 
      16, 
      64
    ], 
    "LWS": [
      4, 
      1, 
      64
    ], 
    "OFFSET": [
      0, 
      0, 
      0
    ], 
    "compiler name": "ARM Mali OpenCL", 
    "compiler version": "5.0", 
    "cpu_freq": 800, 
    "gpu_freq": 533, 
    "image cols": 944, 
    "image rows": 708, 
    "pool_dir": "pool.05", 
    "program version": "c597087", 
    "size": 16
  }, 
  "meta": {
    "device name": "Mali-T604", 
    "device type": "GPU", 
    "device vendor": "ARM", 
    "experiment type": "benchmarking", 
    "kernel name": "calc_histogram", 
    "program name": "Realeyes HOG"
  }, 
  "tags": [
    "demo", 
    "arm", 
    "codegen15"
  ], 
  "work": {
    "repl": 3, 
    "timestamp": "2015-02-22T02:26:47.813161"
  }
}