{
  "characteristics": {
    "cpu": 0.001583, 
    "gpu_copy": 0.003182, 
    "gpu_only": 0.000389, 
    "is_gpu_better": false, 
    "l2 cache and mmu counters": {
      "0": 3682499885, 
      "1": 19, 
      "10": 0, 
      "11": 0, 
      "12": 0, 
      "13": 0, 
      "14": 0, 
      "15": 0, 
      "16": 8, 
      "17": 3, 
      "18": 212, 
      "19": 4, 
      "2": 65535, 
      "20": 0, 
      "21": 0, 
      "22": 0, 
      "23": 0, 
      "24": 0, 
      "25": 0, 
      "26": 0, 
      "27": 0, 
      "28": 0, 
      "29": 0, 
      "3": 0, 
      "30": 822, 
      "31": 4220, 
      "32": 151113, 
      "33": 121151, 
      "34": 119258, 
      "35": 10013, 
      "36": 10688, 
      "37": 116514, 
      "38": 0, 
      "39": 15058, 
      "4": 155, 
      "40": 14635, 
      "41": 97, 
      "42": 0, 
      "43": 15002, 
      "44": 0, 
      "45": 29, 
      "46": 0, 
      "47": 19, 
      "48": 1055, 
      "49": 1055, 
      "5": 61, 
      "50": 209, 
      "51": 182, 
      "52": 4, 
      "53": 2, 
      "54": 0, 
      "55": 0, 
      "56": 0, 
      "57": 0, 
      "58": 77, 
      "59": 0, 
      "6": 73, 
      "60": 0, 
      "61": 3539, 
      "62": 121924, 
      "63": 97370, 
      "7": 99, 
      "8": 40, 
      "9": 0
    }, 
    "shader core counters": {
      "0": [
        3682499885, 
        3682499885, 
        3682499885, 
        3682499885
      ], 
      "1": [
        19, 
        19, 
        19, 
        19
      ], 
      "10": [
        0, 
        0, 
        0, 
        0
      ], 
      "11": [
        0, 
        0, 
        0, 
        0
      ], 
      "12": [
        0, 
        0, 
        0, 
        0
      ], 
      "13": [
        0, 
        0, 
        0, 
        0
      ], 
      "14": [
        0, 
        0, 
        0, 
        0
      ], 
      "15": [
        0, 
        0, 
        0, 
        0
      ], 
      "16": [
        0, 
        0, 
        0, 
        0
      ], 
      "17": [
        0, 
        0, 
        0, 
        0
      ], 
      "18": [
        0, 
        0, 
        0, 
        0
      ], 
      "19": [
        0, 
        0, 
        0, 
        0
      ], 
      "2": [
        65535, 
        65535, 
        65535, 
        65535
      ], 
      "20": [
        0, 
        0, 
        0, 
        0
      ], 
      "21": [
        0, 
        0, 
        0, 
        0
      ], 
      "22": [
        203804, 
        207333, 
        201055, 
        203535
      ], 
      "23": [
        39, 
        34, 
        42, 
        13
      ], 
      "24": [
        4992, 
        4352, 
        5376, 
        1664
      ], 
      "25": [
        9537, 
        12069, 
        6713, 
        35008
      ], 
      "26": [
        203356, 
        206876, 
        200608, 
        203085
      ], 
      "27": [
        93820, 
        75606, 
        91096, 
        28722
      ], 
      "28": [
        5281, 
        3627, 
        5165, 
        1704
      ], 
      "29": [
        92129, 
        108078, 
        92287, 
        67091
      ], 
      "3": [
        0, 
        0, 
        0, 
        0
      ], 
      "30": [
        0, 
        0, 
        0, 
        0
      ], 
      "31": [
        63020, 
        51490, 
        61250, 
        21736
      ], 
      "32": [
        141811, 
        173248, 
        150361, 
        189517
      ], 
      "33": [
        0, 
        0, 
        0, 
        0
      ], 
      "34": [
        78791, 
        121758, 
        89111, 
        167781
      ], 
      "35": [
        0, 
        0, 
        0, 
        0
      ], 
      "36": [
        0, 
        0, 
        0, 
        0
      ], 
      "37": [
        0, 
        0, 
        0, 
        0
      ], 
      "38": [
        0, 
        0, 
        0, 
        0
      ], 
      "39": [
        0, 
        0, 
        0, 
        0
      ], 
      "4": [
        0, 
        0, 
        0, 
        0
      ], 
      "40": [
        0, 
        0, 
        0, 
        0
      ], 
      "41": [
        0, 
        0, 
        0, 
        0
      ], 
      "42": [
        0, 
        0, 
        0, 
        0
      ], 
      "43": [
        0, 
        0, 
        0, 
        0
      ], 
      "44": [
        0, 
        0, 
        0, 
        0
      ], 
      "45": [
        0, 
        0, 
        0, 
        0
      ], 
      "46": [
        0, 
        0, 
        0, 
        0
      ], 
      "47": [
        0, 
        0, 
        0, 
        0
      ], 
      "48": [
        10272, 
        8128, 
        9912, 
        2920
      ], 
      "49": [
        4615, 
        10750, 
        5847, 
        15506
      ], 
      "5": [
        0, 
        0, 
        0, 
        0
      ], 
      "50": [
        7841, 
        6524, 
        7556, 
        3132
      ], 
      "51": [
        401, 
        238, 
        378, 
        62
      ], 
      "52": [
        7841, 
        6524, 
        7556, 
        3132
      ], 
      "53": [
        14630, 
        31134, 
        18622, 
        51516
      ], 
      "54": [
        4635, 
        3690, 
        4503, 
        1887
      ], 
      "55": [
        34, 
        24, 
        35, 
        5
      ], 
      "56": [
        3405, 
        2622, 
        3281, 
        1382
      ], 
      "57": [
        1, 
        1, 
        1, 
        1
      ], 
      "58": [
        4, 
        4, 
        4, 
        4
      ], 
      "59": [
        47, 
        47, 
        48, 
        47
      ], 
      "6": [
        0, 
        0, 
        0, 
        0
      ], 
      "60": [
        17, 
        18, 
        18, 
        17
      ], 
      "61": [
        25954, 
        21177, 
        25025, 
        9184
      ], 
      "62": [
        372, 
        372, 
        372, 
        372
      ], 
      "63": [
        0, 
        0, 
        8, 
        0
      ], 
      "7": [
        0, 
        0, 
        0, 
        0
      ], 
      "8": [
        0, 
        0, 
        0, 
        0
      ], 
      "9": [
        0, 
        0, 
        0, 
        0
      ]
    }
  }, 
  "features": {
    "GWS": [
      16, 
      16, 
      64
    ], 
    "LWS": [
      4, 
      1, 
      64
    ], 
    "OFFSET": [
      0, 
      0, 
      0
    ], 
    "compiler name": "ARM Mali OpenCL", 
    "compiler version": "5.0", 
    "cpu_freq": 1600, 
    "gpu_freq": 533, 
    "image cols": 807, 
    "image rows": 1142, 
    "pool_dir": "pool.08", 
    "program version": "c597087", 
    "size": 16
  }, 
  "meta": {
    "device name": "Mali-T604", 
    "device type": "GPU", 
    "device vendor": "ARM", 
    "experiment type": "benchmarking", 
    "kernel name": "calc_histogram", 
    "program name": "Realeyes HOG"
  }, 
  "tags": [
    "demo", 
    "arm", 
    "codegen15"
  ], 
  "work": {
    "repl": 0, 
    "timestamp": "2015-02-22T02:19:35.616870"
  }
}