{
  "characteristics": {
    "cpu": 0.004507, 
    "gpu_copy": 0.015807, 
    "gpu_only": 0.000904, 
    "is_gpu_better": false, 
    "l2 cache and mmu counters": {
      "0": 1599605236, 
      "1": 11, 
      "10": 0, 
      "11": 0, 
      "12": 0, 
      "13": 0, 
      "14": 0, 
      "15": 0, 
      "16": 9, 
      "17": 3, 
      "18": 65, 
      "19": 4, 
      "2": 65535, 
      "20": 0, 
      "21": 0, 
      "22": 0, 
      "23": 0, 
      "24": 0, 
      "25": 0, 
      "26": 0, 
      "27": 0, 
      "28": 0, 
      "29": 0, 
      "3": 0, 
      "30": 882, 
      "31": 5996, 
      "32": 175641, 
      "33": 139839, 
      "34": 137919, 
      "35": 11974, 
      "36": 12596, 
      "37": 134678, 
      "38": 0, 
      "39": 18860, 
      "4": 3206, 
      "40": 18369, 
      "41": 146, 
      "42": 0, 
      "43": 18780, 
      "44": 0, 
      "45": 61, 
      "46": 0, 
      "47": 0, 
      "48": 1499, 
      "49": 1499, 
      "5": 542, 
      "50": 224, 
      "51": 195, 
      "52": 4, 
      "53": 2, 
      "54": 0, 
      "55": 0, 
      "56": 0, 
      "57": 0, 
      "58": 0, 
      "59": 0, 
      "6": 70, 
      "60": 0, 
      "61": 3503, 
      "62": 144112, 
      "63": 107474, 
      "7": 384, 
      "8": 493, 
      "9": 0
    }, 
    "shader core counters": {
      "0": [
        1599605236, 
        1599605236, 
        1599605236, 
        1599605236
      ], 
      "1": [
        11, 
        11, 
        11, 
        11
      ], 
      "10": [
        0, 
        0, 
        0, 
        0
      ], 
      "11": [
        0, 
        0, 
        0, 
        0
      ], 
      "12": [
        0, 
        0, 
        0, 
        0
      ], 
      "13": [
        0, 
        0, 
        0, 
        0
      ], 
      "14": [
        0, 
        0, 
        0, 
        0
      ], 
      "15": [
        0, 
        0, 
        0, 
        0
      ], 
      "16": [
        0, 
        0, 
        0, 
        0
      ], 
      "17": [
        0, 
        0, 
        0, 
        0
      ], 
      "18": [
        0, 
        0, 
        0, 
        0
      ], 
      "19": [
        0, 
        0, 
        0, 
        0
      ], 
      "2": [
        65535, 
        65535, 
        65535, 
        65535
      ], 
      "20": [
        0, 
        0, 
        0, 
        0
      ], 
      "21": [
        0, 
        0, 
        0, 
        0
      ], 
      "22": [
        234045, 
        237143, 
        240154, 
        233603
      ], 
      "23": [
        38, 
        34, 
        34, 
        22
      ], 
      "24": [
        4864, 
        4352, 
        4352, 
        2816
      ], 
      "25": [
        9157, 
        4444, 
        5185, 
        10266
      ], 
      "26": [
        233691, 
        236787, 
        239803, 
        233254
      ], 
      "27": [
        110360, 
        96436, 
        111886, 
        59658
      ], 
      "28": [
        6790, 
        5217, 
        6784, 
        2877
      ], 
      "29": [
        102254, 
        118202, 
        107774, 
        111696
      ], 
      "3": [
        0, 
        0, 
        0, 
        0
      ], 
      "30": [
        0, 
        0, 
        0, 
        0
      ], 
      "31": [
        74098, 
        66718, 
        74840, 
        43258
      ], 
      "32": [
        165519, 
        188156, 
        177424, 
        212940
      ], 
      "33": [
        0, 
        0, 
        0, 
        0
      ], 
      "34": [
        91421, 
        121438, 
        102584, 
        169682
      ], 
      "35": [
        0, 
        0, 
        0, 
        0
      ], 
      "36": [
        0, 
        0, 
        0, 
        0
      ], 
      "37": [
        0, 
        0, 
        0, 
        0
      ], 
      "38": [
        0, 
        0, 
        0, 
        0
      ], 
      "39": [
        0, 
        0, 
        0, 
        0
      ], 
      "4": [
        0, 
        0, 
        0, 
        0
      ], 
      "40": [
        0, 
        0, 
        0, 
        0
      ], 
      "41": [
        0, 
        0, 
        0, 
        0
      ], 
      "42": [
        0, 
        0, 
        0, 
        0
      ], 
      "43": [
        0, 
        0, 
        0, 
        0
      ], 
      "44": [
        0, 
        0, 
        0, 
        0
      ], 
      "45": [
        0, 
        0, 
        0, 
        0
      ], 
      "46": [
        0, 
        0, 
        0, 
        0
      ], 
      "47": [
        0, 
        0, 
        0, 
        0
      ], 
      "48": [
        11232, 
        9864, 
        11376, 
        5928
      ], 
      "49": [
        4896, 
        9118, 
        5919, 
        20930
      ], 
      "5": [
        0, 
        0, 
        0, 
        0
      ], 
      "50": [
        9820, 
        9015, 
        10038, 
        6158
      ], 
      "51": [
        475, 
        401, 
        457, 
        195
      ], 
      "52": [
        9820, 
        9015, 
        10038, 
        6158
      ], 
      "53": [
        14942, 
        27102, 
        18725, 
        45010
      ], 
      "54": [
        5137, 
        4918, 
        5116, 
        3251
      ], 
      "55": [
        35, 
        22, 
        33, 
        18
      ], 
      "56": [
        3486, 
        3331, 
        3564, 
        2233
      ], 
      "57": [
        1, 
        1, 
        1, 
        1
      ], 
      "58": [
        3, 
        3, 
        3, 
        3
      ], 
      "59": [
        47, 
        47, 
        47, 
        47
      ], 
      "6": [
        0, 
        0, 
        0, 
        0
      ], 
      "60": [
        451, 
        410, 
        433, 
        234
      ], 
      "61": [
        30873, 
        27895, 
        31452, 
        18245
      ], 
      "62": [
        372, 
        372, 
        372, 
        372
      ], 
      "63": [
        0, 
        0, 
        0, 
        0
      ], 
      "7": [
        0, 
        0, 
        0, 
        0
      ], 
      "8": [
        0, 
        0, 
        0, 
        0
      ], 
      "9": [
        0, 
        0, 
        0, 
        0
      ]
    }
  }, 
  "features": {
    "GWS": [
      16, 
      16, 
      64
    ], 
    "LWS": [
      4, 
      1, 
      64
    ], 
    "OFFSET": [
      0, 
      0, 
      0
    ], 
    "compiler name": "ARM Mali OpenCL", 
    "compiler version": "5.0", 
    "cpu_freq": 800, 
    "gpu_freq": 266, 
    "image cols": 2593, 
    "image rows": 2593, 
    "pool_dir": "pool.02", 
    "program version": "c597087", 
    "size": 16
  }, 
  "meta": {
    "device name": "Mali-T604", 
    "device type": "GPU", 
    "device vendor": "ARM", 
    "experiment type": "benchmarking", 
    "kernel name": "calc_histogram", 
    "program name": "Realeyes HOG"
  }, 
  "tags": [
    "demo", 
    "arm", 
    "codegen15"
  ], 
  "work": {
    "repl": 4, 
    "timestamp": "2015-02-22T01:54:17.318638"
  }
}