{
  "characteristics": {
    "cpu": 0.021076, 
    "gpu_copy": 0.014463, 
    "gpu_only": 0.005693, 
    "is_gpu_better": true, 
    "l2 cache and mmu counters": {
      "0": 2297253442, 
      "1": 17, 
      "10": 0, 
      "11": 0, 
      "12": 0, 
      "13": 0, 
      "14": 0, 
      "15": 0, 
      "16": 9, 
      "17": 3, 
      "18": 112, 
      "19": 7, 
      "2": 65535, 
      "20": 0, 
      "21": 0, 
      "22": 0, 
      "23": 0, 
      "24": 0, 
      "25": 0, 
      "26": 0, 
      "27": 0, 
      "28": 0, 
      "29": 0, 
      "3": 0, 
      "30": 2596, 
      "31": 21224, 
      "32": 2248131, 
      "33": 1855440, 
      "34": 1850862, 
      "35": 153378, 
      "36": 167432, 
      "37": 1795701, 
      "38": 0, 
      "39": 219992, 
      "4": 28239, 
      "40": 213174, 
      "41": 642, 
      "42": 0, 
      "43": 219441, 
      "44": 0, 
      "45": 57, 
      "46": 0, 
      "47": 0, 
      "48": 5306, 
      "49": 5306, 
      "5": 1341, 
      "50": 654, 
      "51": 596, 
      "52": 6, 
      "53": 2, 
      "54": 0, 
      "55": 0, 
      "56": 0, 
      "57": 0, 
      "58": 2, 
      "59": 0, 
      "6": 104, 
      "60": 0, 
      "61": 52989, 
      "62": 1920165, 
      "63": 1551589, 
      "7": 400, 
      "8": 1267, 
      "9": 0
    }, 
    "shader core counters": {
      "0": [
        2297253442, 
        2297253442, 
        2297253442, 
        2297253442
      ], 
      "1": [
        17, 
        17, 
        17, 
        17
      ], 
      "10": [
        0, 
        0, 
        0, 
        0
      ], 
      "11": [
        0, 
        0, 
        0, 
        0
      ], 
      "12": [
        0, 
        0, 
        0, 
        0
      ], 
      "13": [
        0, 
        0, 
        0, 
        0
      ], 
      "14": [
        0, 
        0, 
        0, 
        0
      ], 
      "15": [
        0, 
        0, 
        0, 
        0
      ], 
      "16": [
        0, 
        0, 
        0, 
        0
      ], 
      "17": [
        0, 
        0, 
        0, 
        0
      ], 
      "18": [
        0, 
        0, 
        0, 
        0
      ], 
      "19": [
        0, 
        0, 
        0, 
        0
      ], 
      "2": [
        65535, 
        65535, 
        65535, 
        65535
      ], 
      "20": [
        0, 
        0, 
        0, 
        0
      ], 
      "21": [
        0, 
        0, 
        0, 
        0
      ], 
      "22": [
        3030377, 
        3031308, 
        3034640, 
        3034454
      ], 
      "23": [
        656, 
        529, 
        643, 
        220
      ], 
      "24": [
        83968, 
        67712, 
        82304, 
        28160
      ], 
      "25": [
        9533, 
        14184, 
        8592, 
        306509
      ], 
      "26": [
        3029896, 
        3030830, 
        3034162, 
        3033983
      ], 
      "27": [
        1474436, 
        1188644, 
        1441798, 
        512722
      ], 
      "28": [
        87790, 
        59399, 
        82941, 
        25593
      ], 
      "29": [
        1432170, 
        1604066, 
        1468954, 
        1285160
      ], 
      "3": [
        0, 
        0, 
        0, 
        0
      ], 
      "30": [
        0, 
        0, 
        0, 
        0
      ], 
      "31": [
        1010274, 
        829652, 
        987832, 
        382562
      ], 
      "32": [
        2197580, 
        2567804, 
        2279271, 
        2926374
      ], 
      "33": [
        0, 
        0, 
        0, 
        0
      ], 
      "34": [
        1187306, 
        1738152, 
        1291439, 
        2543812
      ], 
      "35": [
        0, 
        0, 
        0, 
        0
      ], 
      "36": [
        0, 
        0, 
        0, 
        0
      ], 
      "37": [
        0, 
        0, 
        0, 
        0
      ], 
      "38": [
        0, 
        0, 
        0, 
        0
      ], 
      "39": [
        0, 
        0, 
        0, 
        0
      ], 
      "4": [
        0, 
        0, 
        0, 
        0
      ], 
      "40": [
        0, 
        0, 
        0, 
        0
      ], 
      "41": [
        0, 
        0, 
        0, 
        0
      ], 
      "42": [
        0, 
        0, 
        0, 
        0
      ], 
      "43": [
        0, 
        0, 
        0, 
        0
      ], 
      "44": [
        0, 
        0, 
        0, 
        0
      ], 
      "45": [
        0, 
        0, 
        0, 
        0
      ], 
      "46": [
        0, 
        0, 
        0, 
        0
      ], 
      "47": [
        0, 
        0, 
        0, 
        0
      ], 
      "48": [
        159896, 
        126792, 
        155648, 
        53024
      ], 
      "49": [
        48061, 
        116140, 
        65938, 
        213993
      ], 
      "5": [
        0, 
        0, 
        0, 
        0
      ], 
      "50": [
        128264, 
        108427, 
        125742, 
        54290
      ], 
      "51": [
        6130, 
        4481, 
        5858, 
        1280
      ], 
      "52": [
        128264, 
        108427, 
        125742, 
        54290
      ], 
      "53": [
        231887, 
        460827, 
        268434, 
        856614
      ], 
      "54": [
        64796, 
        56232, 
        62943, 
        30131
      ], 
      "55": [
        507, 
        491, 
        580, 
        156
      ], 
      "56": [
        50751, 
        44120, 
        48976, 
        23819
      ], 
      "57": [
        1, 
        1, 
        1, 
        1
      ], 
      "58": [
        3, 
        3, 
        3, 
        3
      ], 
      "59": [
        47, 
        47, 
        47, 
        47
      ], 
      "6": [
        0, 
        0, 
        0, 
        0
      ], 
      "60": [
        4279, 
        3555, 
        4198, 
        1627
      ], 
      "61": [
        416425, 
        343646, 
        407132, 
        161605
      ], 
      "62": [
        372, 
        372, 
        372, 
        372
      ], 
      "63": [
        0, 
        0, 
        0, 
        0
      ], 
      "7": [
        0, 
        0, 
        0, 
        0
      ], 
      "8": [
        0, 
        0, 
        0, 
        0
      ], 
      "9": [
        0, 
        0, 
        0, 
        0
      ]
    }
  }, 
  "features": {
    "GWS": [
      64, 
      64, 
      64
    ], 
    "LWS": [
      4, 
      1, 
      64
    ], 
    "OFFSET": [
      0, 
      0, 
      0
    ], 
    "compiler name": "ARM Mali OpenCL", 
    "compiler version": "5.0", 
    "cpu_freq": 1600, 
    "gpu_freq": 533, 
    "image cols": 3074, 
    "image rows": 2185, 
    "pool_dir": "pool.14", 
    "program version": "c597087", 
    "size": 64
  }, 
  "meta": {
    "device name": "Mali-T604", 
    "device type": "GPU", 
    "device vendor": "ARM", 
    "experiment type": "benchmarking", 
    "kernel name": "calc_histogram", 
    "program name": "Realeyes HOG"
  }, 
  "tags": [
    "demo", 
    "arm", 
    "codegen15"
  ], 
  "work": {
    "repl": 4, 
    "timestamp": "2015-02-22T02:12:39.951934"
  }
}