{
  "characteristics": {
    "cpu": 0.161516, 
    "gpu_copy": 0.034141, 
    "gpu_only": 0.02146, 
    "is_gpu_better": true, 
    "l2 cache and mmu counters": {
      "0": 2114121721, 
      "1": 12, 
      "10": 0, 
      "11": 0, 
      "12": 0, 
      "13": 0, 
      "14": 0, 
      "15": 0, 
      "16": 243, 
      "17": 19, 
      "18": 218, 
      "19": 7, 
      "2": 65535, 
      "20": 0, 
      "21": 0, 
      "22": 0, 
      "23": 0, 
      "24": 0, 
      "25": 0, 
      "26": 0, 
      "27": 0, 
      "28": 0, 
      "29": 0, 
      "3": 0, 
      "30": 274678, 
      "31": 393396, 
      "32": 8927949, 
      "33": 7289314, 
      "34": 7020753, 
      "35": 612522, 
      "36": 638386, 
      "37": 6964948, 
      "38": 108, 
      "39": 978524, 
      "4": 112382, 
      "40": 837217, 
      "41": 50212, 
      "42": 0, 
      "43": 860979, 
      "44": 2651, 
      "45": 15692, 
      "46": 32963, 
      "47": 13435, 
      "48": 98378, 
      "49": 98161, 
      "5": 7330, 
      "50": 69877, 
      "51": 2516, 
      "52": 1605, 
      "53": 8, 
      "54": 32728, 
      "55": 11, 
      "56": 0, 
      "57": 370, 
      "58": 90071, 
      "59": 0, 
      "6": 77, 
      "60": 18037, 
      "61": 204916, 
      "62": 7319674, 
      "63": 5856306, 
      "7": 1347, 
      "8": 6450, 
      "9": 0
    }, 
    "shader core counters": {
      "0": [
        2114121721, 
        2114121721, 
        2114121721, 
        2114121721
      ], 
      "1": [
        12, 
        12, 
        12, 
        12
      ], 
      "10": [
        17342, 
        17842, 
        17650, 
        17275
      ], 
      "11": [
        19498, 
        17875, 
        18620, 
        18449
      ], 
      "12": [
        326924, 
        323584, 
        322252, 
        320124
      ], 
      "13": [
        9081, 
        9086, 
        8717, 
        9333
      ], 
      "14": [
        81731, 
        80896, 
        80563, 
        80031
      ], 
      "15": [
        81731, 
        80896, 
        80563, 
        80031
      ], 
      "16": [
        0, 
        0, 
        0, 
        0
      ], 
      "17": [
        0, 
        0, 
        0, 
        0
      ], 
      "18": [
        0, 
        0, 
        0, 
        0
      ], 
      "19": [
        5535, 
        7661, 
        5470, 
        12428
      ], 
      "2": [
        65535, 
        65535, 
        65535, 
        65535
      ], 
      "20": [
        1032, 
        1039, 
        1032, 
        1025
      ], 
      "21": [
        0, 
        0, 
        0, 
        0
      ], 
      "22": [
        11450583, 
        11449821, 
        11453133, 
        11456002
      ], 
      "23": [
        2566, 
        2201, 
        2505, 
        977
      ], 
      "24": [
        326588, 
        279992, 
        318904, 
        123320
      ], 
      "25": [
        28612, 
        44083, 
        30749, 
        288966
      ], 
      "26": [
        12197211, 
        12195169, 
        12200499, 
        12202310
      ], 
      "27": [
        5918533, 
        5108923, 
        5790136, 
        2422291
      ], 
      "28": [
        349241, 
        265063, 
        333692, 
        102103
      ], 
      "29": [
        5272587, 
        5876856, 
        5403004, 
        5488839
      ], 
      "3": [
        0, 
        0, 
        0, 
        0
      ], 
      "30": [
        34463, 
        33362, 
        31578, 
        39017
      ], 
      "31": [
        4105698, 
        3592322, 
        4022192, 
        1890216
      ], 
      "32": [
        8573933, 
        9745872, 
        8831098, 
        11487283
      ], 
      "33": [
        0, 
        0, 
        0, 
        0
      ], 
      "34": [
        4400989, 
        6085014, 
        4738650, 
        9529990
      ], 
      "35": [
        69233, 
        70480, 
        72242, 
        68881
      ], 
      "36": [
        1937, 
        1840, 
        1899, 
        1623
      ], 
      "37": [
        0, 
        0, 
        0, 
        0
      ], 
      "38": [
        309664, 
        306848, 
        306896, 
        302276
      ], 
      "39": [
        9394, 
        8649, 
        8185, 
        9037
      ], 
      "4": [
        752309, 
        751887, 
        752418, 
        752072
      ], 
      "40": [
        30, 
        30, 
        28, 
        30
      ], 
      "41": [
        33198, 
        30294, 
        33160, 
        30595
      ], 
      "42": [
        654362, 
        658711, 
        655817, 
        655884
      ], 
      "43": [
        374906, 
        379219, 
        377421, 
        382793
      ], 
      "44": [
        1186, 
        1680, 
        1475, 
        1479
      ], 
      "45": [
        0, 
        0, 
        0, 
        0
      ], 
      "46": [
        0, 
        0, 
        0, 
        0
      ], 
      "47": [
        0, 
        0, 
        0, 
        0
      ], 
      "48": [
        628890, 
        537658, 
        615751, 
        238622
      ], 
      "49": [
        188422, 
        451822, 
        245119, 
        867756
      ], 
      "5": [
        3456, 
        3468, 
        3480, 
        3388
      ], 
      "50": [
        461367, 
        404385, 
        451670, 
        213061
      ], 
      "51": [
        22147, 
        17121, 
        21078, 
        5593
      ], 
      "52": [
        461309, 
        404331, 
        451618, 
        213009
      ], 
      "53": [
        857651, 
        1503558, 
        977310, 
        3139564
      ], 
      "54": [
        248836, 
        220451, 
        242411, 
        130031
      ], 
      "55": [
        2551, 
        2091, 
        2313, 
        484
      ], 
      "56": [
        188940, 
        166961, 
        184185, 
        99948
      ], 
      "57": [
        12, 
        9, 
        15, 
        15
      ], 
      "58": [
        4935, 
        4931, 
        5073, 
        4897
      ], 
      "59": [
        49602, 
        49466, 
        49401, 
        48673
      ], 
      "6": [
        580, 
        592, 
        592, 
        572
      ], 
      "60": [
        13671, 
        11949, 
        13195, 
        5767
      ], 
      "61": [
        1551560, 
        1346368, 
        1519033, 
        664686
      ], 
      "62": [
        211674, 
        209239, 
        210119, 
        205406
      ], 
      "63": [
        131136, 
        131872, 
        131456, 
        130080
      ], 
      "7": [
        57320, 
        59412, 
        59957, 
        56238
      ], 
      "8": [
        1544, 
        1478, 
        1871, 
        1722
      ], 
      "9": [
        15221, 
        15252, 
        14723, 
        15026
      ]
    }
  }, 
  "features": {
    "GWS": [
      12, 
      12, 
      64
    ], 
    "LWS": [
      4, 
      1, 
      64
    ], 
    "OFFSET": [
      0, 
      0, 
      0
    ], 
    "compiler name": "ARM Mali OpenCL", 
    "compiler version": "5.0", 
    "cpu_freq": 800, 
    "gpu_freq": 533, 
    "image cols": 2582, 
    "image rows": 1940, 
    "pool_dir": "pool.06", 
    "program version": "c597087", 
    "size": 128
  }, 
  "meta": {
    "device name": "Mali-T604", 
    "device type": "GPU", 
    "device vendor": "ARM", 
    "experiment type": "benchmarking", 
    "kernel name": "calc_histogram", 
    "program name": "Realeyes HOG"
  }, 
  "tags": [
    "demo", 
    "arm", 
    "codegen15"
  ], 
  "work": {
    "repl": 0, 
    "timestamp": "2015-02-22T01:57:37.691814"
  }
}