{
  "characteristics": {
    "cpu": 0.207018, 
    "gpu_copy": 0.05816, 
    "gpu_only": 0.045998, 
    "is_gpu_better": true, 
    "l2 cache and mmu counters": {
      "0": 2317074535, 
      "1": 15, 
      "10": 0, 
      "11": 0, 
      "12": 0, 
      "13": 0, 
      "14": 0, 
      "15": 0, 
      "16": 8, 
      "17": 3, 
      "18": 158, 
      "19": 4, 
      "2": 65535, 
      "20": 0, 
      "21": 0, 
      "22": 0, 
      "23": 0, 
      "24": 0, 
      "25": 0, 
      "26": 0, 
      "27": 0, 
      "28": 0, 
      "29": 0, 
      "3": 0, 
      "30": 8117, 
      "31": 66948, 
      "32": 9100199, 
      "33": 7489112, 
      "34": 7475199, 
      "35": 624106, 
      "36": 678277, 
      "37": 7259040, 
      "38": 0, 
      "39": 923333, 
      "4": 119361, 
      "40": 896679, 
      "41": 2369, 
      "42": 0, 
      "43": 921070, 
      "44": 0, 
      "45": 140, 
      "46": 0, 
      "47": 0, 
      "48": 16737, 
      "49": 16737, 
      "5": 8027, 
      "50": 2036, 
      "51": 1825, 
      "52": 7, 
      "53": 2, 
      "54": 0, 
      "55": 0, 
      "56": 0, 
      "57": 67, 
      "58": 0, 
      "59": 0, 
      "6": 83, 
      "60": 0, 
      "61": 208578, 
      "62": 7794415, 
      "63": 6177362, 
      "7": 863, 
      "8": 7621, 
      "9": 0
    }, 
    "shader core counters": {
      "0": [
        2317074535, 
        2317074535, 
        2317074535, 
        2317074535
      ], 
      "1": [
        15, 
        15, 
        15, 
        15
      ], 
      "10": [
        0, 
        0, 
        0, 
        0
      ], 
      "11": [
        0, 
        0, 
        0, 
        0
      ], 
      "12": [
        0, 
        0, 
        0, 
        0
      ], 
      "13": [
        0, 
        0, 
        0, 
        0
      ], 
      "14": [
        0, 
        0, 
        0, 
        0
      ], 
      "15": [
        0, 
        0, 
        0, 
        0
      ], 
      "16": [
        0, 
        0, 
        0, 
        0
      ], 
      "17": [
        0, 
        0, 
        0, 
        0
      ], 
      "18": [
        0, 
        0, 
        0, 
        0
      ], 
      "19": [
        0, 
        0, 
        0, 
        0
      ], 
      "2": [
        65535, 
        65535, 
        65535, 
        65535
      ], 
      "20": [
        0, 
        0, 
        0, 
        0
      ], 
      "21": [
        0, 
        0, 
        0, 
        0
      ], 
      "22": [
        12230449, 
        12229917, 
        12232010, 
        12235539
      ], 
      "23": [
        2571, 
        2144, 
        2508, 
        969
      ], 
      "24": [
        329088, 
        274432, 
        321024, 
        124032
      ], 
      "25": [
        13743, 
        43480, 
        21865, 
        771322
      ], 
      "26": [
        12230087, 
        12229554, 
        12231648, 
        12235178
      ], 
      "27": [
        6100158, 
        5146376, 
        5951070, 
        2386716
      ], 
      "28": [
        373171, 
        276016, 
        353296, 
        110447
      ], 
      "29": [
        5657343, 
        6315581, 
        5816693, 
        5738987
      ], 
      "3": [
        0, 
        0, 
        0, 
        0
      ], 
      "30": [
        0, 
        0, 
        0, 
        0
      ], 
      "31": [
        4066516, 
        3465458, 
        3971920, 
        1702146
      ], 
      "32": [
        8769993, 
        10100462, 
        9078277, 
        11809262
      ], 
      "33": [
        0, 
        0, 
        0, 
        0
      ], 
      "34": [
        4703477, 
        6635004, 
        5106357, 
        10107116
      ], 
      "35": [
        0, 
        0, 
        0, 
        0
      ], 
      "36": [
        0, 
        0, 
        0, 
        0
      ], 
      "37": [
        0, 
        0, 
        0, 
        0
      ], 
      "38": [
        0, 
        0, 
        0, 
        0
      ], 
      "39": [
        0, 
        0, 
        0, 
        0
      ], 
      "4": [
        0, 
        0, 
        0, 
        0
      ], 
      "40": [
        0, 
        0, 
        0, 
        0
      ], 
      "41": [
        0, 
        0, 
        0, 
        0
      ], 
      "42": [
        0, 
        0, 
        0, 
        0
      ], 
      "43": [
        0, 
        0, 
        0, 
        0
      ], 
      "44": [
        0, 
        0, 
        0, 
        0
      ], 
      "45": [
        0, 
        0, 
        0, 
        0
      ], 
      "46": [
        0, 
        0, 
        0, 
        0
      ], 
      "47": [
        0, 
        0, 
        0, 
        0
      ], 
      "48": [
        656664, 
        550584, 
        639800, 
        246776
      ], 
      "49": [
        195087, 
        483787, 
        257536, 
        951614
      ], 
      "5": [
        0, 
        0, 
        0, 
        0
      ], 
      "50": [
        506043, 
        438796, 
        495434, 
        233524
      ], 
      "51": [
        24075, 
        18740, 
        23126, 
        6110
      ], 
      "52": [
        506043, 
        438796, 
        495434, 
        233524
      ], 
      "53": [
        899016, 
        1652541, 
        1043182, 
        3272427
      ], 
      "54": [
        263837, 
        237637, 
        260356, 
        137297
      ], 
      "55": [
        1754, 
        1625, 
        1693, 
        728
      ], 
      "56": [
        199248, 
        179333, 
        196911, 
        103617
      ], 
      "57": [
        1, 
        1, 
        1, 
        1
      ], 
      "58": [
        4, 
        4, 
        4, 
        4
      ], 
      "59": [
        47, 
        48, 
        49, 
        49
      ], 
      "6": [
        0, 
        0, 
        0, 
        0
      ], 
      "60": [
        17662, 
        15369, 
        17385, 
        7216
      ], 
      "61": [
        1668750, 
        1428177, 
        1630668, 
        713825
      ], 
      "62": [
        372, 
        372, 
        372, 
        372
      ], 
      "63": [
        0, 
        16, 
        0, 
        24
      ], 
      "7": [
        0, 
        0, 
        0, 
        0
      ], 
      "8": [
        0, 
        0, 
        0, 
        0
      ], 
      "9": [
        0, 
        0, 
        0, 
        0
      ]
    }
  }, 
  "features": {
    "GWS": [
      12, 
      12, 
      64
    ], 
    "LWS": [
      4, 
      1, 
      64
    ], 
    "OFFSET": [
      0, 
      0, 
      0
    ], 
    "compiler name": "ARM Mali OpenCL", 
    "compiler version": "5.0", 
    "cpu_freq": 800, 
    "gpu_freq": 266, 
    "image cols": 2500, 
    "image rows": 1985, 
    "pool_dir": "pool.16", 
    "program version": "c597087", 
    "size": 128
  }, 
  "meta": {
    "device name": "Mali-T604", 
    "device type": "GPU", 
    "device vendor": "ARM", 
    "experiment type": "benchmarking", 
    "kernel name": "calc_histogram", 
    "program name": "Realeyes HOG"
  }, 
  "tags": [
    "demo", 
    "arm", 
    "codegen15"
  ], 
  "work": {
    "repl": 2, 
    "timestamp": "2015-02-22T02:06:42.999203"
  }
}