{
  "characteristics": {
    "cpu": 0.155393, 
    "gpu_copy": 0.046036, 
    "gpu_only": 0.042303, 
    "is_gpu_better": true, 
    "l2 cache and mmu counters": {
      "0": 3467086663, 
      "1": 14, 
      "10": 0, 
      "11": 0, 
      "12": 0, 
      "13": 0, 
      "14": 0, 
      "15": 0, 
      "16": 8, 
      "17": 3, 
      "18": 149, 
      "19": 4, 
      "2": 65535, 
      "20": 0, 
      "21": 0, 
      "22": 0, 
      "23": 0, 
      "24": 0, 
      "25": 0, 
      "26": 0, 
      "27": 0, 
      "28": 0, 
      "29": 0, 
      "3": 0, 
      "30": 6796, 
      "31": 47100, 
      "32": 8349024, 
      "33": 6903183, 
      "34": 6897936, 
      "35": 570975, 
      "36": 625541, 
      "37": 6679059, 
      "38": 0, 
      "39": 812204, 
      "4": 7882, 
      "40": 787545, 
      "41": 1683, 
      "42": 0, 
      "43": 810386, 
      "44": 0, 
      "45": 101, 
      "46": 0, 
      "47": 0, 
      "48": 11775, 
      "49": 11775, 
      "5": 70, 
      "50": 1704, 
      "51": 1533, 
      "52": 6, 
      "53": 2, 
      "54": 0, 
      "55": 0, 
      "56": 0, 
      "57": 23, 
      "58": 0, 
      "59": 0, 
      "6": 1, 
      "60": 0, 
      "61": 208667, 
      "62": 7136568, 
      "63": 5815235, 
      "7": 107, 
      "8": 51, 
      "9": 0
    }, 
    "shader core counters": {
      "0": [
        3467086663, 
        3467086663, 
        3467086663, 
        3467086663
      ], 
      "1": [
        14, 
        14, 
        14, 
        14
      ], 
      "10": [
        0, 
        0, 
        0, 
        0
      ], 
      "11": [
        0, 
        0, 
        0, 
        0
      ], 
      "12": [
        0, 
        0, 
        0, 
        0
      ], 
      "13": [
        0, 
        0, 
        0, 
        0
      ], 
      "14": [
        0, 
        0, 
        0, 
        0
      ], 
      "15": [
        0, 
        0, 
        0, 
        0
      ], 
      "16": [
        0, 
        0, 
        0, 
        0
      ], 
      "17": [
        0, 
        0, 
        0, 
        0
      ], 
      "18": [
        0, 
        0, 
        0, 
        0
      ], 
      "19": [
        0, 
        0, 
        0, 
        0
      ], 
      "2": [
        65535, 
        65535, 
        65535, 
        65535
      ], 
      "20": [
        0, 
        0, 
        0, 
        0
      ], 
      "21": [
        0, 
        0, 
        0, 
        0
      ], 
      "22": [
        11251258, 
        11252171, 
        11250245, 
        11248499
      ], 
      "23": [
        2650, 
        2124, 
        2583, 
        835
      ], 
      "24": [
        339200, 
        271872, 
        330624, 
        106880
      ], 
      "25": [
        35381, 
        198735, 
        57251, 
        1114181
      ], 
      "26": [
        11250918, 
        11251825, 
        11249906, 
        11248158
      ], 
      "27": [
        5649372, 
        4582664, 
        5526010, 
        1859360
      ], 
      "28": [
        348561, 
        239102, 
        332511, 
        93101
      ], 
      "29": [
        5160504, 
        5875847, 
        5285651, 
        4781874
      ], 
      "3": [
        0, 
        0, 
        0, 
        0
      ], 
      "30": [
        0, 
        0, 
        0, 
        0
      ], 
      "31": [
        3817072, 
        3138026, 
        3732602, 
        1374398
      ], 
      "32": [
        7973732, 
        9368948, 
        8233846, 
        10903136
      ], 
      "33": [
        0, 
        0, 
        0, 
        0
      ], 
      "34": [
        4156660, 
        6230922, 
        4501244, 
        9528738
      ], 
      "35": [
        0, 
        0, 
        0, 
        0
      ], 
      "36": [
        0, 
        0, 
        0, 
        0
      ], 
      "37": [
        0, 
        0, 
        0, 
        0
      ], 
      "38": [
        0, 
        0, 
        0, 
        0
      ], 
      "39": [
        0, 
        0, 
        0, 
        0
      ], 
      "4": [
        0, 
        0, 
        0, 
        0
      ], 
      "40": [
        0, 
        0, 
        0, 
        0
      ], 
      "41": [
        0, 
        0, 
        0, 
        0
      ], 
      "42": [
        0, 
        0, 
        0, 
        0
      ], 
      "43": [
        0, 
        0, 
        0, 
        0
      ], 
      "44": [
        0, 
        0, 
        0, 
        0
      ], 
      "45": [
        0, 
        0, 
        0, 
        0
      ], 
      "46": [
        0, 
        0, 
        0, 
        0
      ], 
      "47": [
        0, 
        0, 
        0, 
        0
      ], 
      "48": [
        622488, 
        500040, 
        607864, 
        195752
      ], 
      "49": [
        149455, 
        404350, 
        203567, 
        776780
      ], 
      "5": [
        0, 
        0, 
        0, 
        0
      ], 
      "50": [
        468768, 
        394706, 
        459346, 
        190751
      ], 
      "51": [
        22248, 
        16385, 
        21422, 
        4505
      ], 
      "52": [
        468768, 
        394706, 
        459346, 
        190751
      ], 
      "53": [
        886183, 
        1731816, 
        1010943, 
        3324899
      ], 
      "54": [
        236672, 
        210303, 
        232094, 
        110968
      ], 
      "55": [
        1304, 
        1320, 
        1631, 
        398
      ], 
      "56": [
        188512, 
        166703, 
        183482, 
        87593
      ], 
      "57": [
        1, 
        1, 
        1, 
        1
      ], 
      "58": [
        3, 
        3, 
        3, 
        3
      ], 
      "59": [
        47, 
        47, 
        47, 
        47
      ], 
      "6": [
        0, 
        0, 
        0, 
        0
      ], 
      "60": [
        1113, 
        1053, 
        1060, 
        667
      ], 
      "61": [
        1560024, 
        1289453, 
        1526557, 
        577255
      ], 
      "62": [
        372, 
        372, 
        372, 
        372
      ], 
      "63": [
        0, 
        8, 
        0, 
        0
      ], 
      "7": [
        0, 
        0, 
        0, 
        0
      ], 
      "8": [
        0, 
        0, 
        0, 
        0
      ], 
      "9": [
        0, 
        0, 
        0, 
        0
      ]
    }
  }, 
  "features": {
    "GWS": [
      12, 
      12, 
      64
    ], 
    "LWS": [
      4, 
      1, 
      64
    ], 
    "OFFSET": [
      0, 
      0, 
      0
    ], 
    "compiler name": "ARM Mali OpenCL", 
    "compiler version": "5.0", 
    "cpu_freq": 800, 
    "gpu_freq": 266, 
    "image cols": 1232, 
    "image rows": 820, 
    "pool_dir": "pool.09", 
    "program version": "c597087", 
    "size": 128
  }, 
  "meta": {
    "device name": "Mali-T604", 
    "device type": "GPU", 
    "device vendor": "ARM", 
    "experiment type": "benchmarking", 
    "kernel name": "calc_histogram", 
    "program name": "Realeyes HOG"
  }, 
  "tags": [
    "demo", 
    "arm", 
    "codegen15"
  ], 
  "work": {
    "repl": 1, 
    "timestamp": "2015-02-22T02:04:31.984028"
  }
}