{
  "characteristics": {
    "cpu": 0.00146, 
    "gpu_copy": 0.008895, 
    "gpu_only": 0.000645, 
    "is_gpu_better": false, 
    "l2 cache and mmu counters": {
      "0": 2825671935, 
      "1": 10, 
      "10": 0, 
      "11": 0, 
      "12": 0, 
      "13": 0, 
      "14": 0, 
      "15": 0, 
      "16": 8, 
      "17": 3, 
      "18": 151, 
      "19": 4, 
      "2": 65535, 
      "20": 0, 
      "21": 0, 
      "22": 0, 
      "23": 0, 
      "24": 0, 
      "25": 0, 
      "26": 0, 
      "27": 0, 
      "28": 0, 
      "29": 0, 
      "3": 0, 
      "30": 770, 
      "31": 3876, 
      "32": 128167, 
      "33": 102138, 
      "34": 100753, 
      "35": 8686, 
      "36": 9345, 
      "37": 97879, 
      "38": 0, 
      "39": 12477, 
      "4": 1228, 
      "40": 12135, 
      "41": 89, 
      "42": 0, 
      "43": 12425, 
      "44": 0, 
      "45": 35, 
      "46": 0, 
      "47": 0, 
      "48": 969, 
      "49": 969, 
      "5": 159, 
      "50": 197, 
      "51": 176, 
      "52": 4, 
      "53": 2, 
      "54": 0, 
      "55": 0, 
      "56": 0, 
      "57": 0, 
      "58": 0, 
      "59": 0, 
      "6": 35, 
      "60": 0, 
      "61": 3208, 
      "62": 104086, 
      "63": 81534, 
      "7": 198, 
      "8": 141, 
      "9": 0
    }, 
    "shader core counters": {
      "0": [
        2825671935, 
        2825671935, 
        2825671935, 
        2825671935
      ], 
      "1": [
        10, 
        10, 
        10, 
        10
      ], 
      "10": [
        0, 
        0, 
        0, 
        0
      ], 
      "11": [
        0, 
        0, 
        0, 
        0
      ], 
      "12": [
        0, 
        0, 
        0, 
        0
      ], 
      "13": [
        0, 
        0, 
        0, 
        0
      ], 
      "14": [
        0, 
        0, 
        0, 
        0
      ], 
      "15": [
        0, 
        0, 
        0, 
        0
      ], 
      "16": [
        0, 
        0, 
        0, 
        0
      ], 
      "17": [
        0, 
        0, 
        0, 
        0
      ], 
      "18": [
        0, 
        0, 
        0, 
        0
      ], 
      "19": [
        0, 
        0, 
        0, 
        0
      ], 
      "2": [
        65535, 
        65535, 
        65535, 
        65535
      ], 
      "20": [
        0, 
        0, 
        0, 
        0
      ], 
      "21": [
        0, 
        0, 
        0, 
        0
      ], 
      "22": [
        165470, 
        171356, 
        170325, 
        171245
      ], 
      "23": [
        41, 
        32, 
        40, 
        15
      ], 
      "24": [
        5248, 
        4096, 
        5120, 
        1920
      ], 
      "25": [
        6254, 
        12784, 
        9036, 
        22416
      ], 
      "26": [
        164984, 
        170871, 
        169843, 
        170766
      ], 
      "27": [
        78676, 
        58912, 
        77170, 
        28392
      ], 
      "28": [
        4500, 
        2963, 
        4223, 
        1393
      ], 
      "29": [
        74050, 
        85148, 
        77512, 
        61925
      ], 
      "3": [
        0, 
        0, 
        0, 
        0
      ], 
      "30": [
        0, 
        0, 
        0, 
        0
      ], 
      "31": [
        52426, 
        40736, 
        51678, 
        21318
      ], 
      "32": [
        115942, 
        142077, 
        122213, 
        156332
      ], 
      "33": [
        0, 
        0, 
        0, 
        0
      ], 
      "34": [
        63516, 
        101341, 
        70535, 
        135014
      ], 
      "35": [
        0, 
        0, 
        0, 
        0
      ], 
      "36": [
        0, 
        0, 
        0, 
        0
      ], 
      "37": [
        0, 
        0, 
        0, 
        0
      ], 
      "38": [
        0, 
        0, 
        0, 
        0
      ], 
      "39": [
        0, 
        0, 
        0, 
        0
      ], 
      "4": [
        0, 
        0, 
        0, 
        0
      ], 
      "40": [
        0, 
        0, 
        0, 
        0
      ], 
      "41": [
        0, 
        0, 
        0, 
        0
      ], 
      "42": [
        0, 
        0, 
        0, 
        0
      ], 
      "43": [
        0, 
        0, 
        0, 
        0
      ], 
      "44": [
        0, 
        0, 
        0, 
        0
      ], 
      "45": [
        0, 
        0, 
        0, 
        0
      ], 
      "46": [
        0, 
        0, 
        0, 
        0
      ], 
      "47": [
        0, 
        0, 
        0, 
        0
      ], 
      "48": [
        9080, 
        6528, 
        8960, 
        3080
      ], 
      "49": [
        2595, 
        8163, 
        3641, 
        12085
      ], 
      "5": [
        0, 
        0, 
        0, 
        0
      ], 
      "50": [
        6058, 
        4980, 
        5989, 
        2879
      ], 
      "51": [
        293, 
        204, 
        302, 
        61
      ], 
      "52": [
        6058, 
        4980, 
        5989, 
        2879
      ], 
      "53": [
        12861, 
        27235, 
        14963, 
        44262
      ], 
      "54": [
        3642, 
        3076, 
        3805, 
        1715
      ], 
      "55": [
        13, 
        18, 
        20, 
        5
      ], 
      "56": [
        2883, 
        2276, 
        2941, 
        1260
      ], 
      "57": [
        1, 
        1, 
        1, 
        1
      ], 
      "58": [
        3, 
        3, 
        3, 
        3
      ], 
      "59": [
        49, 
        47, 
        47, 
        47
      ], 
      "6": [
        0, 
        0, 
        0, 
        0
      ], 
      "60": [
        180, 
        153, 
        193, 
        67
      ], 
      "61": [
        21197, 
        16488, 
        20939, 
        8839
      ], 
      "62": [
        372, 
        372, 
        372, 
        372
      ], 
      "63": [
        16, 
        0, 
        0, 
        0
      ], 
      "7": [
        0, 
        0, 
        0, 
        0
      ], 
      "8": [
        0, 
        0, 
        0, 
        0
      ], 
      "9": [
        0, 
        0, 
        0, 
        0
      ]
    }
  }, 
  "features": {
    "GWS": [
      16, 
      16, 
      64
    ], 
    "LWS": [
      4, 
      1, 
      64
    ], 
    "OFFSET": [
      0, 
      0, 
      0
    ], 
    "compiler name": "ARM Mali OpenCL", 
    "compiler version": "5.0", 
    "cpu_freq": 1600, 
    "gpu_freq": 266, 
    "image cols": 2868, 
    "image rows": 1607, 
    "pool_dir": "pool.13", 
    "program version": "c597087", 
    "size": 16
  }, 
  "meta": {
    "device name": "Mali-T604", 
    "device type": "GPU", 
    "device vendor": "ARM", 
    "experiment type": "benchmarking", 
    "kernel name": "calc_histogram", 
    "program name": "Realeyes HOG"
  }, 
  "tags": [
    "demo", 
    "arm", 
    "codegen15"
  ], 
  "work": {
    "repl": 1, 
    "timestamp": "2015-02-22T01:52:09.275543"
  }
}