{
  "characteristics": {
    "cpu": 0.035087, 
    "gpu_copy": 0.021249, 
    "gpu_only": 0.007968, 
    "is_gpu_better": true, 
    "l2 cache and mmu counters": {
      "0": 4271884605, 
      "1": 21, 
      "10": 0, 
      "11": 0, 
      "12": 0, 
      "13": 0, 
      "14": 0, 
      "15": 0, 
      "16": 243, 
      "17": 19, 
      "18": 138, 
      "19": 7, 
      "2": 65535, 
      "20": 0, 
      "21": 0, 
      "22": 0, 
      "23": 0, 
      "24": 0, 
      "25": 0, 
      "26": 0, 
      "27": 0, 
      "28": 0, 
      "29": 0, 
      "3": 0, 
      "30": 267130, 
      "31": 346232, 
      "32": 1835036, 
      "33": 1467800, 
      "34": 1260360, 
      "35": 131930, 
      "36": 113255, 
      "37": 1310688, 
      "38": 108, 
      "39": 236586, 
      "4": 35478, 
      "40": 144769, 
      "41": 19830, 
      "42": 0, 
      "43": 149671, 
      "44": 69, 
      "45": 16384, 
      "46": 5526, 
      "47": 3700, 
      "48": 86587, 
      "49": 86370, 
      "5": 2129, 
      "50": 67982, 
      "51": 919, 
      "52": 1597, 
      "53": 8, 
      "54": 752, 
      "55": 164, 
      "56": 0, 
      "57": 39, 
      "58": 2877, 
      "59": 0, 
      "6": 39, 
      "60": 8550, 
      "61": 53347, 
      "62": 1257511, 
      "63": 1061077, 
      "7": 729, 
      "8": 1657, 
      "9": 0
    }, 
    "shader core counters": {
      "0": [
        4271884605, 
        4271884605, 
        4271884605, 
        4271884605
      ], 
      "1": [
        21, 
        21, 
        21, 
        21
      ], 
      "10": [
        17629, 
        16953, 
        18095, 
        16907
      ], 
      "11": [
        18024, 
        19249, 
        18274, 
        18476
      ], 
      "12": [
        326296, 
        324300, 
        324244, 
        318044
      ], 
      "13": [
        8139, 
        10305, 
        8831, 
        8942
      ], 
      "14": [
        81574, 
        81075, 
        81061, 
        79511
      ], 
      "15": [
        81574, 
        81075, 
        81061, 
        79511
      ], 
      "16": [
        0, 
        0, 
        0, 
        0
      ], 
      "17": [
        0, 
        0, 
        0, 
        0
      ], 
      "18": [
        0, 
        0, 
        0, 
        0
      ], 
      "19": [
        2798, 
        2365, 
        4075, 
        5110
      ], 
      "2": [
        65535, 
        65535, 
        65535, 
        65535
      ], 
      "20": [
        1051, 
        1018, 
        1045, 
        1014
      ], 
      "21": [
        0, 
        0, 
        0, 
        0
      ], 
      "22": [
        2135984, 
        2134678, 
        2130445, 
        2134121
      ], 
      "23": [
        628, 
        557, 
        616, 
        304
      ], 
      "24": [
        78524, 
        69560, 
        77112, 
        37176
      ], 
      "25": [
        87843, 
        158602, 
        73566, 
        765547
      ], 
      "26": [
        2695723, 
        2694160, 
        2690516, 
        2693847
      ], 
      "27": [
        1320914, 
        1192707, 
        1306665, 
        725680
      ], 
      "28": [
        78617, 
        62287, 
        75967, 
        29213
      ], 
      "29": [
        867584, 
        976597, 
        887506, 
        876440
      ], 
      "3": [
        0, 
        0, 
        0, 
        0
      ], 
      "30": [
        28875, 
        28425, 
        30164, 
        30021
      ], 
      "31": [
        1040738, 
        957100, 
        1027906, 
        661012
      ], 
      "32": [
        1817942, 
        2022796, 
        1863840, 
        2173389
      ], 
      "33": [
        0, 
        0, 
        0, 
        0
      ], 
      "34": [
        714568, 
        1002352, 
        773815, 
        1449676
      ], 
      "35": [
        63922, 
        64587, 
        63452, 
        64068
      ], 
      "36": [
        1388, 
        1293, 
        1314, 
        1401
      ], 
      "37": [
        0, 
        0, 
        0, 
        0
      ], 
      "38": [
        309640, 
        306544, 
        307672, 
        301828
      ], 
      "39": [
        15592, 
        17270, 
        16839, 
        15983
      ], 
      "4": [
        563967, 
        563726, 
        563778, 
        563722
      ], 
      "40": [
        30, 
        30, 
        28, 
        30
      ], 
      "41": [
        22117, 
        26013, 
        24449, 
        25712
      ], 
      "42": [
        472336, 
        468395, 
        470232, 
        468760
      ], 
      "43": [
        190792, 
        192509, 
        191603, 
        197190
      ], 
      "44": [
        1324, 
        1577, 
        1309, 
        1253
      ], 
      "45": [
        0, 
        0, 
        0, 
        0
      ], 
      "46": [
        0, 
        0, 
        0, 
        0
      ], 
      "47": [
        0, 
        0, 
        0, 
        0
      ], 
      "48": [
        135080, 
        119230, 
        133347, 
        64495
      ], 
      "49": [
        30152, 
        66424, 
        38881, 
        110664
      ], 
      "5": [
        3474, 
        3412, 
        3536, 
        3370
      ], 
      "50": [
        79057, 
        71160, 
        77842, 
        41090
      ], 
      "51": [
        3716, 
        2920, 
        3464, 
        1031
      ], 
      "52": [
        78999, 
        71106, 
        77790, 
        41038
      ], 
      "53": [
        172398, 
        285425, 
        193585, 
        506835
      ], 
      "54": [
        42880, 
        37938, 
        41761, 
        23561
      ], 
      "55": [
        413, 
        377, 
        447, 
        143
      ], 
      "56": [
        33538, 
        29514, 
        32465, 
        18449
      ], 
      "57": [
        25, 
        21, 
        19, 
        25
      ], 
      "58": [
        4795, 
        4733, 
        4717, 
        4726
      ], 
      "59": [
        49937, 
        48781, 
        49791, 
        48535
      ], 
      "6": [
        592, 
        576, 
        604, 
        564
      ], 
      "60": [
        2250, 
        1956, 
        2236, 
        1242
      ], 
      "61": [
        293130, 
        261490, 
        288974, 
        146617
      ], 
      "62": [
        211278, 
        208258, 
        210296, 
        205679
      ], 
      "63": [
        133648, 
        129848, 
        132480, 
        128592
      ], 
      "7": [
        38492, 
        36360, 
        40182, 
        39663
      ], 
      "8": [
        795, 
        1021, 
        849, 
        757
      ], 
      "9": [
        14545, 
        15031, 
        15340, 
        14259
      ]
    }
  }, 
  "features": {
    "GWS": [
      64, 
      64, 
      64
    ], 
    "LWS": [
      4, 
      1, 
      64
    ], 
    "OFFSET": [
      0, 
      0, 
      0
    ], 
    "compiler name": "ARM Mali OpenCL", 
    "compiler version": "5.0", 
    "cpu_freq": 800, 
    "gpu_freq": 266, 
    "image cols": 3000, 
    "image rows": 1639, 
    "pool_dir": "pool.11", 
    "program version": "c597087", 
    "size": 64
  }, 
  "meta": {
    "device name": "Mali-T604", 
    "device type": "GPU", 
    "device vendor": "ARM", 
    "experiment type": "benchmarking", 
    "kernel name": "calc_histogram", 
    "program name": "Realeyes HOG"
  }, 
  "tags": [
    "demo", 
    "arm", 
    "codegen15"
  ], 
  "work": {
    "repl": 0, 
    "timestamp": "2015-02-22T02:25:58.243220"
  }
}