{
  "characteristics": {
    "cpu": 0.001223, 
    "gpu_copy": 0.009345, 
    "gpu_only": 0.000619, 
    "is_gpu_better": false, 
    "l2 cache and mmu counters": {
      "0": 2543022879, 
      "1": 10, 
      "10": 0, 
      "11": 0, 
      "12": 0, 
      "13": 0, 
      "14": 0, 
      "15": 0, 
      "16": 243, 
      "17": 19, 
      "18": 80, 
      "19": 7, 
      "2": 65535, 
      "20": 0, 
      "21": 0, 
      "22": 0, 
      "23": 0, 
      "24": 0, 
      "25": 0, 
      "26": 0, 
      "27": 0, 
      "28": 0, 
      "29": 0, 
      "3": 0, 
      "30": 265470, 
      "31": 331980, 
      "32": 428652, 
      "33": 305348, 
      "34": 98239, 
      "35": 37789, 
      "36": 8934, 
      "37": 200683, 
      "38": 108, 
      "39": 97686, 
      "4": 20840, 
      "40": 11054, 
      "41": 18823, 
      "42": 0, 
      "43": 11738, 
      "44": 103, 
      "45": 16538, 
      "46": 5430, 
      "47": 3719, 
      "48": 83024, 
      "49": 82807, 
      "5": 1984, 
      "50": 67570, 
      "51": 585, 
      "52": 1601, 
      "53": 8, 
      "54": 1228, 
      "55": 199, 
      "56": 0, 
      "57": 6, 
      "58": 5252, 
      "59": 0, 
      "6": 41, 
      "60": 8520, 
      "61": 5823, 
      "62": 97872, 
      "63": 92662, 
      "7": 817, 
      "8": 1463, 
      "9": 0
    }, 
    "shader core counters": {
      "0": [
        2543022879, 
        2543022879, 
        2543022879, 
        2543022879
      ], 
      "1": [
        10, 
        10, 
        10, 
        10
      ], 
      "10": [
        17261, 
        17435, 
        17347, 
        17405
      ], 
      "11": [
        19375, 
        17510, 
        19437, 
        17602
      ], 
      "12": [
        327160, 
        320064, 
        324596, 
        321064
      ], 
      "13": [
        9114, 
        8878, 
        9330, 
        8895
      ], 
      "14": [
        81790, 
        80016, 
        81149, 
        80266
      ], 
      "15": [
        81790, 
        80016, 
        81149, 
        80266
      ], 
      "16": [
        0, 
        0, 
        0, 
        0
      ], 
      "17": [
        0, 
        0, 
        0, 
        0
      ], 
      "18": [
        0, 
        0, 
        0, 
        0
      ], 
      "19": [
        2473, 
        4542, 
        4185, 
        3337
      ], 
      "2": [
        65535, 
        65535, 
        65535, 
        65535
      ], 
      "20": [
        1033, 
        1032, 
        1029, 
        1034
      ], 
      "21": [
        0, 
        0, 
        0, 
        0
      ], 
      "22": [
        176145, 
        180041, 
        179040, 
        179574
      ], 
      "23": [
        58, 
        44, 
        56, 
        27
      ], 
      "24": [
        5564, 
        3896, 
        5432, 
        1720
      ], 
      "25": [
        24979, 
        35993, 
        28411, 
        72343
      ], 
      "26": [
        741025, 
        746171, 
        745337, 
        746288
      ], 
      "27": [
        264020, 
        237704, 
        262175, 
        210116
      ], 
      "28": [
        4586, 
        2693, 
        4478, 
        1741
      ], 
      "29": [
        77406, 
        86488, 
        78759, 
        50132
      ], 
      "3": [
        0, 
        0, 
        0, 
        0
      ], 
      "30": [
        30215, 
        29682, 
        31022, 
        29065
      ], 
      "31": [
        359934, 
        342280, 
        356778, 
        324246
      ], 
      "32": [
        483570, 
        505638, 
        485926, 
        514500
      ], 
      "33": [
        0, 
        0, 
        0, 
        0
      ], 
      "34": [
        61828, 
        99895, 
        67557, 
        128108
      ], 
      "35": [
        62981, 
        64802, 
        62852, 
        63383
      ], 
      "36": [
        1367, 
        1428, 
        1331, 
        1375
      ], 
      "37": [
        0, 
        0, 
        0, 
        0
      ], 
      "38": [
        308808, 
        304852, 
        306676, 
        305348
      ], 
      "39": [
        17737, 
        15845, 
        16001, 
        15623
      ], 
      "4": [
        569997, 
        570256, 
        570272, 
        570284
      ], 
      "40": [
        24, 
        24, 
        30, 
        30
      ], 
      "41": [
        21320, 
        23922, 
        25482, 
        22684
      ], 
      "42": [
        475874, 
        476512, 
        474744, 
        479881
      ], 
      "43": [
        197532, 
        201133, 
        197158, 
        203367
      ], 
      "44": [
        1348, 
        1418, 
        1223, 
        1393
      ], 
      "45": [
        0, 
        0, 
        0, 
        0
      ], 
      "46": [
        0, 
        0, 
        0, 
        0
      ], 
      "47": [
        0, 
        0, 
        0, 
        0
      ], 
      "48": [
        11300, 
        8099, 
        10992, 
        4994
      ], 
      "49": [
        2447, 
        6963, 
        2834, 
        11185
      ], 
      "5": [
        3410, 
        3450, 
        3490, 
        3442
      ], 
      "50": [
        5930, 
        4800, 
        5863, 
        2692
      ], 
      "51": [
        309, 
        184, 
        289, 
        72
      ], 
      "52": [
        5872, 
        4746, 
        5811, 
        2640
      ], 
      "53": [
        12556, 
        28333, 
        14792, 
        42700
      ], 
      "54": [
        3618, 
        2867, 
        3456, 
        1707
      ], 
      "55": [
        19, 
        12, 
        15, 
        2
      ], 
      "56": [
        2969, 
        2287, 
        2802, 
        1280
      ], 
      "57": [
        20, 
        20, 
        18, 
        19
      ], 
      "58": [
        4847, 
        4784, 
        4823, 
        4744
      ], 
      "59": [
        49497, 
        49062, 
        49315, 
        49119
      ], 
      "6": [
        594, 
        608, 
        568, 
        566
      ], 
      "60": [
        160, 
        116, 
        163, 
        68
      ], 
      "61": [
        23096, 
        17639, 
        22661, 
        10321
      ], 
      "62": [
        210478, 
        207229, 
        209584, 
        207868
      ], 
      "63": [
        131208, 
        131072, 
        130616, 
        131712
      ], 
      "7": [
        38132, 
        40991, 
        43236, 
        38725
      ], 
      "8": [
        756, 
        735, 
        848, 
        883
      ], 
      "9": [
        14942, 
        14673, 
        14978, 
        14979
      ]
    }
  }, 
  "features": {
    "GWS": [
      16, 
      16, 
      64
    ], 
    "LWS": [
      4, 
      1, 
      64
    ], 
    "OFFSET": [
      0, 
      0, 
      0
    ], 
    "compiler name": "ARM Mali OpenCL", 
    "compiler version": "5.0", 
    "cpu_freq": 1600, 
    "gpu_freq": 266, 
    "image cols": 3600, 
    "image rows": 1800, 
    "pool_dir": "pool.17", 
    "program version": "c597087", 
    "size": 16
  }, 
  "meta": {
    "device name": "Mali-T604", 
    "device type": "GPU", 
    "device vendor": "ARM", 
    "experiment type": "benchmarking", 
    "kernel name": "calc_histogram", 
    "program name": "Realeyes HOG"
  }, 
  "tags": [
    "demo", 
    "arm", 
    "codegen15"
  ], 
  "work": {
    "repl": 4, 
    "timestamp": "2015-02-22T01:51:57.755111"
  }
}