{
  "characteristics": {
    "cpu": 0.036631, 
    "gpu_copy": 0.012984, 
    "gpu_only": 0.010131, 
    "is_gpu_better": true, 
    "l2 cache and mmu counters": {
      "0": 4161090241, 
      "1": 15, 
      "10": 0, 
      "11": 0, 
      "12": 0, 
      "13": 0, 
      "14": 0, 
      "15": 0, 
      "16": 8, 
      "17": 3, 
      "18": 142, 
      "19": 4, 
      "2": 65535, 
      "20": 0, 
      "21": 0, 
      "22": 0, 
      "23": 0, 
      "24": 0, 
      "25": 0, 
      "26": 0, 
      "27": 0, 
      "28": 0, 
      "29": 0, 
      "3": 0, 
      "30": 1820, 
      "31": 13476, 
      "32": 1994934, 
      "33": 1654611, 
      "34": 1652538, 
      "35": 136467, 
      "36": 150360, 
      "37": 1598433, 
      "38": 0, 
      "39": 185102, 
      "4": 416, 
      "40": 179277, 
      "41": 412, 
      "42": 0, 
      "43": 184745, 
      "44": 0, 
      "45": 48, 
      "46": 0, 
      "47": 0, 
      "48": 3369, 
      "49": 3369, 
      "5": 69, 
      "50": 462, 
      "51": 410, 
      "52": 6, 
      "53": 2, 
      "54": 0, 
      "55": 0, 
      "56": 0, 
      "57": 0, 
      "58": 0, 
      "59": 0, 
      "6": 21, 
      "60": 0, 
      "61": 52115, 
      "62": 1699580, 
      "63": 1413236, 
      "7": 136, 
      "8": 45, 
      "9": 0
    }, 
    "shader core counters": {
      "0": [
        4161090241, 
        4161090241, 
        4161090241, 
        4161090241
      ], 
      "1": [
        15, 
        15, 
        15, 
        15
      ], 
      "10": [
        0, 
        0, 
        0, 
        0
      ], 
      "11": [
        0, 
        0, 
        0, 
        0
      ], 
      "12": [
        0, 
        0, 
        0, 
        0
      ], 
      "13": [
        0, 
        0, 
        0, 
        0
      ], 
      "14": [
        0, 
        0, 
        0, 
        0
      ], 
      "15": [
        0, 
        0, 
        0, 
        0
      ], 
      "16": [
        0, 
        0, 
        0, 
        0
      ], 
      "17": [
        0, 
        0, 
        0, 
        0
      ], 
      "18": [
        0, 
        0, 
        0, 
        0
      ], 
      "19": [
        0, 
        0, 
        0, 
        0
      ], 
      "2": [
        65535, 
        65535, 
        65535, 
        65535
      ], 
      "20": [
        0, 
        0, 
        0, 
        0
      ], 
      "21": [
        0, 
        0, 
        0, 
        0
      ], 
      "22": [
        2694708, 
        2694591, 
        2691924, 
        2693354
      ], 
      "23": [
        690, 
        510, 
        669, 
        179
      ], 
      "24": [
        88320, 
        65280, 
        85632, 
        22912
      ], 
      "25": [
        15646, 
        158691, 
        23103, 
        885515
      ], 
      "26": [
        2694255, 
        2694137, 
        2691477, 
        2692910
      ], 
      "27": [
        1335416, 
        996938, 
        1291978, 
        366632
      ], 
      "28": [
        78840, 
        46689, 
        73473, 
        20203
      ], 
      "29": [
        1253135, 
        1452422, 
        1295027, 
        856874
      ], 
      "3": [
        0, 
        0, 
        0, 
        0
      ], 
      "30": [
        0, 
        0, 
        0, 
        0
      ], 
      "31": [
        905134, 
        692252, 
        877408, 
        285710
      ], 
      "32": [
        1902741, 
        2282844, 
        1988117, 
        2442866
      ], 
      "33": [
        0, 
        0, 
        0, 
        0
      ], 
      "34": [
        997607, 
        1590592, 
        1110709, 
        2157156
      ], 
      "35": [
        0, 
        0, 
        0, 
        0
      ], 
      "36": [
        0, 
        0, 
        0, 
        0
      ], 
      "37": [
        0, 
        0, 
        0, 
        0
      ], 
      "38": [
        0, 
        0, 
        0, 
        0
      ], 
      "39": [
        0, 
        0, 
        0, 
        0
      ], 
      "4": [
        0, 
        0, 
        0, 
        0
      ], 
      "40": [
        0, 
        0, 
        0, 
        0
      ], 
      "41": [
        0, 
        0, 
        0, 
        0
      ], 
      "42": [
        0, 
        0, 
        0, 
        0
      ], 
      "43": [
        0, 
        0, 
        0, 
        0
      ], 
      "44": [
        0, 
        0, 
        0, 
        0
      ], 
      "45": [
        0, 
        0, 
        0, 
        0
      ], 
      "46": [
        0, 
        0, 
        0, 
        0
      ], 
      "47": [
        0, 
        0, 
        0, 
        0
      ], 
      "48": [
        151568, 
        111200, 
        145704, 
        38888
      ], 
      "49": [
        30212, 
        86366, 
        41484, 
        124049
      ], 
      "5": [
        0, 
        0, 
        0, 
        0
      ], 
      "50": [
        107959, 
        86051, 
        105300, 
        40959
      ], 
      "51": [
        5276, 
        3368, 
        4885, 
        905
      ], 
      "52": [
        107959, 
        86051, 
        105300, 
        40959
      ], 
      "53": [
        212078, 
        474491, 
        256254, 
        805902
      ], 
      "54": [
        55444, 
        46384, 
        54848, 
        23085
      ], 
      "55": [
        247, 
        236, 
        337, 
        72
      ], 
      "56": [
        46756, 
        38681, 
        45723, 
        19327
      ], 
      "57": [
        1, 
        1, 
        1, 
        1
      ], 
      "58": [
        4, 
        4, 
        4, 
        4
      ], 
      "59": [
        47, 
        47, 
        49, 
        48
      ], 
      "6": [
        0, 
        0, 
        0, 
        0
      ], 
      "60": [
        50, 
        46, 
        54, 
        48
      ], 
      "61": [
        367487, 
        283302, 
        356304, 
        120807
      ], 
      "62": [
        372, 
        372, 
        372, 
        372
      ], 
      "63": [
        8, 
        0, 
        24, 
        16
      ], 
      "7": [
        0, 
        0, 
        0, 
        0
      ], 
      "8": [
        0, 
        0, 
        0, 
        0
      ], 
      "9": [
        0, 
        0, 
        0, 
        0
      ]
    }
  }, 
  "features": {
    "GWS": [
      64, 
      64, 
      64
    ], 
    "LWS": [
      4, 
      1, 
      64
    ], 
    "OFFSET": [
      0, 
      0, 
      0
    ], 
    "compiler name": "ARM Mali OpenCL", 
    "compiler version": "5.0", 
    "cpu_freq": 800, 
    "gpu_freq": 266, 
    "image cols": 1064, 
    "image rows": 629, 
    "pool_dir": "pool.07", 
    "program version": "c597087", 
    "size": 64
  }, 
  "meta": {
    "device name": "Mali-T604", 
    "device type": "GPU", 
    "device vendor": "ARM", 
    "experiment type": "benchmarking", 
    "kernel name": "calc_histogram", 
    "program name": "Realeyes HOG"
  }, 
  "tags": [
    "demo", 
    "arm", 
    "codegen15"
  ], 
  "work": {
    "repl": 3, 
    "timestamp": "2015-02-22T02:07:59.800125"
  }
}