{
  "characteristics": {
    "cpu": 0.002159, 
    "gpu_copy": 0.009715, 
    "gpu_only": 0.000863, 
    "is_gpu_better": false, 
    "l2 cache and mmu counters": {
      "0": 596266326, 
      "1": 23, 
      "10": 0, 
      "11": 0, 
      "12": 0, 
      "13": 0, 
      "14": 0, 
      "15": 0, 
      "16": 8, 
      "17": 3, 
      "18": 160, 
      "19": 4, 
      "2": 65535, 
      "20": 0, 
      "21": 0, 
      "22": 0, 
      "23": 0, 
      "24": 0, 
      "25": 0, 
      "26": 0, 
      "27": 0, 
      "28": 0, 
      "29": 0, 
      "3": 0, 
      "30": 1024, 
      "31": 6044, 
      "32": 167020, 
      "33": 132961, 
      "34": 131456, 
      "35": 11326, 
      "36": 12070, 
      "37": 127046, 
      "38": 0, 
      "39": 17702, 
      "4": 2512, 
      "40": 17202, 
      "41": 138, 
      "42": 0, 
      "43": 17582, 
      "44": 0, 
      "45": 56, 
      "46": 0, 
      "47": 0, 
      "48": 1511, 
      "49": 1511, 
      "5": 273, 
      "50": 267, 
      "51": 208, 
      "52": 6, 
      "53": 2, 
      "54": 0, 
      "55": 0, 
      "56": 0, 
      "57": 0, 
      "58": 0, 
      "59": 0, 
      "6": 88, 
      "60": 0, 
      "61": 3209, 
      "62": 137277, 
      "63": 103349, 
      "7": 303, 
      "8": 239, 
      "9": 0
    }, 
    "shader core counters": {
      "0": [
        596266326, 
        596266326, 
        596266326, 
        596266326
      ], 
      "1": [
        23, 
        23, 
        23, 
        23
      ], 
      "10": [
        0, 
        0, 
        0, 
        0
      ], 
      "11": [
        0, 
        0, 
        0, 
        0
      ], 
      "12": [
        0, 
        0, 
        0, 
        0
      ], 
      "13": [
        0, 
        0, 
        0, 
        0
      ], 
      "14": [
        0, 
        0, 
        0, 
        0
      ], 
      "15": [
        0, 
        0, 
        0, 
        0
      ], 
      "16": [
        0, 
        0, 
        0, 
        0
      ], 
      "17": [
        0, 
        0, 
        0, 
        0
      ], 
      "18": [
        0, 
        0, 
        0, 
        0
      ], 
      "19": [
        0, 
        0, 
        0, 
        0
      ], 
      "2": [
        65535, 
        65535, 
        65535, 
        65535
      ], 
      "20": [
        0, 
        0, 
        0, 
        0
      ], 
      "21": [
        0, 
        0, 
        0, 
        0
      ], 
      "22": [
        223657, 
        227344, 
        217202, 
        229160
      ], 
      "23": [
        35, 
        34, 
        33, 
        26
      ], 
      "24": [
        4480, 
        4352, 
        4224, 
        3328
      ], 
      "25": [
        8570, 
        5083, 
        5344, 
        5441
      ], 
      "26": [
        223305, 
        226992, 
        216856, 
        228815
      ], 
      "27": [
        107008, 
        94152, 
        98540, 
        64560
      ], 
      "28": [
        6582, 
        5180, 
        5658, 
        3280
      ], 
      "29": [
        97703, 
        107964, 
        100236, 
        103933
      ], 
      "3": [
        0, 
        0, 
        0, 
        0
      ], 
      "30": [
        0, 
        0, 
        0, 
        0
      ], 
      "31": [
        70438, 
        62806, 
        66084, 
        44730
      ], 
      "32": [
        158771, 
        181013, 
        163942, 
        204585
      ], 
      "33": [
        0, 
        0, 
        0, 
        0
      ], 
      "34": [
        88333, 
        118207, 
        97858, 
        159855
      ], 
      "35": [
        0, 
        0, 
        0, 
        0
      ], 
      "36": [
        0, 
        0, 
        0, 
        0
      ], 
      "37": [
        0, 
        0, 
        0, 
        0
      ], 
      "38": [
        0, 
        0, 
        0, 
        0
      ], 
      "39": [
        0, 
        0, 
        0, 
        0
      ], 
      "4": [
        0, 
        0, 
        0, 
        0
      ], 
      "40": [
        0, 
        0, 
        0, 
        0
      ], 
      "41": [
        0, 
        0, 
        0, 
        0
      ], 
      "42": [
        0, 
        0, 
        0, 
        0
      ], 
      "43": [
        0, 
        0, 
        0, 
        0
      ], 
      "44": [
        0, 
        0, 
        0, 
        0
      ], 
      "45": [
        0, 
        0, 
        0, 
        0
      ], 
      "46": [
        0, 
        0, 
        0, 
        0
      ], 
      "47": [
        0, 
        0, 
        0, 
        0
      ], 
      "48": [
        11072, 
        9624, 
        10184, 
        6528
      ], 
      "49": [
        4632, 
        11359, 
        6241, 
        20179
      ], 
      "5": [
        0, 
        0, 
        0, 
        0
      ], 
      "50": [
        9137, 
        8217, 
        8701, 
        6006
      ], 
      "51": [
        485, 
        315, 
        467, 
        170
      ], 
      "52": [
        9137, 
        8217, 
        8701, 
        6006
      ], 
      "53": [
        15505, 
        24460, 
        18826, 
        41099
      ], 
      "54": [
        4994, 
        4291, 
        5052, 
        3138
      ], 
      "55": [
        32, 
        32, 
        46, 
        23
      ], 
      "56": [
        3623, 
        2887, 
        3570, 
        2118
      ], 
      "57": [
        1, 
        1, 
        1, 
        1
      ], 
      "58": [
        3, 
        3, 
        3, 
        3
      ], 
      "59": [
        48, 
        47, 
        47, 
        48
      ], 
      "6": [
        0, 
        0, 
        0, 
        0
      ], 
      "60": [
        329, 
        327, 
        347, 
        205
      ], 
      "61": [
        29347, 
        26059, 
        27586, 
        18541
      ], 
      "62": [
        372, 
        372, 
        372, 
        372
      ], 
      "63": [
        8, 
        0, 
        8, 
        8
      ], 
      "7": [
        0, 
        0, 
        0, 
        0
      ], 
      "8": [
        0, 
        0, 
        0, 
        0
      ], 
      "9": [
        0, 
        0, 
        0, 
        0
      ]
    }
  }, 
  "features": {
    "GWS": [
      16, 
      16, 
      64
    ], 
    "LWS": [
      4, 
      1, 
      64
    ], 
    "OFFSET": [
      0, 
      0, 
      0
    ], 
    "compiler name": "ARM Mali OpenCL", 
    "compiler version": "5.0", 
    "cpu_freq": 1600, 
    "gpu_freq": 266, 
    "image cols": 2103, 
    "image rows": 2082, 
    "pool_dir": "pool.18", 
    "program version": "c597087", 
    "size": 16
  }, 
  "meta": {
    "device name": "Mali-T604", 
    "device type": "GPU", 
    "device vendor": "ARM", 
    "experiment type": "benchmarking", 
    "kernel name": "calc_histogram", 
    "program name": "Realeyes HOG"
  }, 
  "tags": [
    "demo", 
    "arm", 
    "codegen15"
  ], 
  "work": {
    "repl": 4, 
    "timestamp": "2015-02-22T02:29:22.969116"
  }
}