{
  "characteristics": {
    "cpu": 0.021088, 
    "gpu_copy": 0.013879, 
    "gpu_only": 0.011802, 
    "is_gpu_better": true, 
    "l2 cache and mmu counters": {
      "0": 3884222207, 
      "1": 22, 
      "10": 0, 
      "11": 0, 
      "12": 0, 
      "13": 0, 
      "14": 0, 
      "15": 0, 
      "16": 8, 
      "17": 3, 
      "18": 146, 
      "19": 4, 
      "2": 65535, 
      "20": 0, 
      "21": 0, 
      "22": 0, 
      "23": 0, 
      "24": 0, 
      "25": 0, 
      "26": 0, 
      "27": 0, 
      "28": 0, 
      "29": 0, 
      "3": 0, 
      "30": 2424, 
      "31": 18956, 
      "32": 2309472, 
      "33": 1907778, 
      "34": 1905660, 
      "35": 157267, 
      "36": 172171, 
      "37": 1842861, 
      "38": 0, 
      "39": 224222, 
      "4": 678, 
      "40": 217427, 
      "41": 560, 
      "42": 0, 
      "43": 223703, 
      "44": 0, 
      "45": 66, 
      "46": 0, 
      "47": 0, 
      "48": 4739, 
      "49": 4739, 
      "5": 60, 
      "50": 611, 
      "51": 529, 
      "52": 6, 
      "53": 2, 
      "54": 0, 
      "55": 0, 
      "56": 0, 
      "57": 19, 
      "58": 0, 
      "59": 0, 
      "6": 34, 
      "60": 0, 
      "61": 59177, 
      "62": 1962819, 
      "63": 1606785, 
      "7": 82, 
      "8": 40, 
      "9": 0
    }, 
    "shader core counters": {
      "0": [
        3884222207, 
        3884222207, 
        3884222207, 
        3884222207
      ], 
      "1": [
        22, 
        22, 
        22, 
        22
      ], 
      "10": [
        0, 
        0, 
        0, 
        0
      ], 
      "11": [
        0, 
        0, 
        0, 
        0
      ], 
      "12": [
        0, 
        0, 
        0, 
        0
      ], 
      "13": [
        0, 
        0, 
        0, 
        0
      ], 
      "14": [
        0, 
        0, 
        0, 
        0
      ], 
      "15": [
        0, 
        0, 
        0, 
        0
      ], 
      "16": [
        0, 
        0, 
        0, 
        0
      ], 
      "17": [
        0, 
        0, 
        0, 
        0
      ], 
      "18": [
        0, 
        0, 
        0, 
        0
      ], 
      "19": [
        0, 
        0, 
        0, 
        0
      ], 
      "2": [
        65535, 
        65535, 
        65535, 
        65535
      ], 
      "20": [
        0, 
        0, 
        0, 
        0
      ], 
      "21": [
        0, 
        0, 
        0, 
        0
      ], 
      "22": [
        3138511, 
        3133244, 
        3137941, 
        3139255
      ], 
      "23": [
        664, 
        534, 
        663, 
        187
      ], 
      "24": [
        84992, 
        68352, 
        84864, 
        23936
      ], 
      "25": [
        42146, 
        120855, 
        68090, 
        760974
      ], 
      "26": [
        3138153, 
        3132886, 
        3137588, 
        3138904
      ], 
      "27": [
        1537771, 
        1169030, 
        1489945, 
        461431
      ], 
      "28": [
        91708, 
        56545, 
        86062, 
        25059
      ], 
      "29": [
        1472645, 
        1699238, 
        1516225, 
        1100333
      ], 
      "3": [
        0, 
        0, 
        0, 
        0
      ], 
      "30": [
        0, 
        0, 
        0, 
        0
      ], 
      "31": [
        1029972, 
        800860, 
        1000246, 
        341458
      ], 
      "32": [
        2246442, 
        2692282, 
        2337572, 
        2914844
      ], 
      "33": [
        0, 
        0, 
        0, 
        0
      ], 
      "34": [
        1216470, 
        1891422, 
        1337326, 
        2573386
      ], 
      "35": [
        0, 
        0, 
        0, 
        0
      ], 
      "36": [
        0, 
        0, 
        0, 
        0
      ], 
      "37": [
        0, 
        0, 
        0, 
        0
      ], 
      "38": [
        0, 
        0, 
        0, 
        0
      ], 
      "39": [
        0, 
        0, 
        0, 
        0
      ], 
      "4": [
        0, 
        0, 
        0, 
        0
      ], 
      "40": [
        0, 
        0, 
        0, 
        0
      ], 
      "41": [
        0, 
        0, 
        0, 
        0
      ], 
      "42": [
        0, 
        0, 
        0, 
        0
      ], 
      "43": [
        0, 
        0, 
        0, 
        0
      ], 
      "44": [
        0, 
        0, 
        0, 
        0
      ], 
      "45": [
        0, 
        0, 
        0, 
        0
      ], 
      "46": [
        0, 
        0, 
        0, 
        0
      ], 
      "47": [
        0, 
        0, 
        0, 
        0
      ], 
      "48": [
        167098, 
        126122, 
        161894, 
        47542
      ], 
      "49": [
        45663, 
        124372, 
        65156, 
        176717
      ], 
      "5": [
        0, 
        0, 
        0, 
        0
      ], 
      "50": [
        127857, 
        101479, 
        123937, 
        48532
      ], 
      "51": [
        6556, 
        3943, 
        6026, 
        1023
      ], 
      "52": [
        127857, 
        101479, 
        123937, 
        48532
      ], 
      "53": [
        246072, 
        535766, 
        290767, 
        897954
      ], 
      "54": [
        69015, 
        54485, 
        66763, 
        27668
      ], 
      "55": [
        396, 
        291, 
        428, 
        143
      ], 
      "56": [
        54839, 
        42892, 
        52609, 
        22009
      ], 
      "57": [
        1, 
        1, 
        1, 
        1
      ], 
      "58": [
        3, 
        3, 
        3, 
        3
      ], 
      "59": [
        47, 
        47, 
        47, 
        47
      ], 
      "6": [
        0, 
        0, 
        0, 
        0
      ], 
      "60": [
        84, 
        84, 
        85, 
        73
      ], 
      "61": [
        422813, 
        329081, 
        409768, 
        144606
      ], 
      "62": [
        372, 
        372, 
        372, 
        372
      ], 
      "63": [
        0, 
        8, 
        0, 
        0
      ], 
      "7": [
        0, 
        0, 
        0, 
        0
      ], 
      "8": [
        0, 
        0, 
        0, 
        0
      ], 
      "9": [
        0, 
        0, 
        0, 
        0
      ]
    }
  }, 
  "features": {
    "GWS": [
      64, 
      64, 
      64
    ], 
    "LWS": [
      4, 
      1, 
      64
    ], 
    "OFFSET": [
      0, 
      0, 
      0
    ], 
    "compiler name": "ARM Mali OpenCL", 
    "compiler version": "5.0", 
    "cpu_freq": 1600, 
    "gpu_freq": 266, 
    "image cols": 807, 
    "image rows": 1142, 
    "pool_dir": "pool.08", 
    "program version": "c597087", 
    "size": 64
  }, 
  "meta": {
    "device name": "Mali-T604", 
    "device type": "GPU", 
    "device vendor": "ARM", 
    "experiment type": "benchmarking", 
    "kernel name": "calc_histogram", 
    "program name": "Realeyes HOG"
  }, 
  "tags": [
    "demo", 
    "arm", 
    "codegen15"
  ], 
  "work": {
    "repl": 1, 
    "timestamp": "2015-02-22T02:28:40.868368"
  }
}