{
  "characteristics": {
    "cpu": 0.002617, 
    "gpu_copy": 0.007591, 
    "gpu_only": 0.000313, 
    "is_gpu_better": false, 
    "l2 cache and mmu counters": {
      "0": 990440928, 
      "1": 21, 
      "10": 0, 
      "11": 0, 
      "12": 0, 
      "13": 0, 
      "14": 0, 
      "15": 0, 
      "16": 9, 
      "17": 3, 
      "18": 212, 
      "19": 7, 
      "2": 65535, 
      "20": 0, 
      "21": 0, 
      "22": 0, 
      "23": 0, 
      "24": 0, 
      "25": 0, 
      "26": 0, 
      "27": 0, 
      "28": 0, 
      "29": 0, 
      "3": 0, 
      "30": 731, 
      "31": 3868, 
      "32": 122347, 
      "33": 97921, 
      "34": 95993, 
      "35": 8079, 
      "36": 8628, 
      "37": 93920, 
      "38": 0, 
      "39": 11619, 
      "4": 1145, 
      "40": 11294, 
      "41": 101, 
      "42": 0, 
      "43": 11573, 
      "44": 0, 
      "45": 24, 
      "46": 0, 
      "47": 1, 
      "48": 967, 
      "49": 967, 
      "5": 151, 
      "50": 187, 
      "51": 168, 
      "52": 5, 
      "53": 2, 
      "54": 0, 
      "55": 0, 
      "56": 0, 
      "57": 0, 
      "58": 48, 
      "59": 0, 
      "6": 105, 
      "60": 0, 
      "61": 2856, 
      "62": 98323, 
      "63": 78701, 
      "7": 279, 
      "8": 129, 
      "9": 0
    }, 
    "shader core counters": {
      "0": [
        990440928, 
        990440928, 
        990440928, 
        990440928
      ], 
      "1": [
        21, 
        21, 
        21, 
        21
      ], 
      "10": [
        0, 
        0, 
        0, 
        0
      ], 
      "11": [
        0, 
        0, 
        0, 
        0
      ], 
      "12": [
        0, 
        0, 
        0, 
        0
      ], 
      "13": [
        0, 
        0, 
        0, 
        0
      ], 
      "14": [
        0, 
        0, 
        0, 
        0
      ], 
      "15": [
        0, 
        0, 
        0, 
        0
      ], 
      "16": [
        0, 
        0, 
        0, 
        0
      ], 
      "17": [
        0, 
        0, 
        0, 
        0
      ], 
      "18": [
        0, 
        0, 
        0, 
        0
      ], 
      "19": [
        0, 
        0, 
        0, 
        0
      ], 
      "2": [
        65535, 
        65535, 
        65535, 
        65535
      ], 
      "20": [
        0, 
        0, 
        0, 
        0
      ], 
      "21": [
        0, 
        0, 
        0, 
        0
      ], 
      "22": [
        161511, 
        163906, 
        163588, 
        166128
      ], 
      "23": [
        40, 
        35, 
        39, 
        14
      ], 
      "24": [
        5120, 
        4480, 
        4992, 
        1792
      ], 
      "25": [
        7408, 
        7958, 
        6326, 
        27793
      ], 
      "26": [
        160968, 
        163363, 
        163050, 
        165596
      ], 
      "27": [
        75850, 
        66000, 
        74960, 
        26482
      ], 
      "28": [
        4270, 
        3539, 
        4194, 
        1343
      ], 
      "29": [
        72071, 
        76823, 
        75973, 
        61739
      ], 
      "3": [
        0, 
        0, 
        0, 
        0
      ], 
      "30": [
        0, 
        0, 
        0, 
        0
      ], 
      "31": [
        50794, 
        44772, 
        50250, 
        19928
      ], 
      "32": [
        112191, 
        126378, 
        118146, 
        153233
      ], 
      "33": [
        0, 
        0, 
        0, 
        0
      ], 
      "34": [
        61397, 
        81606, 
        67896, 
        133305
      ], 
      "35": [
        0, 
        0, 
        0, 
        0
      ], 
      "36": [
        0, 
        0, 
        0, 
        0
      ], 
      "37": [
        0, 
        0, 
        0, 
        0
      ], 
      "38": [
        0, 
        0, 
        0, 
        0
      ], 
      "39": [
        0, 
        0, 
        0, 
        0
      ], 
      "4": [
        0, 
        0, 
        0, 
        0
      ], 
      "40": [
        0, 
        0, 
        0, 
        0
      ], 
      "41": [
        0, 
        0, 
        0, 
        0
      ], 
      "42": [
        0, 
        0, 
        0, 
        0
      ], 
      "43": [
        0, 
        0, 
        0, 
        0
      ], 
      "44": [
        0, 
        0, 
        0, 
        0
      ], 
      "45": [
        0, 
        0, 
        0, 
        0
      ], 
      "46": [
        0, 
        0, 
        0, 
        0
      ], 
      "47": [
        0, 
        0, 
        0, 
        0
      ], 
      "48": [
        8640, 
        7528, 
        8648, 
        2832
      ], 
      "49": [
        2829, 
        6321, 
        3718, 
        14931
      ], 
      "5": [
        0, 
        0, 
        0, 
        0
      ], 
      "50": [
        5938, 
        5295, 
        5852, 
        2718
      ], 
      "51": [
        273, 
        217, 
        291, 
        79
      ], 
      "52": [
        5938, 
        5295, 
        5852, 
        2718
      ], 
      "53": [
        11970, 
        19197, 
        14144, 
        40751
      ], 
      "54": [
        3326, 
        2848, 
        3404, 
        1820
      ], 
      "55": [
        15, 
        11, 
        14, 
        3
      ], 
      "56": [
        2588, 
        2156, 
        2621, 
        1289
      ], 
      "57": [
        1, 
        1, 
        1, 
        1
      ], 
      "58": [
        3, 
        3, 
        3, 
        3
      ], 
      "59": [
        49, 
        49, 
        48, 
        47
      ], 
      "6": [
        0, 
        0, 
        0, 
        0
      ], 
      "60": [
        160, 
        158, 
        161, 
        78
      ], 
      "61": [
        20517, 
        18118, 
        20353, 
        8268
      ], 
      "62": [
        372, 
        372, 
        372, 
        372
      ], 
      "63": [
        16, 
        24, 
        16, 
        0
      ], 
      "7": [
        0, 
        0, 
        0, 
        0
      ], 
      "8": [
        0, 
        0, 
        0, 
        0
      ], 
      "9": [
        0, 
        0, 
        0, 
        0
      ]
    }
  }, 
  "features": {
    "GWS": [
      16, 
      16, 
      64
    ], 
    "LWS": [
      4, 
      1, 
      64
    ], 
    "OFFSET": [
      0, 
      0, 
      0
    ], 
    "compiler name": "ARM Mali OpenCL", 
    "compiler version": "5.0", 
    "cpu_freq": 1600, 
    "gpu_freq": 533, 
    "image cols": 2868, 
    "image rows": 1607, 
    "pool_dir": "pool.13", 
    "program version": "c597087", 
    "size": 16
  }, 
  "meta": {
    "device name": "Mali-T604", 
    "device type": "GPU", 
    "device vendor": "ARM", 
    "experiment type": "benchmarking", 
    "kernel name": "calc_histogram", 
    "program name": "Realeyes HOG"
  }, 
  "tags": [
    "demo", 
    "arm", 
    "codegen15"
  ], 
  "work": {
    "repl": 0, 
    "timestamp": "2015-02-22T02:23:41.328887"
  }
}