{
  "characteristics": {
    "cpu": 0.002045, 
    "gpu_copy": 0.012614, 
    "gpu_only": 0.000945, 
    "is_gpu_better": false, 
    "l2 cache and mmu counters": {
      "0": 3840453714, 
      "1": 16, 
      "10": 0, 
      "11": 0, 
      "12": 0, 
      "13": 0, 
      "14": 0, 
      "15": 0, 
      "16": 9, 
      "17": 3, 
      "18": 84, 
      "19": 7, 
      "2": 65535, 
      "20": 0, 
      "21": 0, 
      "22": 0, 
      "23": 0, 
      "24": 0, 
      "25": 0, 
      "26": 0, 
      "27": 0, 
      "28": 0, 
      "29": 0, 
      "3": 0, 
      "30": 846, 
      "31": 6016, 
      "32": 183227, 
      "33": 146198, 
      "34": 144213, 
      "35": 12495, 
      "36": 13176, 
      "37": 140641, 
      "38": 0, 
      "39": 19520, 
      "4": 3045, 
      "40": 19012, 
      "41": 138, 
      "42": 0, 
      "43": 19460, 
      "44": 0, 
      "45": 64, 
      "46": 0, 
      "47": 0, 
      "48": 1504, 
      "49": 1504, 
      "5": 461, 
      "50": 215, 
      "51": 186, 
      "52": 4, 
      "53": 2, 
      "54": 0, 
      "55": 0, 
      "56": 0, 
      "57": 0, 
      "58": 0, 
      "59": 0, 
      "6": 48, 
      "60": 0, 
      "61": 3824, 
      "62": 151361, 
      "63": 113280, 
      "7": 353, 
      "8": 416, 
      "9": 0
    }, 
    "shader core counters": {
      "0": [
        3840453714, 
        3840453714, 
        3840453714, 
        3840453714
      ], 
      "1": [
        16, 
        16, 
        16, 
        16
      ], 
      "10": [
        0, 
        0, 
        0, 
        0
      ], 
      "11": [
        0, 
        0, 
        0, 
        0
      ], 
      "12": [
        0, 
        0, 
        0, 
        0
      ], 
      "13": [
        0, 
        0, 
        0, 
        0
      ], 
      "14": [
        0, 
        0, 
        0, 
        0
      ], 
      "15": [
        0, 
        0, 
        0, 
        0
      ], 
      "16": [
        0, 
        0, 
        0, 
        0
      ], 
      "17": [
        0, 
        0, 
        0, 
        0
      ], 
      "18": [
        0, 
        0, 
        0, 
        0
      ], 
      "19": [
        0, 
        0, 
        0, 
        0
      ], 
      "2": [
        65535, 
        65535, 
        65535, 
        65535
      ], 
      "20": [
        0, 
        0, 
        0, 
        0
      ], 
      "21": [
        0, 
        0, 
        0, 
        0
      ], 
      "22": [
        241350, 
        244414, 
        241899, 
        250971
      ], 
      "23": [
        41, 
        33, 
        35, 
        19
      ], 
      "24": [
        5248, 
        4224, 
        4480, 
        2432
      ], 
      "25": [
        5808, 
        8388, 
        7823, 
        5597
      ], 
      "26": [
        240936, 
        244000, 
        241485, 
        250559
      ], 
      "27": [
        114418, 
        96516, 
        108758, 
        59294
      ], 
      "28": [
        7073, 
        5214, 
        6315, 
        2884
      ], 
      "29": [
        108878, 
        122924, 
        112725, 
        115534
      ], 
      "3": [
        0, 
        0, 
        0, 
        0
      ], 
      "30": [
        0, 
        0, 
        0, 
        0
      ], 
      "31": [
        76802, 
        66896, 
        74186, 
        42412
      ], 
      "32": [
        172742, 
        196206, 
        179708, 
        233148
      ], 
      "33": [
        0, 
        0, 
        0, 
        0
      ], 
      "34": [
        95940, 
        129310, 
        105522, 
        190736
      ], 
      "35": [
        0, 
        0, 
        0, 
        0
      ], 
      "36": [
        0, 
        0, 
        0, 
        0
      ], 
      "37": [
        0, 
        0, 
        0, 
        0
      ], 
      "38": [
        0, 
        0, 
        0, 
        0
      ], 
      "39": [
        0, 
        0, 
        0, 
        0
      ], 
      "4": [
        0, 
        0, 
        0, 
        0
      ], 
      "40": [
        0, 
        0, 
        0, 
        0
      ], 
      "41": [
        0, 
        0, 
        0, 
        0
      ], 
      "42": [
        0, 
        0, 
        0, 
        0
      ], 
      "43": [
        0, 
        0, 
        0, 
        0
      ], 
      "44": [
        0, 
        0, 
        0, 
        0
      ], 
      "45": [
        0, 
        0, 
        0, 
        0
      ], 
      "46": [
        0, 
        0, 
        0, 
        0
      ], 
      "47": [
        0, 
        0, 
        0, 
        0
      ], 
      "48": [
        11544, 
        9816, 
        11088, 
        5952
      ], 
      "49": [
        4966, 
        10033, 
        6366, 
        23996
      ], 
      "5": [
        0, 
        0, 
        0, 
        0
      ], 
      "50": [
        10192, 
        9124, 
        10034, 
        6027
      ], 
      "51": [
        481, 
        383, 
        502, 
        188
      ], 
      "52": [
        10192, 
        9124, 
        10034, 
        6027
      ], 
      "53": [
        16602, 
        29472, 
        20032, 
        52447
      ], 
      "54": [
        5313, 
        4998, 
        5409, 
        3362
      ], 
      "55": [
        25, 
        41, 
        38, 
        16
      ], 
      "56": [
        3700, 
        3485, 
        3771, 
        2236
      ], 
      "57": [
        1, 
        1, 
        1, 
        1
      ], 
      "58": [
        3, 
        3, 
        3, 
        3
      ], 
      "59": [
        47, 
        48, 
        47, 
        47
      ], 
      "6": [
        0, 
        0, 
        0, 
        0
      ], 
      "60": [
        393, 
        397, 
        417, 
        256
      ], 
      "61": [
        31929, 
        28064, 
        31157, 
        18006
      ], 
      "62": [
        372, 
        372, 
        372, 
        372
      ], 
      "63": [
        0, 
        16, 
        0, 
        0
      ], 
      "7": [
        0, 
        0, 
        0, 
        0
      ], 
      "8": [
        0, 
        0, 
        0, 
        0
      ], 
      "9": [
        0, 
        0, 
        0, 
        0
      ]
    }
  }, 
  "features": {
    "GWS": [
      16, 
      16, 
      64
    ], 
    "LWS": [
      4, 
      1, 
      64
    ], 
    "OFFSET": [
      0, 
      0, 
      0
    ], 
    "compiler name": "ARM Mali OpenCL", 
    "compiler version": "5.0", 
    "cpu_freq": 1600, 
    "gpu_freq": 266, 
    "image cols": 2593, 
    "image rows": 2593, 
    "pool_dir": "pool.02", 
    "program version": "c597087", 
    "size": 16
  }, 
  "meta": {
    "device name": "Mali-T604", 
    "device type": "GPU", 
    "device vendor": "ARM", 
    "experiment type": "benchmarking", 
    "kernel name": "calc_histogram", 
    "program name": "Realeyes HOG"
  }, 
  "tags": [
    "demo", 
    "arm", 
    "codegen15"
  ], 
  "work": {
    "repl": 1, 
    "timestamp": "2015-02-22T02:10:45.287776"
  }
}