{
  "characteristics": {
    "cpu": 0.00173, 
    "gpu_copy": 0.009158, 
    "gpu_only": 0.000797, 
    "is_gpu_better": false, 
    "l2 cache and mmu counters": {
      "0": 2989717774, 
      "1": 11, 
      "10": 0, 
      "11": 0, 
      "12": 0, 
      "13": 0, 
      "14": 0, 
      "15": 0, 
      "16": 8, 
      "17": 3, 
      "18": 158, 
      "19": 4, 
      "2": 65535, 
      "20": 0, 
      "21": 0, 
      "22": 0, 
      "23": 0, 
      "24": 0, 
      "25": 0, 
      "26": 0, 
      "27": 0, 
      "28": 0, 
      "29": 0, 
      "3": 0, 
      "30": 819, 
      "31": 5056, 
      "32": 155628, 
      "33": 124593, 
      "34": 123136, 
      "35": 10445, 
      "36": 11114, 
      "37": 119682, 
      "38": 0, 
      "39": 15665, 
      "4": 2200, 
      "40": 15223, 
      "41": 109, 
      "42": 0, 
      "43": 15602, 
      "44": 0, 
      "45": 50, 
      "46": 0, 
      "47": 3, 
      "48": 1264, 
      "49": 1264, 
      "5": 340, 
      "50": 210, 
      "51": 182, 
      "52": 5, 
      "53": 2, 
      "54": 0, 
      "55": 0, 
      "56": 0, 
      "57": 0, 
      "58": 0, 
      "59": 0, 
      "6": 76, 
      "60": 0, 
      "61": 3418, 
      "62": 127194, 
      "63": 98667, 
      "7": 243, 
      "8": 301, 
      "9": 0
    }, 
    "shader core counters": {
      "0": [
        2989717774, 
        2989717774, 
        2989717774, 
        2989717774
      ], 
      "1": [
        11, 
        11, 
        11, 
        11
      ], 
      "10": [
        0, 
        0, 
        0, 
        0
      ], 
      "11": [
        0, 
        0, 
        0, 
        0
      ], 
      "12": [
        0, 
        0, 
        0, 
        0
      ], 
      "13": [
        0, 
        0, 
        0, 
        0
      ], 
      "14": [
        0, 
        0, 
        0, 
        0
      ], 
      "15": [
        0, 
        0, 
        0, 
        0
      ], 
      "16": [
        0, 
        0, 
        0, 
        0
      ], 
      "17": [
        0, 
        0, 
        0, 
        0
      ], 
      "18": [
        0, 
        0, 
        0, 
        0
      ], 
      "19": [
        0, 
        0, 
        0, 
        0
      ], 
      "2": [
        65535, 
        65535, 
        65535, 
        65535
      ], 
      "20": [
        0, 
        0, 
        0, 
        0
      ], 
      "21": [
        0, 
        0, 
        0, 
        0
      ], 
      "22": [
        204385, 
        211600, 
        210805, 
        211683
      ], 
      "23": [
        36, 
        37, 
        39, 
        16
      ], 
      "24": [
        4608, 
        4736, 
        4992, 
        2048
      ], 
      "25": [
        6504, 
        10027, 
        6088, 
        9089
      ], 
      "26": [
        204005, 
        211220, 
        210426, 
        211309
      ], 
      "27": [
        95248, 
        83856, 
        96710, 
        41024
      ], 
      "28": [
        5643, 
        4390, 
        5664, 
        2155
      ], 
      "29": [
        92880, 
        105044, 
        96866, 
        84972
      ], 
      "3": [
        0, 
        0, 
        0, 
        0
      ], 
      "30": [
        0, 
        0, 
        0, 
        0
      ], 
      "31": [
        64610, 
        57506, 
        65614, 
        30028
      ], 
      "32": [
        144110, 
        168871, 
        156625, 
        196319
      ], 
      "33": [
        0, 
        0, 
        0, 
        0
      ], 
      "34": [
        79500, 
        111365, 
        91011, 
        166291
      ], 
      "35": [
        0, 
        0, 
        0, 
        0
      ], 
      "36": [
        0, 
        0, 
        0, 
        0
      ], 
      "37": [
        0, 
        0, 
        0, 
        0
      ], 
      "38": [
        0, 
        0, 
        0, 
        0
      ], 
      "39": [
        0, 
        0, 
        0, 
        0
      ], 
      "4": [
        0, 
        0, 
        0, 
        0
      ], 
      "40": [
        0, 
        0, 
        0, 
        0
      ], 
      "41": [
        0, 
        0, 
        0, 
        0
      ], 
      "42": [
        0, 
        0, 
        0, 
        0
      ], 
      "43": [
        0, 
        0, 
        0, 
        0
      ], 
      "44": [
        0, 
        0, 
        0, 
        0
      ], 
      "45": [
        0, 
        0, 
        0, 
        0
      ], 
      "46": [
        0, 
        0, 
        0, 
        0
      ], 
      "47": [
        0, 
        0, 
        0, 
        0
      ], 
      "48": [
        10240, 
        8852, 
        10300, 
        4208
      ], 
      "49": [
        3771, 
        9275, 
        5315, 
        20174
      ], 
      "5": [
        0, 
        0, 
        0, 
        0
      ], 
      "50": [
        8290, 
        7401, 
        8412, 
        4239
      ], 
      "51": [
        384, 
        284, 
        404, 
        131
      ], 
      "52": [
        8290, 
        7401, 
        8412, 
        4239
      ], 
      "53": [
        14926, 
        26399, 
        18072, 
        47209
      ], 
      "54": [
        4512, 
        3740, 
        4606, 
        2462
      ], 
      "55": [
        13, 
        20, 
        22, 
        9
      ], 
      "56": [
        3373, 
        2652, 
        3382, 
        1735
      ], 
      "57": [
        1, 
        1, 
        1, 
        1
      ], 
      "58": [
        4, 
        4, 
        4, 
        4
      ], 
      "59": [
        47, 
        47, 
        49, 
        47
      ], 
      "6": [
        0, 
        0, 
        0, 
        0
      ], 
      "60": [
        290, 
        270, 
        342, 
        145
      ], 
      "61": [
        26821, 
        23655, 
        27125, 
        12686
      ], 
      "62": [
        372, 
        372, 
        372, 
        372
      ], 
      "63": [
        0, 
        0, 
        0, 
        0
      ], 
      "7": [
        0, 
        0, 
        0, 
        0
      ], 
      "8": [
        0, 
        0, 
        0, 
        0
      ], 
      "9": [
        0, 
        0, 
        0, 
        0
      ]
    }
  }, 
  "features": {
    "GWS": [
      16, 
      16, 
      64
    ], 
    "LWS": [
      4, 
      1, 
      64
    ], 
    "OFFSET": [
      0, 
      0, 
      0
    ], 
    "compiler name": "ARM Mali OpenCL", 
    "compiler version": "5.0", 
    "cpu_freq": 1600, 
    "gpu_freq": 266, 
    "image cols": 2126, 
    "image rows": 2658, 
    "pool_dir": "pool.04", 
    "program version": "c597087", 
    "size": 16
  }, 
  "meta": {
    "device name": "Mali-T604", 
    "device type": "GPU", 
    "device vendor": "ARM", 
    "experiment type": "benchmarking", 
    "kernel name": "calc_histogram", 
    "program name": "Realeyes HOG"
  }, 
  "tags": [
    "demo", 
    "arm", 
    "codegen15"
  ], 
  "work": {
    "repl": 2, 
    "timestamp": "2015-02-22T01:55:15.055002"
  }
}