{
  "characteristics": {
    "cpu": 0.110235, 
    "gpu_copy": 0.035778, 
    "gpu_only": 0.026847, 
    "is_gpu_better": true, 
    "l2 cache and mmu counters": {
      "0": 407720747, 
      "1": 10, 
      "10": 0, 
      "11": 0, 
      "12": 0, 
      "13": 0, 
      "14": 0, 
      "15": 0, 
      "16": 8, 
      "17": 3, 
      "18": 215, 
      "19": 4, 
      "2": 65535, 
      "20": 0, 
      "21": 0, 
      "22": 0, 
      "23": 0, 
      "24": 0, 
      "25": 0, 
      "26": 0, 
      "27": 0, 
      "28": 0, 
      "29": 0, 
      "3": 0, 
      "30": 14338, 
      "31": 103796, 
      "32": 10640251, 
      "33": 8685600, 
      "34": 8660406, 
      "35": 734954, 
      "36": 784471, 
      "37": 8407582, 
      "38": 0, 
      "39": 1157430, 
      "4": 183631, 
      "40": 1125437, 
      "41": 4099, 
      "42": 0, 
      "43": 1153227, 
      "44": 0, 
      "45": 185, 
      "46": 0, 
      "47": 0, 
      "48": 25949, 
      "49": 25949, 
      "5": 16066, 
      "50": 3592, 
      "51": 2972, 
      "52": 8, 
      "53": 2, 
      "54": 0, 
      "55": 0, 
      "56": 0, 
      "57": 519, 
      "58": 0, 
      "59": 0, 
      "6": 78, 
      "60": 0, 
      "61": 227746, 
      "62": 9128086, 
      "63": 6884449, 
      "7": 1860, 
      "8": 14946, 
      "9": 0
    }, 
    "shader core counters": {
      "0": [
        407720747, 
        407720747, 
        407720747, 
        407720747
      ], 
      "1": [
        10, 
        10, 
        10, 
        10
      ], 
      "10": [
        0, 
        0, 
        0, 
        0
      ], 
      "11": [
        0, 
        0, 
        0, 
        0
      ], 
      "12": [
        0, 
        0, 
        0, 
        0
      ], 
      "13": [
        0, 
        0, 
        0, 
        0
      ], 
      "14": [
        0, 
        0, 
        0, 
        0
      ], 
      "15": [
        0, 
        0, 
        0, 
        0
      ], 
      "16": [
        0, 
        0, 
        0, 
        0
      ], 
      "17": [
        0, 
        0, 
        0, 
        0
      ], 
      "18": [
        0, 
        0, 
        0, 
        0
      ], 
      "19": [
        0, 
        0, 
        0, 
        0
      ], 
      "2": [
        65535, 
        65535, 
        65535, 
        65535
      ], 
      "20": [
        0, 
        0, 
        0, 
        0
      ], 
      "21": [
        0, 
        0, 
        0, 
        0
      ], 
      "22": [
        14307688, 
        14303260, 
        14304447, 
        14308888
      ], 
      "23": [
        2422, 
        2107, 
        2374, 
        1289
      ], 
      "24": [
        310016, 
        269696, 
        303872, 
        164992
      ], 
      "25": [
        7968, 
        7593, 
        7104, 
        22320
      ], 
      "26": [
        14307076, 
        14302651, 
        14303840, 
        14308284
      ], 
      "27": [
        7068799, 
        6142288, 
        6876744, 
        3834625
      ], 
      "28": [
        433211, 
        341105, 
        409845, 
        184341
      ], 
      "29": [
        6677473, 
        7254447, 
        6867403, 
        7140446
      ], 
      "3": [
        0, 
        0, 
        0, 
        0
      ], 
      "30": [
        0, 
        0, 
        0, 
        0
      ], 
      "31": [
        4678130, 
        4100174, 
        4562064, 
        2618462
      ], 
      "32": [
        10381061, 
        11649651, 
        10783981, 
        13480272
      ], 
      "33": [
        0, 
        0, 
        0, 
        0
      ], 
      "34": [
        5702931, 
        7549477, 
        6221917, 
        10861810
      ], 
      "35": [
        0, 
        0, 
        0, 
        0
      ], 
      "36": [
        0, 
        0, 
        0, 
        0
      ], 
      "37": [
        0, 
        0, 
        0, 
        0
      ], 
      "38": [
        0, 
        0, 
        0, 
        0
      ], 
      "39": [
        0, 
        0, 
        0, 
        0
      ], 
      "4": [
        0, 
        0, 
        0, 
        0
      ], 
      "40": [
        0, 
        0, 
        0, 
        0
      ], 
      "41": [
        0, 
        0, 
        0, 
        0
      ], 
      "42": [
        0, 
        0, 
        0, 
        0
      ], 
      "43": [
        0, 
        0, 
        0, 
        0
      ], 
      "44": [
        0, 
        0, 
        0, 
        0
      ], 
      "45": [
        0, 
        0, 
        0, 
        0
      ], 
      "46": [
        0, 
        0, 
        0, 
        0
      ], 
      "47": [
        0, 
        0, 
        0, 
        0
      ], 
      "48": [
        727860, 
        630136, 
        707028, 
        388224
      ], 
      "49": [
        281910, 
        619151, 
        401145, 
        1298543
      ], 
      "5": [
        0, 
        0, 
        0, 
        0
      ], 
      "50": [
        606893, 
        537629, 
        593291, 
        354613
      ], 
      "51": [
        29138, 
        22851, 
        27936, 
        11229
      ], 
      "52": [
        606893, 
        537629, 
        593291, 
        354613
      ], 
      "53": [
        1013044, 
        1699527, 
        1166256, 
        3010591
      ], 
      "54": [
        318939, 
        289030, 
        321322, 
        202461
      ], 
      "55": [
        1410, 
        1801, 
        3879, 
        2188
      ], 
      "56": [
        224843, 
        202759, 
        221210, 
        138831
      ], 
      "57": [
        1, 
        1, 
        1, 
        1
      ], 
      "58": [
        3, 
        3, 
        3, 
        3
      ], 
      "59": [
        47, 
        47, 
        47, 
        47
      ], 
      "6": [
        0, 
        0, 
        0, 
        0
      ], 
      "60": [
        25779, 
        22918, 
        24740, 
        14341
      ], 
      "61": [
        1941647, 
        1705395, 
        1893610, 
        1097451
      ], 
      "62": [
        372, 
        372, 
        372, 
        372
      ], 
      "63": [
        0, 
        0, 
        0, 
        0
      ], 
      "7": [
        0, 
        0, 
        0, 
        0
      ], 
      "8": [
        0, 
        0, 
        0, 
        0
      ], 
      "9": [
        0, 
        0, 
        0, 
        0
      ]
    }
  }, 
  "features": {
    "GWS": [
      12, 
      12, 
      64
    ], 
    "LWS": [
      4, 
      1, 
      64
    ], 
    "OFFSET": [
      0, 
      0, 
      0
    ], 
    "compiler name": "ARM Mali OpenCL", 
    "compiler version": "5.0", 
    "cpu_freq": 1600, 
    "gpu_freq": 533, 
    "image cols": 2174, 
    "image rows": 2215, 
    "pool_dir": "pool.00", 
    "program version": "c597087", 
    "size": 128
  }, 
  "meta": {
    "device name": "Mali-T604", 
    "device type": "GPU", 
    "device vendor": "ARM", 
    "experiment type": "benchmarking", 
    "kernel name": "calc_histogram", 
    "program name": "Realeyes HOG"
  }, 
  "tags": [
    "demo", 
    "arm", 
    "codegen15"
  ], 
  "work": {
    "repl": 4, 
    "timestamp": "2015-02-22T01:50:28.515819"
  }
}