{
  "characteristics": {
    "cpu": 0.103264, 
    "gpu_copy": 0.032404, 
    "gpu_only": 0.024001, 
    "is_gpu_better": true, 
    "l2 cache and mmu counters": {
      "0": 3658099585, 
      "1": 16, 
      "10": 0, 
      "11": 0, 
      "12": 0, 
      "13": 0, 
      "14": 0, 
      "15": 0, 
      "16": 243, 
      "17": 19, 
      "18": 218, 
      "19": 7, 
      "2": 65535, 
      "20": 0, 
      "21": 0, 
      "22": 0, 
      "23": 0, 
      "24": 0, 
      "25": 0, 
      "26": 0, 
      "27": 0, 
      "28": 0, 
      "29": 0, 
      "3": 0, 
      "30": 274064, 
      "31": 407368, 
      "32": 9975119, 
      "33": 8122605, 
      "34": 7842214, 
      "35": 688693, 
      "36": 715111, 
      "37": 7786358, 
      "38": 108, 
      "39": 1114109, 
      "4": 157998, 
      "40": 971795, 
      "41": 49508, 
      "42": 0, 
      "43": 997712, 
      "44": 3160, 
      "45": 15921, 
      "46": 32388, 
      "47": 13346, 
      "48": 101871, 
      "49": 101654, 
      "5": 14593, 
      "50": 69722, 
      "51": 2532, 
      "52": 1603, 
      "53": 8, 
      "54": 35887, 
      "55": 34, 
      "56": 0, 
      "57": 363, 
      "58": 95640, 
      "59": 0, 
      "6": 88, 
      "60": 18333, 
      "61": 210244, 
      "62": 8246880, 
      "63": 6415154, 
      "7": 2074, 
      "8": 13320, 
      "9": 0
    }, 
    "shader core counters": {
      "0": [
        3658099585, 
        3658099585, 
        3658099585, 
        3658099585
      ], 
      "1": [
        16, 
        16, 
        16, 
        16
      ], 
      "10": [
        17669, 
        17518, 
        17725, 
        17149
      ], 
      "11": [
        18855, 
        18170, 
        18126, 
        18707
      ], 
      "12": [
        325936, 
        321072, 
        325772, 
        320104
      ], 
      "13": [
        9184, 
        9579, 
        8175, 
        9279
      ], 
      "14": [
        81484, 
        80268, 
        81443, 
        80026
      ], 
      "15": [
        81484, 
        80268, 
        81443, 
        80026
      ], 
      "16": [
        0, 
        0, 
        0, 
        0
      ], 
      "17": [
        0, 
        0, 
        0, 
        0
      ], 
      "18": [
        0, 
        0, 
        0, 
        0
      ], 
      "19": [
        5658, 
        7683, 
        7512, 
        11735
      ], 
      "2": [
        65535, 
        65535, 
        65535, 
        65535
      ], 
      "20": [
        1042, 
        1027, 
        1039, 
        1020
      ], 
      "21": [
        0, 
        0, 
        0, 
        0
      ], 
      "22": [
        12804440, 
        12805148, 
        12807384, 
        12810290
      ], 
      "23": [
        2506, 
        2157, 
        2445, 
        1141
      ], 
      "24": [
        318908, 
        274360, 
        311224, 
        144312
      ], 
      "25": [
        25735, 
        25410, 
        24565, 
        28150
      ], 
      "26": [
        13572675, 
        13574015, 
        13577336, 
        13578891
      ], 
      "27": [
        6554549, 
        5693241, 
        6431183, 
        3159473
      ], 
      "28": [
        388137, 
        300517, 
        373762, 
        134830
      ], 
      "29": [
        5935561, 
        6482829, 
        6061937, 
        6352126
      ], 
      "3": [
        0, 
        0, 
        0, 
        0
      ], 
      "30": [
        33474, 
        36738, 
        34987, 
        37599
      ], 
      "31": [
        4479480, 
        3934552, 
        4396288, 
        2348782
      ], 
      "32": [
        9665305, 
        10828699, 
        9914339, 
        12649254
      ], 
      "33": [
        0, 
        0, 
        0, 
        0
      ], 
      "34": [
        5111622, 
        6822000, 
        5448097, 
        10231527
      ], 
      "35": [
        76478, 
        74318, 
        71928, 
        70951
      ], 
      "36": [
        2004, 
        1883, 
        1818, 
        1808
      ], 
      "37": [
        0, 
        0, 
        0, 
        0
      ], 
      "38": [
        308340, 
        303812, 
        309788, 
        303744
      ], 
      "39": [
        9166, 
        8323, 
        7787, 
        9335
      ], 
      "4": [
        773721, 
        774183, 
        774608, 
        774698
      ], 
      "40": [
        24, 
        30, 
        28, 
        30
      ], 
      "41": [
        34696, 
        34681, 
        30631, 
        31183
      ], 
      "42": [
        670586, 
        675683, 
        681123, 
        675313
      ], 
      "43": [
        394728, 
        404986, 
        400703, 
        401572
      ], 
      "44": [
        1567, 
        1590, 
        1307, 
        1356
      ], 
      "45": [
        0, 
        0, 
        0, 
        0
      ], 
      "46": [
        0, 
        0, 
        0, 
        0
      ], 
      "47": [
        0, 
        0, 
        0, 
        0
      ], 
      "48": [
        678828, 
        584945, 
        666214, 
        310069
      ], 
      "49": [
        219862, 
        492716, 
        289683, 
        1081646
      ], 
      "5": [
        3454, 
        3462, 
        3482, 
        3394
      ], 
      "50": [
        517868, 
        455718, 
        506979, 
        272735
      ], 
      "51": [
        24933, 
        19342, 
        23579, 
        7946
      ], 
      "52": [
        517810, 
        455664, 
        506927, 
        272683
      ], 
      "53": [
        929698, 
        1603058, 
        1040750, 
        3081138
      ], 
      "54": [
        282873, 
        253434, 
        275545, 
        164075
      ], 
      "55": [
        2324, 
        2073, 
        2305, 
        848
      ], 
      "56": [
        208650, 
        186263, 
        202219, 
        119842
      ], 
      "57": [
        22, 
        12, 
        18, 
        13
      ], 
      "58": [
        5136, 
        5039, 
        4886, 
        4961
      ], 
      "59": [
        49732, 
        49049, 
        49663, 
        48745
      ], 
      "6": [
        564, 
        574, 
        578, 
        620
      ], 
      "60": [
        19658, 
        17268, 
        19766, 
        9464
      ], 
      "61": [
        1714499, 
        1496321, 
        1680114, 
        855482
      ], 
      "62": [
        210683, 
        207654, 
        211713, 
        207104
      ], 
      "63": [
        132336, 
        130176, 
        132520, 
        129520
      ], 
      "7": [
        57781, 
        55053, 
        57696, 
        51395
      ], 
      "8": [
        1375, 
        1184, 
        1180, 
        1824
      ], 
      "9": [
        15948, 
        14637, 
        15827, 
        15218
      ]
    }
  }, 
  "features": {
    "GWS": [
      12, 
      12, 
      64
    ], 
    "LWS": [
      4, 
      1, 
      64
    ], 
    "OFFSET": [
      0, 
      0, 
      0
    ], 
    "compiler name": "ARM Mali OpenCL", 
    "compiler version": "5.0", 
    "cpu_freq": 1600, 
    "gpu_freq": 533, 
    "image cols": 2521, 
    "image rows": 2184, 
    "pool_dir": "pool.20", 
    "program version": "c597087", 
    "size": 128
  }, 
  "meta": {
    "device name": "Mali-T604", 
    "device type": "GPU", 
    "device vendor": "ARM", 
    "experiment type": "benchmarking", 
    "kernel name": "calc_histogram", 
    "program name": "Realeyes HOG"
  }, 
  "tags": [
    "demo", 
    "arm", 
    "codegen15"
  ], 
  "work": {
    "repl": 2, 
    "timestamp": "2015-02-22T02:10:37.689231"
  }
}