{
  "characteristics": {
    "cpu": 0.079541, 
    "gpu_copy": 0.049923, 
    "gpu_only": 0.042829, 
    "is_gpu_better": true, 
    "l2 cache and mmu counters": {
      "0": 3179184934, 
      "1": 11, 
      "10": 0, 
      "11": 0, 
      "12": 0, 
      "13": 0, 
      "14": 0, 
      "15": 0, 
      "16": 8, 
      "17": 3, 
      "18": 142, 
      "19": 4, 
      "2": 65535, 
      "20": 0, 
      "21": 0, 
      "22": 0, 
      "23": 0, 
      "24": 0, 
      "25": 0, 
      "26": 0, 
      "27": 0, 
      "28": 0, 
      "29": 0, 
      "3": 0, 
      "30": 9916, 
      "31": 63844, 
      "32": 8486204, 
      "33": 6999686, 
      "34": 6989133, 
      "35": 582734, 
      "36": 635211, 
      "37": 6779423, 
      "38": 0, 
      "39": 842540, 
      "4": 90976, 
      "40": 817523, 
      "41": 2405, 
      "42": 0, 
      "43": 839779, 
      "44": 0, 
      "45": 119, 
      "46": 0, 
      "47": 0, 
      "48": 15961, 
      "49": 15961, 
      "5": 5213, 
      "50": 2489, 
      "51": 2089, 
      "52": 13, 
      "53": 2, 
      "54": 0, 
      "55": 0, 
      "56": 0, 
      "57": 236, 
      "58": 0, 
      "59": 0, 
      "6": 65, 
      "60": 0, 
      "61": 198250, 
      "62": 7274951, 
      "63": 5827792, 
      "7": 538, 
      "8": 4989, 
      "9": 0
    }, 
    "shader core counters": {
      "0": [
        3179184934, 
        3179184934, 
        3179184934, 
        3179184934
      ], 
      "1": [
        11, 
        11, 
        11, 
        11
      ], 
      "10": [
        0, 
        0, 
        0, 
        0
      ], 
      "11": [
        0, 
        0, 
        0, 
        0
      ], 
      "12": [
        0, 
        0, 
        0, 
        0
      ], 
      "13": [
        0, 
        0, 
        0, 
        0
      ], 
      "14": [
        0, 
        0, 
        0, 
        0
      ], 
      "15": [
        0, 
        0, 
        0, 
        0
      ], 
      "16": [
        0, 
        0, 
        0, 
        0
      ], 
      "17": [
        0, 
        0, 
        0, 
        0
      ], 
      "18": [
        0, 
        0, 
        0, 
        0
      ], 
      "19": [
        0, 
        0, 
        0, 
        0
      ], 
      "2": [
        65535, 
        65535, 
        65535, 
        65535
      ], 
      "20": [
        0, 
        0, 
        0, 
        0
      ], 
      "21": [
        0, 
        0, 
        0, 
        0
      ], 
      "22": [
        11382586, 
        11388014, 
        11385328, 
        11392104
      ], 
      "23": [
        2547, 
        2182, 
        2505, 
        958
      ], 
      "24": [
        326016, 
        279296, 
        320640, 
        122624
      ], 
      "25": [
        10477, 
        14102, 
        11700, 
        182149
      ], 
      "26": [
        11382243, 
        11387667, 
        11384984, 
        11391766
      ], 
      "27": [
        5718202, 
        4927738, 
        5596766, 
        2240092
      ], 
      "28": [
        351308, 
        264369, 
        334493, 
        102463
      ], 
      "29": [
        5222935, 
        5831615, 
        5352355, 
        5401363
      ], 
      "3": [
        0, 
        0, 
        0, 
        0
      ], 
      "30": [
        0, 
        0, 
        0, 
        0
      ], 
      "31": [
        3788160, 
        3294204, 
        3718158, 
        1585512
      ], 
      "32": [
        8109285, 
        9257517, 
        8372477, 
        11081064
      ], 
      "33": [
        0, 
        0, 
        0, 
        0
      ], 
      "34": [
        4321125, 
        5963313, 
        4654319, 
        9495552
      ], 
      "35": [
        0, 
        0, 
        0, 
        0
      ], 
      "36": [
        0, 
        0, 
        0, 
        0
      ], 
      "37": [
        0, 
        0, 
        0, 
        0
      ], 
      "38": [
        0, 
        0, 
        0, 
        0
      ], 
      "39": [
        0, 
        0, 
        0, 
        0
      ], 
      "4": [
        0, 
        0, 
        0, 
        0
      ], 
      "40": [
        0, 
        0, 
        0, 
        0
      ], 
      "41": [
        0, 
        0, 
        0, 
        0
      ], 
      "42": [
        0, 
        0, 
        0, 
        0
      ], 
      "43": [
        0, 
        0, 
        0, 
        0
      ], 
      "44": [
        0, 
        0, 
        0, 
        0
      ], 
      "45": [
        0, 
        0, 
        0, 
        0
      ], 
      "46": [
        0, 
        0, 
        0, 
        0
      ], 
      "47": [
        0, 
        0, 
        0, 
        0
      ], 
      "48": [
        625648, 
        537640, 
        610976, 
        236872
      ], 
      "49": [
        161458, 
        391591, 
        208225, 
        910673
      ], 
      "5": [
        0, 
        0, 
        0, 
        0
      ], 
      "50": [
        460038, 
        405369, 
        453149, 
        212256
      ], 
      "51": [
        21856, 
        16981, 
        20738, 
        5662
      ], 
      "52": [
        460038, 
        405369, 
        453149, 
        212256
      ], 
      "53": [
        852906, 
        1502997, 
        973435, 
        3087198
      ], 
      "54": [
        239299, 
        216621, 
        233593, 
        130081
      ], 
      "55": [
        1146, 
        1479, 
        1171, 
        889
      ], 
      "56": [
        187106, 
        168046, 
        182153, 
        98910
      ], 
      "57": [
        1, 
        1, 
        1, 
        1
      ], 
      "58": [
        3, 
        3, 
        3, 
        3
      ], 
      "59": [
        47, 
        47, 
        47, 
        47
      ], 
      "6": [
        0, 
        0, 
        0, 
        0
      ], 
      "60": [
        13280, 
        11913, 
        13208, 
        5692
      ], 
      "61": [
        1545724, 
        1348378, 
        1517275, 
        661384
      ], 
      "62": [
        372, 
        372, 
        372, 
        372
      ], 
      "63": [
        0, 
        0, 
        0, 
        0
      ], 
      "7": [
        0, 
        0, 
        0, 
        0
      ], 
      "8": [
        0, 
        0, 
        0, 
        0
      ], 
      "9": [
        0, 
        0, 
        0, 
        0
      ]
    }
  }, 
  "features": {
    "GWS": [
      12, 
      12, 
      64
    ], 
    "LWS": [
      4, 
      1, 
      64
    ], 
    "OFFSET": [
      0, 
      0, 
      0
    ], 
    "compiler name": "ARM Mali OpenCL", 
    "compiler version": "5.0", 
    "cpu_freq": 1600, 
    "gpu_freq": 266, 
    "image cols": 2582, 
    "image rows": 1940, 
    "pool_dir": "pool.06", 
    "program version": "c597087", 
    "size": 128
  }, 
  "meta": {
    "device name": "Mali-T604", 
    "device type": "GPU", 
    "device vendor": "ARM", 
    "experiment type": "benchmarking", 
    "kernel name": "calc_histogram", 
    "program name": "Realeyes HOG"
  }, 
  "tags": [
    "demo", 
    "arm", 
    "codegen15"
  ], 
  "work": {
    "repl": 4, 
    "timestamp": "2015-02-22T01:55:23.016155"
  }
}