{
  "characteristics": {
    "cpu": 0.003379, 
    "gpu_copy": 0.003794, 
    "gpu_only": 0.000366, 
    "is_gpu_better": false, 
    "l2 cache and mmu counters": {
      "0": 68822682, 
      "1": 16, 
      "10": 0, 
      "11": 0, 
      "12": 0, 
      "13": 0, 
      "14": 0, 
      "15": 0, 
      "16": 8, 
      "17": 3, 
      "18": 196, 
      "19": 4, 
      "2": 65535, 
      "20": 0, 
      "21": 0, 
      "22": 0, 
      "23": 0, 
      "24": 0, 
      "25": 0, 
      "26": 0, 
      "27": 0, 
      "28": 0, 
      "29": 0, 
      "3": 0, 
      "30": 782, 
      "31": 3968, 
      "32": 143484, 
      "33": 114652, 
      "34": 112672, 
      "35": 9598, 
      "36": 10294, 
      "37": 110366, 
      "38": 0, 
      "39": 14319, 
      "4": 142, 
      "40": 13918, 
      "41": 89, 
      "42": 0, 
      "43": 14259, 
      "44": 0, 
      "45": 33, 
      "46": 0, 
      "47": 20, 
      "48": 992, 
      "49": 992, 
      "5": 64, 
      "50": 205, 
      "51": 170, 
      "52": 4, 
      "53": 2, 
      "54": 0, 
      "55": 0, 
      "56": 0, 
      "57": 0, 
      "58": 139, 
      "59": 0, 
      "6": 50, 
      "60": 0, 
      "61": 3296, 
      "62": 115918, 
      "63": 91145, 
      "7": 103, 
      "8": 36, 
      "9": 0
    }, 
    "shader core counters": {
      "0": [
        68822682, 
        68822682, 
        68822682, 
        68822682
      ], 
      "1": [
        16, 
        16, 
        16, 
        16
      ], 
      "10": [
        0, 
        0, 
        0, 
        0
      ], 
      "11": [
        0, 
        0, 
        0, 
        0
      ], 
      "12": [
        0, 
        0, 
        0, 
        0
      ], 
      "13": [
        0, 
        0, 
        0, 
        0
      ], 
      "14": [
        0, 
        0, 
        0, 
        0
      ], 
      "15": [
        0, 
        0, 
        0, 
        0
      ], 
      "16": [
        0, 
        0, 
        0, 
        0
      ], 
      "17": [
        0, 
        0, 
        0, 
        0
      ], 
      "18": [
        0, 
        0, 
        0, 
        0
      ], 
      "19": [
        0, 
        0, 
        0, 
        0
      ], 
      "2": [
        65535, 
        65535, 
        65535, 
        65535
      ], 
      "20": [
        0, 
        0, 
        0, 
        0
      ], 
      "21": [
        0, 
        0, 
        0, 
        0
      ], 
      "22": [
        193628, 
        194488, 
        188424, 
        194974
      ], 
      "23": [
        41, 
        34, 
        38, 
        15
      ], 
      "24": [
        5248, 
        4352, 
        4864, 
        1920
      ], 
      "25": [
        6866, 
        7617, 
        8462, 
        15820
      ], 
      "26": [
        193208, 
        194066, 
        188007, 
        194554
      ], 
      "27": [
        93374, 
        75564, 
        85716, 
        32560
      ], 
      "28": [
        5755, 
        3574, 
        4806, 
        1677
      ], 
      "29": [
        83293, 
        96561, 
        86472, 
        66096
      ], 
      "3": [
        0, 
        0, 
        0, 
        0
      ], 
      "30": [
        0, 
        0, 
        0, 
        0
      ], 
      "31": [
        61886, 
        51742, 
        58366, 
        24408
      ], 
      "32": [
        131735, 
        157727, 
        134066, 
        180803
      ], 
      "33": [
        0, 
        0, 
        0, 
        0
      ], 
      "34": [
        69849, 
        105985, 
        75700, 
        156395
      ], 
      "35": [
        0, 
        0, 
        0, 
        0
      ], 
      "36": [
        0, 
        0, 
        0, 
        0
      ], 
      "37": [
        0, 
        0, 
        0, 
        0
      ], 
      "38": [
        0, 
        0, 
        0, 
        0
      ], 
      "39": [
        0, 
        0, 
        0, 
        0
      ], 
      "4": [
        0, 
        0, 
        0, 
        0
      ], 
      "40": [
        0, 
        0, 
        0, 
        0
      ], 
      "41": [
        0, 
        0, 
        0, 
        0
      ], 
      "42": [
        0, 
        0, 
        0, 
        0
      ], 
      "43": [
        0, 
        0, 
        0, 
        0
      ], 
      "44": [
        0, 
        0, 
        0, 
        0
      ], 
      "45": [
        0, 
        0, 
        0, 
        0
      ], 
      "46": [
        0, 
        0, 
        0, 
        0
      ], 
      "47": [
        0, 
        0, 
        0, 
        0
      ], 
      "48": [
        10136, 
        8208, 
        9536, 
        3352
      ], 
      "49": [
        3517, 
        8968, 
        4012, 
        15694
      ], 
      "5": [
        0, 
        0, 
        0, 
        0
      ], 
      "50": [
        7603, 
        6527, 
        7215, 
        3434
      ], 
      "51": [
        332, 
        327, 
        357, 
        87
      ], 
      "52": [
        7603, 
        6527, 
        7215, 
        3434
      ], 
      "53": [
        13013, 
        25860, 
        15559, 
        48729
      ], 
      "54": [
        3917, 
        4038, 
        4009, 
        2029
      ], 
      "55": [
        29, 
        27, 
        19, 
        9
      ], 
      "56": [
        2867, 
        2954, 
        3020, 
        1454
      ], 
      "57": [
        1, 
        1, 
        1, 
        1
      ], 
      "58": [
        3, 
        3, 
        3, 
        3
      ], 
      "59": [
        47, 
        47, 
        47, 
        48
      ], 
      "6": [
        0, 
        0, 
        0, 
        0
      ], 
      "60": [
        15, 
        16, 
        15, 
        15
      ], 
      "61": [
        25343, 
        21263, 
        23967, 
        10220
      ], 
      "62": [
        372, 
        372, 
        372, 
        372
      ], 
      "63": [
        0, 
        0, 
        0, 
        16
      ], 
      "7": [
        0, 
        0, 
        0, 
        0
      ], 
      "8": [
        0, 
        0, 
        0, 
        0
      ], 
      "9": [
        0, 
        0, 
        0, 
        0
      ]
    }
  }, 
  "features": {
    "GWS": [
      16, 
      16, 
      64
    ], 
    "LWS": [
      4, 
      1, 
      64
    ], 
    "OFFSET": [
      0, 
      0, 
      0
    ], 
    "compiler name": "ARM Mali OpenCL", 
    "compiler version": "5.0", 
    "cpu_freq": 800, 
    "gpu_freq": 533, 
    "image cols": 816, 
    "image rows": 612, 
    "pool_dir": "pool.21", 
    "program version": "c597087", 
    "size": 16
  }, 
  "meta": {
    "device name": "Mali-T604", 
    "device type": "GPU", 
    "device vendor": "ARM", 
    "experiment type": "benchmarking", 
    "kernel name": "calc_histogram", 
    "program name": "Realeyes HOG"
  }, 
  "tags": [
    "demo", 
    "arm", 
    "codegen15"
  ], 
  "work": {
    "repl": 2, 
    "timestamp": "2015-02-22T02:08:08.249632"
  }
}