{
  "characteristics": {
    "cpu": 0.042649, 
    "gpu_copy": 0.01502, 
    "gpu_only": 0.011376, 
    "is_gpu_better": true, 
    "l2 cache and mmu counters": {
      "0": 1608359971, 
      "1": 23, 
      "10": 0, 
      "11": 0, 
      "12": 0, 
      "13": 0, 
      "14": 0, 
      "15": 0, 
      "16": 8, 
      "17": 3, 
      "18": 137, 
      "19": 4, 
      "2": 65535, 
      "20": 0, 
      "21": 0, 
      "22": 0, 
      "23": 0, 
      "24": 0, 
      "25": 0, 
      "26": 0, 
      "27": 0, 
      "28": 0, 
      "29": 0, 
      "3": 0, 
      "30": 3069, 
      "31": 17564, 
      "32": 2244269, 
      "33": 1853330, 
      "34": 1851036, 
      "35": 153889, 
      "36": 168354, 
      "37": 1795614, 
      "38": 0, 
      "39": 217381, 
      "4": 629, 
      "40": 210738, 
      "41": 712, 
      "42": 0, 
      "43": 216630, 
      "44": 0, 
      "45": 56, 
      "46": 0, 
      "47": 0, 
      "48": 4391, 
      "49": 4391, 
      "5": 65, 
      "50": 773, 
      "51": 650, 
      "52": 7, 
      "53": 2, 
      "54": 0, 
      "55": 0, 
      "56": 0, 
      "57": 58, 
      "58": 0, 
      "59": 0, 
      "6": 21, 
      "60": 0, 
      "61": 51718, 
      "62": 1923773, 
      "63": 1559492, 
      "7": 93, 
      "8": 43, 
      "9": 0
    }, 
    "shader core counters": {
      "0": [
        1608359971, 
        1608359971, 
        1608359971, 
        1608359971
      ], 
      "1": [
        23, 
        23, 
        23, 
        23
      ], 
      "10": [
        0, 
        0, 
        0, 
        0
      ], 
      "11": [
        0, 
        0, 
        0, 
        0
      ], 
      "12": [
        0, 
        0, 
        0, 
        0
      ], 
      "13": [
        0, 
        0, 
        0, 
        0
      ], 
      "14": [
        0, 
        0, 
        0, 
        0
      ], 
      "15": [
        0, 
        0, 
        0, 
        0
      ], 
      "16": [
        0, 
        0, 
        0, 
        0
      ], 
      "17": [
        0, 
        0, 
        0, 
        0
      ], 
      "18": [
        0, 
        0, 
        0, 
        0
      ], 
      "19": [
        0, 
        0, 
        0, 
        0
      ], 
      "2": [
        65535, 
        65535, 
        65535, 
        65535
      ], 
      "20": [
        0, 
        0, 
        0, 
        0
      ], 
      "21": [
        0, 
        0, 
        0, 
        0
      ], 
      "22": [
        3018239, 
        3020975, 
        3016999, 
        3025656
      ], 
      "23": [
        646, 
        533, 
        636, 
        233
      ], 
      "24": [
        82688, 
        68224, 
        81408, 
        29824
      ], 
      "25": [
        6222, 
        7813, 
        8418, 
        122270
      ], 
      "26": [
        3017885, 
        3020621, 
        3016647, 
        3025309
      ], 
      "27": [
        1492008, 
        1227806, 
        1454356, 
        550876
      ], 
      "28": [
        89702, 
        63321, 
        85059, 
        26415
      ], 
      "29": [
        1405091, 
        1575897, 
        1441310, 
        1339911
      ], 
      "3": [
        0, 
        0, 
        0, 
        0
      ], 
      "30": [
        0, 
        0, 
        0, 
        0
      ], 
      "31": [
        1009856, 
        846450, 
        987248, 
        402226
      ], 
      "32": [
        2145924, 
        2495312, 
        2229099, 
        2916190
      ], 
      "33": [
        0, 
        0, 
        0, 
        0
      ], 
      "34": [
        1136068, 
        1648862, 
        1241851, 
        2513964
      ], 
      "35": [
        0, 
        0, 
        0, 
        0
      ], 
      "36": [
        0, 
        0, 
        0, 
        0
      ], 
      "37": [
        0, 
        0, 
        0, 
        0
      ], 
      "38": [
        0, 
        0, 
        0, 
        0
      ], 
      "39": [
        0, 
        0, 
        0, 
        0
      ], 
      "4": [
        0, 
        0, 
        0, 
        0
      ], 
      "40": [
        0, 
        0, 
        0, 
        0
      ], 
      "41": [
        0, 
        0, 
        0, 
        0
      ], 
      "42": [
        0, 
        0, 
        0, 
        0
      ], 
      "43": [
        0, 
        0, 
        0, 
        0
      ], 
      "44": [
        0, 
        0, 
        0, 
        0
      ], 
      "45": [
        0, 
        0, 
        0, 
        0
      ], 
      "46": [
        0, 
        0, 
        0, 
        0
      ], 
      "47": [
        0, 
        0, 
        0, 
        0
      ], 
      "48": [
        160960, 
        131664, 
        156200, 
        56392
      ], 
      "49": [
        40207, 
        104748, 
        56374, 
        204151
      ], 
      "5": [
        0, 
        0, 
        0, 
        0
      ], 
      "50": [
        127474, 
        109168, 
        125098, 
        56456
      ], 
      "51": [
        6190, 
        4553, 
        5664, 
        1346
      ], 
      "52": [
        127474, 
        109168, 
        125098, 
        56456
      ], 
      "53": [
        230042, 
        438673, 
        266323, 
        863211
      ], 
      "54": [
        63169, 
        55969, 
        61074, 
        31025
      ], 
      "55": [
        375, 
        306, 
        318, 
        98
      ], 
      "56": [
        50548, 
        44715, 
        48592, 
        24720
      ], 
      "57": [
        1, 
        1, 
        1, 
        1
      ], 
      "58": [
        3, 
        3, 
        3, 
        3
      ], 
      "59": [
        47, 
        47, 
        47, 
        47
      ], 
      "6": [
        0, 
        0, 
        0, 
        0
      ], 
      "60": [
        70, 
        84, 
        86, 
        63
      ], 
      "61": [
        415908, 
        350001, 
        406396, 
        169305
      ], 
      "62": [
        372, 
        372, 
        372, 
        372
      ], 
      "63": [
        0, 
        0, 
        0, 
        0
      ], 
      "7": [
        0, 
        0, 
        0, 
        0
      ], 
      "8": [
        0, 
        0, 
        0, 
        0
      ], 
      "9": [
        0, 
        0, 
        0, 
        0
      ]
    }
  }, 
  "features": {
    "GWS": [
      64, 
      64, 
      64
    ], 
    "LWS": [
      4, 
      1, 
      64
    ], 
    "OFFSET": [
      0, 
      0, 
      0
    ], 
    "compiler name": "ARM Mali OpenCL", 
    "compiler version": "5.0", 
    "cpu_freq": 800, 
    "gpu_freq": 266, 
    "image cols": 944, 
    "image rows": 708, 
    "pool_dir": "pool.05", 
    "program version": "c597087", 
    "size": 64
  }, 
  "meta": {
    "device name": "Mali-T604", 
    "device type": "GPU", 
    "device vendor": "ARM", 
    "experiment type": "benchmarking", 
    "kernel name": "calc_histogram", 
    "program name": "Realeyes HOG"
  }, 
  "tags": [
    "demo", 
    "arm", 
    "codegen15"
  ], 
  "work": {
    "repl": 3, 
    "timestamp": "2015-02-22T02:30:05.071865"
  }
}