{
  "characteristics": {
    "cpu": 0.021215, 
    "gpu_copy": 0.013124, 
    "gpu_only": 0.011336, 
    "is_gpu_better": true, 
    "l2 cache and mmu counters": {
      "0": 473970635, 
      "1": 16, 
      "10": 0, 
      "11": 0, 
      "12": 0, 
      "13": 0, 
      "14": 0, 
      "15": 0, 
      "16": 8, 
      "17": 3, 
      "18": 136, 
      "19": 4, 
      "2": 65535, 
      "20": 0, 
      "21": 0, 
      "22": 0, 
      "23": 0, 
      "24": 0, 
      "25": 0, 
      "26": 0, 
      "27": 0, 
      "28": 0, 
      "29": 0, 
      "3": 0, 
      "30": 2900, 
      "31": 18236, 
      "32": 2248576, 
      "33": 1855786, 
      "34": 1853445, 
      "35": 154566, 
      "36": 169183, 
      "37": 1797906, 
      "38": 0, 
      "39": 218300, 
      "4": 597, 
      "40": 211791, 
      "41": 599, 
      "42": 0, 
      "43": 217644, 
      "44": 0, 
      "45": 61, 
      "46": 0, 
      "47": 0, 
      "48": 4559, 
      "49": 4559, 
      "5": 60, 
      "50": 730, 
      "51": 616, 
      "52": 6, 
      "53": 2, 
      "54": 0, 
      "55": 0, 
      "56": 0, 
      "57": 17, 
      "58": 0, 
      "59": 0, 
      "6": 22, 
      "60": 0, 
      "61": 50566, 
      "62": 1932469, 
      "63": 1558642, 
      "7": 86, 
      "8": 42, 
      "9": 0
    }, 
    "shader core counters": {
      "0": [
        473970635, 
        473970635, 
        473970635, 
        473970635
      ], 
      "1": [
        16, 
        16, 
        16, 
        16
      ], 
      "10": [
        0, 
        0, 
        0, 
        0
      ], 
      "11": [
        0, 
        0, 
        0, 
        0
      ], 
      "12": [
        0, 
        0, 
        0, 
        0
      ], 
      "13": [
        0, 
        0, 
        0, 
        0
      ], 
      "14": [
        0, 
        0, 
        0, 
        0
      ], 
      "15": [
        0, 
        0, 
        0, 
        0
      ], 
      "16": [
        0, 
        0, 
        0, 
        0
      ], 
      "17": [
        0, 
        0, 
        0, 
        0
      ], 
      "18": [
        0, 
        0, 
        0, 
        0
      ], 
      "19": [
        0, 
        0, 
        0, 
        0
      ], 
      "2": [
        65535, 
        65535, 
        65535, 
        65535
      ], 
      "20": [
        0, 
        0, 
        0, 
        0
      ], 
      "21": [
        0, 
        0, 
        0, 
        0
      ], 
      "22": [
        3012778, 
        3013502, 
        3006182, 
        3014996
      ], 
      "23": [
        650, 
        538, 
        633, 
        227
      ], 
      "24": [
        83200, 
        68864, 
        81024, 
        29056
      ], 
      "25": [
        7765, 
        10082, 
        6975, 
        148629
      ], 
      "26": [
        3012418, 
        3013141, 
        3005826, 
        3014646
      ], 
      "27": [
        1486472, 
        1234648, 
        1450862, 
        542248
      ], 
      "28": [
        88942, 
        64102, 
        84912, 
        25536
      ], 
      "29": [
        1407448, 
        1578983, 
        1433674, 
        1351921
      ], 
      "3": [
        0, 
        0, 
        0, 
        0
      ], 
      "30": [
        0, 
        0, 
        0, 
        0
      ], 
      "31": [
        1007408, 
        853890, 
        986752, 
        396382
      ], 
      "32": [
        2150288, 
        2485409, 
        2200098, 
        2919548
      ], 
      "33": [
        0, 
        0, 
        0, 
        0
      ], 
      "34": [
        1142880, 
        1631519, 
        1213346, 
        2523166
      ], 
      "35": [
        0, 
        0, 
        0, 
        0
      ], 
      "36": [
        0, 
        0, 
        0, 
        0
      ], 
      "37": [
        0, 
        0, 
        0, 
        0
      ], 
      "38": [
        0, 
        0, 
        0, 
        0
      ], 
      "39": [
        0, 
        0, 
        0, 
        0
      ], 
      "4": [
        0, 
        0, 
        0, 
        0
      ], 
      "40": [
        0, 
        0, 
        0, 
        0
      ], 
      "41": [
        0, 
        0, 
        0, 
        0
      ], 
      "42": [
        0, 
        0, 
        0, 
        0
      ], 
      "43": [
        0, 
        0, 
        0, 
        0
      ], 
      "44": [
        0, 
        0, 
        0, 
        0
      ], 
      "45": [
        0, 
        0, 
        0, 
        0
      ], 
      "46": [
        0, 
        0, 
        0, 
        0
      ], 
      "47": [
        0, 
        0, 
        0, 
        0
      ], 
      "48": [
        160056, 
        132576, 
        156936, 
        55648
      ], 
      "49": [
        42116, 
        100775, 
        53115, 
        208390
      ], 
      "5": [
        0, 
        0, 
        0, 
        0
      ], 
      "50": [
        127218, 
        110246, 
        124688, 
        55707
      ], 
      "51": [
        6145, 
        4488, 
        5744, 
        1418
      ], 
      "52": [
        127218, 
        110246, 
        124688, 
        55707
      ], 
      "53": [
        231238, 
        432575, 
        258249, 
        856173
      ], 
      "54": [
        64361, 
        55514, 
        61092, 
        31661
      ], 
      "55": [
        382, 
        301, 
        299, 
        133
      ], 
      "56": [
        51356, 
        44339, 
        48684, 
        25215
      ], 
      "57": [
        1, 
        1, 
        1, 
        1
      ], 
      "58": [
        3, 
        3, 
        3, 
        3
      ], 
      "59": [
        48, 
        48, 
        47, 
        47
      ], 
      "6": [
        0, 
        0, 
        0, 
        0
      ], 
      "60": [
        82, 
        73, 
        72, 
        59
      ], 
      "61": [
        414492, 
        353069, 
        406312, 
        167063
      ], 
      "62": [
        372, 
        372, 
        372, 
        372
      ], 
      "63": [
        16, 
        16, 
        0, 
        0
      ], 
      "7": [
        0, 
        0, 
        0, 
        0
      ], 
      "8": [
        0, 
        0, 
        0, 
        0
      ], 
      "9": [
        0, 
        0, 
        0, 
        0
      ]
    }
  }, 
  "features": {
    "GWS": [
      64, 
      64, 
      64
    ], 
    "LWS": [
      4, 
      1, 
      64
    ], 
    "OFFSET": [
      0, 
      0, 
      0
    ], 
    "compiler name": "ARM Mali OpenCL", 
    "compiler version": "5.0", 
    "cpu_freq": 1600, 
    "gpu_freq": 266, 
    "image cols": 944, 
    "image rows": 708, 
    "pool_dir": "pool.05", 
    "program version": "c597087", 
    "size": 64
  }, 
  "meta": {
    "device name": "Mali-T604", 
    "device type": "GPU", 
    "device vendor": "ARM", 
    "experiment type": "benchmarking", 
    "kernel name": "calc_histogram", 
    "program name": "Realeyes HOG"
  }, 
  "tags": [
    "demo", 
    "arm", 
    "codegen15"
  ], 
  "work": {
    "repl": 0, 
    "timestamp": "2015-02-22T02:08:25.034166"
  }
}