{
  "characteristics": {
    "cpu": 0.001216, 
    "gpu_copy": 0.009959, 
    "gpu_only": 0.000304, 
    "is_gpu_better": false, 
    "l2 cache and mmu counters": {
      "0": 1442952794, 
      "1": 10, 
      "10": 0, 
      "11": 0, 
      "12": 0, 
      "13": 0, 
      "14": 0, 
      "15": 0, 
      "16": 9, 
      "17": 3, 
      "18": 121, 
      "19": 7, 
      "2": 65535, 
      "20": 0, 
      "21": 0, 
      "22": 0, 
      "23": 0, 
      "24": 0, 
      "25": 0, 
      "26": 0, 
      "27": 0, 
      "28": 0, 
      "29": 0, 
      "3": 0, 
      "30": 722, 
      "31": 3508, 
      "32": 119432, 
      "33": 95740, 
      "34": 93611, 
      "35": 7954, 
      "36": 8604, 
      "37": 91837, 
      "38": 0, 
      "39": 10907, 
      "4": 994, 
      "40": 10594, 
      "41": 87, 
      "42": 0, 
      "43": 10862, 
      "44": 0, 
      "45": 30, 
      "46": 0, 
      "47": 0, 
      "48": 877, 
      "49": 877, 
      "5": 123, 
      "50": 184, 
      "51": 171, 
      "52": 4, 
      "53": 2, 
      "54": 0, 
      "55": 0, 
      "56": 0, 
      "57": 0, 
      "58": 55, 
      "59": 0, 
      "6": 96, 
      "60": 0, 
      "61": 2966, 
      "62": 95964, 
      "63": 77999, 
      "7": 260, 
      "8": 111, 
      "9": 0
    }, 
    "shader core counters": {
      "0": [
        1442952794, 
        1442952794, 
        1442952794, 
        1442952794
      ], 
      "1": [
        10, 
        10, 
        10, 
        10
      ], 
      "10": [
        0, 
        0, 
        0, 
        0
      ], 
      "11": [
        0, 
        0, 
        0, 
        0
      ], 
      "12": [
        0, 
        0, 
        0, 
        0
      ], 
      "13": [
        0, 
        0, 
        0, 
        0
      ], 
      "14": [
        0, 
        0, 
        0, 
        0
      ], 
      "15": [
        0, 
        0, 
        0, 
        0
      ], 
      "16": [
        0, 
        0, 
        0, 
        0
      ], 
      "17": [
        0, 
        0, 
        0, 
        0
      ], 
      "18": [
        0, 
        0, 
        0, 
        0
      ], 
      "19": [
        0, 
        0, 
        0, 
        0
      ], 
      "2": [
        65535, 
        65535, 
        65535, 
        65535
      ], 
      "20": [
        0, 
        0, 
        0, 
        0
      ], 
      "21": [
        0, 
        0, 
        0, 
        0
      ], 
      "22": [
        158941, 
        160101, 
        160083, 
        161853
      ], 
      "23": [
        43, 
        32, 
        41, 
        12
      ], 
      "24": [
        5504, 
        4096, 
        5248, 
        1536
      ], 
      "25": [
        11438, 
        20364, 
        10841, 
        29842
      ], 
      "26": [
        158514, 
        159673, 
        159661, 
        161425
      ], 
      "27": [
        74198, 
        55204, 
        69840, 
        22460
      ], 
      "28": [
        4368, 
        2555, 
        3761, 
        1330
      ], 
      "29": [
        68600, 
        80589, 
        74426, 
        43528
      ], 
      "3": [
        0, 
        0, 
        0, 
        0
      ], 
      "30": [
        0, 
        0, 
        0, 
        0
      ], 
      "31": [
        50978, 
        39136, 
        49094, 
        18146
      ], 
      "32": [
        106968, 
        128278, 
        114252, 
        141246
      ], 
      "33": [
        0, 
        0, 
        0, 
        0
      ], 
      "34": [
        55990, 
        89142, 
        65158, 
        123100
      ], 
      "35": [
        0, 
        0, 
        0, 
        0
      ], 
      "36": [
        0, 
        0, 
        0, 
        0
      ], 
      "37": [
        0, 
        0, 
        0, 
        0
      ], 
      "38": [
        0, 
        0, 
        0, 
        0
      ], 
      "39": [
        0, 
        0, 
        0, 
        0
      ], 
      "4": [
        0, 
        0, 
        0, 
        0
      ], 
      "40": [
        0, 
        0, 
        0, 
        0
      ], 
      "41": [
        0, 
        0, 
        0, 
        0
      ], 
      "42": [
        0, 
        0, 
        0, 
        0
      ], 
      "43": [
        0, 
        0, 
        0, 
        0
      ], 
      "44": [
        0, 
        0, 
        0, 
        0
      ], 
      "45": [
        0, 
        0, 
        0, 
        0
      ], 
      "46": [
        0, 
        0, 
        0, 
        0
      ], 
      "47": [
        0, 
        0, 
        0, 
        0
      ], 
      "48": [
        8816, 
        6208, 
        8176, 
        2400
      ], 
      "49": [
        2279, 
        6328, 
        2870, 
        6125
      ], 
      "5": [
        0, 
        0, 
        0, 
        0
      ], 
      "50": [
        5894, 
        4848, 
        5847, 
        2652
      ], 
      "51": [
        256, 
        217, 
        293, 
        68
      ], 
      "52": [
        5894, 
        4848, 
        5847, 
        2652
      ], 
      "53": [
        10972, 
        24313, 
        14370, 
        45390
      ], 
      "54": [
        3075, 
        2816, 
        3218, 
        1570
      ], 
      "55": [
        17, 
        11, 
        8, 
        3
      ], 
      "56": [
        2498, 
        2207, 
        2650, 
        1259
      ], 
      "57": [
        1, 
        1, 
        1, 
        1
      ], 
      "58": [
        3, 
        3, 
        3, 
        3
      ], 
      "59": [
        47, 
        47, 
        47, 
        47
      ], 
      "6": [
        0, 
        0, 
        0, 
        0
      ], 
      "60": [
        151, 
        121, 
        154, 
        53
      ], 
      "61": [
        20605, 
        15904, 
        19871, 
        7705
      ], 
      "62": [
        372, 
        372, 
        372, 
        372
      ], 
      "63": [
        0, 
        0, 
        0, 
        0
      ], 
      "7": [
        0, 
        0, 
        0, 
        0
      ], 
      "8": [
        0, 
        0, 
        0, 
        0
      ], 
      "9": [
        0, 
        0, 
        0, 
        0
      ]
    }
  }, 
  "features": {
    "GWS": [
      16, 
      16, 
      64
    ], 
    "LWS": [
      4, 
      1, 
      64
    ], 
    "OFFSET": [
      0, 
      0, 
      0
    ], 
    "compiler name": "ARM Mali OpenCL", 
    "compiler version": "5.0", 
    "cpu_freq": 1600, 
    "gpu_freq": 533, 
    "image cols": 3600, 
    "image rows": 1800, 
    "pool_dir": "pool.17", 
    "program version": "c597087", 
    "size": 16
  }, 
  "meta": {
    "device name": "Mali-T604", 
    "device type": "GPU", 
    "device vendor": "ARM", 
    "experiment type": "benchmarking", 
    "kernel name": "calc_histogram", 
    "program name": "Realeyes HOG"
  }, 
  "tags": [
    "demo", 
    "arm", 
    "codegen15"
  ], 
  "work": {
    "repl": 1, 
    "timestamp": "2015-02-22T01:51:11.666700"
  }
}