{
  "characteristics": {
    "cpu": 0.00328, 
    "gpu_copy": 0.015132, 
    "gpu_only": 0.000699, 
    "is_gpu_better": false, 
    "l2 cache and mmu counters": {
      "0": 3120462326, 
      "1": 12, 
      "10": 0, 
      "11": 0, 
      "12": 0, 
      "13": 0, 
      "14": 0, 
      "15": 0, 
      "16": 9, 
      "17": 3, 
      "18": 229, 
      "19": 7, 
      "2": 65535, 
      "20": 0, 
      "21": 0, 
      "22": 0, 
      "23": 0, 
      "24": 0, 
      "25": 0, 
      "26": 0, 
      "27": 0, 
      "28": 0, 
      "29": 0, 
      "3": 0, 
      "30": 823, 
      "31": 5084, 
      "32": 136917, 
      "33": 108442, 
      "34": 106900, 
      "35": 9239, 
      "36": 9800, 
      "37": 103928, 
      "38": 0, 
      "39": 14436, 
      "4": 2057, 
      "40": 14052, 
      "41": 112, 
      "42": 0, 
      "43": 14383, 
      "44": 0, 
      "45": 66, 
      "46": 0, 
      "47": 1, 
      "48": 1271, 
      "49": 1271, 
      "5": 305, 
      "50": 210, 
      "51": 185, 
      "52": 5, 
      "53": 2, 
      "54": 0, 
      "55": 0, 
      "56": 0, 
      "57": 0, 
      "58": 0, 
      "59": 0, 
      "6": 71, 
      "60": 0, 
      "61": 3124, 
      "62": 110741, 
      "63": 84138, 
      "7": 248, 
      "8": 285, 
      "9": 0
    }, 
    "shader core counters": {
      "0": [
        3120462326, 
        3120462326, 
        3120462326, 
        3120462326
      ], 
      "1": [
        12, 
        12, 
        12, 
        12
      ], 
      "10": [
        0, 
        0, 
        0, 
        0
      ], 
      "11": [
        0, 
        0, 
        0, 
        0
      ], 
      "12": [
        0, 
        0, 
        0, 
        0
      ], 
      "13": [
        0, 
        0, 
        0, 
        0
      ], 
      "14": [
        0, 
        0, 
        0, 
        0
      ], 
      "15": [
        0, 
        0, 
        0, 
        0
      ], 
      "16": [
        0, 
        0, 
        0, 
        0
      ], 
      "17": [
        0, 
        0, 
        0, 
        0
      ], 
      "18": [
        0, 
        0, 
        0, 
        0
      ], 
      "19": [
        0, 
        0, 
        0, 
        0
      ], 
      "2": [
        65535, 
        65535, 
        65535, 
        65535
      ], 
      "20": [
        0, 
        0, 
        0, 
        0
      ], 
      "21": [
        0, 
        0, 
        0, 
        0
      ], 
      "22": [
        182989, 
        181170, 
        185739, 
        184690
      ], 
      "23": [
        36, 
        33, 
        36, 
        23
      ], 
      "24": [
        4608, 
        4224, 
        4608, 
        2944
      ], 
      "25": [
        6063, 
        7328, 
        6206, 
        16170
      ], 
      "26": [
        182636, 
        180825, 
        185391, 
        184348
      ], 
      "27": [
        91574, 
        80684, 
        93532, 
        57378
      ], 
      "28": [
        5991, 
        4896, 
        6092, 
        3172
      ], 
      "29": [
        75873, 
        81671, 
        77632, 
        82727
      ], 
      "3": [
        0, 
        0, 
        0, 
        0
      ], 
      "30": [
        0, 
        0, 
        0, 
        0
      ], 
      "31": [
        59826, 
        52880, 
        60036, 
        38076
      ], 
      "32": [
        125536, 
        140138, 
        131001, 
        163353
      ], 
      "33": [
        0, 
        0, 
        0, 
        0
      ], 
      "34": [
        65710, 
        87258, 
        70965, 
        125277
      ], 
      "35": [
        0, 
        0, 
        0, 
        0
      ], 
      "36": [
        0, 
        0, 
        0, 
        0
      ], 
      "37": [
        0, 
        0, 
        0, 
        0
      ], 
      "38": [
        0, 
        0, 
        0, 
        0
      ], 
      "39": [
        0, 
        0, 
        0, 
        0
      ], 
      "4": [
        0, 
        0, 
        0, 
        0
      ], 
      "40": [
        0, 
        0, 
        0, 
        0
      ], 
      "41": [
        0, 
        0, 
        0, 
        0
      ], 
      "42": [
        0, 
        0, 
        0, 
        0
      ], 
      "43": [
        0, 
        0, 
        0, 
        0
      ], 
      "44": [
        0, 
        0, 
        0, 
        0
      ], 
      "45": [
        0, 
        0, 
        0, 
        0
      ], 
      "46": [
        0, 
        0, 
        0, 
        0
      ], 
      "47": [
        0, 
        0, 
        0, 
        0
      ], 
      "48": [
        9888, 
        8544, 
        9888, 
        5984
      ], 
      "49": [
        3569, 
        6779, 
        4673, 
        16449
      ], 
      "5": [
        0, 
        0, 
        0, 
        0
      ], 
      "50": [
        7316, 
        6546, 
        7369, 
        4849
      ], 
      "51": [
        329, 
        258, 
        338, 
        145
      ], 
      "52": [
        7316, 
        6546, 
        7369, 
        4849
      ], 
      "53": [
        13436, 
        21614, 
        14607, 
        31803
      ], 
      "54": [
        4020, 
        3555, 
        4004, 
        2561
      ], 
      "55": [
        26, 
        28, 
        23, 
        19
      ], 
      "56": [
        2823, 
        2498, 
        2782, 
        1707
      ], 
      "57": [
        1, 
        1, 
        1, 
        1
      ], 
      "58": [
        3, 
        3, 
        3, 
        3
      ], 
      "59": [
        49, 
        49, 
        47, 
        47
      ], 
      "6": [
        0, 
        0, 
        0, 
        0
      ], 
      "60": [
        263, 
        231, 
        297, 
        194
      ], 
      "61": [
        24521, 
        21636, 
        24626, 
        15682
      ], 
      "62": [
        372, 
        372, 
        372, 
        372
      ], 
      "63": [
        16, 
        0, 
        0, 
        0
      ], 
      "7": [
        0, 
        0, 
        0, 
        0
      ], 
      "8": [
        0, 
        0, 
        0, 
        0
      ], 
      "9": [
        0, 
        0, 
        0, 
        0
      ]
    }
  }, 
  "features": {
    "GWS": [
      16, 
      16, 
      64
    ], 
    "LWS": [
      4, 
      1, 
      64
    ], 
    "OFFSET": [
      0, 
      0, 
      0
    ], 
    "compiler name": "ARM Mali OpenCL", 
    "compiler version": "5.0", 
    "cpu_freq": 800, 
    "gpu_freq": 266, 
    "image cols": 2422, 
    "image rows": 2066, 
    "pool_dir": "pool.15", 
    "program version": "c597087", 
    "size": 16
  }, 
  "meta": {
    "device name": "Mali-T604", 
    "device type": "GPU", 
    "device vendor": "ARM", 
    "experiment type": "benchmarking", 
    "kernel name": "calc_histogram", 
    "program name": "Realeyes HOG"
  }, 
  "tags": [
    "demo", 
    "arm", 
    "codegen15"
  ], 
  "work": {
    "repl": 4, 
    "timestamp": "2015-02-22T01:58:19.553122"
  }
}