{
  "characteristics": {
    "cpu": 0.114334, 
    "gpu_copy": 0.036243, 
    "gpu_only": 0.02711, 
    "is_gpu_better": true, 
    "l2 cache and mmu counters": {
      "0": 3041038896, 
      "1": 22, 
      "10": 0, 
      "11": 0, 
      "12": 0, 
      "13": 0, 
      "14": 0, 
      "15": 0, 
      "16": 9, 
      "17": 3, 
      "18": 219, 
      "19": 7, 
      "2": 65535, 
      "20": 0, 
      "21": 0, 
      "22": 0, 
      "23": 0, 
      "24": 0, 
      "25": 0, 
      "26": 0, 
      "27": 0, 
      "28": 0, 
      "29": 0, 
      "3": 0, 
      "30": 18731, 
      "31": 126464, 
      "32": 10764345, 
      "33": 8802751, 
      "34": 8779227, 
      "35": 746466, 
      "36": 797247, 
      "37": 8480922, 
      "38": 0, 
      "39": 1151617, 
      "4": 166657, 
      "40": 1120335, 
      "41": 4754, 
      "42": 0, 
      "43": 1146350, 
      "44": 0, 
      "45": 211, 
      "46": 0, 
      "47": 0, 
      "48": 31616, 
      "49": 31616, 
      "5": 13043, 
      "50": 4687, 
      "51": 3588, 
      "52": 7, 
      "53": 2, 
      "54": 0, 
      "55": 0, 
      "56": 0, 
      "57": 673, 
      "58": 8, 
      "59": 0, 
      "6": 70, 
      "60": 0, 
      "61": 229045, 
      "62": 9244663, 
      "63": 7020016, 
      "7": 1500, 
      "8": 12287, 
      "9": 0
    }, 
    "shader core counters": {
      "0": [
        3041038896, 
        3041038896, 
        3041038896, 
        3041038896
      ], 
      "1": [
        22, 
        22, 
        22, 
        22
      ], 
      "10": [
        0, 
        0, 
        0, 
        0
      ], 
      "11": [
        0, 
        0, 
        0, 
        0
      ], 
      "12": [
        0, 
        0, 
        0, 
        0
      ], 
      "13": [
        0, 
        0, 
        0, 
        0
      ], 
      "14": [
        0, 
        0, 
        0, 
        0
      ], 
      "15": [
        0, 
        0, 
        0, 
        0
      ], 
      "16": [
        0, 
        0, 
        0, 
        0
      ], 
      "17": [
        0, 
        0, 
        0, 
        0
      ], 
      "18": [
        0, 
        0, 
        0, 
        0
      ], 
      "19": [
        0, 
        0, 
        0, 
        0
      ], 
      "2": [
        65535, 
        65535, 
        65535, 
        65535
      ], 
      "20": [
        0, 
        0, 
        0, 
        0
      ], 
      "21": [
        0, 
        0, 
        0, 
        0
      ], 
      "22": [
        14440848, 
        14440317, 
        14439943, 
        14449276
      ], 
      "23": [
        2443, 
        2086, 
        2382, 
        1281
      ], 
      "24": [
        312704, 
        267008, 
        304896, 
        163968
      ], 
      "25": [
        7748, 
        12546, 
        4360, 
        8723
      ], 
      "26": [
        14440393, 
        14439859, 
        14439493, 
        14448829
      ], 
      "27": [
        7085350, 
        6121742, 
        6923716, 
        3787704
      ], 
      "28": [
        428126, 
        336281, 
        409771, 
        179472
      ], 
      "29": [
        6795843, 
        7355255, 
        6956292, 
        7240261
      ], 
      "3": [
        0, 
        0, 
        0, 
        0
      ], 
      "30": [
        0, 
        0, 
        0, 
        0
      ], 
      "31": [
        4715450, 
        4107664, 
        4606004, 
        2608074
      ], 
      "32": [
        10530217, 
        11832981, 
        10854566, 
        13634714
      ], 
      "33": [
        0, 
        0, 
        0, 
        0
      ], 
      "34": [
        5814767, 
        7725317, 
        6248562, 
        11026640
      ], 
      "35": [
        0, 
        0, 
        0, 
        0
      ], 
      "36": [
        0, 
        0, 
        0, 
        0
      ], 
      "37": [
        0, 
        0, 
        0, 
        0
      ], 
      "38": [
        0, 
        0, 
        0, 
        0
      ], 
      "39": [
        0, 
        0, 
        0, 
        0
      ], 
      "4": [
        0, 
        0, 
        0, 
        0
      ], 
      "40": [
        0, 
        0, 
        0, 
        0
      ], 
      "41": [
        0, 
        0, 
        0, 
        0
      ], 
      "42": [
        0, 
        0, 
        0, 
        0
      ], 
      "43": [
        0, 
        0, 
        0, 
        0
      ], 
      "44": [
        0, 
        0, 
        0, 
        0
      ], 
      "45": [
        0, 
        0, 
        0, 
        0
      ], 
      "46": [
        0, 
        0, 
        0, 
        0
      ], 
      "47": [
        0, 
        0, 
        0, 
        0
      ], 
      "48": [
        728368, 
        626704, 
        710936, 
        382888
      ], 
      "49": [
        297831, 
        635478, 
        389647, 
        1222467
      ], 
      "5": [
        0, 
        0, 
        0, 
        0
      ], 
      "50": [
        615324, 
        542538, 
        601541, 
        355878
      ], 
      "51": [
        29625, 
        23004, 
        28160, 
        10815
      ], 
      "52": [
        615324, 
        542538, 
        601541, 
        355878
      ], 
      "53": [
        1032482, 
        1757059, 
        1171869, 
        3169598
      ], 
      "54": [
        326007, 
        291852, 
        319016, 
        197650
      ], 
      "55": [
        2297, 
        2067, 
        2304, 
        900
      ], 
      "56": [
        231262, 
        206741, 
        225736, 
        141180
      ], 
      "57": [
        1, 
        1, 
        1, 
        1
      ], 
      "58": [
        3, 
        3, 
        3, 
        3
      ], 
      "59": [
        47, 
        47, 
        47, 
        47
      ], 
      "6": [
        0, 
        0, 
        0, 
        0
      ], 
      "60": [
        23370, 
        20622, 
        23018, 
        12803
      ], 
      "61": [
        1959017, 
        1711780, 
        1914018, 
        1094645
      ], 
      "62": [
        372, 
        372, 
        372, 
        372
      ], 
      "63": [
        0, 
        0, 
        0, 
        0
      ], 
      "7": [
        0, 
        0, 
        0, 
        0
      ], 
      "8": [
        0, 
        0, 
        0, 
        0
      ], 
      "9": [
        0, 
        0, 
        0, 
        0
      ]
    }
  }, 
  "features": {
    "GWS": [
      12, 
      12, 
      64
    ], 
    "LWS": [
      4, 
      1, 
      64
    ], 
    "OFFSET": [
      0, 
      0, 
      0
    ], 
    "compiler name": "ARM Mali OpenCL", 
    "compiler version": "5.0", 
    "cpu_freq": 1600, 
    "gpu_freq": 533, 
    "image cols": 2103, 
    "image rows": 2082, 
    "pool_dir": "pool.18", 
    "program version": "c597087", 
    "size": 128
  }, 
  "meta": {
    "device name": "Mali-T604", 
    "device type": "GPU", 
    "device vendor": "ARM", 
    "experiment type": "benchmarking", 
    "kernel name": "calc_histogram", 
    "program name": "Realeyes HOG"
  }, 
  "tags": [
    "demo", 
    "arm", 
    "codegen15"
  ], 
  "work": {
    "repl": 0, 
    "timestamp": "2015-02-22T02:28:05.718373"
  }
}