{
  "characteristics": {
    "cpu": 0.003918, 
    "gpu_copy": 0.013927, 
    "gpu_only": 0.000435, 
    "is_gpu_better": false, 
    "l2 cache and mmu counters": {
      "0": 4265892598, 
      "1": 9, 
      "10": 0, 
      "11": 0, 
      "12": 0, 
      "13": 0, 
      "14": 0, 
      "15": 0, 
      "16": 9, 
      "17": 3, 
      "18": 221, 
      "19": 7, 
      "2": 65535, 
      "20": 0, 
      "21": 0, 
      "22": 0, 
      "23": 0, 
      "24": 0, 
      "25": 0, 
      "26": 0, 
      "27": 0, 
      "28": 0, 
      "29": 0, 
      "3": 0, 
      "30": 998, 
      "31": 5828, 
      "32": 167632, 
      "33": 132935, 
      "34": 130645, 
      "35": 11290, 
      "36": 11815, 
      "37": 128159, 
      "38": 0, 
      "39": 18584, 
      "4": 2935, 
      "40": 18019, 
      "41": 154, 
      "42": 0, 
      "43": 18471, 
      "44": 0, 
      "45": 50, 
      "46": 0, 
      "47": 19, 
      "48": 1457, 
      "49": 1457, 
      "5": 351, 
      "50": 253, 
      "51": 194, 
      "52": 4, 
      "53": 2, 
      "54": 0, 
      "55": 0, 
      "56": 0, 
      "57": 0, 
      "58": 104, 
      "59": 0, 
      "6": 75, 
      "60": 0, 
      "61": 3162, 
      "62": 135978, 
      "63": 100267, 
      "7": 407, 
      "8": 306, 
      "9": 0
    }, 
    "shader core counters": {
      "0": [
        4265892598, 
        4265892598, 
        4265892598, 
        4265892598
      ], 
      "1": [
        9, 
        9, 
        9, 
        9
      ], 
      "10": [
        0, 
        0, 
        0, 
        0
      ], 
      "11": [
        0, 
        0, 
        0, 
        0
      ], 
      "12": [
        0, 
        0, 
        0, 
        0
      ], 
      "13": [
        0, 
        0, 
        0, 
        0
      ], 
      "14": [
        0, 
        0, 
        0, 
        0
      ], 
      "15": [
        0, 
        0, 
        0, 
        0
      ], 
      "16": [
        0, 
        0, 
        0, 
        0
      ], 
      "17": [
        0, 
        0, 
        0, 
        0
      ], 
      "18": [
        0, 
        0, 
        0, 
        0
      ], 
      "19": [
        0, 
        0, 
        0, 
        0
      ], 
      "2": [
        65535, 
        65535, 
        65535, 
        65535
      ], 
      "20": [
        0, 
        0, 
        0, 
        0
      ], 
      "21": [
        0, 
        0, 
        0, 
        0
      ], 
      "22": [
        231659, 
        221684, 
        227957, 
        225002
      ], 
      "23": [
        35, 
        35, 
        33, 
        25
      ], 
      "24": [
        4480, 
        4480, 
        4224, 
        3200
      ], 
      "25": [
        5738, 
        7862, 
        9723, 
        5403
      ], 
      "26": [
        231209, 
        221235, 
        227514, 
        224556
      ], 
      "27": [
        109596, 
        91696, 
        102412, 
        65330
      ], 
      "28": [
        6634, 
        5024, 
        6009, 
        3366
      ], 
      "29": [
        103184, 
        105360, 
        101829, 
        100319
      ], 
      "3": [
        0, 
        0, 
        0, 
        0
      ], 
      "30": [
        0, 
        0, 
        0, 
        0
      ], 
      "31": [
        72198, 
        61296, 
        67390, 
        44822
      ], 
      "32": [
        165065, 
        175184, 
        168514, 
        199396
      ], 
      "33": [
        0, 
        0, 
        0, 
        0
      ], 
      "34": [
        92867, 
        113888, 
        101124, 
        154574
      ], 
      "35": [
        0, 
        0, 
        0, 
        0
      ], 
      "36": [
        0, 
        0, 
        0, 
        0
      ], 
      "37": [
        0, 
        0, 
        0, 
        0
      ], 
      "38": [
        0, 
        0, 
        0, 
        0
      ], 
      "39": [
        0, 
        0, 
        0, 
        0
      ], 
      "4": [
        0, 
        0, 
        0, 
        0
      ], 
      "40": [
        0, 
        0, 
        0, 
        0
      ], 
      "41": [
        0, 
        0, 
        0, 
        0
      ], 
      "42": [
        0, 
        0, 
        0, 
        0
      ], 
      "43": [
        0, 
        0, 
        0, 
        0
      ], 
      "44": [
        0, 
        0, 
        0, 
        0
      ], 
      "45": [
        0, 
        0, 
        0, 
        0
      ], 
      "46": [
        0, 
        0, 
        0, 
        0
      ], 
      "47": [
        0, 
        0, 
        0, 
        0
      ], 
      "48": [
        11328, 
        9392, 
        10560, 
        6608
      ], 
      "49": [
        5785, 
        11651, 
        7731, 
        18909
      ], 
      "5": [
        0, 
        0, 
        0, 
        0
      ], 
      "50": [
        9385, 
        7958, 
        8759, 
        6011
      ], 
      "51": [
        469, 
        316, 
        442, 
        166
      ], 
      "52": [
        9385, 
        7958, 
        8759, 
        6011
      ], 
      "53": [
        15641, 
        23417, 
        18464, 
        39494
      ], 
      "54": [
        5415, 
        4242, 
        5372, 
        3081
      ], 
      "55": [
        68, 
        58, 
        82, 
        44
      ], 
      "56": [
        3580, 
        2767, 
        3520, 
        1957
      ], 
      "57": [
        1, 
        1, 
        1, 
        1
      ], 
      "58": [
        4, 
        4, 
        4, 
        4
      ], 
      "59": [
        47, 
        47, 
        47, 
        49
      ], 
      "6": [
        0, 
        0, 
        0, 
        0
      ], 
      "60": [
        429, 
        317, 
        411, 
        231
      ], 
      "61": [
        30099, 
        25308, 
        28079, 
        18631
      ], 
      "62": [
        372, 
        372, 
        372, 
        372
      ], 
      "63": [
        0, 
        0, 
        0, 
        0
      ], 
      "7": [
        0, 
        0, 
        0, 
        0
      ], 
      "8": [
        0, 
        0, 
        0, 
        0
      ], 
      "9": [
        0, 
        0, 
        0, 
        0
      ]
    }
  }, 
  "features": {
    "GWS": [
      16, 
      16, 
      64
    ], 
    "LWS": [
      4, 
      1, 
      64
    ], 
    "OFFSET": [
      0, 
      0, 
      0
    ], 
    "compiler name": "ARM Mali OpenCL", 
    "compiler version": "5.0", 
    "cpu_freq": 800, 
    "gpu_freq": 533, 
    "image cols": 2174, 
    "image rows": 2215, 
    "pool_dir": "pool.00", 
    "program version": "c597087", 
    "size": 16
  }, 
  "meta": {
    "device name": "Mali-T604", 
    "device type": "GPU", 
    "device vendor": "ARM", 
    "experiment type": "benchmarking", 
    "kernel name": "calc_histogram", 
    "program name": "Realeyes HOG"
  }, 
  "tags": [
    "demo", 
    "arm", 
    "codegen15"
  ], 
  "work": {
    "repl": 2, 
    "timestamp": "2015-02-22T01:50:10.414548"
  }
}