{
  "characteristics": {
    "cpu": 0.069407, 
    "gpu_copy": 0.022888, 
    "gpu_only": 0.020484, 
    "is_gpu_better": true, 
    "l2 cache and mmu counters": {
      "0": 3683345898, 
      "1": 10, 
      "10": 0, 
      "11": 0, 
      "12": 0, 
      "13": 0, 
      "14": 0, 
      "15": 0, 
      "16": 9, 
      "17": 3, 
      "18": 197, 
      "19": 7, 
      "2": 65535, 
      "20": 0, 
      "21": 0, 
      "22": 0, 
      "23": 0, 
      "24": 0, 
      "25": 0, 
      "26": 0, 
      "27": 0, 
      "28": 0, 
      "29": 0, 
      "3": 0, 
      "30": 6185, 
      "31": 37244, 
      "32": 8078953, 
      "33": 6700704, 
      "34": 6694703, 
      "35": 551965, 
      "36": 607410, 
      "37": 6483663, 
      "38": 0, 
      "39": 763629, 
      "4": 744, 
      "40": 739693, 
      "41": 1367, 
      "42": 0, 
      "43": 762015, 
      "44": 0, 
      "45": 71, 
      "46": 0, 
      "47": 0, 
      "48": 9311, 
      "49": 9311, 
      "5": 65, 
      "50": 1552, 
      "51": 1347, 
      "52": 7, 
      "53": 2, 
      "54": 0, 
      "55": 0, 
      "56": 0, 
      "57": 148, 
      "58": 0, 
      "59": 0, 
      "6": 66, 
      "60": 9, 
      "61": 203645, 
      "62": 6909904, 
      "63": 5696914, 
      "7": 130, 
      "8": 44, 
      "9": 0
    }, 
    "shader core counters": {
      "0": [
        3683345898, 
        3683345898, 
        3683345898, 
        3683345898
      ], 
      "1": [
        10, 
        10, 
        10, 
        10
      ], 
      "10": [
        0, 
        0, 
        0, 
        0
      ], 
      "11": [
        0, 
        0, 
        0, 
        0
      ], 
      "12": [
        0, 
        0, 
        0, 
        0
      ], 
      "13": [
        0, 
        0, 
        0, 
        0
      ], 
      "14": [
        0, 
        0, 
        0, 
        0
      ], 
      "15": [
        0, 
        0, 
        0, 
        0
      ], 
      "16": [
        0, 
        0, 
        0, 
        0
      ], 
      "17": [
        0, 
        0, 
        0, 
        0
      ], 
      "18": [
        0, 
        0, 
        0, 
        0
      ], 
      "19": [
        0, 
        0, 
        0, 
        0
      ], 
      "2": [
        65535, 
        65535, 
        65535, 
        65535
      ], 
      "20": [
        0, 
        0, 
        0, 
        0
      ], 
      "21": [
        0, 
        0, 
        0, 
        0
      ], 
      "22": [
        10914201, 
        10916489, 
        10912638, 
        10917595
      ], 
      "23": [
        2766, 
        2061, 
        2692, 
        673
      ], 
      "24": [
        354048, 
        263808, 
        344576, 
        86144
      ], 
      "25": [
        41966, 
        330600, 
        57887, 
        2660011
      ], 
      "26": [
        10913728, 
        10916018, 
        10912169, 
        10917131
      ], 
      "27": [
        5412234, 
        4071460, 
        5255298, 
        1424240
      ], 
      "28": [
        320285, 
        190142, 
        300218, 
        80672
      ], 
      "29": [
        5083741, 
        5936793, 
        5249735, 
        3630833
      ], 
      "3": [
        0, 
        0, 
        0, 
        0
      ], 
      "30": [
        0, 
        0, 
        0, 
        0
      ], 
      "31": [
        3667858, 
        2831292, 
        3570982, 
        1098024
      ], 
      "32": [
        7769243, 
        9324885, 
        8066818, 
        10272074
      ], 
      "33": [
        0, 
        0, 
        0, 
        0
      ], 
      "34": [
        4101385, 
        6493593, 
        4495836, 
        9174050
      ], 
      "35": [
        0, 
        0, 
        0, 
        0
      ], 
      "36": [
        0, 
        0, 
        0, 
        0
      ], 
      "37": [
        0, 
        0, 
        0, 
        0
      ], 
      "38": [
        0, 
        0, 
        0, 
        0
      ], 
      "39": [
        0, 
        0, 
        0, 
        0
      ], 
      "4": [
        0, 
        0, 
        0, 
        0
      ], 
      "40": [
        0, 
        0, 
        0, 
        0
      ], 
      "41": [
        0, 
        0, 
        0, 
        0
      ], 
      "42": [
        0, 
        0, 
        0, 
        0
      ], 
      "43": [
        0, 
        0, 
        0, 
        0
      ], 
      "44": [
        0, 
        0, 
        0, 
        0
      ], 
      "45": [
        0, 
        0, 
        0, 
        0
      ], 
      "46": [
        0, 
        0, 
        0, 
        0
      ], 
      "47": [
        0, 
        0, 
        0, 
        0
      ], 
      "48": [
        610952, 
        452984, 
        590752, 
        148064
      ], 
      "49": [
        145106, 
        408213, 
        180262, 
        640187
      ], 
      "5": [
        0, 
        0, 
        0, 
        0
      ], 
      "50": [
        439892, 
        353497, 
        430557, 
        158684
      ], 
      "51": [
        21385, 
        14311, 
        20144, 
        3448
      ], 
      "52": [
        439892, 
        353497, 
        430557, 
        158684
      ], 
      "53": [
        860420, 
        1884205, 
        1024725, 
        3345334
      ], 
      "54": [
        231318, 
        193754, 
        221623, 
        95796
      ], 
      "55": [
        2059, 
        1383, 
        845, 
        320
      ], 
      "56": [
        187978, 
        157975, 
        183328, 
        78936
      ], 
      "57": [
        1, 
        1, 
        1, 
        1
      ], 
      "58": [
        3, 
        3, 
        3, 
        3
      ], 
      "59": [
        47, 
        47, 
        49, 
        47
      ], 
      "6": [
        0, 
        0, 
        0, 
        0
      ], 
      "60": [
        88, 
        101, 
        92, 
        83
      ], 
      "61": [
        1490737, 
        1159978, 
        1451867, 
        465432
      ], 
      "62": [
        372, 
        372, 
        372, 
        372
      ], 
      "63": [
        0, 
        0, 
        24, 
        0
      ], 
      "7": [
        0, 
        0, 
        0, 
        0
      ], 
      "8": [
        0, 
        0, 
        0, 
        0
      ], 
      "9": [
        0, 
        0, 
        0, 
        0
      ]
    }
  }, 
  "features": {
    "GWS": [
      12, 
      12, 
      64
    ], 
    "LWS": [
      4, 
      1, 
      64
    ], 
    "OFFSET": [
      0, 
      0, 
      0
    ], 
    "compiler name": "ARM Mali OpenCL", 
    "compiler version": "5.0", 
    "cpu_freq": 1600, 
    "gpu_freq": 533, 
    "image cols": 1064, 
    "image rows": 629, 
    "pool_dir": "pool.07", 
    "program version": "c597087", 
    "size": 128
  }, 
  "meta": {
    "device name": "Mali-T604", 
    "device type": "GPU", 
    "device vendor": "ARM", 
    "experiment type": "benchmarking", 
    "kernel name": "calc_histogram", 
    "program name": "Realeyes HOG"
  }, 
  "tags": [
    "demo", 
    "arm", 
    "codegen15"
  ], 
  "work": {
    "repl": 2, 
    "timestamp": "2015-02-22T01:52:45.023653"
  }
}