{
  "characteristics": {
    "cpu": 0.001816, 
    "gpu_copy": 0.003138, 
    "gpu_only": 0.000725, 
    "is_gpu_better": false, 
    "l2 cache and mmu counters": {
      "0": 2774860850, 
      "1": 13, 
      "10": 0, 
      "11": 0, 
      "12": 0, 
      "13": 0, 
      "14": 0, 
      "15": 0, 
      "16": 8, 
      "17": 3, 
      "18": 158, 
      "19": 4, 
      "2": 65535, 
      "20": 0, 
      "21": 0, 
      "22": 0, 
      "23": 0, 
      "24": 0, 
      "25": 0, 
      "26": 0, 
      "27": 0, 
      "28": 0, 
      "29": 0, 
      "3": 0, 
      "30": 831, 
      "31": 4220, 
      "32": 142680, 
      "33": 114058, 
      "34": 112726, 
      "35": 9578, 
      "36": 10212, 
      "37": 109551, 
      "38": 0, 
      "39": 14201, 
      "4": 366, 
      "40": 13797, 
      "41": 113, 
      "42": 0, 
      "43": 14129, 
      "44": 0, 
      "45": 59, 
      "46": 0, 
      "47": 1, 
      "48": 1055, 
      "49": 1055, 
      "5": 63, 
      "50": 214, 
      "51": 182, 
      "52": 5, 
      "53": 2, 
      "54": 0, 
      "55": 0, 
      "56": 0, 
      "57": 18, 
      "58": 0, 
      "59": 0, 
      "6": 34, 
      "60": 0, 
      "61": 3363, 
      "62": 116374, 
      "63": 91356, 
      "7": 98, 
      "8": 43, 
      "9": 0
    }, 
    "shader core counters": {
      "0": [
        2774860850, 
        2774860850, 
        2774860850, 
        2774860850
      ], 
      "1": [
        13, 
        13, 
        13, 
        13
      ], 
      "10": [
        0, 
        0, 
        0, 
        0
      ], 
      "11": [
        0, 
        0, 
        0, 
        0
      ], 
      "12": [
        0, 
        0, 
        0, 
        0
      ], 
      "13": [
        0, 
        0, 
        0, 
        0
      ], 
      "14": [
        0, 
        0, 
        0, 
        0
      ], 
      "15": [
        0, 
        0, 
        0, 
        0
      ], 
      "16": [
        0, 
        0, 
        0, 
        0
      ], 
      "17": [
        0, 
        0, 
        0, 
        0
      ], 
      "18": [
        0, 
        0, 
        0, 
        0
      ], 
      "19": [
        0, 
        0, 
        0, 
        0
      ], 
      "2": [
        65535, 
        65535, 
        65535, 
        65535
      ], 
      "20": [
        0, 
        0, 
        0, 
        0
      ], 
      "21": [
        0, 
        0, 
        0, 
        0
      ], 
      "22": [
        192742, 
        192698, 
        192000, 
        192626
      ], 
      "23": [
        40, 
        31, 
        39, 
        18
      ], 
      "24": [
        5120, 
        3968, 
        4992, 
        2304
      ], 
      "25": [
        7981, 
        7499, 
        8632, 
        23202
      ], 
      "26": [
        192335, 
        192294, 
        191596, 
        192229
      ], 
      "27": [
        90188, 
        73638, 
        86624, 
        39608
      ], 
      "28": [
        5284, 
        3668, 
        5031, 
        2191
      ], 
      "29": [
        85133, 
        91800, 
        86502, 
        71031
      ], 
      "3": [
        0, 
        0, 
        0, 
        0
      ], 
      "30": [
        0, 
        0, 
        0, 
        0
      ], 
      "31": [
        60682, 
        50162, 
        58280, 
        28810
      ], 
      "32": [
        135281, 
        158126, 
        139559, 
        172209
      ], 
      "33": [
        0, 
        0, 
        0, 
        0
      ], 
      "34": [
        74599, 
        107964, 
        81279, 
        143399
      ], 
      "35": [
        0, 
        0, 
        0, 
        0
      ], 
      "36": [
        0, 
        0, 
        0, 
        0
      ], 
      "37": [
        0, 
        0, 
        0, 
        0
      ], 
      "38": [
        0, 
        0, 
        0, 
        0
      ], 
      "39": [
        0, 
        0, 
        0, 
        0
      ], 
      "4": [
        0, 
        0, 
        0, 
        0
      ], 
      "40": [
        0, 
        0, 
        0, 
        0
      ], 
      "41": [
        0, 
        0, 
        0, 
        0
      ], 
      "42": [
        0, 
        0, 
        0, 
        0
      ], 
      "43": [
        0, 
        0, 
        0, 
        0
      ], 
      "44": [
        0, 
        0, 
        0, 
        0
      ], 
      "45": [
        0, 
        0, 
        0, 
        0
      ], 
      "46": [
        0, 
        0, 
        0, 
        0
      ], 
      "47": [
        0, 
        0, 
        0, 
        0
      ], 
      "48": [
        9848, 
        8048, 
        9296, 
        4040
      ], 
      "49": [
        3478, 
        8304, 
        4556, 
        12074
      ], 
      "5": [
        0, 
        0, 
        0, 
        0
      ], 
      "50": [
        7518, 
        6364, 
        7290, 
        3990
      ], 
      "51": [
        356, 
        239, 
        364, 
        89
      ], 
      "52": [
        7518, 
        6364, 
        7290, 
        3990
      ], 
      "53": [
        14554, 
        28306, 
        17274, 
        46554
      ], 
      "54": [
        4400, 
        3350, 
        4170, 
        1951
      ], 
      "55": [
        28, 
        25, 
        21, 
        6
      ], 
      "56": [
        3250, 
        2446, 
        3083, 
        1440
      ], 
      "57": [
        1, 
        1, 
        1, 
        1
      ], 
      "58": [
        3, 
        3, 
        3, 
        3
      ], 
      "59": [
        48, 
        47, 
        49, 
        47
      ], 
      "6": [
        0, 
        0, 
        0, 
        0
      ], 
      "60": [
        59, 
        40, 
        53, 
        21
      ], 
      "61": [
        24885, 
        20777, 
        23876, 
        12021
      ], 
      "62": [
        372, 
        372, 
        372, 
        372
      ], 
      "63": [
        16, 
        8, 
        16, 
        8
      ], 
      "7": [
        0, 
        0, 
        0, 
        0
      ], 
      "8": [
        0, 
        0, 
        0, 
        0
      ], 
      "9": [
        0, 
        0, 
        0, 
        0
      ]
    }
  }, 
  "features": {
    "GWS": [
      16, 
      16, 
      64
    ], 
    "LWS": [
      4, 
      1, 
      64
    ], 
    "OFFSET": [
      0, 
      0, 
      0
    ], 
    "compiler name": "ARM Mali OpenCL", 
    "compiler version": "5.0", 
    "cpu_freq": 1600, 
    "gpu_freq": 266, 
    "image cols": 1072, 
    "image rows": 804, 
    "pool_dir": "pool.22", 
    "program version": "c597087", 
    "size": 16
  }, 
  "meta": {
    "device name": "Mali-T604", 
    "device type": "GPU", 
    "device vendor": "ARM", 
    "experiment type": "benchmarking", 
    "kernel name": "calc_histogram", 
    "program name": "Realeyes HOG"
  }, 
  "tags": [
    "demo", 
    "arm", 
    "codegen15"
  ], 
  "work": {
    "repl": 1, 
    "timestamp": "2015-02-22T02:01:04.035279"
  }
}