{
  "characteristics": {
    "cpu": 0.003011, 
    "gpu_copy": 0.015895, 
    "gpu_only": 0.000356, 
    "is_gpu_better": false, 
    "l2 cache and mmu counters": {
      "0": 2775275710, 
      "1": 17, 
      "10": 0, 
      "11": 0, 
      "12": 0, 
      "13": 0, 
      "14": 0, 
      "15": 0, 
      "16": 8, 
      "17": 3, 
      "18": 205, 
      "19": 4, 
      "2": 65535, 
      "20": 0, 
      "21": 0, 
      "22": 0, 
      "23": 0, 
      "24": 0, 
      "25": 0, 
      "26": 0, 
      "27": 0, 
      "28": 0, 
      "29": 0, 
      "3": 0, 
      "30": 914, 
      "31": 4512, 
      "32": 139209, 
      "33": 110983, 
      "34": 108752, 
      "35": 9311, 
      "36": 9886, 
      "37": 106058, 
      "38": 0, 
      "39": 14101, 
      "4": 1727, 
      "40": 13680, 
      "41": 107, 
      "42": 0, 
      "43": 14015, 
      "44": 0, 
      "45": 35, 
      "46": 0, 
      "47": 0, 
      "48": 1128, 
      "49": 1128, 
      "5": 300, 
      "50": 232, 
      "51": 182, 
      "52": 4, 
      "53": 2, 
      "54": 0, 
      "55": 0, 
      "56": 0, 
      "57": 37, 
      "58": 7, 
      "59": 0, 
      "6": 72, 
      "60": 0, 
      "61": 3693, 
      "62": 110779, 
      "63": 87081, 
      "7": 338, 
      "8": 264, 
      "9": 0
    }, 
    "shader core counters": {
      "0": [
        2775275710, 
        2775275710, 
        2775275710, 
        2775275710
      ], 
      "1": [
        17, 
        17, 
        17, 
        17
      ], 
      "10": [
        0, 
        0, 
        0, 
        0
      ], 
      "11": [
        0, 
        0, 
        0, 
        0
      ], 
      "12": [
        0, 
        0, 
        0, 
        0
      ], 
      "13": [
        0, 
        0, 
        0, 
        0
      ], 
      "14": [
        0, 
        0, 
        0, 
        0
      ], 
      "15": [
        0, 
        0, 
        0, 
        0
      ], 
      "16": [
        0, 
        0, 
        0, 
        0
      ], 
      "17": [
        0, 
        0, 
        0, 
        0
      ], 
      "18": [
        0, 
        0, 
        0, 
        0
      ], 
      "19": [
        0, 
        0, 
        0, 
        0
      ], 
      "2": [
        65535, 
        65535, 
        65535, 
        65535
      ], 
      "20": [
        0, 
        0, 
        0, 
        0
      ], 
      "21": [
        0, 
        0, 
        0, 
        0
      ], 
      "22": [
        189872, 
        188072, 
        188953, 
        189499
      ], 
      "23": [
        38, 
        34, 
        38, 
        18
      ], 
      "24": [
        4864, 
        4352, 
        4864, 
        2304
      ], 
      "25": [
        10897, 
        11897, 
        7674, 
        30500
      ], 
      "26": [
        189316, 
        187518, 
        188401, 
        188950
      ], 
      "27": [
        88398, 
        72092, 
        86384, 
        39392
      ], 
      "28": [
        5246, 
        3785, 
        4877, 
        1767
      ], 
      "29": [
        82151, 
        89834, 
        85320, 
        74581
      ], 
      "3": [
        0, 
        0, 
        0, 
        0
      ], 
      "30": [
        0, 
        0, 
        0, 
        0
      ], 
      "31": [
        58244, 
        49450, 
        57724, 
        27534
      ], 
      "32": [
        130862, 
        150307, 
        135629, 
        168447
      ], 
      "33": [
        0, 
        0, 
        0, 
        0
      ], 
      "34": [
        72618, 
        100857, 
        77905, 
        140913
      ], 
      "35": [
        0, 
        0, 
        0, 
        0
      ], 
      "36": [
        0, 
        0, 
        0, 
        0
      ], 
      "37": [
        0, 
        0, 
        0, 
        0
      ], 
      "38": [
        0, 
        0, 
        0, 
        0
      ], 
      "39": [
        0, 
        0, 
        0, 
        0
      ], 
      "4": [
        0, 
        0, 
        0, 
        0
      ], 
      "40": [
        0, 
        0, 
        0, 
        0
      ], 
      "41": [
        0, 
        0, 
        0, 
        0
      ], 
      "42": [
        0, 
        0, 
        0, 
        0
      ], 
      "43": [
        0, 
        0, 
        0, 
        0
      ], 
      "44": [
        0, 
        0, 
        0, 
        0
      ], 
      "45": [
        0, 
        0, 
        0, 
        0
      ], 
      "46": [
        0, 
        0, 
        0, 
        0
      ], 
      "47": [
        0, 
        0, 
        0, 
        0
      ], 
      "48": [
        9800, 
        7856, 
        9624, 
        3952
      ], 
      "49": [
        3884, 
        8231, 
        4890, 
        14501
      ], 
      "5": [
        0, 
        0, 
        0, 
        0
      ], 
      "50": [
        7029, 
        6162, 
        7003, 
        3723
      ], 
      "51": [
        327, 
        246, 
        356, 
        89
      ], 
      "52": [
        7029, 
        6162, 
        7003, 
        3723
      ], 
      "53": [
        13921, 
        24505, 
        15725, 
        42202
      ], 
      "54": [
        4126, 
        3472, 
        4097, 
        2071
      ], 
      "55": [
        49, 
        33, 
        35, 
        11
      ], 
      "56": [
        2970, 
        2478, 
        2988, 
        1459
      ], 
      "57": [
        1, 
        1, 
        1, 
        1
      ], 
      "58": [
        4, 
        4, 
        4, 
        4
      ], 
      "59": [
        47, 
        47, 
        47, 
        47
      ], 
      "6": [
        0, 
        0, 
        0, 
        0
      ], 
      "60": [
        240, 
        240, 
        230, 
        115
      ], 
      "61": [
        23858, 
        20181, 
        23630, 
        11399
      ], 
      "62": [
        372, 
        372, 
        372, 
        372
      ], 
      "63": [
        0, 
        0, 
        0, 
        0
      ], 
      "7": [
        0, 
        0, 
        0, 
        0
      ], 
      "8": [
        0, 
        0, 
        0, 
        0
      ], 
      "9": [
        0, 
        0, 
        0, 
        0
      ]
    }
  }, 
  "features": {
    "GWS": [
      16, 
      16, 
      64
    ], 
    "LWS": [
      4, 
      1, 
      64
    ], 
    "OFFSET": [
      0, 
      0, 
      0
    ], 
    "compiler name": "ARM Mali OpenCL", 
    "compiler version": "5.0", 
    "cpu_freq": 800, 
    "gpu_freq": 533, 
    "image cols": 2582, 
    "image rows": 1940, 
    "pool_dir": "pool.06", 
    "program version": "c597087", 
    "size": 16
  }, 
  "meta": {
    "device name": "Mali-T604", 
    "device type": "GPU", 
    "device vendor": "ARM", 
    "experiment type": "benchmarking", 
    "kernel name": "calc_histogram", 
    "program name": "Realeyes HOG"
  }, 
  "tags": [
    "demo", 
    "arm", 
    "codegen15"
  ], 
  "work": {
    "repl": 4, 
    "timestamp": "2015-02-22T02:12:59.954776"
  }
}