{
  "characteristics": {
    "cpu": 0.177193, 
    "gpu_copy": 0.049369, 
    "gpu_only": 0.045236, 
    "is_gpu_better": true, 
    "l2 cache and mmu counters": {
      "0": 3608493042, 
      "1": 19, 
      "10": 0, 
      "11": 0, 
      "12": 0, 
      "13": 0, 
      "14": 0, 
      "15": 0, 
      "16": 9, 
      "17": 3, 
      "18": 163, 
      "19": 6, 
      "2": 65535, 
      "20": 0, 
      "21": 0, 
      "22": 0, 
      "23": 0, 
      "24": 0, 
      "25": 0, 
      "26": 0, 
      "27": 0, 
      "28": 0, 
      "29": 0, 
      "3": 0, 
      "30": 7991, 
      "31": 57548, 
      "32": 8969553, 
      "33": 7391514, 
      "34": 7384803, 
      "35": 617782, 
      "36": 671941, 
      "37": 7162732, 
      "38": 0, 
      "39": 896840, 
      "4": 5908, 
      "40": 870299, 
      "41": 2149, 
      "42": 0, 
      "43": 894638, 
      "44": 0, 
      "45": 118, 
      "46": 0, 
      "47": 0, 
      "48": 14387, 
      "49": 14387, 
      "5": 68, 
      "50": 2002, 
      "51": 1788, 
      "52": 6, 
      "53": 2, 
      "54": 0, 
      "55": 0, 
      "56": 0, 
      "57": 82, 
      "58": 0, 
      "59": 0, 
      "6": 15, 
      "60": 0, 
      "61": 203416, 
      "62": 7707933, 
      "63": 6145160, 
      "7": 101, 
      "8": 45, 
      "9": 0
    }, 
    "shader core counters": {
      "0": [
        3608493042, 
        3608493042, 
        3608493042, 
        3608493042
      ], 
      "1": [
        19, 
        19, 
        19, 
        19
      ], 
      "10": [
        0, 
        0, 
        0, 
        0
      ], 
      "11": [
        0, 
        0, 
        0, 
        0
      ], 
      "12": [
        0, 
        0, 
        0, 
        0
      ], 
      "13": [
        0, 
        0, 
        0, 
        0
      ], 
      "14": [
        0, 
        0, 
        0, 
        0
      ], 
      "15": [
        0, 
        0, 
        0, 
        0
      ], 
      "16": [
        0, 
        0, 
        0, 
        0
      ], 
      "17": [
        0, 
        0, 
        0, 
        0
      ], 
      "18": [
        0, 
        0, 
        0, 
        0
      ], 
      "19": [
        0, 
        0, 
        0, 
        0
      ], 
      "2": [
        65535, 
        65535, 
        65535, 
        65535
      ], 
      "20": [
        0, 
        0, 
        0, 
        0
      ], 
      "21": [
        0, 
        0, 
        0, 
        0
      ], 
      "22": [
        12030144, 
        12032549, 
        12030291, 
        12025739
      ], 
      "23": [
        2578, 
        2148, 
        2516, 
        950
      ], 
      "24": [
        329984, 
        274944, 
        322048, 
        121600
      ], 
      "25": [
        6915, 
        9282, 
        10212, 
        83164
      ], 
      "26": [
        12029783, 
        12032187, 
        12029934, 
        12025387
      ], 
      "27": [
        5975334, 
        5040268, 
        5843670, 
        2283744
      ], 
      "28": [
        361073, 
        266339, 
        344143, 
        105036
      ], 
      "29": [
        5592848, 
        6216831, 
        5730844, 
        5636940
      ], 
      "3": [
        0, 
        0, 
        0, 
        0
      ], 
      "30": [
        0, 
        0, 
        0, 
        0
      ], 
      "31": [
        3998310, 
        3408628, 
        3916854, 
        1639382
      ], 
      "32": [
        8578588, 
        9876144, 
        8869858, 
        11713840
      ], 
      "33": [
        0, 
        0, 
        0, 
        0
      ], 
      "34": [
        4580278, 
        6467516, 
        4953004, 
        10074458
      ], 
      "35": [
        0, 
        0, 
        0, 
        0
      ], 
      "36": [
        0, 
        0, 
        0, 
        0
      ], 
      "37": [
        0, 
        0, 
        0, 
        0
      ], 
      "38": [
        0, 
        0, 
        0, 
        0
      ], 
      "39": [
        0, 
        0, 
        0, 
        0
      ], 
      "4": [
        0, 
        0, 
        0, 
        0
      ], 
      "40": [
        0, 
        0, 
        0, 
        0
      ], 
      "41": [
        0, 
        0, 
        0, 
        0
      ], 
      "42": [
        0, 
        0, 
        0, 
        0
      ], 
      "43": [
        0, 
        0, 
        0, 
        0
      ], 
      "44": [
        0, 
        0, 
        0, 
        0
      ], 
      "45": [
        0, 
        0, 
        0, 
        0
      ], 
      "46": [
        0, 
        0, 
        0, 
        0
      ], 
      "47": [
        0, 
        0, 
        0, 
        0
      ], 
      "48": [
        645424, 
        542384, 
        631432, 
        237464
      ], 
      "49": [
        188150, 
        453042, 
        246303, 
        945570
      ], 
      "5": [
        0, 
        0, 
        0, 
        0
      ], 
      "50": [
        497197, 
        430809, 
        488041, 
        224873
      ], 
      "51": [
        23609, 
        18183, 
        22325, 
        5881
      ], 
      "52": [
        497197, 
        430809, 
        488041, 
        224873
      ], 
      "53": [
        901342, 
        1649396, 
        1033597, 
        3296186
      ], 
      "54": [
        259469, 
        230107, 
        251853, 
        133242
      ], 
      "55": [
        1897, 
        1679, 
        2094, 
        492
      ], 
      "56": [
        199918, 
        177185, 
        193500, 
        102951
      ], 
      "57": [
        1, 
        1, 
        1, 
        1
      ], 
      "58": [
        3, 
        3, 
        3, 
        3
      ], 
      "59": [
        47, 
        47, 
        47, 
        47
      ], 
      "6": [
        0, 
        0, 
        0, 
        0
      ], 
      "60": [
        822, 
        767, 
        790, 
        545
      ], 
      "61": [
        1639819, 
        1404002, 
        1607515, 
        687211
      ], 
      "62": [
        372, 
        372, 
        372, 
        372
      ], 
      "63": [
        0, 
        0, 
        0, 
        0
      ], 
      "7": [
        0, 
        0, 
        0, 
        0
      ], 
      "8": [
        0, 
        0, 
        0, 
        0
      ], 
      "9": [
        0, 
        0, 
        0, 
        0
      ]
    }
  }, 
  "features": {
    "GWS": [
      12, 
      12, 
      64
    ], 
    "LWS": [
      4, 
      1, 
      64
    ], 
    "OFFSET": [
      0, 
      0, 
      0
    ], 
    "compiler name": "ARM Mali OpenCL", 
    "compiler version": "5.0", 
    "cpu_freq": 800, 
    "gpu_freq": 266, 
    "image cols": 1072, 
    "image rows": 804, 
    "pool_dir": "pool.22", 
    "program version": "c597087", 
    "size": 128
  }, 
  "meta": {
    "device name": "Mali-T604", 
    "device type": "GPU", 
    "device vendor": "ARM", 
    "experiment type": "benchmarking", 
    "kernel name": "calc_histogram", 
    "program name": "Realeyes HOG"
  }, 
  "tags": [
    "demo", 
    "arm", 
    "codegen15"
  ], 
  "work": {
    "repl": 1, 
    "timestamp": "2015-02-22T02:19:32.640233"
  }
}