{
  "characteristics": {
    "cpu": 0.177388, 
    "gpu_copy": 0.026686, 
    "gpu_only": 0.023435, 
    "is_gpu_better": true, 
    "l2 cache and mmu counters": {
      "0": 2820321341, 
      "1": 17, 
      "10": 0, 
      "11": 0, 
      "12": 0, 
      "13": 0, 
      "14": 0, 
      "15": 0, 
      "16": 8, 
      "17": 3, 
      "18": 185, 
      "19": 4, 
      "2": 65535, 
      "20": 0, 
      "21": 0, 
      "22": 0, 
      "23": 0, 
      "24": 0, 
      "25": 0, 
      "26": 0, 
      "27": 0, 
      "28": 0, 
      "29": 0, 
      "3": 0, 
      "30": 10496, 
      "31": 50640, 
      "32": 9303784, 
      "33": 7675344, 
      "34": 7668341, 
      "35": 638816, 
      "36": 696572, 
      "37": 7445758, 
      "38": 0, 
      "39": 923245, 
      "4": 1160, 
      "40": 895789, 
      "41": 2545, 
      "42": 0, 
      "43": 920180, 
      "44": 0, 
      "45": 68, 
      "46": 0, 
      "47": 0, 
      "48": 12660, 
      "49": 12660, 
      "5": 73, 
      "50": 2629, 
      "51": 2228, 
      "52": 6, 
      "53": 2, 
      "54": 0, 
      "55": 0, 
      "56": 0, 
      "57": 316, 
      "58": 0, 
      "59": 0, 
      "6": 72, 
      "60": 0, 
      "61": 212571, 
      "62": 7992308, 
      "63": 6407573, 
      "7": 141, 
      "8": 48, 
      "9": 0
    }, 
    "shader core counters": {
      "0": [
        2820321341, 
        2820321341, 
        2820321341, 
        2820321341
      ], 
      "1": [
        17, 
        17, 
        17, 
        17
      ], 
      "10": [
        0, 
        0, 
        0, 
        0
      ], 
      "11": [
        0, 
        0, 
        0, 
        0
      ], 
      "12": [
        0, 
        0, 
        0, 
        0
      ], 
      "13": [
        0, 
        0, 
        0, 
        0
      ], 
      "14": [
        0, 
        0, 
        0, 
        0
      ], 
      "15": [
        0, 
        0, 
        0, 
        0
      ], 
      "16": [
        0, 
        0, 
        0, 
        0
      ], 
      "17": [
        0, 
        0, 
        0, 
        0
      ], 
      "18": [
        0, 
        0, 
        0, 
        0
      ], 
      "19": [
        0, 
        0, 
        0, 
        0
      ], 
      "2": [
        65535, 
        65535, 
        65535, 
        65535
      ], 
      "20": [
        0, 
        0, 
        0, 
        0
      ], 
      "21": [
        0, 
        0, 
        0, 
        0
      ], 
      "22": [
        12488458, 
        12489929, 
        12485903, 
        12490206
      ], 
      "23": [
        2621, 
        2128, 
        2539, 
        904
      ], 
      "24": [
        335488, 
        272384, 
        324992, 
        115712
      ], 
      "25": [
        15684, 
        22513, 
        18376, 
        317111
      ], 
      "26": [
        12488037, 
        12489499, 
        12485479, 
        12489787
      ], 
      "27": [
        6158360, 
        5068810, 
        5987928, 
        2227164
      ], 
      "28": [
        370357, 
        261483, 
        348508, 
        106454
      ], 
      "29": [
        5851184, 
        6549805, 
        6016720, 
        5604089
      ], 
      "3": [
        0, 
        0, 
        0, 
        0
      ], 
      "30": [
        0, 
        0, 
        0, 
        0
      ], 
      "31": [
        4179302, 
        3486112, 
        4066548, 
        1622532
      ], 
      "32": [
        8907994, 
        10382443, 
        9278858, 
        12179754
      ], 
      "33": [
        0, 
        0, 
        0, 
        0
      ], 
      "34": [
        4728692, 
        6896331, 
        5212310, 
        10557222
      ], 
      "35": [
        0, 
        0, 
        0, 
        0
      ], 
      "36": [
        0, 
        0, 
        0, 
        0
      ], 
      "37": [
        0, 
        0, 
        0, 
        0
      ], 
      "38": [
        0, 
        0, 
        0, 
        0
      ], 
      "39": [
        0, 
        0, 
        0, 
        0
      ], 
      "4": [
        0, 
        0, 
        0, 
        0
      ], 
      "40": [
        0, 
        0, 
        0, 
        0
      ], 
      "41": [
        0, 
        0, 
        0, 
        0
      ], 
      "42": [
        0, 
        0, 
        0, 
        0
      ], 
      "43": [
        0, 
        0, 
        0, 
        0
      ], 
      "44": [
        0, 
        0, 
        0, 
        0
      ], 
      "45": [
        0, 
        0, 
        0, 
        0
      ], 
      "46": [
        0, 
        0, 
        0, 
        0
      ], 
      "47": [
        0, 
        0, 
        0, 
        0
      ], 
      "48": [
        660064, 
        539328, 
        640304, 
        228528
      ], 
      "49": [
        182954, 
        464573, 
        256800, 
        983552
      ], 
      "5": [
        0, 
        0, 
        0, 
        0
      ], 
      "50": [
        531199, 
        452444, 
        518615, 
        227853
      ], 
      "51": [
        25798, 
        18873, 
        24486, 
        5526
      ], 
      "52": [
        531199, 
        452444, 
        518615, 
        227853
      ], 
      "53": [
        938991, 
        1821384, 
        1109666, 
        3497362
      ], 
      "54": [
        267338, 
        235303, 
        264106, 
        131198
      ], 
      "55": [
        1833, 
        1403, 
        1436, 
        508
      ], 
      "56": [
        208449, 
        183024, 
        204809, 
        100999
      ], 
      "57": [
        1, 
        1, 
        1, 
        1
      ], 
      "58": [
        3, 
        3, 
        3, 
        3
      ], 
      "59": [
        48, 
        47, 
        47, 
        48
      ], 
      "6": [
        0, 
        0, 
        0, 
        0
      ], 
      "60": [
        155, 
        141, 
        154, 
        122
      ], 
      "61": [
        1722463, 
        1444216, 
        1677534, 
        684234
      ], 
      "62": [
        372, 
        372, 
        372, 
        372
      ], 
      "63": [
        16, 
        8, 
        0, 
        16
      ], 
      "7": [
        0, 
        0, 
        0, 
        0
      ], 
      "8": [
        0, 
        0, 
        0, 
        0
      ], 
      "9": [
        0, 
        0, 
        0, 
        0
      ]
    }
  }, 
  "features": {
    "GWS": [
      12, 
      12, 
      64
    ], 
    "LWS": [
      4, 
      1, 
      64
    ], 
    "OFFSET": [
      0, 
      0, 
      0
    ], 
    "compiler name": "ARM Mali OpenCL", 
    "compiler version": "5.0", 
    "cpu_freq": 800, 
    "gpu_freq": 533, 
    "image cols": 944, 
    "image rows": 708, 
    "pool_dir": "pool.05", 
    "program version": "c597087", 
    "size": 128
  }, 
  "meta": {
    "device name": "Mali-T604", 
    "device type": "GPU", 
    "device vendor": "ARM", 
    "experiment type": "benchmarking", 
    "kernel name": "calc_histogram", 
    "program name": "Realeyes HOG"
  }, 
  "tags": [
    "demo", 
    "arm", 
    "codegen15"
  ], 
  "work": {
    "repl": 0, 
    "timestamp": "2015-02-22T02:13:01.856670"
  }
}