{
  "characteristics": {
    "cpu": 0.043096, 
    "gpu_copy": 0.013607, 
    "gpu_only": 0.011169, 
    "is_gpu_better": true, 
    "l2 cache and mmu counters": {
      "0": 755565410, 
      "1": 21, 
      "10": 0, 
      "11": 0, 
      "12": 0, 
      "13": 0, 
      "14": 0, 
      "15": 0, 
      "16": 8, 
      "17": 3, 
      "18": 147, 
      "19": 4, 
      "2": 65535, 
      "20": 0, 
      "21": 0, 
      "22": 0, 
      "23": 0, 
      "24": 0, 
      "25": 0, 
      "26": 0, 
      "27": 0, 
      "28": 0, 
      "29": 0, 
      "3": 0, 
      "30": 1930, 
      "31": 16244, 
      "32": 2212671, 
      "33": 1823389, 
      "34": 1820862, 
      "35": 151739, 
      "36": 165812, 
      "37": 1767448, 
      "38": 0, 
      "39": 218219, 
      "4": 144, 
      "40": 211598, 
      "41": 545, 
      "42": 0, 
      "43": 217804, 
      "44": 0, 
      "45": 64, 
      "46": 0, 
      "47": 0, 
      "48": 4061, 
      "49": 4061, 
      "5": 58, 
      "50": 492, 
      "51": 445, 
      "52": 4, 
      "53": 2, 
      "54": 0, 
      "55": 0, 
      "56": 0, 
      "57": 23, 
      "58": 0, 
      "59": 0, 
      "6": 0, 
      "60": 0, 
      "61": 51260, 
      "62": 1894657, 
      "63": 1524719, 
      "7": 64, 
      "8": 34, 
      "9": 0
    }, 
    "shader core counters": {
      "0": [
        755565410, 
        755565410, 
        755565410, 
        755565410
      ], 
      "1": [
        21, 
        21, 
        21, 
        21
      ], 
      "10": [
        0, 
        0, 
        0, 
        0
      ], 
      "11": [
        0, 
        0, 
        0, 
        0
      ], 
      "12": [
        0, 
        0, 
        0, 
        0
      ], 
      "13": [
        0, 
        0, 
        0, 
        0
      ], 
      "14": [
        0, 
        0, 
        0, 
        0
      ], 
      "15": [
        0, 
        0, 
        0, 
        0
      ], 
      "16": [
        0, 
        0, 
        0, 
        0
      ], 
      "17": [
        0, 
        0, 
        0, 
        0
      ], 
      "18": [
        0, 
        0, 
        0, 
        0
      ], 
      "19": [
        0, 
        0, 
        0, 
        0
      ], 
      "2": [
        65535, 
        65535, 
        65535, 
        65535
      ], 
      "20": [
        0, 
        0, 
        0, 
        0
      ], 
      "21": [
        0, 
        0, 
        0, 
        0
      ], 
      "22": [
        2968352, 
        2961389, 
        2967810, 
        2970519
      ], 
      "23": [
        642, 
        539, 
        636, 
        231
      ], 
      "24": [
        82176, 
        68992, 
        81408, 
        29568
      ], 
      "25": [
        7110, 
        7112, 
        7847, 
        37362
      ], 
      "26": [
        2967943, 
        2960979, 
        2967408, 
        2970118
      ], 
      "27": [
        1477862, 
        1218302, 
        1439490, 
        553662
      ], 
      "28": [
        89662, 
        63637, 
        84771, 
        25513
      ], 
      "29": [
        1370127, 
        1533236, 
        1410910, 
        1366990
      ], 
      "3": [
        0, 
        0, 
        0, 
        0
      ], 
      "30": [
        0, 
        0, 
        0, 
        0
      ], 
      "31": [
        984450, 
        824926, 
        962996, 
        398508
      ], 
      "32": [
        2114719, 
        2450450, 
        2188399, 
        2884901
      ], 
      "33": [
        0, 
        0, 
        0, 
        0
      ], 
      "34": [
        1130269, 
        1625524, 
        1225403, 
        2486393
      ], 
      "35": [
        0, 
        0, 
        0, 
        0
      ], 
      "36": [
        0, 
        0, 
        0, 
        0
      ], 
      "37": [
        0, 
        0, 
        0, 
        0
      ], 
      "38": [
        0, 
        0, 
        0, 
        0
      ], 
      "39": [
        0, 
        0, 
        0, 
        0
      ], 
      "4": [
        0, 
        0, 
        0, 
        0
      ], 
      "40": [
        0, 
        0, 
        0, 
        0
      ], 
      "41": [
        0, 
        0, 
        0, 
        0
      ], 
      "42": [
        0, 
        0, 
        0, 
        0
      ], 
      "43": [
        0, 
        0, 
        0, 
        0
      ], 
      "44": [
        0, 
        0, 
        0, 
        0
      ], 
      "45": [
        0, 
        0, 
        0, 
        0
      ], 
      "46": [
        0, 
        0, 
        0, 
        0
      ], 
      "47": [
        0, 
        0, 
        0, 
        0
      ], 
      "48": [
        160912, 
        131784, 
        156224, 
        58088
      ], 
      "49": [
        43326, 
        113585, 
        57940, 
        213773
      ], 
      "5": [
        0, 
        0, 
        0, 
        0
      ], 
      "50": [
        121256, 
        103361, 
        118947, 
        54563
      ], 
      "51": [
        5840, 
        4271, 
        5498, 
        1420
      ], 
      "52": [
        121256, 
        103361, 
        118947, 
        54563
      ], 
      "53": [
        225974, 
        422927, 
        260353, 
        832998
      ], 
      "54": [
        63319, 
        55439, 
        61982, 
        31557
      ], 
      "55": [
        563, 
        431, 
        490, 
        158
      ], 
      "56": [
        49667, 
        43231, 
        48224, 
        24836
      ], 
      "57": [
        1, 
        1, 
        1, 
        1
      ], 
      "58": [
        3, 
        3, 
        3, 
        3
      ], 
      "59": [
        47, 
        47, 
        49, 
        47
      ], 
      "6": [
        0, 
        0, 
        0, 
        0
      ], 
      "60": [
        16, 
        17, 
        15, 
        16
      ], 
      "61": [
        403425, 
        338507, 
        394118, 
        167214
      ], 
      "62": [
        372, 
        372, 
        372, 
        372
      ], 
      "63": [
        0, 
        8, 
        16, 
        0
      ], 
      "7": [
        0, 
        0, 
        0, 
        0
      ], 
      "8": [
        0, 
        0, 
        0, 
        0
      ], 
      "9": [
        0, 
        0, 
        0, 
        0
      ]
    }
  }, 
  "features": {
    "GWS": [
      64, 
      64, 
      64
    ], 
    "LWS": [
      4, 
      1, 
      64
    ], 
    "OFFSET": [
      0, 
      0, 
      0
    ], 
    "compiler name": "ARM Mali OpenCL", 
    "compiler version": "5.0", 
    "cpu_freq": 800, 
    "gpu_freq": 266, 
    "image cols": 816, 
    "image rows": 612, 
    "pool_dir": "pool.21", 
    "program version": "c597087", 
    "size": 64
  }, 
  "meta": {
    "device name": "Mali-T604", 
    "device type": "GPU", 
    "device vendor": "ARM", 
    "experiment type": "benchmarking", 
    "kernel name": "calc_histogram", 
    "program name": "Realeyes HOG"
  }, 
  "tags": [
    "demo", 
    "arm", 
    "codegen15"
  ], 
  "work": {
    "repl": 1, 
    "timestamp": "2015-02-22T02:23:31.623125"
  }
}