{
  "characteristics": {
    "cpu": 0.046509, 
    "gpu_copy": 0.02736, 
    "gpu_only": 0.012291, 
    "is_gpu_better": true, 
    "l2 cache and mmu counters": {
      "0": 75166476, 
      "1": 13, 
      "10": 0, 
      "11": 0, 
      "12": 0, 
      "13": 0, 
      "14": 0, 
      "15": 0, 
      "16": 8, 
      "17": 3, 
      "18": 161, 
      "19": 4, 
      "2": 65535, 
      "20": 0, 
      "21": 0, 
      "22": 0, 
      "23": 0, 
      "24": 0, 
      "25": 0, 
      "26": 0, 
      "27": 0, 
      "28": 0, 
      "29": 0, 
      "3": 0, 
      "30": 3164, 
      "31": 25512, 
      "32": 2420212, 
      "33": 1990983, 
      "34": 1985496, 
      "35": 165977, 
      "36": 180249, 
      "37": 1924983, 
      "38": 0, 
      "39": 243304, 
      "4": 33724, 
      "40": 236204, 
      "41": 767, 
      "42": 0, 
      "43": 242596, 
      "44": 0, 
      "45": 99, 
      "46": 0, 
      "47": 0, 
      "48": 6378, 
      "49": 6378, 
      "5": 3149, 
      "50": 796, 
      "51": 695, 
      "52": 6, 
      "53": 2, 
      "54": 0, 
      "55": 0, 
      "56": 0, 
      "57": 22, 
      "58": 0, 
      "59": 0, 
      "6": 101, 
      "60": 0, 
      "61": 55805, 
      "62": 2065886, 
      "63": 1640076, 
      "7": 508, 
      "8": 2983, 
      "9": 0
    }, 
    "shader core counters": {
      "0": [
        75166476, 
        75166476, 
        75166476, 
        75166476
      ], 
      "1": [
        13, 
        13, 
        13, 
        13
      ], 
      "10": [
        0, 
        0, 
        0, 
        0
      ], 
      "11": [
        0, 
        0, 
        0, 
        0
      ], 
      "12": [
        0, 
        0, 
        0, 
        0
      ], 
      "13": [
        0, 
        0, 
        0, 
        0
      ], 
      "14": [
        0, 
        0, 
        0, 
        0
      ], 
      "15": [
        0, 
        0, 
        0, 
        0
      ], 
      "16": [
        0, 
        0, 
        0, 
        0
      ], 
      "17": [
        0, 
        0, 
        0, 
        0
      ], 
      "18": [
        0, 
        0, 
        0, 
        0
      ], 
      "19": [
        0, 
        0, 
        0, 
        0
      ], 
      "2": [
        65535, 
        65535, 
        65535, 
        65535
      ], 
      "20": [
        0, 
        0, 
        0, 
        0
      ], 
      "21": [
        0, 
        0, 
        0, 
        0
      ], 
      "22": [
        3266348, 
        3267886, 
        3269304, 
        3267952
      ], 
      "23": [
        658, 
        525, 
        634, 
        231
      ], 
      "24": [
        84224, 
        67200, 
        81152, 
        29568
      ], 
      "25": [
        9691, 
        12896, 
        7122, 
        137728
      ], 
      "26": [
        3266000, 
        3267528, 
        3268953, 
        3267611
      ], 
      "27": [
        1608072, 
        1319285, 
        1569722, 
        606257
      ], 
      "28": [
        97433, 
        68769, 
        92518, 
        29501
      ], 
      "29": [
        1525768, 
        1717236, 
        1570298, 
        1483112
      ], 
      "3": [
        0, 
        0, 
        0, 
        0
      ], 
      "30": [
        0, 
        0, 
        0, 
        0
      ], 
      "31": [
        1080588, 
        896932, 
        1054726, 
        431520
      ], 
      "32": [
        2348477, 
        2753777, 
        2437093, 
        3168994
      ], 
      "33": [
        0, 
        0, 
        0, 
        0
      ], 
      "34": [
        1267889, 
        1856845, 
        1382367, 
        2737474
      ], 
      "35": [
        0, 
        0, 
        0, 
        0
      ], 
      "36": [
        0, 
        0, 
        0, 
        0
      ], 
      "37": [
        0, 
        0, 
        0, 
        0
      ], 
      "38": [
        0, 
        0, 
        0, 
        0
      ], 
      "39": [
        0, 
        0, 
        0, 
        0
      ], 
      "4": [
        0, 
        0, 
        0, 
        0
      ], 
      "40": [
        0, 
        0, 
        0, 
        0
      ], 
      "41": [
        0, 
        0, 
        0, 
        0
      ], 
      "42": [
        0, 
        0, 
        0, 
        0
      ], 
      "43": [
        0, 
        0, 
        0, 
        0
      ], 
      "44": [
        0, 
        0, 
        0, 
        0
      ], 
      "45": [
        0, 
        0, 
        0, 
        0
      ], 
      "46": [
        0, 
        0, 
        0, 
        0
      ], 
      "47": [
        0, 
        0, 
        0, 
        0
      ], 
      "48": [
        170936, 
        139026, 
        166660, 
        62130
      ], 
      "49": [
        56267, 
        135027, 
        71406, 
        241660
      ], 
      "5": [
        0, 
        0, 
        0, 
        0
      ], 
      "50": [
        137143, 
        116379, 
        134234, 
        59784
      ], 
      "51": [
        6743, 
        4918, 
        6357, 
        1423
      ], 
      "52": [
        137143, 
        116379, 
        134234, 
        59784
      ], 
      "53": [
        238717, 
        478778, 
        283934, 
        904886
      ], 
      "54": [
        71094, 
        61903, 
        69822, 
        34658
      ], 
      "55": [
        385, 
        360, 
        515, 
        157
      ], 
      "56": [
        53841, 
        47252, 
        53097, 
        26745
      ], 
      "57": [
        1, 
        1, 
        1, 
        1
      ], 
      "58": [
        3, 
        3, 
        3, 
        3
      ], 
      "59": [
        47, 
        47, 
        47, 
        48
      ], 
      "6": [
        0, 
        0, 
        0, 
        0
      ], 
      "60": [
        5202, 
        4205, 
        4865, 
        1974
      ], 
      "61": [
        445222, 
        371785, 
        435129, 
        181699
      ], 
      "62": [
        372, 
        372, 
        372, 
        372
      ], 
      "63": [
        0, 
        0, 
        0, 
        8
      ], 
      "7": [
        0, 
        0, 
        0, 
        0
      ], 
      "8": [
        0, 
        0, 
        0, 
        0
      ], 
      "9": [
        0, 
        0, 
        0, 
        0
      ]
    }
  }, 
  "features": {
    "GWS": [
      64, 
      64, 
      64
    ], 
    "LWS": [
      4, 
      1, 
      64
    ], 
    "OFFSET": [
      0, 
      0, 
      0
    ], 
    "compiler name": "ARM Mali OpenCL", 
    "compiler version": "5.0", 
    "cpu_freq": 800, 
    "gpu_freq": 266, 
    "image cols": 2126, 
    "image rows": 2658, 
    "pool_dir": "pool.04", 
    "program version": "c597087", 
    "size": 64
  }, 
  "meta": {
    "device name": "Mali-T604", 
    "device type": "GPU", 
    "device vendor": "ARM", 
    "experiment type": "benchmarking", 
    "kernel name": "calc_histogram", 
    "program name": "Realeyes HOG"
  }, 
  "tags": [
    "demo", 
    "arm", 
    "codegen15"
  ], 
  "work": {
    "repl": 1, 
    "timestamp": "2015-02-22T01:59:11.709415"
  }
}