{
  "characteristics": {
    "cpu": 0.001494, 
    "gpu_copy": 0.00284, 
    "gpu_only": 0.000722, 
    "is_gpu_better": false, 
    "l2 cache and mmu counters": {
      "0": 1401351068, 
      "1": 11, 
      "10": 0, 
      "11": 0, 
      "12": 0, 
      "13": 0, 
      "14": 0, 
      "15": 0, 
      "16": 8, 
      "17": 3, 
      "18": 144, 
      "19": 4, 
      "2": 65535, 
      "20": 0, 
      "21": 0, 
      "22": 0, 
      "23": 0, 
      "24": 0, 
      "25": 0, 
      "26": 0, 
      "27": 0, 
      "28": 0, 
      "29": 0, 
      "3": 0, 
      "30": 778, 
      "31": 4108, 
      "32": 137255, 
      "33": 109647, 
      "34": 108353, 
      "35": 9177, 
      "36": 9811, 
      "37": 105523, 
      "38": 0, 
      "39": 13551, 
      "4": 120, 
      "40": 13175, 
      "41": 97, 
      "42": 0, 
      "43": 13512, 
      "44": 0, 
      "45": 43, 
      "46": 0, 
      "47": 3, 
      "48": 1027, 
      "49": 1027, 
      "5": 53, 
      "50": 198, 
      "51": 177, 
      "52": 4, 
      "53": 2, 
      "54": 0, 
      "55": 0, 
      "56": 0, 
      "57": 0, 
      "58": 0, 
      "59": 0, 
      "6": 25, 
      "60": 0, 
      "61": 3013, 
      "62": 111234, 
      "63": 87954, 
      "7": 67, 
      "8": 33, 
      "9": 0
    }, 
    "shader core counters": {
      "0": [
        1401351068, 
        1401351068, 
        1401351068, 
        1401351068
      ], 
      "1": [
        11, 
        11, 
        11, 
        11
      ], 
      "10": [
        0, 
        0, 
        0, 
        0
      ], 
      "11": [
        0, 
        0, 
        0, 
        0
      ], 
      "12": [
        0, 
        0, 
        0, 
        0
      ], 
      "13": [
        0, 
        0, 
        0, 
        0
      ], 
      "14": [
        0, 
        0, 
        0, 
        0
      ], 
      "15": [
        0, 
        0, 
        0, 
        0
      ], 
      "16": [
        0, 
        0, 
        0, 
        0
      ], 
      "17": [
        0, 
        0, 
        0, 
        0
      ], 
      "18": [
        0, 
        0, 
        0, 
        0
      ], 
      "19": [
        0, 
        0, 
        0, 
        0
      ], 
      "2": [
        65535, 
        65535, 
        65535, 
        65535
      ], 
      "20": [
        0, 
        0, 
        0, 
        0
      ], 
      "21": [
        0, 
        0, 
        0, 
        0
      ], 
      "22": [
        187533, 
        186160, 
        184143, 
        191650
      ], 
      "23": [
        35, 
        28, 
        42, 
        23
      ], 
      "24": [
        4480, 
        3584, 
        5376, 
        2944
      ], 
      "25": [
        9132, 
        16508, 
        12681, 
        24249
      ], 
      "26": [
        187177, 
        185803, 
        183787, 
        191295
      ], 
      "27": [
        87383, 
        63240, 
        82325, 
        44220
      ], 
      "28": [
        5069, 
        2920, 
        4588, 
        2180
      ], 
      "29": [
        83019, 
        95975, 
        84468, 
        80121
      ], 
      "3": [
        0, 
        0, 
        0, 
        0
      ], 
      "30": [
        0, 
        0, 
        0, 
        0
      ], 
      "31": [
        58126, 
        44212, 
        56624, 
        31690
      ], 
      "32": [
        130610, 
        150355, 
        129913, 
        170135
      ], 
      "33": [
        0, 
        0, 
        0, 
        0
      ], 
      "34": [
        72484, 
        106143, 
        73289, 
        138445
      ], 
      "35": [
        0, 
        0, 
        0, 
        0
      ], 
      "36": [
        0, 
        0, 
        0, 
        0
      ], 
      "37": [
        0, 
        0, 
        0, 
        0
      ], 
      "38": [
        0, 
        0, 
        0, 
        0
      ], 
      "39": [
        0, 
        0, 
        0, 
        0
      ], 
      "4": [
        0, 
        0, 
        0, 
        0
      ], 
      "40": [
        0, 
        0, 
        0, 
        0
      ], 
      "41": [
        0, 
        0, 
        0, 
        0
      ], 
      "42": [
        0, 
        0, 
        0, 
        0
      ], 
      "43": [
        0, 
        0, 
        0, 
        0
      ], 
      "44": [
        0, 
        0, 
        0, 
        0
      ], 
      "45": [
        0, 
        0, 
        0, 
        0
      ], 
      "46": [
        0, 
        0, 
        0, 
        0
      ], 
      "47": [
        0, 
        0, 
        0, 
        0
      ], 
      "48": [
        9438, 
        6972, 
        9220, 
        4674
      ], 
      "49": [
        3327, 
        7636, 
        4778, 
        13902
      ], 
      "5": [
        0, 
        0, 
        0, 
        0
      ], 
      "50": [
        7299, 
        5656, 
        6891, 
        4193
      ], 
      "51": [
        396, 
        212, 
        301, 
        107
      ], 
      "52": [
        7299, 
        5656, 
        6891, 
        4193
      ], 
      "53": [
        14415, 
        29449, 
        15055, 
        40664
      ], 
      "54": [
        4323, 
        3215, 
        3783, 
        1928
      ], 
      "55": [
        21, 
        17, 
        20, 
        14
      ], 
      "56": [
        3332, 
        2410, 
        2744, 
        1328
      ], 
      "57": [
        1, 
        1, 
        1, 
        1
      ], 
      "58": [
        3, 
        3, 
        3, 
        3
      ], 
      "59": [
        47, 
        47, 
        47, 
        47
      ], 
      "6": [
        0, 
        0, 
        0, 
        0
      ], 
      "60": [
        13, 
        13, 
        13, 
        12
      ], 
      "61": [
        24036, 
        18284, 
        23002, 
        13060
      ], 
      "62": [
        372, 
        372, 
        372, 
        372
      ], 
      "63": [
        0, 
        0, 
        0, 
        0
      ], 
      "7": [
        0, 
        0, 
        0, 
        0
      ], 
      "8": [
        0, 
        0, 
        0, 
        0
      ], 
      "9": [
        0, 
        0, 
        0, 
        0
      ]
    }
  }, 
  "features": {
    "GWS": [
      16, 
      16, 
      64
    ], 
    "LWS": [
      4, 
      1, 
      64
    ], 
    "OFFSET": [
      0, 
      0, 
      0
    ], 
    "compiler name": "ARM Mali OpenCL", 
    "compiler version": "5.0", 
    "cpu_freq": 1600, 
    "gpu_freq": 266, 
    "image cols": 633, 
    "image rows": 921, 
    "pool_dir": "pool.01", 
    "program version": "c597087", 
    "size": 16
  }, 
  "meta": {
    "device name": "Mali-T604", 
    "device type": "GPU", 
    "device vendor": "ARM", 
    "experiment type": "benchmarking", 
    "kernel name": "calc_histogram", 
    "program name": "Realeyes HOG"
  }, 
  "tags": [
    "demo", 
    "arm", 
    "codegen15"
  ], 
  "work": {
    "repl": 3, 
    "timestamp": "2015-02-22T01:54:08.895047"
  }
}