{
  "characteristics": {
    "cpu": 0.002218, 
    "gpu_copy": 0.007657, 
    "gpu_only": 0.000863, 
    "is_gpu_better": false, 
    "l2 cache and mmu counters": {
      "0": 2958254766, 
      "1": 14, 
      "10": 0, 
      "11": 0, 
      "12": 0, 
      "13": 0, 
      "14": 0, 
      "15": 0, 
      "16": 8, 
      "17": 3, 
      "18": 150, 
      "19": 4, 
      "2": 65535, 
      "20": 0, 
      "21": 0, 
      "22": 0, 
      "23": 0, 
      "24": 0, 
      "25": 0, 
      "26": 0, 
      "27": 0, 
      "28": 0, 
      "29": 0, 
      "3": 0, 
      "30": 851, 
      "31": 5816, 
      "32": 169387, 
      "33": 134052, 
      "34": 132337, 
      "35": 11522, 
      "36": 12129, 
      "37": 128721, 
      "38": 0, 
      "39": 18912, 
      "4": 2924, 
      "40": 18401, 
      "41": 133, 
      "42": 0, 
      "43": 18834, 
      "44": 0, 
      "45": 49, 
      "46": 0, 
      "47": 0, 
      "48": 1454, 
      "49": 1454, 
      "5": 331, 
      "50": 217, 
      "51": 185, 
      "52": 5, 
      "53": 2, 
      "54": 0, 
      "55": 0, 
      "56": 0, 
      "57": 0, 
      "58": 0, 
      "59": 0, 
      "6": 78, 
      "60": 0, 
      "61": 3737, 
      "62": 138394, 
      "63": 101363, 
      "7": 316, 
      "8": 286, 
      "9": 0
    }, 
    "shader core counters": {
      "0": [
        2958254766, 
        2958254766, 
        2958254766, 
        2958254766
      ], 
      "1": [
        14, 
        14, 
        14, 
        14
      ], 
      "10": [
        0, 
        0, 
        0, 
        0
      ], 
      "11": [
        0, 
        0, 
        0, 
        0
      ], 
      "12": [
        0, 
        0, 
        0, 
        0
      ], 
      "13": [
        0, 
        0, 
        0, 
        0
      ], 
      "14": [
        0, 
        0, 
        0, 
        0
      ], 
      "15": [
        0, 
        0, 
        0, 
        0
      ], 
      "16": [
        0, 
        0, 
        0, 
        0
      ], 
      "17": [
        0, 
        0, 
        0, 
        0
      ], 
      "18": [
        0, 
        0, 
        0, 
        0
      ], 
      "19": [
        0, 
        0, 
        0, 
        0
      ], 
      "2": [
        65535, 
        65535, 
        65535, 
        65535
      ], 
      "20": [
        0, 
        0, 
        0, 
        0
      ], 
      "21": [
        0, 
        0, 
        0, 
        0
      ], 
      "22": [
        228347, 
        217149, 
        228136, 
        229308
      ], 
      "23": [
        36, 
        33, 
        36, 
        23
      ], 
      "24": [
        4608, 
        4224, 
        4608, 
        2944
      ], 
      "25": [
        6180, 
        5072, 
        7770, 
        6140
      ], 
      "26": [
        228004, 
        216797, 
        227790, 
        228970
      ], 
      "27": [
        108396, 
        89922, 
        105416, 
        62288
      ], 
      "28": [
        6631, 
        4899, 
        6308, 
        2977
      ], 
      "29": [
        100323, 
        106158, 
        103279, 
        114002
      ], 
      "3": [
        0, 
        0, 
        0, 
        0
      ], 
      "30": [
        0, 
        0, 
        0, 
        0
      ], 
      "31": [
        71102, 
        60744, 
        70576, 
        43066
      ], 
      "32": [
        162926, 
        174117, 
        166488, 
        209229
      ], 
      "33": [
        0, 
        0, 
        0, 
        0
      ], 
      "34": [
        91824, 
        113373, 
        95912, 
        166163
      ], 
      "35": [
        0, 
        0, 
        0, 
        0
      ], 
      "36": [
        0, 
        0, 
        0, 
        0
      ], 
      "37": [
        0, 
        0, 
        0, 
        0
      ], 
      "38": [
        0, 
        0, 
        0, 
        0
      ], 
      "39": [
        0, 
        0, 
        0, 
        0
      ], 
      "4": [
        0, 
        0, 
        0, 
        0
      ], 
      "40": [
        0, 
        0, 
        0, 
        0
      ], 
      "41": [
        0, 
        0, 
        0, 
        0
      ], 
      "42": [
        0, 
        0, 
        0, 
        0
      ], 
      "43": [
        0, 
        0, 
        0, 
        0
      ], 
      "44": [
        0, 
        0, 
        0, 
        0
      ], 
      "45": [
        0, 
        0, 
        0, 
        0
      ], 
      "46": [
        0, 
        0, 
        0, 
        0
      ], 
      "47": [
        0, 
        0, 
        0, 
        0
      ], 
      "48": [
        11184, 
        9328, 
        11008, 
        6368
      ], 
      "49": [
        5561, 
        10159, 
        6202, 
        23161
      ], 
      "5": [
        0, 
        0, 
        0, 
        0
      ], 
      "50": [
        9177, 
        7924, 
        9164, 
        5794
      ], 
      "51": [
        482, 
        338, 
        418, 
        204
      ], 
      "52": [
        9177, 
        7924, 
        9164, 
        5794
      ], 
      "53": [
        15491, 
        24459, 
        16943, 
        41379
      ], 
      "54": [
        5633, 
        4559, 
        4996, 
        3278
      ], 
      "55": [
        55, 
        57, 
        32, 
        16
      ], 
      "56": [
        3698, 
        3006, 
        3333, 
        2104
      ], 
      "57": [
        1, 
        1, 
        1, 
        1
      ], 
      "58": [
        3, 
        3, 
        3, 
        3
      ], 
      "59": [
        49, 
        47, 
        47, 
        47
      ], 
      "6": [
        0, 
        0, 
        0, 
        0
      ], 
      "60": [
        430, 
        331, 
        385, 
        237
      ], 
      "61": [
        29539, 
        25176, 
        29336, 
        17957
      ], 
      "62": [
        372, 
        372, 
        372, 
        372
      ], 
      "63": [
        24, 
        0, 
        0, 
        0
      ], 
      "7": [
        0, 
        0, 
        0, 
        0
      ], 
      "8": [
        0, 
        0, 
        0, 
        0
      ], 
      "9": [
        0, 
        0, 
        0, 
        0
      ]
    }
  }, 
  "features": {
    "GWS": [
      16, 
      16, 
      64
    ], 
    "LWS": [
      4, 
      1, 
      64
    ], 
    "OFFSET": [
      0, 
      0, 
      0
    ], 
    "compiler name": "ARM Mali OpenCL", 
    "compiler version": "5.0", 
    "cpu_freq": 1600, 
    "gpu_freq": 266, 
    "image cols": 2174, 
    "image rows": 2215, 
    "pool_dir": "pool.00", 
    "program version": "c597087", 
    "size": 16
  }, 
  "meta": {
    "device name": "Mali-T604", 
    "device type": "GPU", 
    "device vendor": "ARM", 
    "experiment type": "benchmarking", 
    "kernel name": "calc_histogram", 
    "program name": "Realeyes HOG"
  }, 
  "tags": [
    "demo", 
    "arm", 
    "codegen15"
  ], 
  "work": {
    "repl": 1, 
    "timestamp": "2015-02-22T02:04:10.643264"
  }
}