{
  "characteristics": {
    "cpu": 0.040387, 
    "gpu_copy": 0.024504, 
    "gpu_only": 0.010776, 
    "is_gpu_better": true, 
    "l2 cache and mmu counters": {
      "0": 401311404, 
      "1": 18, 
      "10": 0, 
      "11": 0, 
      "12": 0, 
      "13": 0, 
      "14": 0, 
      "15": 0, 
      "16": 9, 
      "17": 3, 
      "18": 152, 
      "19": 5, 
      "2": 65535, 
      "20": 0, 
      "21": 0, 
      "22": 0, 
      "23": 0, 
      "24": 0, 
      "25": 0, 
      "26": 0, 
      "27": 0, 
      "28": 0, 
      "29": 0, 
      "3": 0, 
      "30": 2881, 
      "31": 21536, 
      "32": 2124509, 
      "33": 1749959, 
      "34": 1745385, 
      "35": 145051, 
      "36": 158231, 
      "37": 1691272, 
      "38": 0, 
      "39": 210933, 
      "4": 23156, 
      "40": 204548, 
      "41": 681, 
      "42": 0, 
      "43": 210242, 
      "44": 0, 
      "45": 64, 
      "46": 0, 
      "47": 0, 
      "48": 5384, 
      "49": 5384, 
      "5": 2108, 
      "50": 732, 
      "51": 614, 
      "52": 7, 
      "53": 2, 
      "54": 0, 
      "55": 0, 
      "56": 0, 
      "57": 0, 
      "58": 0, 
      "59": 0, 
      "6": 47, 
      "60": 19, 
      "61": 52157, 
      "62": 1811582, 
      "63": 1453573, 
      "7": 369, 
      "8": 2013, 
      "9": 0
    }, 
    "shader core counters": {
      "0": [
        401311404, 
        401311404, 
        401311404, 
        401311404
      ], 
      "1": [
        18, 
        18, 
        18, 
        18
      ], 
      "10": [
        0, 
        0, 
        0, 
        0
      ], 
      "11": [
        0, 
        0, 
        0, 
        0
      ], 
      "12": [
        0, 
        0, 
        0, 
        0
      ], 
      "13": [
        0, 
        0, 
        0, 
        0
      ], 
      "14": [
        0, 
        0, 
        0, 
        0
      ], 
      "15": [
        0, 
        0, 
        0, 
        0
      ], 
      "16": [
        0, 
        0, 
        0, 
        0
      ], 
      "17": [
        0, 
        0, 
        0, 
        0
      ], 
      "18": [
        0, 
        0, 
        0, 
        0
      ], 
      "19": [
        0, 
        0, 
        0, 
        0
      ], 
      "2": [
        65535, 
        65535, 
        65535, 
        65535
      ], 
      "20": [
        0, 
        0, 
        0, 
        0
      ], 
      "21": [
        0, 
        0, 
        0, 
        0
      ], 
      "22": [
        2865997, 
        2860168, 
        2862175, 
        2865926
      ], 
      "23": [
        644, 
        539, 
        627, 
        238
      ], 
      "24": [
        82432, 
        68992, 
        80256, 
        30464
      ], 
      "25": [
        12059, 
        23359, 
        9341, 
        217139
      ], 
      "26": [
        2865648, 
        2859809, 
        2861823, 
        2865582
      ], 
      "27": [
        1437530, 
        1209806, 
        1397598, 
        545868
      ], 
      "28": [
        88489, 
        63905, 
        83332, 
        25514
      ], 
      "29": [
        1311890, 
        1470607, 
        1347497, 
        1324912
      ], 
      "3": [
        0, 
        0, 
        0, 
        0
      ], 
      "30": [
        0, 
        0, 
        0, 
        0
      ], 
      "31": [
        950726, 
        809480, 
        927712, 
        386080
      ], 
      "32": [
        2038951, 
        2349135, 
        2125880, 
        2756441
      ], 
      "33": [
        0, 
        0, 
        0, 
        0
      ], 
      "34": [
        1088225, 
        1539655, 
        1198168, 
        2370361
      ], 
      "35": [
        0, 
        0, 
        0, 
        0
      ], 
      "36": [
        0, 
        0, 
        0, 
        0
      ], 
      "37": [
        0, 
        0, 
        0, 
        0
      ], 
      "38": [
        0, 
        0, 
        0, 
        0
      ], 
      "39": [
        0, 
        0, 
        0, 
        0
      ], 
      "4": [
        0, 
        0, 
        0, 
        0
      ], 
      "40": [
        0, 
        0, 
        0, 
        0
      ], 
      "41": [
        0, 
        0, 
        0, 
        0
      ], 
      "42": [
        0, 
        0, 
        0, 
        0
      ], 
      "43": [
        0, 
        0, 
        0, 
        0
      ], 
      "44": [
        0, 
        0, 
        0, 
        0
      ], 
      "45": [
        0, 
        0, 
        0, 
        0
      ], 
      "46": [
        0, 
        0, 
        0, 
        0
      ], 
      "47": [
        0, 
        0, 
        0, 
        0
      ], 
      "48": [
        157752, 
        132000, 
        152856, 
        57104
      ], 
      "49": [
        44282, 
        100059, 
        56645, 
        212249
      ], 
      "5": [
        0, 
        0, 
        0, 
        0
      ], 
      "50": [
        114957, 
        99674, 
        112876, 
        51872
      ], 
      "51": [
        5500, 
        4172, 
        5078, 
        1300
      ], 
      "52": [
        114957, 
        99674, 
        112876, 
        51872
      ], 
      "53": [
        212415, 
        399887, 
        254347, 
        787709
      ], 
      "54": [
        60975, 
        53657, 
        59503, 
        31018
      ], 
      "55": [
        492, 
        404, 
        448, 
        165
      ], 
      "56": [
        46935, 
        41672, 
        45916, 
        23916
      ], 
      "57": [
        1, 
        1, 
        1, 
        1
      ], 
      "58": [
        3, 
        3, 
        3, 
        3
      ], 
      "59": [
        47, 
        47, 
        48, 
        49
      ], 
      "6": [
        0, 
        0, 
        0, 
        0
      ], 
      "60": [
        3450, 
        2907, 
        3394, 
        1483
      ], 
      "61": [
        387667, 
        331348, 
        378608, 
        160848
      ], 
      "62": [
        372, 
        372, 
        372, 
        372
      ], 
      "63": [
        0, 
        0, 
        8, 
        0
      ], 
      "7": [
        0, 
        0, 
        0, 
        0
      ], 
      "8": [
        0, 
        0, 
        0, 
        0
      ], 
      "9": [
        0, 
        0, 
        0, 
        0
      ]
    }
  }, 
  "features": {
    "GWS": [
      64, 
      64, 
      64
    ], 
    "LWS": [
      4, 
      1, 
      64
    ], 
    "OFFSET": [
      0, 
      0, 
      0
    ], 
    "compiler name": "ARM Mali OpenCL", 
    "compiler version": "5.0", 
    "cpu_freq": 800, 
    "gpu_freq": 266, 
    "image cols": 2582, 
    "image rows": 1940, 
    "pool_dir": "pool.06", 
    "program version": "c597087", 
    "size": 64
  }, 
  "meta": {
    "device name": "Mali-T604", 
    "device type": "GPU", 
    "device vendor": "ARM", 
    "experiment type": "benchmarking", 
    "kernel name": "calc_histogram", 
    "program name": "Realeyes HOG"
  }, 
  "tags": [
    "demo", 
    "arm", 
    "codegen15"
  ], 
  "work": {
    "repl": 3, 
    "timestamp": "2015-02-22T02:14:20.097855"
  }
}