{
  "characteristics": {
    "cpu": 0.11108, 
    "gpu_copy": 0.065752, 
    "gpu_only": 0.055789, 
    "is_gpu_better": true, 
    "l2 cache and mmu counters": {
      "0": 3697144174, 
      "1": 15, 
      "10": 0, 
      "11": 0, 
      "12": 0, 
      "13": 0, 
      "14": 0, 
      "15": 0, 
      "16": 8, 
      "17": 3, 
      "18": 84, 
      "19": 4, 
      "2": 65535, 
      "20": 0, 
      "21": 0, 
      "22": 0, 
      "23": 0, 
      "24": 0, 
      "25": 0, 
      "26": 0, 
      "27": 0, 
      "28": 0, 
      "29": 0, 
      "3": 0, 
      "30": 10253, 
      "31": 93092, 
      "32": 11015373, 
      "33": 9018603, 
      "34": 8991386, 
      "35": 757483, 
      "36": 812267, 
      "37": 8747523, 
      "38": 0, 
      "39": 1172032, 
      "4": 197563, 
      "40": 1140906, 
      "41": 3258, 
      "42": 0, 
      "43": 1168975, 
      "44": 0, 
      "45": 192, 
      "46": 0, 
      "47": 0, 
      "48": 23273, 
      "49": 23273, 
      "5": 22238, 
      "50": 2574, 
      "51": 2324, 
      "52": 7, 
      "53": 2, 
      "54": 0, 
      "55": 0, 
      "56": 0, 
      "57": 331, 
      "58": 0, 
      "59": 0, 
      "6": 67, 
      "60": 0, 
      "61": 239031, 
      "62": 9442494, 
      "63": 7234077, 
      "7": 2925, 
      "8": 20854, 
      "9": 0
    }, 
    "shader core counters": {
      "0": [
        3697144174, 
        3697144174, 
        3697144174, 
        3697144174
      ], 
      "1": [
        15, 
        15, 
        15, 
        15
      ], 
      "10": [
        0, 
        0, 
        0, 
        0
      ], 
      "11": [
        0, 
        0, 
        0, 
        0
      ], 
      "12": [
        0, 
        0, 
        0, 
        0
      ], 
      "13": [
        0, 
        0, 
        0, 
        0
      ], 
      "14": [
        0, 
        0, 
        0, 
        0
      ], 
      "15": [
        0, 
        0, 
        0, 
        0
      ], 
      "16": [
        0, 
        0, 
        0, 
        0
      ], 
      "17": [
        0, 
        0, 
        0, 
        0
      ], 
      "18": [
        0, 
        0, 
        0, 
        0
      ], 
      "19": [
        0, 
        0, 
        0, 
        0
      ], 
      "2": [
        65535, 
        65535, 
        65535, 
        65535
      ], 
      "20": [
        0, 
        0, 
        0, 
        0
      ], 
      "21": [
        0, 
        0, 
        0, 
        0
      ], 
      "22": [
        14838141, 
        14835591, 
        14837545, 
        14839530
      ], 
      "23": [
        2464, 
        2084, 
        2406, 
        1238
      ], 
      "24": [
        315392, 
        266752, 
        307968, 
        158464
      ], 
      "25": [
        8429, 
        8934, 
        7142, 
        25426
      ], 
      "26": [
        14837778, 
        14835225, 
        14837183, 
        14839174
      ], 
      "27": [
        7229812, 
        6182012, 
        7042520, 
        3702782
      ], 
      "28": [
        435316, 
        336181, 
        412631, 
        174984
      ], 
      "29": [
        7046359, 
        7635664, 
        7220101, 
        7386241
      ], 
      "3": [
        0, 
        0, 
        0, 
        0
      ], 
      "30": [
        0, 
        0, 
        0, 
        0
      ], 
      "31": [
        4853036, 
        4190604, 
        4736852, 
        2584944
      ], 
      "32": [
        10842151, 
        12232782, 
        11208084, 
        14094193
      ], 
      "33": [
        0, 
        0, 
        0, 
        0
      ], 
      "34": [
        5989115, 
        8042178, 
        6471232, 
        11509249
      ], 
      "35": [
        0, 
        0, 
        0, 
        0
      ], 
      "36": [
        0, 
        0, 
        0, 
        0
      ], 
      "37": [
        0, 
        0, 
        0, 
        0
      ], 
      "38": [
        0, 
        0, 
        0, 
        0
      ], 
      "39": [
        0, 
        0, 
        0, 
        0
      ], 
      "4": [
        0, 
        0, 
        0, 
        0
      ], 
      "40": [
        0, 
        0, 
        0, 
        0
      ], 
      "41": [
        0, 
        0, 
        0, 
        0
      ], 
      "42": [
        0, 
        0, 
        0, 
        0
      ], 
      "43": [
        0, 
        0, 
        0, 
        0
      ], 
      "44": [
        0, 
        0, 
        0, 
        0
      ], 
      "45": [
        0, 
        0, 
        0, 
        0
      ], 
      "46": [
        0, 
        0, 
        0, 
        0
      ], 
      "47": [
        0, 
        0, 
        0, 
        0
      ], 
      "48": [
        739200, 
        627888, 
        719280, 
        371232
      ], 
      "49": [
        269275, 
        612327, 
        361000, 
        1264081
      ], 
      "5": [
        0, 
        0, 
        0, 
        0
      ], 
      "50": [
        641611, 
        562371, 
        627701, 
        359132
      ], 
      "51": [
        31072, 
        23612, 
        29377, 
        10699
      ], 
      "52": [
        641611, 
        562371, 
        627701, 
        359132
      ], 
      "53": [
        1082120, 
        1884638, 
        1243148, 
        3347570
      ], 
      "54": [
        330983, 
        292433, 
        324767, 
        194157
      ], 
      "55": [
        1706, 
        1434, 
        1708, 
        895
      ], 
      "56": [
        237541, 
        208284, 
        231359, 
        136468
      ], 
      "57": [
        1, 
        1, 
        1, 
        1
      ], 
      "58": [
        3, 
        3, 
        3, 
        3
      ], 
      "59": [
        48, 
        47, 
        49, 
        47
      ], 
      "6": [
        0, 
        0, 
        0, 
        0
      ], 
      "60": [
        28157, 
        24223, 
        27491, 
        14718
      ], 
      "61": [
        2022422, 
        1752630, 
        1974682, 
        1089496
      ], 
      "62": [
        372, 
        372, 
        372, 
        372
      ], 
      "63": [
        16, 
        0, 
        0, 
        0
      ], 
      "7": [
        0, 
        0, 
        0, 
        0
      ], 
      "8": [
        0, 
        0, 
        0, 
        0
      ], 
      "9": [
        0, 
        0, 
        0, 
        0
      ]
    }
  }, 
  "features": {
    "GWS": [
      12, 
      12, 
      64
    ], 
    "LWS": [
      4, 
      1, 
      64
    ], 
    "OFFSET": [
      0, 
      0, 
      0
    ], 
    "compiler name": "ARM Mali OpenCL", 
    "compiler version": "5.0", 
    "cpu_freq": 1600, 
    "gpu_freq": 266, 
    "image cols": 2593, 
    "image rows": 2593, 
    "pool_dir": "pool.02", 
    "program version": "c597087", 
    "size": 128
  }, 
  "meta": {
    "device name": "Mali-T604", 
    "device type": "GPU", 
    "device vendor": "ARM", 
    "experiment type": "benchmarking", 
    "kernel name": "calc_histogram", 
    "program name": "Realeyes HOG"
  }, 
  "tags": [
    "demo", 
    "arm", 
    "codegen15"
  ], 
  "work": {
    "repl": 0, 
    "timestamp": "2015-02-22T02:07:40.431923"
  }
}