{
  "characteristics": {
    "cpu": 0.021985, 
    "gpu_copy": 0.020525, 
    "gpu_only": 0.011315, 
    "is_gpu_better": true, 
    "l2 cache and mmu counters": {
      "0": 3946283522, 
      "1": 15, 
      "10": 0, 
      "11": 0, 
      "12": 0, 
      "13": 0, 
      "14": 0, 
      "15": 0, 
      "16": 9, 
      "17": 3, 
      "18": 156, 
      "19": 7, 
      "2": 65535, 
      "20": 0, 
      "21": 0, 
      "22": 0, 
      "23": 0, 
      "24": 0, 
      "25": 0, 
      "26": 0, 
      "27": 0, 
      "28": 0, 
      "29": 0, 
      "3": 0, 
      "30": 2812, 
      "31": 22692, 
      "32": 2243631, 
      "33": 1845355, 
      "34": 1841103, 
      "35": 154195, 
      "36": 167859, 
      "37": 1788313, 
      "38": 0, 
      "39": 224912, 
      "4": 29563, 
      "40": 218147, 
      "41": 717, 
      "42": 0, 
      "43": 224264, 
      "44": 0, 
      "45": 69, 
      "46": 0, 
      "47": 0, 
      "48": 5673, 
      "49": 5673, 
      "5": 1720, 
      "50": 708, 
      "51": 606, 
      "52": 6, 
      "53": 2, 
      "54": 0, 
      "55": 0, 
      "56": 0, 
      "57": 50, 
      "58": 0, 
      "59": 0, 
      "6": 44, 
      "60": 0, 
      "61": 50285, 
      "62": 1922722, 
      "63": 1526642, 
      "7": 318, 
      "8": 1609, 
      "9": 0
    }, 
    "shader core counters": {
      "0": [
        3946283522, 
        3946283522, 
        3946283522, 
        3946283522
      ], 
      "1": [
        15, 
        15, 
        15, 
        15
      ], 
      "10": [
        0, 
        0, 
        0, 
        0
      ], 
      "11": [
        0, 
        0, 
        0, 
        0
      ], 
      "12": [
        0, 
        0, 
        0, 
        0
      ], 
      "13": [
        0, 
        0, 
        0, 
        0
      ], 
      "14": [
        0, 
        0, 
        0, 
        0
      ], 
      "15": [
        0, 
        0, 
        0, 
        0
      ], 
      "16": [
        0, 
        0, 
        0, 
        0
      ], 
      "17": [
        0, 
        0, 
        0, 
        0
      ], 
      "18": [
        0, 
        0, 
        0, 
        0
      ], 
      "19": [
        0, 
        0, 
        0, 
        0
      ], 
      "2": [
        65535, 
        65535, 
        65535, 
        65535
      ], 
      "20": [
        0, 
        0, 
        0, 
        0
      ], 
      "21": [
        0, 
        0, 
        0, 
        0
      ], 
      "22": [
        3004140, 
        3007407, 
        3008002, 
        3009472
      ], 
      "23": [
        642, 
        538, 
        621, 
        247
      ], 
      "24": [
        82176, 
        68864, 
        79488, 
        31616
      ], 
      "25": [
        15285, 
        16330, 
        12742, 
        258024
      ], 
      "26": [
        3003715, 
        3006983, 
        3007581, 
        3009054
      ], 
      "27": [
        1500172, 
        1285646, 
        1465670, 
        603756
      ], 
      "28": [
        91868, 
        68823, 
        87122, 
        27569
      ], 
      "29": [
        1378093, 
        1536273, 
        1419169, 
        1390425
      ], 
      "3": [
        0, 
        0, 
        0, 
        0
      ], 
      "30": [
        0, 
        0, 
        0, 
        0
      ], 
      "31": [
        1000256, 
        862358, 
        979222, 
        430694
      ], 
      "32": [
        2143138, 
        2458432, 
        2220628, 
        2879437
      ], 
      "33": [
        0, 
        0, 
        0, 
        0
      ], 
      "34": [
        1142882, 
        1596074, 
        1241406, 
        2448743
      ], 
      "35": [
        0, 
        0, 
        0, 
        0
      ], 
      "36": [
        0, 
        0, 
        0, 
        0
      ], 
      "37": [
        0, 
        0, 
        0, 
        0
      ], 
      "38": [
        0, 
        0, 
        0, 
        0
      ], 
      "39": [
        0, 
        0, 
        0, 
        0
      ], 
      "4": [
        0, 
        0, 
        0, 
        0
      ], 
      "40": [
        0, 
        0, 
        0, 
        0
      ], 
      "41": [
        0, 
        0, 
        0, 
        0
      ], 
      "42": [
        0, 
        0, 
        0, 
        0
      ], 
      "43": [
        0, 
        0, 
        0, 
        0
      ], 
      "44": [
        0, 
        0, 
        0, 
        0
      ], 
      "45": [
        0, 
        0, 
        0, 
        0
      ], 
      "46": [
        0, 
        0, 
        0, 
        0
      ], 
      "47": [
        0, 
        0, 
        0, 
        0
      ], 
      "48": [
        161480, 
        137688, 
        158352, 
        62288
      ], 
      "49": [
        44505, 
        109776, 
        58797, 
        211942
      ], 
      "5": [
        0, 
        0, 
        0, 
        0
      ], 
      "50": [
        124236, 
        108739, 
        121799, 
        59165
      ], 
      "51": [
        5788, 
        4509, 
        5733, 
        1547
      ], 
      "52": [
        124236, 
        108739, 
        121799, 
        59165
      ], 
      "53": [
        218176, 
        395940, 
        253294, 
        807797
      ], 
      "54": [
        62851, 
        58157, 
        63622, 
        34113
      ], 
      "55": [
        494, 
        490, 
        526, 
        161
      ], 
      "56": [
        48096, 
        44758, 
        48700, 
        26504
      ], 
      "57": [
        1, 
        1, 
        1, 
        1
      ], 
      "58": [
        3, 
        3, 
        3, 
        3
      ], 
      "59": [
        47, 
        47, 
        48, 
        48
      ], 
      "6": [
        0, 
        0, 
        0, 
        0
      ], 
      "60": [
        4263, 
        3712, 
        4411, 
        1866
      ], 
      "61": [
        409952, 
        355167, 
        401951, 
        180619
      ], 
      "62": [
        372, 
        372, 
        372, 
        372
      ], 
      "63": [
        0, 
        0, 
        8, 
        16
      ], 
      "7": [
        0, 
        0, 
        0, 
        0
      ], 
      "8": [
        0, 
        0, 
        0, 
        0
      ], 
      "9": [
        0, 
        0, 
        0, 
        0
      ]
    }
  }, 
  "features": {
    "GWS": [
      64, 
      64, 
      64
    ], 
    "LWS": [
      4, 
      1, 
      64
    ], 
    "OFFSET": [
      0, 
      0, 
      0
    ], 
    "compiler name": "ARM Mali OpenCL", 
    "compiler version": "5.0", 
    "cpu_freq": 1600, 
    "gpu_freq": 266, 
    "image cols": 2500, 
    "image rows": 1985, 
    "pool_dir": "pool.16", 
    "program version": "c597087", 
    "size": 64
  }, 
  "meta": {
    "device name": "Mali-T604", 
    "device type": "GPU", 
    "device vendor": "ARM", 
    "experiment type": "benchmarking", 
    "kernel name": "calc_histogram", 
    "program name": "Realeyes HOG"
  }, 
  "tags": [
    "demo", 
    "arm", 
    "codegen15"
  ], 
  "work": {
    "repl": 1, 
    "timestamp": "2015-02-22T02:07:50.744721"
  }
}