{
  "characteristics": {
    "cpu": 0.154321, 
    "gpu_copy": 0.024631, 
    "gpu_only": 0.021096, 
    "is_gpu_better": true, 
    "l2 cache and mmu counters": {
      "0": 994761421, 
      "1": 23, 
      "10": 0, 
      "11": 0, 
      "12": 0, 
      "13": 0, 
      "14": 0, 
      "15": 0, 
      "16": 9, 
      "17": 3, 
      "18": 221, 
      "19": 7, 
      "2": 65535, 
      "20": 0, 
      "21": 0, 
      "22": 0, 
      "23": 0, 
      "24": 0, 
      "25": 0, 
      "26": 0, 
      "27": 0, 
      "28": 0, 
      "29": 0, 
      "3": 0, 
      "30": 7068, 
      "31": 47780, 
      "32": 8355501, 
      "33": 6903546, 
      "34": 6896898, 
      "35": 572066, 
      "36": 626294, 
      "37": 6679156, 
      "38": 0, 
      "39": 817706, 
      "4": 7694, 
      "40": 793053, 
      "41": 1814, 
      "42": 0, 
      "43": 815797, 
      "44": 0, 
      "45": 78, 
      "46": 0, 
      "47": 0, 
      "48": 11945, 
      "49": 11945, 
      "5": 80, 
      "50": 1772, 
      "51": 1598, 
      "52": 6, 
      "53": 2, 
      "54": 0, 
      "55": 0, 
      "56": 0, 
      "57": 216, 
      "58": 1, 
      "59": 0, 
      "6": 77, 
      "60": 0, 
      "61": 207730, 
      "62": 7139451, 
      "63": 5801024, 
      "7": 215, 
      "8": 55, 
      "9": 0
    }, 
    "shader core counters": {
      "0": [
        994761421, 
        994761421, 
        994761421, 
        994761421
      ], 
      "1": [
        23, 
        23, 
        23, 
        23
      ], 
      "10": [
        0, 
        0, 
        0, 
        0
      ], 
      "11": [
        0, 
        0, 
        0, 
        0
      ], 
      "12": [
        0, 
        0, 
        0, 
        0
      ], 
      "13": [
        0, 
        0, 
        0, 
        0
      ], 
      "14": [
        0, 
        0, 
        0, 
        0
      ], 
      "15": [
        0, 
        0, 
        0, 
        0
      ], 
      "16": [
        0, 
        0, 
        0, 
        0
      ], 
      "17": [
        0, 
        0, 
        0, 
        0
      ], 
      "18": [
        0, 
        0, 
        0, 
        0
      ], 
      "19": [
        0, 
        0, 
        0, 
        0
      ], 
      "2": [
        65535, 
        65535, 
        65535, 
        65535
      ], 
      "20": [
        0, 
        0, 
        0, 
        0
      ], 
      "21": [
        0, 
        0, 
        0, 
        0
      ], 
      "22": [
        11235170, 
        11243194, 
        11239948, 
        11243680
      ], 
      "23": [
        2643, 
        2134, 
        2570, 
        845
      ], 
      "24": [
        338304, 
        273152, 
        328960, 
        108160
      ], 
      "25": [
        31177, 
        191159, 
        57313, 
        1143709
      ], 
      "26": [
        11234752, 
        11242772, 
        11239534, 
        11243264
      ], 
      "27": [
        5648364, 
        4589868, 
        5488992, 
        1892586
      ], 
      "28": [
        349430, 
        238755, 
        328128, 
        95882
      ], 
      "29": [
        5145860, 
        5899006, 
        5309989, 
        4709669
      ], 
      "3": [
        0, 
        0, 
        0, 
        0
      ], 
      "30": [
        0, 
        0, 
        0, 
        0
      ], 
      "31": [
        3808964, 
        3145302, 
        3716894, 
        1390292
      ], 
      "32": [
        7964281, 
        9370781, 
        8275124, 
        10876363
      ], 
      "33": [
        0, 
        0, 
        0, 
        0
      ], 
      "34": [
        4155317, 
        6225479, 
        4558230, 
        9486071
      ], 
      "35": [
        0, 
        0, 
        0, 
        0
      ], 
      "36": [
        0, 
        0, 
        0, 
        0
      ], 
      "37": [
        0, 
        0, 
        0, 
        0
      ], 
      "38": [
        0, 
        0, 
        0, 
        0
      ], 
      "39": [
        0, 
        0, 
        0, 
        0
      ], 
      "4": [
        0, 
        0, 
        0, 
        0
      ], 
      "40": [
        0, 
        0, 
        0, 
        0
      ], 
      "41": [
        0, 
        0, 
        0, 
        0
      ], 
      "42": [
        0, 
        0, 
        0, 
        0
      ], 
      "43": [
        0, 
        0, 
        0, 
        0
      ], 
      "44": [
        0, 
        0, 
        0, 
        0
      ], 
      "45": [
        0, 
        0, 
        0, 
        0
      ], 
      "46": [
        0, 
        0, 
        0, 
        0
      ], 
      "47": [
        0, 
        0, 
        0, 
        0
      ], 
      "48": [
        621352, 
        501592, 
        604816, 
        198384
      ], 
      "49": [
        162079, 
        422764, 
        217556, 
        791176
      ], 
      "5": [
        0, 
        0, 
        0, 
        0
      ], 
      "50": [
        467691, 
        395193, 
        457789, 
        192737
      ], 
      "51": [
        22357, 
        16481, 
        21457, 
        4575
      ], 
      "52": [
        467691, 
        395193, 
        457789, 
        192737
      ], 
      "53": [
        877269, 
        1716329, 
        1022980, 
        3290385
      ], 
      "54": [
        239519, 
        208140, 
        235651, 
        112560
      ], 
      "55": [
        1602, 
        1332, 
        1522, 
        409
      ], 
      "56": [
        188974, 
        163722, 
        185752, 
        88714
      ], 
      "57": [
        1, 
        1, 
        1, 
        1
      ], 
      "58": [
        3, 
        3, 
        3, 
        3
      ], 
      "59": [
        47, 
        47, 
        48, 
        47
      ], 
      "6": [
        0, 
        0, 
        0, 
        0
      ], 
      "60": [
        1050, 
        934, 
        1178, 
        651
      ], 
      "61": [
        1556734, 
        1291979, 
        1520395, 
        583858
      ], 
      "62": [
        372, 
        372, 
        372, 
        372
      ], 
      "63": [
        0, 
        0, 
        8, 
        0
      ], 
      "7": [
        0, 
        0, 
        0, 
        0
      ], 
      "8": [
        0, 
        0, 
        0, 
        0
      ], 
      "9": [
        0, 
        0, 
        0, 
        0
      ]
    }
  }, 
  "features": {
    "GWS": [
      12, 
      12, 
      64
    ], 
    "LWS": [
      4, 
      1, 
      64
    ], 
    "OFFSET": [
      0, 
      0, 
      0
    ], 
    "compiler name": "ARM Mali OpenCL", 
    "compiler version": "5.0", 
    "cpu_freq": 800, 
    "gpu_freq": 533, 
    "image cols": 1232, 
    "image rows": 820, 
    "pool_dir": "pool.09", 
    "program version": "c597087", 
    "size": 128
  }, 
  "meta": {
    "device name": "Mali-T604", 
    "device type": "GPU", 
    "device vendor": "ARM", 
    "experiment type": "benchmarking", 
    "kernel name": "calc_histogram", 
    "program name": "Realeyes HOG"
  }, 
  "tags": [
    "demo", 
    "arm", 
    "codegen15"
  ], 
  "work": {
    "repl": 2, 
    "timestamp": "2015-02-22T02:29:39.513920"
  }
}