{
  "characteristics": {
    "cpu": 0.070914, 
    "gpu_copy": 0.025745, 
    "gpu_only": 0.019391, 
    "is_gpu_better": true, 
    "l2 cache and mmu counters": {
      "0": 1382565497, 
      "1": 20, 
      "10": 0, 
      "11": 0, 
      "12": 0, 
      "13": 0, 
      "14": 0, 
      "15": 0, 
      "16": 8, 
      "17": 3, 
      "18": 222, 
      "19": 4, 
      "2": 65535, 
      "20": 0, 
      "21": 0, 
      "22": 0, 
      "23": 0, 
      "24": 0, 
      "25": 0, 
      "26": 0, 
      "27": 0, 
      "28": 0, 
      "29": 0, 
      "3": 0, 
      "30": 7809, 
      "31": 49364, 
      "32": 7658221, 
      "33": 6356339, 
      "34": 6349323, 
      "35": 523520, 
      "36": 576119, 
      "37": 6144230, 
      "38": 0, 
      "39": 718575, 
      "4": 53205, 
      "40": 695894, 
      "41": 1811, 
      "42": 0, 
      "43": 716452, 
      "44": 0, 
      "45": 82, 
      "46": 0, 
      "47": 0, 
      "48": 12341, 
      "49": 12341, 
      "5": 1267, 
      "50": 1960, 
      "51": 1589, 
      "52": 7, 
      "53": 2, 
      "54": 0, 
      "55": 0, 
      "56": 0, 
      "57": 406, 
      "58": 4, 
      "59": 0, 
      "6": 112, 
      "60": 4, 
      "61": 194766, 
      "62": 6557678, 
      "63": 5418340, 
      "7": 310, 
      "8": 1212, 
      "9": 0
    }, 
    "shader core counters": {
      "0": [
        1382565497, 
        1382565497, 
        1382565497, 
        1382565497
      ], 
      "1": [
        20, 
        20, 
        20, 
        20
      ], 
      "10": [
        0, 
        0, 
        0, 
        0
      ], 
      "11": [
        0, 
        0, 
        0, 
        0
      ], 
      "12": [
        0, 
        0, 
        0, 
        0
      ], 
      "13": [
        0, 
        0, 
        0, 
        0
      ], 
      "14": [
        0, 
        0, 
        0, 
        0
      ], 
      "15": [
        0, 
        0, 
        0, 
        0
      ], 
      "16": [
        0, 
        0, 
        0, 
        0
      ], 
      "17": [
        0, 
        0, 
        0, 
        0
      ], 
      "18": [
        0, 
        0, 
        0, 
        0
      ], 
      "19": [
        0, 
        0, 
        0, 
        0
      ], 
      "2": [
        65535, 
        65535, 
        65535, 
        65535
      ], 
      "20": [
        0, 
        0, 
        0, 
        0
      ], 
      "21": [
        0, 
        0, 
        0, 
        0
      ], 
      "22": [
        10331441, 
        10331859, 
        10329821, 
        10334746
      ], 
      "23": [
        2743, 
        2118, 
        2660, 
        671
      ], 
      "24": [
        351104, 
        271104, 
        340480, 
        85888
      ], 
      "25": [
        16741, 
        128371, 
        23475, 
        1382650
      ], 
      "26": [
        10331013, 
        10331430, 
        10329391, 
        10334327
      ], 
      "27": [
        5162198, 
        4040596, 
        5038692, 
        1355344
      ], 
      "28": [
        305978, 
        193736, 
        288926, 
        74900
      ], 
      "29": [
        4779936, 
        5602202, 
        4914587, 
        3809150
      ], 
      "3": [
        0, 
        0, 
        0, 
        0
      ], 
      "30": [
        0, 
        0, 
        0, 
        0
      ], 
      "31": [
        3453000, 
        2744182, 
        3365138, 
        1034958
      ], 
      "32": [
        7372547, 
        8779383, 
        7641642, 
        10027109
      ], 
      "33": [
        0, 
        0, 
        0, 
        0
      ], 
      "34": [
        3919547, 
        6035201, 
        4276504, 
        8992151
      ], 
      "35": [
        0, 
        0, 
        0, 
        0
      ], 
      "36": [
        0, 
        0, 
        0, 
        0
      ], 
      "37": [
        0, 
        0, 
        0, 
        0
      ], 
      "38": [
        0, 
        0, 
        0, 
        0
      ], 
      "39": [
        0, 
        0, 
        0, 
        0
      ], 
      "4": [
        0, 
        0, 
        0, 
        0
      ], 
      "40": [
        0, 
        0, 
        0, 
        0
      ], 
      "41": [
        0, 
        0, 
        0, 
        0
      ], 
      "42": [
        0, 
        0, 
        0, 
        0
      ], 
      "43": [
        0, 
        0, 
        0, 
        0
      ], 
      "44": [
        0, 
        0, 
        0, 
        0
      ], 
      "45": [
        0, 
        0, 
        0, 
        0
      ], 
      "46": [
        0, 
        0, 
        0, 
        0
      ], 
      "47": [
        0, 
        0, 
        0, 
        0
      ], 
      "48": [
        589640, 
        459984, 
        575712, 
        144136
      ], 
      "49": [
        122403, 
        345699, 
        167097, 
        616778
      ], 
      "5": [
        0, 
        0, 
        0, 
        0
      ], 
      "50": [
        401196, 
        326777, 
        391132, 
        145765
      ], 
      "51": [
        19065, 
        13603, 
        18212, 
        3086
      ], 
      "52": [
        401196, 
        326777, 
        391132, 
        145765
      ], 
      "53": [
        809394, 
        1728347, 
        950911, 
        3287150
      ], 
      "54": [
        212194, 
        184865, 
        209398, 
        91756
      ], 
      "55": [
        1146, 
        1089, 
        1415, 
        281
      ], 
      "56": [
        176195, 
        152153, 
        172809, 
        75897
      ], 
      "57": [
        1, 
        1, 
        1, 
        1
      ], 
      "58": [
        3, 
        3, 
        3, 
        3
      ], 
      "59": [
        48, 
        47, 
        47, 
        47
      ], 
      "6": [
        0, 
        0, 
        0, 
        0
      ], 
      "60": [
        8255, 
        6860, 
        8142, 
        2693
      ], 
      "61": [
        1392032, 
        1113539, 
        1357977, 
        435667
      ], 
      "62": [
        372, 
        372, 
        372, 
        372
      ], 
      "63": [
        16, 
        0, 
        8, 
        0
      ], 
      "7": [
        0, 
        0, 
        0, 
        0
      ], 
      "8": [
        0, 
        0, 
        0, 
        0
      ], 
      "9": [
        0, 
        0, 
        0, 
        0
      ]
    }
  }, 
  "features": {
    "GWS": [
      12, 
      12, 
      64
    ], 
    "LWS": [
      4, 
      1, 
      64
    ], 
    "OFFSET": [
      0, 
      0, 
      0
    ], 
    "compiler name": "ARM Mali OpenCL", 
    "compiler version": "5.0", 
    "cpu_freq": 1600, 
    "gpu_freq": 533, 
    "image cols": 2868, 
    "image rows": 1607, 
    "pool_dir": "pool.13", 
    "program version": "c597087", 
    "size": 128
  }, 
  "meta": {
    "device name": "Mali-T604", 
    "device type": "GPU", 
    "device vendor": "ARM", 
    "experiment type": "benchmarking", 
    "kernel name": "calc_histogram", 
    "program name": "Realeyes HOG"
  }, 
  "tags": [
    "demo", 
    "arm", 
    "codegen15"
  ], 
  "work": {
    "repl": 3, 
    "timestamp": "2015-02-22T02:20:58.715070"
  }
}