{
  "characteristics": {
    "cpu": 0.003918, 
    "gpu_copy": 0.016705, 
    "gpu_only": 0.000797, 
    "is_gpu_better": false, 
    "l2 cache and mmu counters": {
      "0": 3228398007, 
      "1": 13, 
      "10": 0, 
      "11": 0, 
      "12": 0, 
      "13": 0, 
      "14": 0, 
      "15": 0, 
      "16": 9, 
      "17": 3, 
      "18": 163, 
      "19": 7, 
      "2": 65535, 
      "20": 0, 
      "21": 0, 
      "22": 0, 
      "23": 0, 
      "24": 0, 
      "25": 0, 
      "26": 0, 
      "27": 0, 
      "28": 0, 
      "29": 0, 
      "3": 0, 
      "30": 941, 
      "31": 6156, 
      "32": 154157, 
      "33": 121526, 
      "34": 119563, 
      "35": 10434, 
      "36": 10912, 
      "37": 115802, 
      "38": 0, 
      "39": 17393, 
      "4": 3130, 
      "40": 16932, 
      "41": 151, 
      "42": 0, 
      "43": 17289, 
      "44": 0, 
      "45": 56, 
      "46": 0, 
      "47": 0, 
      "48": 1539, 
      "49": 1539, 
      "5": 492, 
      "50": 237, 
      "51": 201, 
      "52": 4, 
      "53": 2, 
      "54": 0, 
      "55": 0, 
      "56": 0, 
      "57": 0, 
      "58": 0, 
      "59": 0, 
      "6": 40, 
      "60": 0, 
      "61": 3631, 
      "62": 123354, 
      "63": 90829, 
      "7": 358, 
      "8": 441, 
      "9": 0
    }, 
    "shader core counters": {
      "0": [
        3228398007, 
        3228398007, 
        3228398007, 
        3228398007
      ], 
      "1": [
        13, 
        13, 
        13, 
        13
      ], 
      "10": [
        0, 
        0, 
        0, 
        0
      ], 
      "11": [
        0, 
        0, 
        0, 
        0
      ], 
      "12": [
        0, 
        0, 
        0, 
        0
      ], 
      "13": [
        0, 
        0, 
        0, 
        0
      ], 
      "14": [
        0, 
        0, 
        0, 
        0
      ], 
      "15": [
        0, 
        0, 
        0, 
        0
      ], 
      "16": [
        0, 
        0, 
        0, 
        0
      ], 
      "17": [
        0, 
        0, 
        0, 
        0
      ], 
      "18": [
        0, 
        0, 
        0, 
        0
      ], 
      "19": [
        0, 
        0, 
        0, 
        0
      ], 
      "2": [
        65535, 
        65535, 
        65535, 
        65535
      ], 
      "20": [
        0, 
        0, 
        0, 
        0
      ], 
      "21": [
        0, 
        0, 
        0, 
        0
      ], 
      "22": [
        208323, 
        211980, 
        211210, 
        206058
      ], 
      "23": [
        36, 
        34, 
        33, 
        25
      ], 
      "24": [
        4608, 
        4352, 
        4224, 
        3200
      ], 
      "25": [
        5634, 
        4922, 
        6979, 
        6238
      ], 
      "26": [
        207980, 
        211628, 
        210864, 
        205720
      ], 
      "27": [
        104518, 
        94682, 
        103440, 
        66330
      ], 
      "28": [
        6853, 
        5792, 
        6786, 
        3590
      ], 
      "29": [
        87860, 
        96399, 
        90022, 
        95275
      ], 
      "3": [
        0, 
        0, 
        0, 
        0
      ], 
      "30": [
        0, 
        0, 
        0, 
        0
      ], 
      "31": [
        67630, 
        62096, 
        66948, 
        43668
      ], 
      "32": [
        143998, 
        166785, 
        152469, 
        181816
      ], 
      "33": [
        0, 
        0, 
        0, 
        0
      ], 
      "34": [
        76368, 
        104689, 
        85521, 
        138148
      ], 
      "35": [
        0, 
        0, 
        0, 
        0
      ], 
      "36": [
        0, 
        0, 
        0, 
        0
      ], 
      "37": [
        0, 
        0, 
        0, 
        0
      ], 
      "38": [
        0, 
        0, 
        0, 
        0
      ], 
      "39": [
        0, 
        0, 
        0, 
        0
      ], 
      "4": [
        0, 
        0, 
        0, 
        0
      ], 
      "40": [
        0, 
        0, 
        0, 
        0
      ], 
      "41": [
        0, 
        0, 
        0, 
        0
      ], 
      "42": [
        0, 
        0, 
        0, 
        0
      ], 
      "43": [
        0, 
        0, 
        0, 
        0
      ], 
      "44": [
        0, 
        0, 
        0, 
        0
      ], 
      "45": [
        0, 
        0, 
        0, 
        0
      ], 
      "46": [
        0, 
        0, 
        0, 
        0
      ], 
      "47": [
        0, 
        0, 
        0, 
        0
      ], 
      "48": [
        10968, 
        9864, 
        10824, 
        6744
      ], 
      "49": [
        5394, 
        10424, 
        5760, 
        16070
      ], 
      "5": [
        0, 
        0, 
        0, 
        0
      ], 
      "50": [
        8443, 
        7860, 
        8465, 
        5621
      ], 
      "51": [
        416, 
        346, 
        413, 
        184
      ], 
      "52": [
        8443, 
        7860, 
        8465, 
        5621
      ], 
      "53": [
        13353, 
        23242, 
        17142, 
        37628
      ], 
      "54": [
        4856, 
        4463, 
        4718, 
        3034
      ], 
      "55": [
        39, 
        25, 
        32, 
        24
      ], 
      "56": [
        3060, 
        2837, 
        3147, 
        1915
      ], 
      "57": [
        1, 
        1, 
        1, 
        1
      ], 
      "58": [
        3, 
        3, 
        3, 
        3
      ], 
      "59": [
        47, 
        47, 
        47, 
        47
      ], 
      "6": [
        0, 
        0, 
        0, 
        0
      ], 
      "60": [
        446, 
        379, 
        386, 
        264
      ], 
      "61": [
        27855, 
        25584, 
        27754, 
        17986
      ], 
      "62": [
        372, 
        372, 
        372, 
        372
      ], 
      "63": [
        0, 
        8, 
        0, 
        0
      ], 
      "7": [
        0, 
        0, 
        0, 
        0
      ], 
      "8": [
        0, 
        0, 
        0, 
        0
      ], 
      "9": [
        0, 
        0, 
        0, 
        0
      ]
    }
  }, 
  "features": {
    "GWS": [
      16, 
      16, 
      64
    ], 
    "LWS": [
      4, 
      1, 
      64
    ], 
    "OFFSET": [
      0, 
      0, 
      0
    ], 
    "compiler name": "ARM Mali OpenCL", 
    "compiler version": "5.0", 
    "cpu_freq": 800, 
    "gpu_freq": 266, 
    "image cols": 2400, 
    "image rows": 2400, 
    "pool_dir": "pool.19", 
    "program version": "c597087", 
    "size": 16
  }, 
  "meta": {
    "device name": "Mali-T604", 
    "device type": "GPU", 
    "device vendor": "ARM", 
    "experiment type": "benchmarking", 
    "kernel name": "calc_histogram", 
    "program name": "Realeyes HOG"
  }, 
  "tags": [
    "demo", 
    "arm", 
    "codegen15"
  ], 
  "work": {
    "repl": 0, 
    "timestamp": "2015-02-22T02:01:23.089115"
  }
}