{
  "characteristics": {
    "cpu": 0.103155, 
    "gpu_copy": 0.056427, 
    "gpu_only": 0.048203, 
    "is_gpu_better": true, 
    "l2 cache and mmu counters": {
      "0": 271744245, 
      "1": 17, 
      "10": 0, 
      "11": 0, 
      "12": 0, 
      "13": 0, 
      "14": 0, 
      "15": 0, 
      "16": 8, 
      "17": 3, 
      "18": 150, 
      "19": 4, 
      "2": 65535, 
      "20": 0, 
      "21": 0, 
      "22": 0, 
      "23": 0, 
      "24": 0, 
      "25": 0, 
      "26": 0, 
      "27": 0, 
      "28": 0, 
      "29": 0, 
      "3": 0, 
      "30": 12176, 
      "31": 78632, 
      "32": 9608463, 
      "33": 7876155, 
      "34": 7856241, 
      "35": 666151, 
      "36": 717741, 
      "37": 7638478, 
      "38": 0, 
      "39": 1003864, 
      "4": 138003, 
      "40": 975383, 
      "41": 3307, 
      "42": 0, 
      "43": 1000246, 
      "44": 0, 
      "45": 201, 
      "46": 0, 
      "47": 0, 
      "48": 19658, 
      "49": 19658, 
      "5": 12533, 
      "50": 3049, 
      "51": 2502, 
      "52": 6, 
      "53": 2, 
      "54": 0, 
      "55": 0, 
      "56": 0, 
      "57": 308, 
      "58": 0, 
      "59": 0, 
      "6": 42, 
      "60": 0, 
      "61": 208698, 
      "62": 8263581, 
      "63": 6384378, 
      "7": 1369, 
      "8": 11880, 
      "9": 0
    }, 
    "shader core counters": {
      "0": [
        271744245, 
        271744245, 
        271744245, 
        271744245
      ], 
      "1": [
        17, 
        17, 
        17, 
        17
      ], 
      "10": [
        0, 
        0, 
        0, 
        0
      ], 
      "11": [
        0, 
        0, 
        0, 
        0
      ], 
      "12": [
        0, 
        0, 
        0, 
        0
      ], 
      "13": [
        0, 
        0, 
        0, 
        0
      ], 
      "14": [
        0, 
        0, 
        0, 
        0
      ], 
      "15": [
        0, 
        0, 
        0, 
        0
      ], 
      "16": [
        0, 
        0, 
        0, 
        0
      ], 
      "17": [
        0, 
        0, 
        0, 
        0
      ], 
      "18": [
        0, 
        0, 
        0, 
        0
      ], 
      "19": [
        0, 
        0, 
        0, 
        0
      ], 
      "2": [
        65535, 
        65535, 
        65535, 
        65535
      ], 
      "20": [
        0, 
        0, 
        0, 
        0
      ], 
      "21": [
        0, 
        0, 
        0, 
        0
      ], 
      "22": [
        12816505, 
        12816100, 
        12814745, 
        12821456
      ], 
      "23": [
        2496, 
        2124, 
        2423, 
        1149
      ], 
      "24": [
        319488, 
        271872, 
        310144, 
        147072
      ], 
      "25": [
        8962, 
        7992, 
        7174, 
        7584
      ], 
      "26": [
        12816162, 
        12815753, 
        12814405, 
        12821114
      ], 
      "27": [
        6382088, 
        5449674, 
        6231278, 
        2994118
      ], 
      "28": [
        388871, 
        294803, 
        369719, 
        137635
      ], 
      "29": [
        5936087, 
        6509070, 
        6088548, 
        6335545
      ], 
      "3": [
        0, 
        0, 
        0, 
        0
      ], 
      "30": [
        0, 
        0, 
        0, 
        0
      ], 
      "31": [
        4183722, 
        3605722, 
        4082732, 
        2062152
      ], 
      "32": [
        9247198, 
        10525892, 
        9582443, 
        12285445
      ], 
      "33": [
        0, 
        0, 
        0, 
        0
      ], 
      "34": [
        5063476, 
        6920170, 
        5499711, 
        10223293
      ], 
      "35": [
        0, 
        0, 
        0, 
        0
      ], 
      "36": [
        0, 
        0, 
        0, 
        0
      ], 
      "37": [
        0, 
        0, 
        0, 
        0
      ], 
      "38": [
        0, 
        0, 
        0, 
        0
      ], 
      "39": [
        0, 
        0, 
        0, 
        0
      ], 
      "4": [
        0, 
        0, 
        0, 
        0
      ], 
      "40": [
        0, 
        0, 
        0, 
        0
      ], 
      "41": [
        0, 
        0, 
        0, 
        0
      ], 
      "42": [
        0, 
        0, 
        0, 
        0
      ], 
      "43": [
        0, 
        0, 
        0, 
        0
      ], 
      "44": [
        0, 
        0, 
        0, 
        0
      ], 
      "45": [
        0, 
        0, 
        0, 
        0
      ], 
      "46": [
        0, 
        0, 
        0, 
        0
      ], 
      "47": [
        0, 
        0, 
        0, 
        0
      ], 
      "48": [
        679216, 
        577584, 
        662584, 
        310888
      ], 
      "49": [
        213852, 
        502205, 
        286998, 
        1085758
      ], 
      "5": [
        0, 
        0, 
        0, 
        0
      ], 
      "50": [
        519004, 
        453304, 
        507113, 
        274112
      ], 
      "51": [
        25051, 
        19073, 
        23754, 
        7869
      ], 
      "52": [
        519004, 
        453304, 
        507113, 
        274112
      ], 
      "53": [
        914911, 
        1644396, 
        1064301, 
        3070850
      ], 
      "54": [
        282947, 
        253680, 
        279305, 
        162911
      ], 
      "55": [
        2399, 
        2080, 
        2230, 
        876
      ], 
      "56": [
        208726, 
        186865, 
        205247, 
        118249
      ], 
      "57": [
        1, 
        1, 
        1, 
        1
      ], 
      "58": [
        3, 
        3, 
        3, 
        3
      ], 
      "59": [
        47, 
        47, 
        47, 
        47
      ], 
      "6": [
        0, 
        0, 
        0, 
        0
      ], 
      "60": [
        19719, 
        17094, 
        19899, 
        9623
      ], 
      "61": [
        1717225, 
        1484193, 
        1676810, 
        859112
      ], 
      "62": [
        372, 
        372, 
        372, 
        372
      ], 
      "63": [
        0, 
        0, 
        0, 
        0
      ], 
      "7": [
        0, 
        0, 
        0, 
        0
      ], 
      "8": [
        0, 
        0, 
        0, 
        0
      ], 
      "9": [
        0, 
        0, 
        0, 
        0
      ]
    }
  }, 
  "features": {
    "GWS": [
      12, 
      12, 
      64
    ], 
    "LWS": [
      4, 
      1, 
      64
    ], 
    "OFFSET": [
      0, 
      0, 
      0
    ], 
    "compiler name": "ARM Mali OpenCL", 
    "compiler version": "5.0", 
    "cpu_freq": 1600, 
    "gpu_freq": 266, 
    "image cols": 2521, 
    "image rows": 2184, 
    "pool_dir": "pool.20", 
    "program version": "c597087", 
    "size": 128
  }, 
  "meta": {
    "device name": "Mali-T604", 
    "device type": "GPU", 
    "device vendor": "ARM", 
    "experiment type": "benchmarking", 
    "kernel name": "calc_histogram", 
    "program name": "Realeyes HOG"
  }, 
  "tags": [
    "demo", 
    "arm", 
    "codegen15"
  ], 
  "work": {
    "repl": 2, 
    "timestamp": "2015-02-22T02:11:15.612754"
  }
}