{
  "characteristics": {
    "cpu": 0.026483, 
    "gpu_copy": 0.019907, 
    "gpu_only": 0.012009, 
    "is_gpu_better": true, 
    "l2 cache and mmu counters": {
      "0": 3619180457, 
      "1": 14, 
      "10": 0, 
      "11": 0, 
      "12": 0, 
      "13": 0, 
      "14": 0, 
      "15": 0, 
      "16": 8, 
      "17": 3, 
      "18": 146, 
      "19": 4, 
      "2": 65535, 
      "20": 0, 
      "21": 0, 
      "22": 0, 
      "23": 0, 
      "24": 0, 
      "25": 0, 
      "26": 0, 
      "27": 0, 
      "28": 0, 
      "29": 0, 
      "3": 0, 
      "30": 3464, 
      "31": 26004, 
      "32": 2393784, 
      "33": 1962147, 
      "34": 1956700, 
      "35": 165529, 
      "36": 179077, 
      "37": 1901479, 
      "38": 0, 
      "39": 246781, 
      "4": 34026, 
      "40": 239574, 
      "41": 900, 
      "42": 0, 
      "43": 245924, 
      "44": 0, 
      "45": 74, 
      "46": 0, 
      "47": 0, 
      "48": 6501, 
      "49": 6501, 
      "5": 2825, 
      "50": 871, 
      "51": 749, 
      "52": 6, 
      "53": 2, 
      "54": 0, 
      "55": 0, 
      "56": 0, 
      "57": 95, 
      "58": 0, 
      "59": 0, 
      "6": 42, 
      "60": 0, 
      "61": 52324, 
      "62": 2056816, 
      "63": 1600119, 
      "7": 506, 
      "8": 2658, 
      "9": 0
    }, 
    "shader core counters": {
      "0": [
        3619180457, 
        3619180457, 
        3619180457, 
        3619180457
      ], 
      "1": [
        14, 
        14, 
        14, 
        14
      ], 
      "10": [
        0, 
        0, 
        0, 
        0
      ], 
      "11": [
        0, 
        0, 
        0, 
        0
      ], 
      "12": [
        0, 
        0, 
        0, 
        0
      ], 
      "13": [
        0, 
        0, 
        0, 
        0
      ], 
      "14": [
        0, 
        0, 
        0, 
        0
      ], 
      "15": [
        0, 
        0, 
        0, 
        0
      ], 
      "16": [
        0, 
        0, 
        0, 
        0
      ], 
      "17": [
        0, 
        0, 
        0, 
        0
      ], 
      "18": [
        0, 
        0, 
        0, 
        0
      ], 
      "19": [
        0, 
        0, 
        0, 
        0
      ], 
      "2": [
        65535, 
        65535, 
        65535, 
        65535
      ], 
      "20": [
        0, 
        0, 
        0, 
        0
      ], 
      "21": [
        0, 
        0, 
        0, 
        0
      ], 
      "22": [
        3189310, 
        3188283, 
        3188005, 
        3194173
      ], 
      "23": [
        620, 
        531, 
        600, 
        297
      ], 
      "24": [
        79360, 
        67968, 
        76800, 
        38016
      ], 
      "25": [
        6015, 
        7230, 
        8266, 
        5892
      ], 
      "26": [
        3188868, 
        3187842, 
        3187570, 
        3193739
      ], 
      "27": [
        1585288, 
        1361192, 
        1542390, 
        761668
      ], 
      "28": [
        96650, 
        74136, 
        91334, 
        34893
      ], 
      "29": [
        1474903, 
        1605450, 
        1516503, 
        1614015
      ], 
      "3": [
        0, 
        0, 
        0, 
        0
      ], 
      "30": [
        0, 
        0, 
        0, 
        0
      ], 
      "31": [
        1039440, 
        901018, 
        1012232, 
        523268
      ], 
      "32": [
        2300089, 
        2593201, 
        2392981, 
        3044820
      ], 
      "33": [
        0, 
        0, 
        0, 
        0
      ], 
      "34": [
        1260649, 
        1692183, 
        1380749, 
        2521552
      ], 
      "35": [
        0, 
        0, 
        0, 
        0
      ], 
      "36": [
        0, 
        0, 
        0, 
        0
      ], 
      "37": [
        0, 
        0, 
        0, 
        0
      ], 
      "38": [
        0, 
        0, 
        0, 
        0
      ], 
      "39": [
        0, 
        0, 
        0, 
        0
      ], 
      "4": [
        0, 
        0, 
        0, 
        0
      ], 
      "40": [
        0, 
        0, 
        0, 
        0
      ], 
      "41": [
        0, 
        0, 
        0, 
        0
      ], 
      "42": [
        0, 
        0, 
        0, 
        0
      ], 
      "43": [
        0, 
        0, 
        0, 
        0
      ], 
      "44": [
        0, 
        0, 
        0, 
        0
      ], 
      "45": [
        0, 
        0, 
        0, 
        0
      ], 
      "46": [
        0, 
        0, 
        0, 
        0
      ], 
      "47": [
        0, 
        0, 
        0, 
        0
      ], 
      "48": [
        169088, 
        144832, 
        163768, 
        78728
      ], 
      "49": [
        52350, 
        120429, 
        68983, 
        240476
      ], 
      "5": [
        0, 
        0, 
        0, 
        0
      ], 
      "50": [
        128774, 
        112976, 
        126116, 
        69475
      ], 
      "51": [
        6169, 
        4596, 
        6101, 
        1889
      ], 
      "52": [
        128774, 
        112976, 
        126116, 
        69475
      ], 
      "53": [
        228640, 
        400993, 
        272388, 
        775876
      ], 
      "54": [
        69973, 
        60505, 
        70088, 
        39720
      ], 
      "55": [
        552, 
        531, 
        612, 
        250
      ], 
      "56": [
        52183, 
        45061, 
        52466, 
        29661
      ], 
      "57": [
        1, 
        1, 
        1, 
        1
      ], 
      "58": [
        4, 
        4, 
        4, 
        4
      ], 
      "59": [
        47, 
        47, 
        47, 
        48
      ], 
      "6": [
        0, 
        0, 
        0, 
        0
      ], 
      "60": [
        4961, 
        4098, 
        4821, 
        2479
      ], 
      "61": [
        426636, 
        370785, 
        416000, 
        217678
      ], 
      "62": [
        372, 
        372, 
        372, 
        372
      ], 
      "63": [
        0, 
        0, 
        0, 
        8
      ], 
      "7": [
        0, 
        0, 
        0, 
        0
      ], 
      "8": [
        0, 
        0, 
        0, 
        0
      ], 
      "9": [
        0, 
        0, 
        0, 
        0
      ]
    }
  }, 
  "features": {
    "GWS": [
      64, 
      64, 
      64
    ], 
    "LWS": [
      4, 
      1, 
      64
    ], 
    "OFFSET": [
      0, 
      0, 
      0
    ], 
    "compiler name": "ARM Mali OpenCL", 
    "compiler version": "5.0", 
    "cpu_freq": 1600, 
    "gpu_freq": 266, 
    "image cols": 2521, 
    "image rows": 2184, 
    "pool_dir": "pool.20", 
    "program version": "c597087", 
    "size": 64
  }, 
  "meta": {
    "device name": "Mali-T604", 
    "device type": "GPU", 
    "device vendor": "ARM", 
    "experiment type": "benchmarking", 
    "kernel name": "calc_histogram", 
    "program name": "Realeyes HOG"
  }, 
  "tags": [
    "demo", 
    "arm", 
    "codegen15"
  ], 
  "work": {
    "repl": 3, 
    "timestamp": "2015-02-22T02:04:38.152047"
  }
}