{
  "characteristics": {
    "cpu": 0.023565, 
    "gpu_copy": 0.020957, 
    "gpu_only": 0.010985, 
    "is_gpu_better": true, 
    "l2 cache and mmu counters": {
      "0": 953359465, 
      "1": 23, 
      "10": 0, 
      "11": 0, 
      "12": 0, 
      "13": 0, 
      "14": 0, 
      "15": 0, 
      "16": 9, 
      "17": 3, 
      "18": 152, 
      "19": 7, 
      "2": 65535, 
      "20": 0, 
      "21": 0, 
      "22": 0, 
      "23": 0, 
      "24": 0, 
      "25": 0, 
      "26": 0, 
      "27": 0, 
      "28": 0, 
      "29": 0, 
      "3": 0, 
      "30": 3384, 
      "31": 25492, 
      "32": 2176136, 
      "33": 1782445, 
      "34": 1777821, 
      "35": 148931, 
      "36": 161364, 
      "37": 1722457, 
      "38": 0, 
      "39": 226739, 
      "4": 31738, 
      "40": 220267, 
      "41": 756, 
      "42": 0, 
      "43": 225995, 
      "44": 0, 
      "45": 96, 
      "46": 0, 
      "47": 0, 
      "48": 6373, 
      "49": 6373, 
      "5": 2331, 
      "50": 851, 
      "51": 750, 
      "52": 6, 
      "53": 2, 
      "54": 0, 
      "55": 0, 
      "56": 0, 
      "57": 134, 
      "58": 0, 
      "59": 0, 
      "6": 51, 
      "60": 0, 
      "61": 52319, 
      "62": 1853105, 
      "63": 1450126, 
      "7": 341, 
      "8": 2193, 
      "9": 0
    }, 
    "shader core counters": {
      "0": [
        953359465, 
        953359465, 
        953359465, 
        953359465
      ], 
      "1": [
        23, 
        23, 
        23, 
        23
      ], 
      "10": [
        0, 
        0, 
        0, 
        0
      ], 
      "11": [
        0, 
        0, 
        0, 
        0
      ], 
      "12": [
        0, 
        0, 
        0, 
        0
      ], 
      "13": [
        0, 
        0, 
        0, 
        0
      ], 
      "14": [
        0, 
        0, 
        0, 
        0
      ], 
      "15": [
        0, 
        0, 
        0, 
        0
      ], 
      "16": [
        0, 
        0, 
        0, 
        0
      ], 
      "17": [
        0, 
        0, 
        0, 
        0
      ], 
      "18": [
        0, 
        0, 
        0, 
        0
      ], 
      "19": [
        0, 
        0, 
        0, 
        0
      ], 
      "2": [
        65535, 
        65535, 
        65535, 
        65535
      ], 
      "20": [
        0, 
        0, 
        0, 
        0
      ], 
      "21": [
        0, 
        0, 
        0, 
        0
      ], 
      "22": [
        2913164, 
        2917742, 
        2913571, 
        2921458
      ], 
      "23": [
        605, 
        541, 
        593, 
        309
      ], 
      "24": [
        77440, 
        69248, 
        75904, 
        39552
      ], 
      "25": [
        5202, 
        6065, 
        8279, 
        33981
      ], 
      "26": [
        2912796, 
        2917368, 
        2913203, 
        2921097
      ], 
      "27": [
        1525762, 
        1360354, 
        1496008, 
        794752
      ], 
      "28": [
        102948, 
        83979, 
        98730, 
        39841
      ], 
      "29": [
        1256509, 
        1386285, 
        1285506, 
        1472328
      ], 
      "3": [
        0, 
        0, 
        0, 
        0
      ], 
      "30": [
        0, 
        0, 
        0, 
        0
      ], 
      "31": [
        993122, 
        889574, 
        973068, 
        532706
      ], 
      "32": [
        2047601, 
        2316313, 
        2116924, 
        2772075
      ], 
      "33": [
        0, 
        0, 
        0, 
        0
      ], 
      "34": [
        1054479, 
        1426739, 
        1143856, 
        2239369
      ], 
      "35": [
        0, 
        0, 
        0, 
        0
      ], 
      "36": [
        0, 
        0, 
        0, 
        0
      ], 
      "37": [
        0, 
        0, 
        0, 
        0
      ], 
      "38": [
        0, 
        0, 
        0, 
        0
      ], 
      "39": [
        0, 
        0, 
        0, 
        0
      ], 
      "4": [
        0, 
        0, 
        0, 
        0
      ], 
      "40": [
        0, 
        0, 
        0, 
        0
      ], 
      "41": [
        0, 
        0, 
        0, 
        0
      ], 
      "42": [
        0, 
        0, 
        0, 
        0
      ], 
      "43": [
        0, 
        0, 
        0, 
        0
      ], 
      "44": [
        0, 
        0, 
        0, 
        0
      ], 
      "45": [
        0, 
        0, 
        0, 
        0
      ], 
      "46": [
        0, 
        0, 
        0, 
        0
      ], 
      "47": [
        0, 
        0, 
        0, 
        0
      ], 
      "48": [
        163696, 
        145088, 
        159800, 
        83608
      ], 
      "49": [
        51915, 
        112089, 
        64699, 
        225593
      ], 
      "5": [
        0, 
        0, 
        0, 
        0
      ], 
      "50": [
        121336, 
        109699, 
        119259, 
        68342
      ], 
      "51": [
        5721, 
        4474, 
        5510, 
        1982
      ], 
      "52": [
        121336, 
        109699, 
        119259, 
        68342
      ], 
      "53": [
        217517, 
        354552, 
        250920, 
        695762
      ], 
      "54": [
        63435, 
        56876, 
        61939, 
        38614
      ], 
      "55": [
        450, 
        425, 
        372, 
        219
      ], 
      "56": [
        46299, 
        41490, 
        45533, 
        28315
      ], 
      "57": [
        1, 
        1, 
        1, 
        1
      ], 
      "58": [
        4, 
        4, 
        4, 
        4
      ], 
      "59": [
        47, 
        47, 
        47, 
        47
      ], 
      "6": [
        0, 
        0, 
        0, 
        0
      ], 
      "60": [
        4528, 
        4004, 
        4250, 
        2497
      ], 
      "61": [
        406369, 
        364487, 
        398318, 
        220293
      ], 
      "62": [
        372, 
        372, 
        372, 
        372
      ], 
      "63": [
        0, 
        0, 
        0, 
        0
      ], 
      "7": [
        0, 
        0, 
        0, 
        0
      ], 
      "8": [
        0, 
        0, 
        0, 
        0
      ], 
      "9": [
        0, 
        0, 
        0, 
        0
      ]
    }
  }, 
  "features": {
    "GWS": [
      64, 
      64, 
      64
    ], 
    "LWS": [
      4, 
      1, 
      64
    ], 
    "OFFSET": [
      0, 
      0, 
      0
    ], 
    "compiler name": "ARM Mali OpenCL", 
    "compiler version": "5.0", 
    "cpu_freq": 1600, 
    "gpu_freq": 266, 
    "image cols": 2422, 
    "image rows": 2066, 
    "pool_dir": "pool.15", 
    "program version": "c597087", 
    "size": 64
  }, 
  "meta": {
    "device name": "Mali-T604", 
    "device type": "GPU", 
    "device vendor": "ARM", 
    "experiment type": "benchmarking", 
    "kernel name": "calc_histogram", 
    "program name": "Realeyes HOG"
  }, 
  "tags": [
    "demo", 
    "arm", 
    "codegen15"
  ], 
  "work": {
    "repl": 3, 
    "timestamp": "2015-02-22T02:29:37.686728"
  }
}