{
  "characteristics": {
    "cpu": 0.003982, 
    "gpu_copy": 0.014443, 
    "gpu_only": 0.000412, 
    "is_gpu_better": false, 
    "l2 cache and mmu counters": {
      "0": 3046992567, 
      "1": 18, 
      "10": 0, 
      "11": 0, 
      "12": 0, 
      "13": 0, 
      "14": 0, 
      "15": 0, 
      "16": 9, 
      "17": 3, 
      "18": 214, 
      "19": 5, 
      "2": 65535, 
      "20": 0, 
      "21": 0, 
      "22": 0, 
      "23": 0, 
      "24": 0, 
      "25": 0, 
      "26": 0, 
      "27": 0, 
      "28": 0, 
      "29": 0, 
      "3": 0, 
      "30": 810, 
      "31": 5972, 
      "32": 158816, 
      "33": 125707, 
      "34": 122757, 
      "35": 10532, 
      "36": 10989, 
      "37": 120163, 
      "38": 0, 
      "39": 17809, 
      "4": 3187, 
      "40": 17325, 
      "41": 172, 
      "42": 0, 
      "43": 17732, 
      "44": 0, 
      "45": 50, 
      "46": 1, 
      "47": 32, 
      "48": 1493, 
      "49": 1493, 
      "5": 523, 
      "50": 212, 
      "51": 184, 
      "52": 4, 
      "53": 2, 
      "54": 0, 
      "55": 0, 
      "56": 0, 
      "57": 0, 
      "58": 212, 
      "59": 0, 
      "6": 66, 
      "60": 0, 
      "61": 3833, 
      "62": 125811, 
      "63": 94143, 
      "7": 519, 
      "8": 466, 
      "9": 0
    }, 
    "shader core counters": {
      "0": [
        3046992567, 
        3046992567, 
        3046992567, 
        3046992567
      ], 
      "1": [
        18, 
        18, 
        18, 
        18
      ], 
      "10": [
        0, 
        0, 
        0, 
        0
      ], 
      "11": [
        0, 
        0, 
        0, 
        0
      ], 
      "12": [
        0, 
        0, 
        0, 
        0
      ], 
      "13": [
        0, 
        0, 
        0, 
        0
      ], 
      "14": [
        0, 
        0, 
        0, 
        0
      ], 
      "15": [
        0, 
        0, 
        0, 
        0
      ], 
      "16": [
        0, 
        0, 
        0, 
        0
      ], 
      "17": [
        0, 
        0, 
        0, 
        0
      ], 
      "18": [
        0, 
        0, 
        0, 
        0
      ], 
      "19": [
        0, 
        0, 
        0, 
        0
      ], 
      "2": [
        65535, 
        65535, 
        65535, 
        65535
      ], 
      "20": [
        0, 
        0, 
        0, 
        0
      ], 
      "21": [
        0, 
        0, 
        0, 
        0
      ], 
      "22": [
        215502, 
        211697, 
        215828, 
        219093
      ], 
      "23": [
        36, 
        36, 
        34, 
        22
      ], 
      "24": [
        4608, 
        4608, 
        4352, 
        2816
      ], 
      "25": [
        6302, 
        5277, 
        5007, 
        4466
      ], 
      "26": [
        214954, 
        211145, 
        215283, 
        218554
      ], 
      "27": [
        106918, 
        95028, 
        103658, 
        63826
      ], 
      "28": [
        7005, 
        5877, 
        6600, 
        3257
      ], 
      "29": [
        90266, 
        95270, 
        94111, 
        102374
      ], 
      "3": [
        0, 
        0, 
        0, 
        0
      ], 
      "30": [
        0, 
        0, 
        0, 
        0
      ], 
      "31": [
        69180, 
        61568, 
        67318, 
        42706
      ], 
      "32": [
        153864, 
        166784, 
        155325, 
        197283
      ], 
      "33": [
        0, 
        0, 
        0, 
        0
      ], 
      "34": [
        84684, 
        105216, 
        88007, 
        154577
      ], 
      "35": [
        0, 
        0, 
        0, 
        0
      ], 
      "36": [
        0, 
        0, 
        0, 
        0
      ], 
      "37": [
        0, 
        0, 
        0, 
        0
      ], 
      "38": [
        0, 
        0, 
        0, 
        0
      ], 
      "39": [
        0, 
        0, 
        0, 
        0
      ], 
      "4": [
        0, 
        0, 
        0, 
        0
      ], 
      "40": [
        0, 
        0, 
        0, 
        0
      ], 
      "41": [
        0, 
        0, 
        0, 
        0
      ], 
      "42": [
        0, 
        0, 
        0, 
        0
      ], 
      "43": [
        0, 
        0, 
        0, 
        0
      ], 
      "44": [
        0, 
        0, 
        0, 
        0
      ], 
      "45": [
        0, 
        0, 
        0, 
        0
      ], 
      "46": [
        0, 
        0, 
        0, 
        0
      ], 
      "47": [
        0, 
        0, 
        0, 
        0
      ], 
      "48": [
        11136, 
        9792, 
        10872, 
        6600
      ], 
      "49": [
        5662, 
        11177, 
        7116, 
        20297
      ], 
      "5": [
        0, 
        0, 
        0, 
        0
      ], 
      "50": [
        8719, 
        7712, 
        8493, 
        5572
      ], 
      "51": [
        410, 
        283, 
        397, 
        202
      ], 
      "52": [
        8719, 
        7712, 
        8493, 
        5572
      ], 
      "53": [
        16303, 
        22937, 
        16639, 
        41342
      ], 
      "54": [
        5013, 
        4086, 
        4889, 
        3401
      ], 
      "55": [
        29, 
        35, 
        47, 
        29
      ], 
      "56": [
        3198, 
        2499, 
        3204, 
        2116
      ], 
      "57": [
        1, 
        1, 
        1, 
        1
      ], 
      "58": [
        4, 
        4, 
        4, 
        4
      ], 
      "59": [
        47, 
        47, 
        47, 
        49
      ], 
      "6": [
        0, 
        0, 
        0, 
        0
      ], 
      "60": [
        422, 
        386, 
        442, 
        281
      ], 
      "61": [
        28574, 
        25216, 
        27859, 
        17745
      ], 
      "62": [
        372, 
        372, 
        372, 
        372
      ], 
      "63": [
        0, 
        0, 
        0, 
        0
      ], 
      "7": [
        0, 
        0, 
        0, 
        0
      ], 
      "8": [
        0, 
        0, 
        0, 
        0
      ], 
      "9": [
        0, 
        0, 
        0, 
        0
      ]
    }
  }, 
  "features": {
    "GWS": [
      16, 
      16, 
      64
    ], 
    "LWS": [
      4, 
      1, 
      64
    ], 
    "OFFSET": [
      0, 
      0, 
      0
    ], 
    "compiler name": "ARM Mali OpenCL", 
    "compiler version": "5.0", 
    "cpu_freq": 800, 
    "gpu_freq": 533, 
    "image cols": 2400, 
    "image rows": 2400, 
    "pool_dir": "pool.19", 
    "program version": "c597087", 
    "size": 16
  }, 
  "meta": {
    "device name": "Mali-T604", 
    "device type": "GPU", 
    "device vendor": "ARM", 
    "experiment type": "benchmarking", 
    "kernel name": "calc_histogram", 
    "program name": "Realeyes HOG"
  }, 
  "tags": [
    "demo", 
    "arm", 
    "codegen15"
  ], 
  "work": {
    "repl": 3, 
    "timestamp": "2015-02-22T02:16:10.239745"
  }
}