{
  "characteristics": {
    "cpu": 0.00324, 
    "gpu_copy": 0.004634, 
    "gpu_only": 0.000746, 
    "is_gpu_better": false, 
    "l2 cache and mmu counters": {
      "0": 2775170370, 
      "1": 22, 
      "10": 0, 
      "11": 0, 
      "12": 0, 
      "13": 0, 
      "14": 0, 
      "15": 0, 
      "16": 8, 
      "17": 3, 
      "18": 133, 
      "19": 4, 
      "2": 65535, 
      "20": 0, 
      "21": 0, 
      "22": 0, 
      "23": 0, 
      "24": 0, 
      "25": 0, 
      "26": 0, 
      "27": 0, 
      "28": 0, 
      "29": 0, 
      "3": 0, 
      "30": 863, 
      "31": 4204, 
      "32": 143640, 
      "33": 114800, 
      "34": 113308, 
      "35": 9568, 
      "36": 10331, 
      "37": 110133, 
      "38": 0, 
      "39": 14269, 
      "4": 226, 
      "40": 13844, 
      "41": 118, 
      "42": 0, 
      "43": 14164, 
      "44": 0, 
      "45": 56, 
      "46": 0, 
      "47": 0, 
      "48": 1051, 
      "49": 1051, 
      "5": 58, 
      "50": 220, 
      "51": 189, 
      "52": 5, 
      "53": 2, 
      "54": 0, 
      "55": 0, 
      "56": 0, 
      "57": 0, 
      "58": 0, 
      "59": 0, 
      "6": 40, 
      "60": 0, 
      "61": 3407, 
      "62": 116757, 
      "63": 92461, 
      "7": 89, 
      "8": 42, 
      "9": 0
    }, 
    "shader core counters": {
      "0": [
        2775170370, 
        2775170370, 
        2775170370, 
        2775170370
      ], 
      "1": [
        22, 
        22, 
        22, 
        22
      ], 
      "10": [
        0, 
        0, 
        0, 
        0
      ], 
      "11": [
        0, 
        0, 
        0, 
        0
      ], 
      "12": [
        0, 
        0, 
        0, 
        0
      ], 
      "13": [
        0, 
        0, 
        0, 
        0
      ], 
      "14": [
        0, 
        0, 
        0, 
        0
      ], 
      "15": [
        0, 
        0, 
        0, 
        0
      ], 
      "16": [
        0, 
        0, 
        0, 
        0
      ], 
      "17": [
        0, 
        0, 
        0, 
        0
      ], 
      "18": [
        0, 
        0, 
        0, 
        0
      ], 
      "19": [
        0, 
        0, 
        0, 
        0
      ], 
      "2": [
        65535, 
        65535, 
        65535, 
        65535
      ], 
      "20": [
        0, 
        0, 
        0, 
        0
      ], 
      "21": [
        0, 
        0, 
        0, 
        0
      ], 
      "22": [
        192261, 
        191879, 
        193015, 
        197933
      ], 
      "23": [
        40, 
        33, 
        38, 
        17
      ], 
      "24": [
        5120, 
        4224, 
        4864, 
        2176
      ], 
      "25": [
        8390, 
        5633, 
        9175, 
        9270
      ], 
      "26": [
        191871, 
        191486, 
        192631, 
        197545
      ], 
      "27": [
        90792, 
        76896, 
        87346, 
        37226
      ], 
      "28": [
        5379, 
        4097, 
        4960, 
        2103
      ], 
      "29": [
        84970, 
        92304, 
        87399, 
        73046
      ], 
      "3": [
        0, 
        0, 
        0, 
        0
      ], 
      "30": [
        0, 
        0, 
        0, 
        0
      ], 
      "31": [
        61034, 
        52210, 
        59388, 
        27024
      ], 
      "32": [
        134888, 
        153881, 
        138976, 
        183811
      ], 
      "33": [
        0, 
        0, 
        0, 
        0
      ], 
      "34": [
        73854, 
        101671, 
        79588, 
        156787
      ], 
      "35": [
        0, 
        0, 
        0, 
        0
      ], 
      "36": [
        0, 
        0, 
        0, 
        0
      ], 
      "37": [
        0, 
        0, 
        0, 
        0
      ], 
      "38": [
        0, 
        0, 
        0, 
        0
      ], 
      "39": [
        0, 
        0, 
        0, 
        0
      ], 
      "4": [
        0, 
        0, 
        0, 
        0
      ], 
      "40": [
        0, 
        0, 
        0, 
        0
      ], 
      "41": [
        0, 
        0, 
        0, 
        0
      ], 
      "42": [
        0, 
        0, 
        0, 
        0
      ], 
      "43": [
        0, 
        0, 
        0, 
        0
      ], 
      "44": [
        0, 
        0, 
        0, 
        0
      ], 
      "45": [
        0, 
        0, 
        0, 
        0
      ], 
      "46": [
        0, 
        0, 
        0, 
        0
      ], 
      "47": [
        0, 
        0, 
        0, 
        0
      ], 
      "48": [
        9760, 
        8272, 
        9536, 
        3664
      ], 
      "49": [
        3259, 
        7817, 
        4496, 
        16891
      ], 
      "5": [
        0, 
        0, 
        0, 
        0
      ], 
      "50": [
        7658, 
        6652, 
        7471, 
        3812
      ], 
      "51": [
        358, 
        272, 
        353, 
        64
      ], 
      "52": [
        7658, 
        6652, 
        7471, 
        3812
      ], 
      "53": [
        14939, 
        25541, 
        16611, 
        48628
      ], 
      "54": [
        4263, 
        3516, 
        4248, 
        1918
      ], 
      "55": [
        21, 
        21, 
        25, 
        7
      ], 
      "56": [
        3227, 
        2569, 
        3200, 
        1354
      ], 
      "57": [
        1, 
        1, 
        1, 
        1
      ], 
      "58": [
        3, 
        3, 
        3, 
        3
      ], 
      "59": [
        48, 
        47, 
        47, 
        47
      ], 
      "6": [
        0, 
        0, 
        0, 
        0
      ], 
      "60": [
        30, 
        27, 
        29, 
        21
      ], 
      "61": [
        25077, 
        21577, 
        24478, 
        11288
      ], 
      "62": [
        372, 
        372, 
        372, 
        372
      ], 
      "63": [
        16, 
        0, 
        0, 
        0
      ], 
      "7": [
        0, 
        0, 
        0, 
        0
      ], 
      "8": [
        0, 
        0, 
        0, 
        0
      ], 
      "9": [
        0, 
        0, 
        0, 
        0
      ]
    }
  }, 
  "features": {
    "GWS": [
      16, 
      16, 
      64
    ], 
    "LWS": [
      4, 
      1, 
      64
    ], 
    "OFFSET": [
      0, 
      0, 
      0
    ], 
    "compiler name": "ARM Mali OpenCL", 
    "compiler version": "5.0", 
    "cpu_freq": 800, 
    "gpu_freq": 266, 
    "image cols": 944, 
    "image rows": 708, 
    "pool_dir": "pool.05", 
    "program version": "c597087", 
    "size": 16
  }, 
  "meta": {
    "device name": "Mali-T604", 
    "device type": "GPU", 
    "device vendor": "ARM", 
    "experiment type": "benchmarking", 
    "kernel name": "calc_histogram", 
    "program name": "Realeyes HOG"
  }, 
  "tags": [
    "demo", 
    "arm", 
    "codegen15"
  ], 
  "work": {
    "repl": 0, 
    "timestamp": "2015-02-22T02:27:54.750071"
  }
}