{
  "characteristics": {
    "cpu": 0.110296, 
    "gpu_copy": 0.035543, 
    "gpu_only": 0.026968, 
    "is_gpu_better": true, 
    "l2 cache and mmu counters": {
      "0": 2755441523, 
      "1": 15, 
      "10": 0, 
      "11": 0, 
      "12": 0, 
      "13": 0, 
      "14": 0, 
      "15": 0, 
      "16": 9, 
      "17": 3, 
      "18": 241, 
      "19": 7, 
      "2": 65535, 
      "20": 0, 
      "21": 0, 
      "22": 0, 
      "23": 0, 
      "24": 0, 
      "25": 0, 
      "26": 0, 
      "27": 0, 
      "28": 0, 
      "29": 0, 
      "3": 0, 
      "30": 13143, 
      "31": 103600, 
      "32": 10701140, 
      "33": 8724617, 
      "34": 8697169, 
      "35": 739542, 
      "36": 788344, 
      "37": 8445419, 
      "38": 0, 
      "39": 1175241, 
      "4": 185885, 
      "40": 1141712, 
      "41": 3837, 
      "42": 0, 
      "43": 1171496, 
      "44": 0, 
      "45": 203, 
      "46": 0, 
      "47": 0, 
      "48": 25900, 
      "49": 25900, 
      "5": 16257, 
      "50": 3295, 
      "51": 2762, 
      "52": 12, 
      "53": 2, 
      "54": 0, 
      "55": 0, 
      "56": 0, 
      "57": 508, 
      "58": 0, 
      "59": 0, 
      "6": 73, 
      "60": 18, 
      "61": 229640, 
      "62": 9172630, 
      "63": 6888519, 
      "7": 1968, 
      "8": 15191, 
      "9": 0
    }, 
    "shader core counters": {
      "0": [
        2755441523, 
        2755441523, 
        2755441523, 
        2755441523
      ], 
      "1": [
        15, 
        15, 
        15, 
        15
      ], 
      "10": [
        0, 
        0, 
        0, 
        0
      ], 
      "11": [
        0, 
        0, 
        0, 
        0
      ], 
      "12": [
        0, 
        0, 
        0, 
        0
      ], 
      "13": [
        0, 
        0, 
        0, 
        0
      ], 
      "14": [
        0, 
        0, 
        0, 
        0
      ], 
      "15": [
        0, 
        0, 
        0, 
        0
      ], 
      "16": [
        0, 
        0, 
        0, 
        0
      ], 
      "17": [
        0, 
        0, 
        0, 
        0
      ], 
      "18": [
        0, 
        0, 
        0, 
        0
      ], 
      "19": [
        0, 
        0, 
        0, 
        0
      ], 
      "2": [
        65535, 
        65535, 
        65535, 
        65535
      ], 
      "20": [
        0, 
        0, 
        0, 
        0
      ], 
      "21": [
        0, 
        0, 
        0, 
        0
      ], 
      "22": [
        14366996, 
        14362578, 
        14372176, 
        14373769
      ], 
      "23": [
        2431, 
        2082, 
        2381, 
        1298
      ], 
      "24": [
        311168, 
        266496, 
        304768, 
        166144
      ], 
      "25": [
        5844, 
        7058, 
        7418, 
        16092
      ], 
      "26": [
        14366549, 
        14362130, 
        14371734, 
        14373333
      ], 
      "27": [
        7084647, 
        6117222, 
        6901894, 
        3817074
      ], 
      "28": [
        434443, 
        337601, 
        410854, 
        184037
      ], 
      "29": [
        6717817, 
        7287497, 
        6897139, 
        7134971
      ], 
      "3": [
        0, 
        0, 
        0, 
        0
      ], 
      "30": [
        0, 
        0, 
        0, 
        0
      ], 
      "31": [
        4693800, 
        4078932, 
        4580596, 
        2612298
      ], 
      "32": [
        10471618, 
        11788149, 
        10834703, 
        13535320
      ], 
      "33": [
        0, 
        0, 
        0, 
        0
      ], 
      "34": [
        5777818, 
        7709217, 
        6254107, 
        10923022
      ], 
      "35": [
        0, 
        0, 
        0, 
        0
      ], 
      "36": [
        0, 
        0, 
        0, 
        0
      ], 
      "37": [
        0, 
        0, 
        0, 
        0
      ], 
      "38": [
        0, 
        0, 
        0, 
        0
      ], 
      "39": [
        0, 
        0, 
        0, 
        0
      ], 
      "4": [
        0, 
        0, 
        0, 
        0
      ], 
      "40": [
        0, 
        0, 
        0, 
        0
      ], 
      "41": [
        0, 
        0, 
        0, 
        0
      ], 
      "42": [
        0, 
        0, 
        0, 
        0
      ], 
      "43": [
        0, 
        0, 
        0, 
        0
      ], 
      "44": [
        0, 
        0, 
        0, 
        0
      ], 
      "45": [
        0, 
        0, 
        0, 
        0
      ], 
      "46": [
        0, 
        0, 
        0, 
        0
      ], 
      "47": [
        0, 
        0, 
        0, 
        0
      ], 
      "48": [
        729662, 
        627038, 
        709914, 
        386634
      ], 
      "49": [
        303884, 
        661730, 
        401082, 
        1326806
      ], 
      "5": [
        0, 
        0, 
        0, 
        0
      ], 
      "50": [
        609333, 
        535174, 
        595787, 
        353831
      ], 
      "51": [
        29425, 
        23380, 
        27921, 
        11006
      ], 
      "52": [
        609333, 
        535174, 
        595787, 
        353831
      ], 
      "53": [
        1018361, 
        1734205, 
        1174075, 
        3009976
      ], 
      "54": [
        328429, 
        296730, 
        323130, 
        201777
      ], 
      "55": [
        4077, 
        3474, 
        3800, 
        2181
      ], 
      "56": [
        226330, 
        204189, 
        222855, 
        138063
      ], 
      "57": [
        1, 
        1, 
        1, 
        1
      ], 
      "58": [
        3, 
        3, 
        3, 
        3
      ], 
      "59": [
        47, 
        47, 
        47, 
        47
      ], 
      "6": [
        0, 
        0, 
        0, 
        0
      ], 
      "60": [
        25974, 
        22945, 
        25225, 
        14502
      ], 
      "61": [
        1948329, 
        1697387, 
        1901489, 
        1094296
      ], 
      "62": [
        372, 
        372, 
        372, 
        372
      ], 
      "63": [
        0, 
        0, 
        0, 
        8
      ], 
      "7": [
        0, 
        0, 
        0, 
        0
      ], 
      "8": [
        0, 
        0, 
        0, 
        0
      ], 
      "9": [
        0, 
        0, 
        0, 
        0
      ]
    }
  }, 
  "features": {
    "GWS": [
      12, 
      12, 
      64
    ], 
    "LWS": [
      4, 
      1, 
      64
    ], 
    "OFFSET": [
      0, 
      0, 
      0
    ], 
    "compiler name": "ARM Mali OpenCL", 
    "compiler version": "5.0", 
    "cpu_freq": 1600, 
    "gpu_freq": 533, 
    "image cols": 2174, 
    "image rows": 2215, 
    "pool_dir": "pool.00", 
    "program version": "c597087", 
    "size": 128
  }, 
  "meta": {
    "device name": "Mali-T604", 
    "device type": "GPU", 
    "device vendor": "ARM", 
    "experiment type": "benchmarking", 
    "kernel name": "calc_histogram", 
    "program name": "Realeyes HOG"
  }, 
  "tags": [
    "demo", 
    "arm", 
    "codegen15"
  ], 
  "work": {
    "repl": 2, 
    "timestamp": "2015-02-22T02:07:01.111048"
  }
}