{
  "characteristics": {
    "cpu": 0.002303, 
    "gpu_copy": 0.010252, 
    "gpu_only": 0.00047, 
    "is_gpu_better": false, 
    "l2 cache and mmu counters": {
      "0": 4030962479, 
      "1": 20, 
      "10": 0, 
      "11": 0, 
      "12": 0, 
      "13": 0, 
      "14": 0, 
      "15": 0, 
      "16": 8, 
      "17": 3, 
      "18": 111, 
      "19": 4, 
      "2": 65535, 
      "20": 0, 
      "21": 0, 
      "22": 0, 
      "23": 0, 
      "24": 0, 
      "25": 0, 
      "26": 0, 
      "27": 0, 
      "28": 0, 
      "29": 0, 
      "3": 0, 
      "30": 934, 
      "31": 6004, 
      "32": 182537, 
      "33": 145768, 
      "34": 143317, 
      "35": 12352, 
      "36": 13019, 
      "37": 140012, 
      "38": 0, 
      "39": 19392, 
      "4": 3029, 
      "40": 18866, 
      "41": 157, 
      "42": 0, 
      "43": 19295, 
      "44": 0, 
      "45": 48, 
      "46": 12, 
      "47": 26, 
      "48": 1501, 
      "49": 1501, 
      "5": 487, 
      "50": 247, 
      "51": 191, 
      "52": 4, 
      "53": 2, 
      "54": 0, 
      "55": 0, 
      "56": 0, 
      "57": 0, 
      "58": 214, 
      "59": 0, 
      "6": 153, 
      "60": 0, 
      "61": 4003, 
      "62": 148329, 
      "63": 112487, 
      "7": 517, 
      "8": 438, 
      "9": 0
    }, 
    "shader core counters": {
      "0": [
        4030962479, 
        4030962479, 
        4030962479, 
        4030962479
      ], 
      "1": [
        20, 
        20, 
        20, 
        20
      ], 
      "10": [
        0, 
        0, 
        0, 
        0
      ], 
      "11": [
        0, 
        0, 
        0, 
        0
      ], 
      "12": [
        0, 
        0, 
        0, 
        0
      ], 
      "13": [
        0, 
        0, 
        0, 
        0
      ], 
      "14": [
        0, 
        0, 
        0, 
        0
      ], 
      "15": [
        0, 
        0, 
        0, 
        0
      ], 
      "16": [
        0, 
        0, 
        0, 
        0
      ], 
      "17": [
        0, 
        0, 
        0, 
        0
      ], 
      "18": [
        0, 
        0, 
        0, 
        0
      ], 
      "19": [
        0, 
        0, 
        0, 
        0
      ], 
      "2": [
        65535, 
        65535, 
        65535, 
        65535
      ], 
      "20": [
        0, 
        0, 
        0, 
        0
      ], 
      "21": [
        0, 
        0, 
        0, 
        0
      ], 
      "22": [
        247899, 
        249015, 
        245435, 
        250479
      ], 
      "23": [
        39, 
        29, 
        37, 
        23
      ], 
      "24": [
        4992, 
        3712, 
        4736, 
        2944
      ], 
      "25": [
        8159, 
        5688, 
        7842, 
        6195
      ], 
      "26": [
        247468, 
        248582, 
        245007, 
        250056
      ], 
      "27": [
        113548, 
        95880, 
        108148, 
        62276
      ], 
      "28": [
        6686, 
        5092, 
        6305, 
        3141
      ], 
      "29": [
        112010, 
        122617, 
        112237, 
        107898
      ], 
      "3": [
        0, 
        0, 
        0, 
        0
      ], 
      "30": [
        0, 
        0, 
        0, 
        0
      ], 
      "31": [
        76770, 
        65642, 
        73622, 
        44568
      ], 
      "32": [
        177613, 
        202435, 
        182388, 
        227188
      ], 
      "33": [
        0, 
        0, 
        0, 
        0
      ], 
      "34": [
        100843, 
        136793, 
        108766, 
        182620
      ], 
      "35": [
        0, 
        0, 
        0, 
        0
      ], 
      "36": [
        0, 
        0, 
        0, 
        0
      ], 
      "37": [
        0, 
        0, 
        0, 
        0
      ], 
      "38": [
        0, 
        0, 
        0, 
        0
      ], 
      "39": [
        0, 
        0, 
        0, 
        0
      ], 
      "4": [
        0, 
        0, 
        0, 
        0
      ], 
      "40": [
        0, 
        0, 
        0, 
        0
      ], 
      "41": [
        0, 
        0, 
        0, 
        0
      ], 
      "42": [
        0, 
        0, 
        0, 
        0
      ], 
      "43": [
        0, 
        0, 
        0, 
        0
      ], 
      "44": [
        0, 
        0, 
        0, 
        0
      ], 
      "45": [
        0, 
        0, 
        0, 
        0
      ], 
      "46": [
        0, 
        0, 
        0, 
        0
      ], 
      "47": [
        0, 
        0, 
        0, 
        0
      ], 
      "48": [
        11616, 
        9624, 
        11016, 
        6144
      ], 
      "49": [
        5910, 
        9556, 
        7055, 
        23645
      ], 
      "5": [
        0, 
        0, 
        0, 
        0
      ], 
      "50": [
        10200, 
        9066, 
        9877, 
        6310
      ], 
      "51": [
        483, 
        360, 
        423, 
        182
      ], 
      "52": [
        10200, 
        9066, 
        9877, 
        6310
      ], 
      "53": [
        17367, 
        33908, 
        20475, 
        48366
      ], 
      "54": [
        5621, 
        4873, 
        5306, 
        3132
      ], 
      "55": [
        47, 
        27, 
        26, 
        23
      ], 
      "56": [
        3881, 
        3466, 
        3687, 
        2012
      ], 
      "57": [
        1, 
        1, 
        1, 
        1
      ], 
      "58": [
        3, 
        3, 
        3, 
        3
      ], 
      "59": [
        47, 
        47, 
        47, 
        47
      ], 
      "6": [
        0, 
        0, 
        0, 
        0
      ], 
      "60": [
        441, 
        346, 
        432, 
        237
      ], 
      "61": [
        32017, 
        27757, 
        30771, 
        18764
      ], 
      "62": [
        372, 
        372, 
        372, 
        372
      ], 
      "63": [
        0, 
        0, 
        0, 
        0
      ], 
      "7": [
        0, 
        0, 
        0, 
        0
      ], 
      "8": [
        0, 
        0, 
        0, 
        0
      ], 
      "9": [
        0, 
        0, 
        0, 
        0
      ]
    }
  }, 
  "features": {
    "GWS": [
      16, 
      16, 
      64
    ], 
    "LWS": [
      4, 
      1, 
      64
    ], 
    "OFFSET": [
      0, 
      0, 
      0
    ], 
    "compiler name": "ARM Mali OpenCL", 
    "compiler version": "5.0", 
    "cpu_freq": 1600, 
    "gpu_freq": 533, 
    "image cols": 2593, 
    "image rows": 2593, 
    "pool_dir": "pool.02", 
    "program version": "c597087", 
    "size": 16
  }, 
  "meta": {
    "device name": "Mali-T604", 
    "device type": "GPU", 
    "device vendor": "ARM", 
    "experiment type": "benchmarking", 
    "kernel name": "calc_histogram", 
    "program name": "Realeyes HOG"
  }, 
  "tags": [
    "demo", 
    "arm", 
    "codegen15"
  ], 
  "work": {
    "repl": 4, 
    "timestamp": "2015-02-22T02:22:49.057655"
  }
}