{
  "characteristics": {
    "cpu": 0.028289, 
    "gpu_copy": 0.016847, 
    "gpu_only": 0.006016, 
    "is_gpu_better": true, 
    "l2 cache and mmu counters": {
      "0": 2002675106, 
      "1": 23, 
      "10": 0, 
      "11": 0, 
      "12": 0, 
      "13": 0, 
      "14": 0, 
      "15": 0, 
      "16": 9, 
      "17": 3, 
      "18": 406, 
      "19": 7, 
      "2": 65535, 
      "20": 0, 
      "21": 0, 
      "22": 0, 
      "23": 0, 
      "24": 0, 
      "25": 0, 
      "26": 0, 
      "27": 0, 
      "28": 0, 
      "29": 0, 
      "3": 0, 
      "30": 4048, 
      "31": 31156, 
      "32": 2362404, 
      "33": 1920913, 
      "34": 1911845, 
      "35": 162614, 
      "36": 174088, 
      "37": 1853714, 
      "38": 0, 
      "39": 261095, 
      "4": 46338, 
      "40": 253943, 
      "41": 1129, 
      "42": 0, 
      "43": 260003, 
      "44": 0, 
      "45": 113, 
      "46": 0, 
      "47": 0, 
      "48": 7789, 
      "49": 7789, 
      "5": 6029, 
      "50": 1017, 
      "51": 824, 
      "52": 6, 
      "53": 2, 
      "54": 0, 
      "55": 0, 
      "56": 0, 
      "57": 225, 
      "58": 0, 
      "59": 0, 
      "6": 89, 
      "60": 0, 
      "61": 55363, 
      "62": 2003492, 
      "63": 1492402, 
      "7": 1229, 
      "8": 5652, 
      "9": 0
    }, 
    "shader core counters": {
      "0": [
        2002675106, 
        2002675106, 
        2002675106, 
        2002675106
      ], 
      "1": [
        23, 
        23, 
        23, 
        23
      ], 
      "10": [
        0, 
        0, 
        0, 
        0
      ], 
      "11": [
        0, 
        0, 
        0, 
        0
      ], 
      "12": [
        0, 
        0, 
        0, 
        0
      ], 
      "13": [
        0, 
        0, 
        0, 
        0
      ], 
      "14": [
        0, 
        0, 
        0, 
        0
      ], 
      "15": [
        0, 
        0, 
        0, 
        0
      ], 
      "16": [
        0, 
        0, 
        0, 
        0
      ], 
      "17": [
        0, 
        0, 
        0, 
        0
      ], 
      "18": [
        0, 
        0, 
        0, 
        0
      ], 
      "19": [
        0, 
        0, 
        0, 
        0
      ], 
      "2": [
        65535, 
        65535, 
        65535, 
        65535
      ], 
      "20": [
        0, 
        0, 
        0, 
        0
      ], 
      "21": [
        0, 
        0, 
        0, 
        0
      ], 
      "22": [
        3205223, 
        3206513, 
        3196613, 
        3203877
      ], 
      "23": [
        568, 
        535, 
        570, 
        375
      ], 
      "24": [
        72704, 
        68480, 
        72960, 
        48000
      ], 
      "25": [
        5652, 
        6072, 
        4908, 
        10274
      ], 
      "26": [
        3204795, 
        3206081, 
        3196191, 
        3203458
      ], 
      "27": [
        1674986, 
        1510928, 
        1641586, 
        1072640
      ], 
      "28": [
        113447, 
        95239, 
        108987, 
        59339
      ], 
      "29": [
        1382113, 
        1492522, 
        1405980, 
        1562550
      ], 
      "3": [
        0, 
        0, 
        0, 
        0
      ], 
      "30": [
        0, 
        0, 
        0, 
        0
      ], 
      "31": [
        1077760, 
        978568, 
        1056828, 
        702696
      ], 
      "32": [
        2283682, 
        2525659, 
        2329348, 
        2905774
      ], 
      "33": [
        0, 
        0, 
        0, 
        0
      ], 
      "34": [
        1205922, 
        1547091, 
        1272520, 
        2203078
      ], 
      "35": [
        0, 
        0, 
        0, 
        0
      ], 
      "36": [
        0, 
        0, 
        0, 
        0
      ], 
      "37": [
        0, 
        0, 
        0, 
        0
      ], 
      "38": [
        0, 
        0, 
        0, 
        0
      ], 
      "39": [
        0, 
        0, 
        0, 
        0
      ], 
      "4": [
        0, 
        0, 
        0, 
        0
      ], 
      "40": [
        0, 
        0, 
        0, 
        0
      ], 
      "41": [
        0, 
        0, 
        0, 
        0
      ], 
      "42": [
        0, 
        0, 
        0, 
        0
      ], 
      "43": [
        0, 
        0, 
        0, 
        0
      ], 
      "44": [
        0, 
        0, 
        0, 
        0
      ], 
      "45": [
        0, 
        0, 
        0, 
        0
      ], 
      "46": [
        0, 
        0, 
        0, 
        0
      ], 
      "47": [
        0, 
        0, 
        0, 
        0
      ], 
      "48": [
        174768, 
        157392, 
        171168, 
        111072
      ], 
      "49": [
        63496, 
        123461, 
        86092, 
        261070
      ], 
      "5": [
        0, 
        0, 
        0, 
        0
      ], 
      "50": [
        134752, 
        122594, 
        131855, 
        89626
      ], 
      "51": [
        6495, 
        5128, 
        5927, 
        3017
      ], 
      "52": [
        134752, 
        122594, 
        131855, 
        89626
      ], 
      "53": [
        236783, 
        363943, 
        253806, 
        605812
      ], 
      "54": [
        71993, 
        64214, 
        69151, 
        49492
      ], 
      "55": [
        636, 
        469, 
        432, 
        334
      ], 
      "56": [
        49983, 
        44076, 
        47000, 
        33608
      ], 
      "57": [
        1, 
        1, 
        1, 
        1
      ], 
      "58": [
        3, 
        3, 
        3, 
        3
      ], 
      "59": [
        47, 
        47, 
        48, 
        47
      ], 
      "6": [
        0, 
        0, 
        0, 
        0
      ], 
      "60": [
        6214, 
        5607, 
        6076, 
        4149
      ], 
      "61": [
        444272, 
        402580, 
        434878, 
        290324
      ], 
      "62": [
        372, 
        372, 
        372, 
        372
      ], 
      "63": [
        0, 
        0, 
        16, 
        0
      ], 
      "7": [
        0, 
        0, 
        0, 
        0
      ], 
      "8": [
        0, 
        0, 
        0, 
        0
      ], 
      "9": [
        0, 
        0, 
        0, 
        0
      ]
    }
  }, 
  "features": {
    "GWS": [
      64, 
      64, 
      64
    ], 
    "LWS": [
      4, 
      1, 
      64
    ], 
    "OFFSET": [
      0, 
      0, 
      0
    ], 
    "compiler name": "ARM Mali OpenCL", 
    "compiler version": "5.0", 
    "cpu_freq": 1600, 
    "gpu_freq": 533, 
    "image cols": 2400, 
    "image rows": 2400, 
    "pool_dir": "pool.19", 
    "program version": "c597087", 
    "size": 64
  }, 
  "meta": {
    "device name": "Mali-T604", 
    "device type": "GPU", 
    "device vendor": "ARM", 
    "experiment type": "benchmarking", 
    "kernel name": "calc_histogram", 
    "program name": "Realeyes HOG"
  }, 
  "tags": [
    "demo", 
    "arm", 
    "codegen15"
  ], 
  "work": {
    "repl": 3, 
    "timestamp": "2015-02-22T02:30:21.430216"
  }
}