{
  "characteristics": {
    "cpu": 0.01991, 
    "gpu_copy": 0.013605, 
    "gpu_only": 0.011401, 
    "is_gpu_better": true, 
    "l2 cache and mmu counters": {
      "0": 3039873880, 
      "1": 16, 
      "10": 0, 
      "11": 0, 
      "12": 0, 
      "13": 0, 
      "14": 0, 
      "15": 0, 
      "16": 8, 
      "17": 3, 
      "18": 132, 
      "19": 4, 
      "2": 65535, 
      "20": 0, 
      "21": 0, 
      "22": 0, 
      "23": 0, 
      "24": 0, 
      "25": 0, 
      "26": 0, 
      "27": 0, 
      "28": 0, 
      "29": 0, 
      "3": 0, 
      "30": 2259, 
      "31": 16848, 
      "32": 2233884, 
      "33": 1845677, 
      "34": 1843647, 
      "35": 151816, 
      "36": 166406, 
      "37": 1785912, 
      "38": 0, 
      "39": 216497, 
      "4": 131, 
      "40": 209860, 
      "41": 598, 
      "42": 0, 
      "43": 216002, 
      "44": 0, 
      "45": 78, 
      "46": 0, 
      "47": 0, 
      "48": 4212, 
      "49": 4212, 
      "5": 52, 
      "50": 569, 
      "51": 510, 
      "52": 5, 
      "53": 2, 
      "54": 0, 
      "55": 0, 
      "56": 0, 
      "57": 37, 
      "58": 0, 
      "59": 0, 
      "6": 16, 
      "60": 0, 
      "61": 54529, 
      "62": 1905469, 
      "63": 1554515, 
      "7": 60, 
      "8": 32, 
      "9": 0
    }, 
    "shader core counters": {
      "0": [
        3039873880, 
        3039873880, 
        3039873880, 
        3039873880
      ], 
      "1": [
        16, 
        16, 
        16, 
        16
      ], 
      "10": [
        0, 
        0, 
        0, 
        0
      ], 
      "11": [
        0, 
        0, 
        0, 
        0
      ], 
      "12": [
        0, 
        0, 
        0, 
        0
      ], 
      "13": [
        0, 
        0, 
        0, 
        0
      ], 
      "14": [
        0, 
        0, 
        0, 
        0
      ], 
      "15": [
        0, 
        0, 
        0, 
        0
      ], 
      "16": [
        0, 
        0, 
        0, 
        0
      ], 
      "17": [
        0, 
        0, 
        0, 
        0
      ], 
      "18": [
        0, 
        0, 
        0, 
        0
      ], 
      "19": [
        0, 
        0, 
        0, 
        0
      ], 
      "2": [
        65535, 
        65535, 
        65535, 
        65535
      ], 
      "20": [
        0, 
        0, 
        0, 
        0
      ], 
      "21": [
        0, 
        0, 
        0, 
        0
      ], 
      "22": [
        3029455, 
        3031208, 
        3026474, 
        3032290
      ], 
      "23": [
        678, 
        515, 
        647, 
        208
      ], 
      "24": [
        86784, 
        65920, 
        82816, 
        26624
      ], 
      "25": [
        46271, 
        81025, 
        41071, 
        196827
      ], 
      "26": [
        3029112, 
        3030861, 
        3026134, 
        3031948
      ], 
      "27": [
        1493498, 
        1113948, 
        1438919, 
        448491
      ], 
      "28": [
        88382, 
        53593, 
        82786, 
        23190
      ], 
      "29": [
        1413873, 
        1651314, 
        1463059, 
        1242240
      ], 
      "3": [
        0, 
        0, 
        0, 
        0
      ], 
      "30": [
        0, 
        0, 
        0, 
        0
      ], 
      "31": [
        1001172, 
        764082, 
        968160, 
        331670
      ], 
      "32": [
        2154371, 
        2627581, 
        2251780, 
        2955660
      ], 
      "33": [
        0, 
        0, 
        0, 
        0
      ], 
      "34": [
        1153199, 
        1863499, 
        1283620, 
        2623990
      ], 
      "35": [
        0, 
        0, 
        0, 
        0
      ], 
      "36": [
        0, 
        0, 
        0, 
        0
      ], 
      "37": [
        0, 
        0, 
        0, 
        0
      ], 
      "38": [
        0, 
        0, 
        0, 
        0
      ], 
      "39": [
        0, 
        0, 
        0, 
        0
      ], 
      "4": [
        0, 
        0, 
        0, 
        0
      ], 
      "40": [
        0, 
        0, 
        0, 
        0
      ], 
      "41": [
        0, 
        0, 
        0, 
        0
      ], 
      "42": [
        0, 
        0, 
        0, 
        0
      ], 
      "43": [
        0, 
        0, 
        0, 
        0
      ], 
      "44": [
        0, 
        0, 
        0, 
        0
      ], 
      "45": [
        0, 
        0, 
        0, 
        0
      ], 
      "46": [
        0, 
        0, 
        0, 
        0
      ], 
      "47": [
        0, 
        0, 
        0, 
        0
      ], 
      "48": [
        163784, 
        121070, 
        157690, 
        47056
      ], 
      "49": [
        45471, 
        130712, 
        59722, 
        208882
      ], 
      "5": [
        0, 
        0, 
        0, 
        0
      ], 
      "50": [
        122849, 
        96452, 
        119488, 
        45945
      ], 
      "51": [
        6119, 
        4018, 
        5727, 
        927
      ], 
      "52": [
        122849, 
        96452, 
        119488, 
        45945
      ], 
      "53": [
        232571, 
        528597, 
        282927, 
        886270
      ], 
      "54": [
        66066, 
        53411, 
        64401, 
        26470
      ], 
      "55": [
        480, 
        405, 
        316, 
        99
      ], 
      "56": [
        52241, 
        41874, 
        51552, 
        20899
      ], 
      "57": [
        1, 
        1, 
        1, 
        1
      ], 
      "58": [
        3, 
        3, 
        3, 
        3
      ], 
      "59": [
        47, 
        47, 
        48, 
        47
      ], 
      "6": [
        0, 
        0, 
        0, 
        0
      ], 
      "60": [
        13, 
        14, 
        13, 
        14
      ], 
      "61": [
        409482, 
        313974, 
        396667, 
        138947
      ], 
      "62": [
        372, 
        372, 
        372, 
        372
      ], 
      "63": [
        0, 
        0, 
        16, 
        0
      ], 
      "7": [
        0, 
        0, 
        0, 
        0
      ], 
      "8": [
        0, 
        0, 
        0, 
        0
      ], 
      "9": [
        0, 
        0, 
        0, 
        0
      ]
    }
  }, 
  "features": {
    "GWS": [
      64, 
      64, 
      64
    ], 
    "LWS": [
      4, 
      1, 
      64
    ], 
    "OFFSET": [
      0, 
      0, 
      0
    ], 
    "compiler name": "ARM Mali OpenCL", 
    "compiler version": "5.0", 
    "cpu_freq": 1600, 
    "gpu_freq": 266, 
    "image cols": 633, 
    "image rows": 921, 
    "pool_dir": "pool.01", 
    "program version": "c597087", 
    "size": 64
  }, 
  "meta": {
    "device name": "Mali-T604", 
    "device type": "GPU", 
    "device vendor": "ARM", 
    "experiment type": "benchmarking", 
    "kernel name": "calc_histogram", 
    "program name": "Realeyes HOG"
  }, 
  "tags": [
    "demo", 
    "arm", 
    "codegen15"
  ], 
  "work": {
    "repl": 4, 
    "timestamp": "2015-02-22T02:10:12.350729"
  }
}