{
  "characteristics": {
    "cpu": 0.001724, 
    "gpu_copy": 0.007239, 
    "gpu_only": 0.000393, 
    "is_gpu_better": false, 
    "l2 cache and mmu counters": {
      "0": 2876156971, 
      "1": 11, 
      "10": 0, 
      "11": 0, 
      "12": 0, 
      "13": 0, 
      "14": 0, 
      "15": 0, 
      "16": 8, 
      "17": 3, 
      "18": 211, 
      "19": 4, 
      "2": 65535, 
      "20": 0, 
      "21": 0, 
      "22": 0, 
      "23": 0, 
      "24": 0, 
      "25": 0, 
      "26": 0, 
      "27": 0, 
      "28": 0, 
      "29": 0, 
      "3": 0, 
      "30": 868, 
      "31": 4696, 
      "32": 153226, 
      "33": 123013, 
      "34": 120841, 
      "35": 10139, 
      "36": 10738, 
      "37": 118202, 
      "38": 0, 
      "39": 15233, 
      "4": 1462, 
      "40": 14793, 
      "41": 131, 
      "42": 0, 
      "43": 15147, 
      "44": 0, 
      "45": 38, 
      "46": 0, 
      "47": 3, 
      "48": 1174, 
      "49": 1174, 
      "5": 155, 
      "50": 223, 
      "51": 194, 
      "52": 5, 
      "53": 2, 
      "54": 0, 
      "55": 0, 
      "56": 0, 
      "57": 0, 
      "58": 45, 
      "59": 0, 
      "6": 92, 
      "60": 0, 
      "61": 3542, 
      "62": 123964, 
      "63": 98237, 
      "7": 279, 
      "8": 137, 
      "9": 0
    }, 
    "shader core counters": {
      "0": [
        2876156971, 
        2876156971, 
        2876156971, 
        2876156971
      ], 
      "1": [
        11, 
        11, 
        11, 
        11
      ], 
      "10": [
        0, 
        0, 
        0, 
        0
      ], 
      "11": [
        0, 
        0, 
        0, 
        0
      ], 
      "12": [
        0, 
        0, 
        0, 
        0
      ], 
      "13": [
        0, 
        0, 
        0, 
        0
      ], 
      "14": [
        0, 
        0, 
        0, 
        0
      ], 
      "15": [
        0, 
        0, 
        0, 
        0
      ], 
      "16": [
        0, 
        0, 
        0, 
        0
      ], 
      "17": [
        0, 
        0, 
        0, 
        0
      ], 
      "18": [
        0, 
        0, 
        0, 
        0
      ], 
      "19": [
        0, 
        0, 
        0, 
        0
      ], 
      "2": [
        65535, 
        65535, 
        65535, 
        65535
      ], 
      "20": [
        0, 
        0, 
        0, 
        0
      ], 
      "21": [
        0, 
        0, 
        0, 
        0
      ], 
      "22": [
        206940, 
        209326, 
        207157, 
        188963
      ], 
      "23": [
        38, 
        33, 
        39, 
        18
      ], 
      "24": [
        4864, 
        4224, 
        4992, 
        2304
      ], 
      "25": [
        6341, 
        9451, 
        10510, 
        7282
      ], 
      "26": [
        206521, 
        208907, 
        206743, 
        188549
      ], 
      "27": [
        96562, 
        77362, 
        93472, 
        38790
      ], 
      "28": [
        5553, 
        3748, 
        5245, 
        1925
      ], 
      "29": [
        92973, 
        105650, 
        95305, 
        79450
      ], 
      "3": [
        0, 
        0, 
        0, 
        0
      ], 
      "30": [
        0, 
        0, 
        0, 
        0
      ], 
      "31": [
        64128, 
        52366, 
        62490, 
        27352
      ], 
      "32": [
        146687, 
        173734, 
        153006, 
        173639
      ], 
      "33": [
        0, 
        0, 
        0, 
        0
      ], 
      "34": [
        82559, 
        121368, 
        90516, 
        146287
      ], 
      "35": [
        0, 
        0, 
        0, 
        0
      ], 
      "36": [
        0, 
        0, 
        0, 
        0
      ], 
      "37": [
        0, 
        0, 
        0, 
        0
      ], 
      "38": [
        0, 
        0, 
        0, 
        0
      ], 
      "39": [
        0, 
        0, 
        0, 
        0
      ], 
      "4": [
        0, 
        0, 
        0, 
        0
      ], 
      "40": [
        0, 
        0, 
        0, 
        0
      ], 
      "41": [
        0, 
        0, 
        0, 
        0
      ], 
      "42": [
        0, 
        0, 
        0, 
        0
      ], 
      "43": [
        0, 
        0, 
        0, 
        0
      ], 
      "44": [
        0, 
        0, 
        0, 
        0
      ], 
      "45": [
        0, 
        0, 
        0, 
        0
      ], 
      "46": [
        0, 
        0, 
        0, 
        0
      ], 
      "47": [
        0, 
        0, 
        0, 
        0
      ], 
      "48": [
        10436, 
        8164, 
        10004, 
        3908
      ], 
      "49": [
        4383, 
        9950, 
        5428, 
        16464
      ], 
      "5": [
        0, 
        0, 
        0, 
        0
      ], 
      "50": [
        8009, 
        6716, 
        7853, 
        3725
      ], 
      "51": [
        404, 
        257, 
        380, 
        90
      ], 
      "52": [
        8009, 
        6716, 
        7853, 
        3725
      ], 
      "53": [
        15309, 
        31033, 
        18652, 
        42202
      ], 
      "54": [
        4796, 
        3746, 
        4338, 
        1961
      ], 
      "55": [
        31, 
        17, 
        18, 
        5
      ], 
      "56": [
        3507, 
        2691, 
        3204, 
        1346
      ], 
      "57": [
        1, 
        1, 
        1, 
        1
      ], 
      "58": [
        3, 
        3, 
        3, 
        3
      ], 
      "59": [
        49, 
        48, 
        47, 
        47
      ], 
      "6": [
        0, 
        0, 
        0, 
        0
      ], 
      "60": [
        237, 
        187, 
        179, 
        103
      ], 
      "61": [
        26454, 
        21597, 
        25711, 
        11358
      ], 
      "62": [
        372, 
        372, 
        372, 
        372
      ], 
      "63": [
        24, 
        8, 
        0, 
        0
      ], 
      "7": [
        0, 
        0, 
        0, 
        0
      ], 
      "8": [
        0, 
        0, 
        0, 
        0
      ], 
      "9": [
        0, 
        0, 
        0, 
        0
      ]
    }
  }, 
  "features": {
    "GWS": [
      16, 
      16, 
      64
    ], 
    "LWS": [
      4, 
      1, 
      64
    ], 
    "OFFSET": [
      0, 
      0, 
      0
    ], 
    "compiler name": "ARM Mali OpenCL", 
    "compiler version": "5.0", 
    "cpu_freq": 1600, 
    "gpu_freq": 533, 
    "image cols": 1683, 
    "image rows": 2246, 
    "pool_dir": "pool.10", 
    "program version": "c597087", 
    "size": 16
  }, 
  "meta": {
    "device name": "Mali-T604", 
    "device type": "GPU", 
    "device vendor": "ARM", 
    "experiment type": "benchmarking", 
    "kernel name": "calc_histogram", 
    "program name": "Realeyes HOG"
  }, 
  "tags": [
    "demo", 
    "arm", 
    "codegen15"
  ], 
  "work": {
    "repl": 3, 
    "timestamp": "2015-02-22T01:55:10.335698"
  }
}