{
  "characteristics": {
    "cpu": 0.056554, 
    "gpu_copy": 0.028973, 
    "gpu_only": 0.012048, 
    "is_gpu_better": true, 
    "l2 cache and mmu counters": {
      "0": 3287537279, 
      "1": 18, 
      "10": 0, 
      "11": 0, 
      "12": 0, 
      "13": 0, 
      "14": 0, 
      "15": 0, 
      "16": 9, 
      "17": 3, 
      "18": 170, 
      "19": 4, 
      "2": 65535, 
      "20": 0, 
      "21": 0, 
      "22": 0, 
      "23": 0, 
      "24": 0, 
      "25": 0, 
      "26": 0, 
      "27": 0, 
      "28": 0, 
      "29": 0, 
      "3": 0, 
      "30": 3484, 
      "31": 31420, 
      "32": 2357642, 
      "33": 1917013, 
      "34": 1908340, 
      "35": 161831, 
      "36": 173060, 
      "37": 1849692, 
      "38": 0, 
      "39": 261209, 
      "4": 46968, 
      "40": 254128, 
      "41": 1026, 
      "42": 0, 
      "43": 260328, 
      "44": 0, 
      "45": 119, 
      "46": 0, 
      "47": 0, 
      "48": 7855, 
      "49": 7855, 
      "5": 6214, 
      "50": 876, 
      "51": 766, 
      "52": 6, 
      "53": 2, 
      "54": 0, 
      "55": 0, 
      "56": 0, 
      "57": 124, 
      "58": 0, 
      "59": 0, 
      "6": 44, 
      "60": 0, 
      "61": 55951, 
      "62": 1995772, 
      "63": 1493410, 
      "7": 1175, 
      "8": 5820, 
      "9": 0
    }, 
    "shader core counters": {
      "0": [
        3287537279, 
        3287537279, 
        3287537279, 
        3287537279
      ], 
      "1": [
        18, 
        18, 
        18, 
        18
      ], 
      "10": [
        0, 
        0, 
        0, 
        0
      ], 
      "11": [
        0, 
        0, 
        0, 
        0
      ], 
      "12": [
        0, 
        0, 
        0, 
        0
      ], 
      "13": [
        0, 
        0, 
        0, 
        0
      ], 
      "14": [
        0, 
        0, 
        0, 
        0
      ], 
      "15": [
        0, 
        0, 
        0, 
        0
      ], 
      "16": [
        0, 
        0, 
        0, 
        0
      ], 
      "17": [
        0, 
        0, 
        0, 
        0
      ], 
      "18": [
        0, 
        0, 
        0, 
        0
      ], 
      "19": [
        0, 
        0, 
        0, 
        0
      ], 
      "2": [
        65535, 
        65535, 
        65535, 
        65535
      ], 
      "20": [
        0, 
        0, 
        0, 
        0
      ], 
      "21": [
        0, 
        0, 
        0, 
        0
      ], 
      "22": [
        3201810, 
        3202152, 
        3204566, 
        3198247
      ], 
      "23": [
        579, 
        533, 
        573, 
        363
      ], 
      "24": [
        74112, 
        68224, 
        73344, 
        46464
      ], 
      "25": [
        6228, 
        5047, 
        5665, 
        7615
      ], 
      "26": [
        3201450, 
        3201792, 
        3204212, 
        3197894
      ], 
      "27": [
        1671820, 
        1528608, 
        1648680, 
        1051186
      ], 
      "28": [
        112395, 
        97067, 
        109577, 
        56263
      ], 
      "29": [
        1383703, 
        1486566, 
        1410608, 
        1606190
      ], 
      "3": [
        0, 
        0, 
        0, 
        0
      ], 
      "30": [
        0, 
        0, 
        0, 
        0
      ], 
      "31": [
        1077060, 
        987574, 
        1061220, 
        688678
      ], 
      "32": [
        2273732, 
        2511279, 
        2341500, 
        2933249
      ], 
      "33": [
        0, 
        0, 
        0, 
        0
      ], 
      "34": [
        1196672, 
        1523705, 
        1280280, 
        2244571
      ], 
      "35": [
        0, 
        0, 
        0, 
        0
      ], 
      "36": [
        0, 
        0, 
        0, 
        0
      ], 
      "37": [
        0, 
        0, 
        0, 
        0
      ], 
      "38": [
        0, 
        0, 
        0, 
        0
      ], 
      "39": [
        0, 
        0, 
        0, 
        0
      ], 
      "4": [
        0, 
        0, 
        0, 
        0
      ], 
      "40": [
        0, 
        0, 
        0, 
        0
      ], 
      "41": [
        0, 
        0, 
        0, 
        0
      ], 
      "42": [
        0, 
        0, 
        0, 
        0
      ], 
      "43": [
        0, 
        0, 
        0, 
        0
      ], 
      "44": [
        0, 
        0, 
        0, 
        0
      ], 
      "45": [
        0, 
        0, 
        0, 
        0
      ], 
      "46": [
        0, 
        0, 
        0, 
        0
      ], 
      "47": [
        0, 
        0, 
        0, 
        0
      ], 
      "48": [
        174624, 
        159144, 
        171984, 
        108648
      ], 
      "49": [
        64688, 
        130558, 
        82318, 
        259880
      ], 
      "5": [
        0, 
        0, 
        0, 
        0
      ], 
      "50": [
        134321, 
        123741, 
        132313, 
        88121
      ], 
      "51": [
        6321, 
        5152, 
        6097, 
        2939
      ], 
      "52": [
        134321, 
        123741, 
        132313, 
        88121
      ], 
      "53": [
        232677, 
        344465, 
        258274, 
        625944
      ], 
      "54": [
        71455, 
        64083, 
        70111, 
        49505
      ], 
      "55": [
        455, 
        407, 
        680, 
        404
      ], 
      "56": [
        48965, 
        43499, 
        47626, 
        33523
      ], 
      "57": [
        1, 
        1, 
        1, 
        1
      ], 
      "58": [
        3, 
        3, 
        3, 
        3
      ], 
      "59": [
        47, 
        47, 
        49, 
        47
      ], 
      "6": [
        0, 
        0, 
        0, 
        0
      ], 
      "60": [
        6128, 
        5778, 
        6241, 
        4204
      ], 
      "61": [
        443266, 
        406627, 
        436610, 
        284891
      ], 
      "62": [
        372, 
        372, 
        372, 
        372
      ], 
      "63": [
        0, 
        0, 
        16, 
        8
      ], 
      "7": [
        0, 
        0, 
        0, 
        0
      ], 
      "8": [
        0, 
        0, 
        0, 
        0
      ], 
      "9": [
        0, 
        0, 
        0, 
        0
      ]
    }
  }, 
  "features": {
    "GWS": [
      64, 
      64, 
      64
    ], 
    "LWS": [
      4, 
      1, 
      64
    ], 
    "OFFSET": [
      0, 
      0, 
      0
    ], 
    "compiler name": "ARM Mali OpenCL", 
    "compiler version": "5.0", 
    "cpu_freq": 800, 
    "gpu_freq": 266, 
    "image cols": 2400, 
    "image rows": 2400, 
    "pool_dir": "pool.19", 
    "program version": "c597087", 
    "size": 64
  }, 
  "meta": {
    "device name": "Mali-T604", 
    "device type": "GPU", 
    "device vendor": "ARM", 
    "experiment type": "benchmarking", 
    "kernel name": "calc_histogram", 
    "program name": "Realeyes HOG"
  }, 
  "tags": [
    "demo", 
    "arm", 
    "codegen15"
  ], 
  "work": {
    "repl": 0, 
    "timestamp": "2015-02-22T02:16:20.349605"
  }
}