{
  "characteristics": {
    "cpu": 0.029444, 
    "gpu_copy": 0.026738, 
    "gpu_only": 0.009253, 
    "is_gpu_better": true, 
    "l2 cache and mmu counters": {
      "0": 3988141201, 
      "1": 19, 
      "10": 0, 
      "11": 0, 
      "12": 0, 
      "13": 0, 
      "14": 0, 
      "15": 0, 
      "16": 8, 
      "17": 3, 
      "18": 75, 
      "19": 4, 
      "2": 65535, 
      "20": 0, 
      "21": 0, 
      "22": 0, 
      "23": 0, 
      "24": 0, 
      "25": 0, 
      "26": 0, 
      "27": 0, 
      "28": 0, 
      "29": 0, 
      "3": 0, 
      "30": 1848, 
      "31": 15116, 
      "32": 1813491, 
      "33": 1507937, 
      "34": 1505730, 
      "35": 123490, 
      "36": 136540, 
      "37": 1455553, 
      "38": 0, 
      "39": 164246, 
      "4": 12475, 
      "40": 158959, 
      "41": 449, 
      "42": 0, 
      "43": 163883, 
      "44": 0, 
      "45": 47, 
      "46": 0, 
      "47": 2, 
      "48": 3779, 
      "49": 3779, 
      "5": 430, 
      "50": 467, 
      "51": 423, 
      "52": 6, 
      "53": 2, 
      "54": 0, 
      "55": 0, 
      "56": 0, 
      "57": 39, 
      "58": 0, 
      "59": 0, 
      "6": 36, 
      "60": 0, 
      "61": 48002, 
      "62": 1545604, 
      "63": 1298922, 
      "7": 230, 
      "8": 406, 
      "9": 0
    }, 
    "shader core counters": {
      "0": [
        3988141201, 
        3988141201, 
        3988141201, 
        3988141201
      ], 
      "1": [
        19, 
        19, 
        19, 
        19
      ], 
      "10": [
        0, 
        0, 
        0, 
        0
      ], 
      "11": [
        0, 
        0, 
        0, 
        0
      ], 
      "12": [
        0, 
        0, 
        0, 
        0
      ], 
      "13": [
        0, 
        0, 
        0, 
        0
      ], 
      "14": [
        0, 
        0, 
        0, 
        0
      ], 
      "15": [
        0, 
        0, 
        0, 
        0
      ], 
      "16": [
        0, 
        0, 
        0, 
        0
      ], 
      "17": [
        0, 
        0, 
        0, 
        0
      ], 
      "18": [
        0, 
        0, 
        0, 
        0
      ], 
      "19": [
        0, 
        0, 
        0, 
        0
      ], 
      "2": [
        65535, 
        65535, 
        65535, 
        65535
      ], 
      "20": [
        0, 
        0, 
        0, 
        0
      ], 
      "21": [
        0, 
        0, 
        0, 
        0
      ], 
      "22": [
        2459743, 
        2458959, 
        2460053, 
        2461142
      ], 
      "23": [
        709, 
        500, 
        687, 
        152
      ], 
      "24": [
        90752, 
        64000, 
        87936, 
        19456
      ], 
      "25": [
        36445, 
        273194, 
        64856, 
        849151
      ], 
      "26": [
        2459395, 
        2458602, 
        2459703, 
        2460796
      ], 
      "27": [
        1216630, 
        865578, 
        1172854, 
        282634
      ], 
      "28": [
        71276, 
        37692, 
        65608, 
        18082
      ], 
      "29": [
        1147211, 
        1355806, 
        1190265, 
        675330
      ], 
      "3": [
        0, 
        0, 
        0, 
        0
      ], 
      "30": [
        0, 
        0, 
        0, 
        0
      ], 
      "31": [
        831124, 
        609596, 
        806048, 
        223056
      ], 
      "32": [
        1749959, 
        2114666, 
        1819086, 
        2281651
      ], 
      "33": [
        0, 
        0, 
        0, 
        0
      ], 
      "34": [
        918835, 
        1505070, 
        1013038, 
        2058595
      ], 
      "35": [
        0, 
        0, 
        0, 
        0
      ], 
      "36": [
        0, 
        0, 
        0, 
        0
      ], 
      "37": [
        0, 
        0, 
        0, 
        0
      ], 
      "38": [
        0, 
        0, 
        0, 
        0
      ], 
      "39": [
        0, 
        0, 
        0, 
        0
      ], 
      "4": [
        0, 
        0, 
        0, 
        0
      ], 
      "40": [
        0, 
        0, 
        0, 
        0
      ], 
      "41": [
        0, 
        0, 
        0, 
        0
      ], 
      "42": [
        0, 
        0, 
        0, 
        0
      ], 
      "43": [
        0, 
        0, 
        0, 
        0
      ], 
      "44": [
        0, 
        0, 
        0, 
        0
      ], 
      "45": [
        0, 
        0, 
        0, 
        0
      ], 
      "46": [
        0, 
        0, 
        0, 
        0
      ], 
      "47": [
        0, 
        0, 
        0, 
        0
      ], 
      "48": [
        143072, 
        100096, 
        136272, 
        30160
      ], 
      "49": [
        26507, 
        75059, 
        34620, 
        114564
      ], 
      "5": [
        0, 
        0, 
        0, 
        0
      ], 
      "50": [
        95885, 
        73855, 
        94170, 
        32010
      ], 
      "51": [
        4662, 
        2791, 
        4423, 
        618
      ], 
      "52": [
        95885, 
        73855, 
        94170, 
        32010
      ], 
      "53": [
        197973, 
        467178, 
        235751, 
        790565
      ], 
      "54": [
        50445, 
        39787, 
        49439, 
        19592
      ], 
      "55": [
        231, 
        216, 
        218, 
        57
      ], 
      "56": [
        43447, 
        34002, 
        42639, 
        16566
      ], 
      "57": [
        1, 
        1, 
        1, 
        1
      ], 
      "58": [
        3, 
        3, 
        3, 
        3
      ], 
      "59": [
        47, 
        47, 
        47, 
        49
      ], 
      "6": [
        0, 
        0, 
        0, 
        0
      ], 
      "60": [
        1955, 
        1479, 
        2001, 
        648
      ], 
      "61": [
        334842, 
        247806, 
        324612, 
        94180
      ], 
      "62": [
        372, 
        372, 
        372, 
        372
      ], 
      "63": [
        0, 
        0, 
        0, 
        16
      ], 
      "7": [
        0, 
        0, 
        0, 
        0
      ], 
      "8": [
        0, 
        0, 
        0, 
        0
      ], 
      "9": [
        0, 
        0, 
        0, 
        0
      ]
    }
  }, 
  "features": {
    "GWS": [
      64, 
      64, 
      64
    ], 
    "LWS": [
      4, 
      1, 
      64
    ], 
    "OFFSET": [
      0, 
      0, 
      0
    ], 
    "compiler name": "ARM Mali OpenCL", 
    "compiler version": "5.0", 
    "cpu_freq": 800, 
    "gpu_freq": 266, 
    "image cols": 3600, 
    "image rows": 1800, 
    "pool_dir": "pool.17", 
    "program version": "c597087", 
    "size": 64
  }, 
  "meta": {
    "device name": "Mali-T604", 
    "device type": "GPU", 
    "device vendor": "ARM", 
    "experiment type": "benchmarking", 
    "kernel name": "calc_histogram", 
    "program name": "Realeyes HOG"
  }, 
  "tags": [
    "demo", 
    "arm", 
    "codegen15"
  ], 
  "work": {
    "repl": 2, 
    "timestamp": "2015-02-22T02:19:48.495165"
  }
}