{
  "characteristics": {
    "cpu": 0.028063, 
    "gpu_copy": 0.023134, 
    "gpu_only": 0.011955, 
    "is_gpu_better": true, 
    "l2 cache and mmu counters": {
      "0": 434728513, 
      "1": 15, 
      "10": 0, 
      "11": 0, 
      "12": 0, 
      "13": 0, 
      "14": 0, 
      "15": 0, 
      "16": 9, 
      "17": 3, 
      "18": 167, 
      "19": 7, 
      "2": 65535, 
      "20": 0, 
      "21": 0, 
      "22": 0, 
      "23": 0, 
      "24": 0, 
      "25": 0, 
      "26": 0, 
      "27": 0, 
      "28": 0, 
      "29": 0, 
      "3": 0, 
      "30": 3169, 
      "31": 30996, 
      "32": 2335698, 
      "33": 1899981, 
      "34": 1890889, 
      "35": 160163, 
      "36": 171217, 
      "37": 1835187, 
      "38": 0, 
      "39": 258208, 
      "4": 46557, 
      "40": 251180, 
      "41": 1016, 
      "42": 0, 
      "43": 257431, 
      "44": 0, 
      "45": 101, 
      "46": 0, 
      "47": 0, 
      "48": 7749, 
      "49": 7749, 
      "5": 6510, 
      "50": 796, 
      "51": 706, 
      "52": 6, 
      "53": 2, 
      "54": 0, 
      "55": 0, 
      "56": 0, 
      "57": 102, 
      "58": 0, 
      "59": 0, 
      "6": 45, 
      "60": 0, 
      "61": 53509, 
      "62": 1982954, 
      "63": 1475647, 
      "7": 1222, 
      "8": 6085, 
      "9": 0
    }, 
    "shader core counters": {
      "0": [
        434728513, 
        434728513, 
        434728513, 
        434728513
      ], 
      "1": [
        15, 
        15, 
        15, 
        15
      ], 
      "10": [
        0, 
        0, 
        0, 
        0
      ], 
      "11": [
        0, 
        0, 
        0, 
        0
      ], 
      "12": [
        0, 
        0, 
        0, 
        0
      ], 
      "13": [
        0, 
        0, 
        0, 
        0
      ], 
      "14": [
        0, 
        0, 
        0, 
        0
      ], 
      "15": [
        0, 
        0, 
        0, 
        0
      ], 
      "16": [
        0, 
        0, 
        0, 
        0
      ], 
      "17": [
        0, 
        0, 
        0, 
        0
      ], 
      "18": [
        0, 
        0, 
        0, 
        0
      ], 
      "19": [
        0, 
        0, 
        0, 
        0
      ], 
      "2": [
        65535, 
        65535, 
        65535, 
        65535
      ], 
      "20": [
        0, 
        0, 
        0, 
        0
      ], 
      "21": [
        0, 
        0, 
        0, 
        0
      ], 
      "22": [
        3176776, 
        3167875, 
        3175622, 
        3179787
      ], 
      "23": [
        579, 
        521, 
        565, 
        383
      ], 
      "24": [
        74112, 
        66688, 
        72320, 
        49024
      ], 
      "25": [
        7589, 
        6672, 
        4876, 
        5765
      ], 
      "26": [
        3176320, 
        3167418, 
        3175172, 
        3179340
      ], 
      "27": [
        1662710, 
        1510558, 
        1639004, 
        1089066
      ], 
      "28": [
        112665, 
        95490, 
        109868, 
        60199
      ], 
      "29": [
        1368182, 
        1474120, 
        1391101, 
        1583079
      ], 
      "3": [
        0, 
        0, 
        0, 
        0
      ], 
      "30": [
        0, 
        0, 
        0, 
        0
      ], 
      "31": [
        1070878, 
        976136, 
        1053616, 
        711390
      ], 
      "32": [
        2249698, 
        2479404, 
        2310958, 
        2878564
      ], 
      "33": [
        0, 
        0, 
        0, 
        0
      ], 
      "34": [
        1178820, 
        1503268, 
        1257342, 
        2167174
      ], 
      "35": [
        0, 
        0, 
        0, 
        0
      ], 
      "36": [
        0, 
        0, 
        0, 
        0
      ], 
      "37": [
        0, 
        0, 
        0, 
        0
      ], 
      "38": [
        0, 
        0, 
        0, 
        0
      ], 
      "39": [
        0, 
        0, 
        0, 
        0
      ], 
      "4": [
        0, 
        0, 
        0, 
        0
      ], 
      "40": [
        0, 
        0, 
        0, 
        0
      ], 
      "41": [
        0, 
        0, 
        0, 
        0
      ], 
      "42": [
        0, 
        0, 
        0, 
        0
      ], 
      "43": [
        0, 
        0, 
        0, 
        0
      ], 
      "44": [
        0, 
        0, 
        0, 
        0
      ], 
      "45": [
        0, 
        0, 
        0, 
        0
      ], 
      "46": [
        0, 
        0, 
        0, 
        0
      ], 
      "47": [
        0, 
        0, 
        0, 
        0
      ], 
      "48": [
        173784, 
        157392, 
        170760, 
        112464
      ], 
      "49": [
        63104, 
        121456, 
        78458, 
        261791
      ], 
      "5": [
        0, 
        0, 
        0, 
        0
      ], 
      "50": [
        133335, 
        122434, 
        131484, 
        90615
      ], 
      "51": [
        6217, 
        5129, 
        5971, 
        3032
      ], 
      "52": [
        133335, 
        122434, 
        131484, 
        90615
      ], 
      "53": [
        228143, 
        345149, 
        254332, 
        585999
      ], 
      "54": [
        70321, 
        64487, 
        68268, 
        49081
      ], 
      "55": [
        616, 
        563, 
        499, 
        274
      ], 
      "56": [
        48129, 
        43906, 
        46639, 
        33050
      ], 
      "57": [
        1, 
        1, 
        1, 
        1
      ], 
      "58": [
        4, 
        4, 
        4, 
        4
      ], 
      "59": [
        47, 
        47, 
        47, 
        48
      ], 
      "6": [
        0, 
        0, 
        0, 
        0
      ], 
      "60": [
        6216, 
        5746, 
        6108, 
        4104
      ], 
      "61": [
        440455, 
        402260, 
        433728, 
        293695
      ], 
      "62": [
        372, 
        372, 
        372, 
        372
      ], 
      "63": [
        0, 
        0, 
        8, 
        16
      ], 
      "7": [
        0, 
        0, 
        0, 
        0
      ], 
      "8": [
        0, 
        0, 
        0, 
        0
      ], 
      "9": [
        0, 
        0, 
        0, 
        0
      ]
    }
  }, 
  "features": {
    "GWS": [
      64, 
      64, 
      64
    ], 
    "LWS": [
      4, 
      1, 
      64
    ], 
    "OFFSET": [
      0, 
      0, 
      0
    ], 
    "compiler name": "ARM Mali OpenCL", 
    "compiler version": "5.0", 
    "cpu_freq": 1600, 
    "gpu_freq": 266, 
    "image cols": 2400, 
    "image rows": 2400, 
    "pool_dir": "pool.19", 
    "program version": "c597087", 
    "size": 64
  }, 
  "meta": {
    "device name": "Mali-T604", 
    "device type": "GPU", 
    "device vendor": "ARM", 
    "experiment type": "benchmarking", 
    "kernel name": "calc_histogram", 
    "program name": "Realeyes HOG"
  }, 
  "tags": [
    "demo", 
    "arm", 
    "codegen15"
  ], 
  "work": {
    "repl": 1, 
    "timestamp": "2015-02-22T02:05:24.433218"
  }
}