{
  "characteristics": {
    "cpu": 0.022368, 
    "gpu_copy": 0.019033, 
    "gpu_only": 0.011814, 
    "is_gpu_better": true, 
    "l2 cache and mmu counters": {
      "0": 1279153077, 
      "1": 22, 
      "10": 0, 
      "11": 0, 
      "12": 0, 
      "13": 0, 
      "14": 0, 
      "15": 0, 
      "16": 8, 
      "17": 3, 
      "18": 155, 
      "19": 4, 
      "2": 65535, 
      "20": 0, 
      "21": 0, 
      "22": 0, 
      "23": 0, 
      "24": 0, 
      "25": 0, 
      "26": 0, 
      "27": 0, 
      "28": 0, 
      "29": 0, 
      "3": 0, 
      "30": 2720, 
      "31": 22612, 
      "32": 2328861, 
      "33": 1917353, 
      "34": 1914610, 
      "35": 159093, 
      "36": 173646, 
      "37": 1854815, 
      "38": 0, 
      "39": 232402, 
      "4": 20702, 
      "40": 225459, 
      "41": 645, 
      "42": 0, 
      "43": 231788, 
      "44": 0, 
      "45": 63, 
      "46": 0, 
      "47": 0, 
      "48": 5653, 
      "49": 5653, 
      "5": 440, 
      "50": 686, 
      "51": 622, 
      "52": 6, 
      "53": 2, 
      "54": 0, 
      "55": 0, 
      "56": 0, 
      "57": 34, 
      "58": 0, 
      "59": 0, 
      "6": 56, 
      "60": 0, 
      "61": 55433, 
      "62": 1989524, 
      "63": 1594110, 
      "7": 228, 
      "8": 406, 
      "9": 0
    }, 
    "shader core counters": {
      "0": [
        1279153077, 
        1279153077, 
        1279153077, 
        1279153077
      ], 
      "1": [
        22, 
        22, 
        22, 
        22
      ], 
      "10": [
        0, 
        0, 
        0, 
        0
      ], 
      "11": [
        0, 
        0, 
        0, 
        0
      ], 
      "12": [
        0, 
        0, 
        0, 
        0
      ], 
      "13": [
        0, 
        0, 
        0, 
        0
      ], 
      "14": [
        0, 
        0, 
        0, 
        0
      ], 
      "15": [
        0, 
        0, 
        0, 
        0
      ], 
      "16": [
        0, 
        0, 
        0, 
        0
      ], 
      "17": [
        0, 
        0, 
        0, 
        0
      ], 
      "18": [
        0, 
        0, 
        0, 
        0
      ], 
      "19": [
        0, 
        0, 
        0, 
        0
      ], 
      "2": [
        65535, 
        65535, 
        65535, 
        65535
      ], 
      "20": [
        0, 
        0, 
        0, 
        0
      ], 
      "21": [
        0, 
        0, 
        0, 
        0
      ], 
      "22": [
        3133482, 
        3131814, 
        3139226, 
        3142199
      ], 
      "23": [
        653, 
        529, 
        637, 
        229
      ], 
      "24": [
        83584, 
        67712, 
        81536, 
        29312
      ], 
      "25": [
        20304, 
        31718, 
        17102, 
        90538
      ], 
      "26": [
        3133130, 
        3131463, 
        3138875, 
        3141855
      ], 
      "27": [
        1550380, 
        1235934, 
        1504486, 
        566752
      ], 
      "28": [
        92847, 
        62599, 
        86763, 
        26869
      ], 
      "29": [
        1458980, 
        1662940, 
        1510723, 
        1445124
      ], 
      "3": [
        0, 
        0, 
        0, 
        0
      ], 
      "30": [
        0, 
        0, 
        0, 
        0
      ], 
      "31": [
        1030260, 
        835846, 
        1004644, 
        405054
      ], 
      "32": [
        2248146, 
        2652014, 
        2349228, 
        3061192
      ], 
      "33": [
        0, 
        0, 
        0, 
        0
      ], 
      "34": [
        1217886, 
        1816168, 
        1344584, 
        2656138
      ], 
      "35": [
        0, 
        0, 
        0, 
        0
      ], 
      "36": [
        0, 
        0, 
        0, 
        0
      ], 
      "37": [
        0, 
        0, 
        0, 
        0
      ], 
      "38": [
        0, 
        0, 
        0, 
        0
      ], 
      "39": [
        0, 
        0, 
        0, 
        0
      ], 
      "4": [
        0, 
        0, 
        0, 
        0
      ], 
      "40": [
        0, 
        0, 
        0, 
        0
      ], 
      "41": [
        0, 
        0, 
        0, 
        0
      ], 
      "42": [
        0, 
        0, 
        0, 
        0
      ], 
      "43": [
        0, 
        0, 
        0, 
        0
      ], 
      "44": [
        0, 
        0, 
        0, 
        0
      ], 
      "45": [
        0, 
        0, 
        0, 
        0
      ], 
      "46": [
        0, 
        0, 
        0, 
        0
      ], 
      "47": [
        0, 
        0, 
        0, 
        0
      ], 
      "48": [
        166732, 
        132308, 
        162216, 
        58936
      ], 
      "49": [
        48330, 
        127652, 
        72287, 
        242196
      ], 
      "5": [
        0, 
        0, 
        0, 
        0
      ], 
      "50": [
        128022, 
        105852, 
        125075, 
        55521
      ], 
      "51": [
        6227, 
        4349, 
        6031, 
        1287
      ], 
      "52": [
        128022, 
        105852, 
        125075, 
        55521
      ], 
      "53": [
        235149, 
        479935, 
        274782, 
        859277
      ], 
      "54": [
        67931, 
        57700, 
        68461, 
        32118
      ], 
      "55": [
        404, 
        338, 
        651, 
        198
      ], 
      "56": [
        52817, 
        44597, 
        51897, 
        24584
      ], 
      "57": [
        1, 
        1, 
        1, 
        1
      ], 
      "58": [
        3, 
        3, 
        3, 
        3
      ], 
      "59": [
        47, 
        47, 
        49, 
        47
      ], 
      "6": [
        0, 
        0, 
        0, 
        0
      ], 
      "60": [
        2979, 
        2581, 
        3236, 
        1242
      ], 
      "61": [
        422776, 
        344013, 
        412366, 
        169979
      ], 
      "62": [
        372, 
        372, 
        372, 
        372
      ], 
      "63": [
        0, 
        0, 
        24, 
        0
      ], 
      "7": [
        0, 
        0, 
        0, 
        0
      ], 
      "8": [
        0, 
        0, 
        0, 
        0
      ], 
      "9": [
        0, 
        0, 
        0, 
        0
      ]
    }
  }, 
  "features": {
    "GWS": [
      64, 
      64, 
      64
    ], 
    "LWS": [
      4, 
      1, 
      64
    ], 
    "OFFSET": [
      0, 
      0, 
      0
    ], 
    "compiler name": "ARM Mali OpenCL", 
    "compiler version": "5.0", 
    "cpu_freq": 1600, 
    "gpu_freq": 266, 
    "image cols": 1683, 
    "image rows": 2246, 
    "pool_dir": "pool.10", 
    "program version": "c597087", 
    "size": 64
  }, 
  "meta": {
    "device name": "Mali-T604", 
    "device type": "GPU", 
    "device vendor": "ARM", 
    "experiment type": "benchmarking", 
    "kernel name": "calc_histogram", 
    "program name": "Realeyes HOG"
  }, 
  "tags": [
    "demo", 
    "arm", 
    "codegen15"
  ], 
  "work": {
    "repl": 1, 
    "timestamp": "2015-02-22T02:26:52.303076"
  }
}