{
  "characteristics": {
    "cpu": 0.021437, 
    "gpu_copy": 0.007544, 
    "gpu_only": 0.005725, 
    "is_gpu_better": true, 
    "l2 cache and mmu counters": {
      "0": 150829478, 
      "1": 14, 
      "10": 0, 
      "11": 0, 
      "12": 0, 
      "13": 0, 
      "14": 0, 
      "15": 0, 
      "16": 8, 
      "17": 3, 
      "18": 203, 
      "19": 4, 
      "2": 65535, 
      "20": 0, 
      "21": 0, 
      "22": 0, 
      "23": 0, 
      "24": 0, 
      "25": 0, 
      "26": 0, 
      "27": 0, 
      "28": 0, 
      "29": 0, 
      "3": 0, 
      "30": 2912, 
      "31": 18048, 
      "32": 2256789, 
      "33": 1865016, 
      "34": 1861597, 
      "35": 154218, 
      "36": 168511, 
      "37": 1806173, 
      "38": 0, 
      "39": 218132, 
      "4": 603, 
      "40": 211534, 
      "41": 615, 
      "42": 0, 
      "43": 217471, 
      "44": 0, 
      "45": 56, 
      "46": 0, 
      "47": 0, 
      "48": 4512, 
      "49": 4512, 
      "5": 77, 
      "50": 735, 
      "51": 597, 
      "52": 6, 
      "53": 2, 
      "54": 0, 
      "55": 0, 
      "56": 0, 
      "57": 258, 
      "58": 28, 
      "59": 0, 
      "6": 64, 
      "60": 0, 
      "61": 52212, 
      "62": 1933020, 
      "63": 1567076, 
      "7": 150, 
      "8": 50, 
      "9": 0
    }, 
    "shader core counters": {
      "0": [
        150829478, 
        150829478, 
        150829478, 
        150829478
      ], 
      "1": [
        14, 
        14, 
        14, 
        14
      ], 
      "10": [
        0, 
        0, 
        0, 
        0
      ], 
      "11": [
        0, 
        0, 
        0, 
        0
      ], 
      "12": [
        0, 
        0, 
        0, 
        0
      ], 
      "13": [
        0, 
        0, 
        0, 
        0
      ], 
      "14": [
        0, 
        0, 
        0, 
        0
      ], 
      "15": [
        0, 
        0, 
        0, 
        0
      ], 
      "16": [
        0, 
        0, 
        0, 
        0
      ], 
      "17": [
        0, 
        0, 
        0, 
        0
      ], 
      "18": [
        0, 
        0, 
        0, 
        0
      ], 
      "19": [
        0, 
        0, 
        0, 
        0
      ], 
      "2": [
        65535, 
        65535, 
        65535, 
        65535
      ], 
      "20": [
        0, 
        0, 
        0, 
        0
      ], 
      "21": [
        0, 
        0, 
        0, 
        0
      ], 
      "22": [
        3041583, 
        3044686, 
        3045082, 
        3051106
      ], 
      "23": [
        656, 
        536, 
        633, 
        223
      ], 
      "24": [
        83968, 
        68608, 
        81024, 
        28544
      ], 
      "25": [
        7474, 
        7755, 
        8793, 
        123176
      ], 
      "26": [
        3041026, 
        3044130, 
        3044529, 
        3050560
      ], 
      "27": [
        1509142, 
        1224652, 
        1458548, 
        524392
      ], 
      "28": [
        91665, 
        63959, 
        84407, 
        25511
      ], 
      "29": [
        1406617, 
        1584259, 
        1462040, 
        1347388
      ], 
      "3": [
        0, 
        0, 
        0, 
        0
      ], 
      "30": [
        0, 
        0, 
        0, 
        0
      ], 
      "31": [
        1021670, 
        843002, 
        992282, 
        385720
      ], 
      "32": [
        2149923, 
        2527559, 
        2255914, 
        2962275
      ], 
      "33": [
        0, 
        0, 
        0, 
        0
      ], 
      "34": [
        1128253, 
        1684557, 
        1263632, 
        2576555
      ], 
      "35": [
        0, 
        0, 
        0, 
        0
      ], 
      "36": [
        0, 
        0, 
        0, 
        0
      ], 
      "37": [
        0, 
        0, 
        0, 
        0
      ], 
      "38": [
        0, 
        0, 
        0, 
        0
      ], 
      "39": [
        0, 
        0, 
        0, 
        0
      ], 
      "4": [
        0, 
        0, 
        0, 
        0
      ], 
      "40": [
        0, 
        0, 
        0, 
        0
      ], 
      "41": [
        0, 
        0, 
        0, 
        0
      ], 
      "42": [
        0, 
        0, 
        0, 
        0
      ], 
      "43": [
        0, 
        0, 
        0, 
        0
      ], 
      "44": [
        0, 
        0, 
        0, 
        0
      ], 
      "45": [
        0, 
        0, 
        0, 
        0
      ], 
      "46": [
        0, 
        0, 
        0, 
        0
      ], 
      "47": [
        0, 
        0, 
        0, 
        0
      ], 
      "48": [
        163216, 
        130544, 
        157600, 
        53856
      ], 
      "49": [
        42927, 
        109159, 
        56893, 
        208828
      ], 
      "5": [
        0, 
        0, 
        0, 
        0
      ], 
      "50": [
        128637, 
        108824, 
        125670, 
        54288
      ], 
      "51": [
        6048, 
        4562, 
        5879, 
        1312
      ], 
      "52": [
        128637, 
        108824, 
        125670, 
        54288
      ], 
      "53": [
        222844, 
        450298, 
        274024, 
        885694
      ], 
      "54": [
        62154, 
        56527, 
        62945, 
        30666
      ], 
      "55": [
        365, 
        291, 
        319, 
        109
      ], 
      "56": [
        49136, 
        44958, 
        50375, 
        24376
      ], 
      "57": [
        1, 
        1, 
        1, 
        1
      ], 
      "58": [
        4, 
        4, 
        4, 
        4
      ], 
      "59": [
        48, 
        49, 
        47, 
        47
      ], 
      "6": [
        0, 
        0, 
        0, 
        0
      ], 
      "60": [
        83, 
        61, 
        92, 
        56
      ], 
      "61": [
        420491, 
        348193, 
        408941, 
        162432
      ], 
      "62": [
        372, 
        372, 
        372, 
        372
      ], 
      "63": [
        8, 
        16, 
        0, 
        0
      ], 
      "7": [
        0, 
        0, 
        0, 
        0
      ], 
      "8": [
        0, 
        0, 
        0, 
        0
      ], 
      "9": [
        0, 
        0, 
        0, 
        0
      ]
    }
  }, 
  "features": {
    "GWS": [
      64, 
      64, 
      64
    ], 
    "LWS": [
      4, 
      1, 
      64
    ], 
    "OFFSET": [
      0, 
      0, 
      0
    ], 
    "compiler name": "ARM Mali OpenCL", 
    "compiler version": "5.0", 
    "cpu_freq": 1600, 
    "gpu_freq": 533, 
    "image cols": 944, 
    "image rows": 708, 
    "pool_dir": "pool.05", 
    "program version": "c597087", 
    "size": 64
  }, 
  "meta": {
    "device name": "Mali-T604", 
    "device type": "GPU", 
    "device vendor": "ARM", 
    "experiment type": "benchmarking", 
    "kernel name": "calc_histogram", 
    "program name": "Realeyes HOG"
  }, 
  "tags": [
    "demo", 
    "arm", 
    "codegen15"
  ], 
  "work": {
    "repl": 3, 
    "timestamp": "2015-02-22T02:02:13.660177"
  }
}