{
  "characteristics": {
    "cpu": 0.177768, 
    "gpu_copy": 0.048833, 
    "gpu_only": 0.045463, 
    "is_gpu_better": true, 
    "l2 cache and mmu counters": {
      "0": 3697244895, 
      "1": 21, 
      "10": 0, 
      "11": 0, 
      "12": 0, 
      "13": 0, 
      "14": 0, 
      "15": 0, 
      "16": 9, 
      "17": 3, 
      "18": 163, 
      "19": 7, 
      "2": 65535, 
      "20": 0, 
      "21": 0, 
      "22": 0, 
      "23": 0, 
      "24": 0, 
      "25": 0, 
      "26": 0, 
      "27": 0, 
      "28": 0, 
      "29": 0, 
      "3": 0, 
      "30": 10570, 
      "31": 56940, 
      "32": 9024791, 
      "33": 7434628, 
      "34": 7427410, 
      "35": 621400, 
      "36": 675522, 
      "37": 7205184, 
      "38": 0, 
      "39": 905431, 
      "4": 5656, 
      "40": 878311, 
      "41": 2582, 
      "42": 0, 
      "43": 902427, 
      "44": 0, 
      "45": 92, 
      "46": 0, 
      "47": 0, 
      "48": 14235, 
      "49": 14235, 
      "5": 68, 
      "50": 2649, 
      "51": 2233, 
      "52": 8, 
      "53": 2, 
      "54": 0, 
      "55": 0, 
      "56": 0, 
      "57": 271, 
      "58": 0, 
      "59": 0, 
      "6": 22, 
      "60": 0, 
      "61": 207471, 
      "62": 7757287, 
      "63": 6175254, 
      "7": 118, 
      "8": 49, 
      "9": 0
    }, 
    "shader core counters": {
      "0": [
        3697244895, 
        3697244895, 
        3697244895, 
        3697244895
      ], 
      "1": [
        21, 
        21, 
        21, 
        21
      ], 
      "10": [
        0, 
        0, 
        0, 
        0
      ], 
      "11": [
        0, 
        0, 
        0, 
        0
      ], 
      "12": [
        0, 
        0, 
        0, 
        0
      ], 
      "13": [
        0, 
        0, 
        0, 
        0
      ], 
      "14": [
        0, 
        0, 
        0, 
        0
      ], 
      "15": [
        0, 
        0, 
        0, 
        0
      ], 
      "16": [
        0, 
        0, 
        0, 
        0
      ], 
      "17": [
        0, 
        0, 
        0, 
        0
      ], 
      "18": [
        0, 
        0, 
        0, 
        0
      ], 
      "19": [
        0, 
        0, 
        0, 
        0
      ], 
      "2": [
        65535, 
        65535, 
        65535, 
        65535
      ], 
      "20": [
        0, 
        0, 
        0, 
        0
      ], 
      "21": [
        0, 
        0, 
        0, 
        0
      ], 
      "22": [
        12084101, 
        12088853, 
        12087583, 
        12092880
      ], 
      "23": [
        2591, 
        2131, 
        2517, 
        953
      ], 
      "24": [
        331648, 
        272768, 
        322176, 
        121984
      ], 
      "25": [
        7309, 
        11393, 
        7789, 
        71184
      ], 
      "26": [
        12083758, 
        12088501, 
        12087237, 
        12092542
      ], 
      "27": [
        6012074, 
        4970426, 
        5862524, 
        2304662
      ], 
      "28": [
        365269, 
        257589, 
        344933, 
        107228
      ], 
      "29": [
        5605609, 
        6290212, 
        5761005, 
        5676792
      ], 
      "3": [
        0, 
        0, 
        0, 
        0
      ], 
      "30": [
        0, 
        0, 
        0, 
        0
      ], 
      "31": [
        4022170, 
        3365922, 
        3927240, 
        1651480
      ], 
      "32": [
        8617685, 
        10027674, 
        8936698, 
        11767316
      ], 
      "33": [
        0, 
        0, 
        0, 
        0
      ], 
      "34": [
        4595515, 
        6661752, 
        5009458, 
        10115836
      ], 
      "35": [
        0, 
        0, 
        0, 
        0
      ], 
      "36": [
        0, 
        0, 
        0, 
        0
      ], 
      "37": [
        0, 
        0, 
        0, 
        0
      ], 
      "38": [
        0, 
        0, 
        0, 
        0
      ], 
      "39": [
        0, 
        0, 
        0, 
        0
      ], 
      "4": [
        0, 
        0, 
        0, 
        0
      ], 
      "40": [
        0, 
        0, 
        0, 
        0
      ], 
      "41": [
        0, 
        0, 
        0, 
        0
      ], 
      "42": [
        0, 
        0, 
        0, 
        0
      ], 
      "43": [
        0, 
        0, 
        0, 
        0
      ], 
      "44": [
        0, 
        0, 
        0, 
        0
      ], 
      "45": [
        0, 
        0, 
        0, 
        0
      ], 
      "46": [
        0, 
        0, 
        0, 
        0
      ], 
      "47": [
        0, 
        0, 
        0, 
        0
      ], 
      "48": [
        649432, 
        533568, 
        633288, 
        240416
      ], 
      "49": [
        186194, 
        485691, 
        250814, 
        927626
      ], 
      "5": [
        0, 
        0, 
        0, 
        0
      ], 
      "50": [
        500226, 
        426184, 
        489400, 
        226020
      ], 
      "51": [
        23876, 
        18272, 
        22929, 
        5739
      ], 
      "52": [
        500226, 
        426184, 
        489400, 
        226020
      ], 
      "53": [
        902759, 
        1713996, 
        1048594, 
        3329898
      ], 
      "54": [
        259583, 
        233907, 
        257031, 
        131644
      ], 
      "55": [
        1868, 
        1913, 
        1987, 
        670
      ], 
      "56": [
        199230, 
        179505, 
        197068, 
        101059
      ], 
      "57": [
        1, 
        1, 
        1, 
        1
      ], 
      "58": [
        3, 
        3, 
        3, 
        3
      ], 
      "59": [
        47, 
        47, 
        48, 
        47
      ], 
      "6": [
        0, 
        0, 
        0, 
        0
      ], 
      "60": [
        695, 
        783, 
        803, 
        513
      ], 
      "61": [
        1649885, 
        1385937, 
        1612088, 
        692456
      ], 
      "62": [
        372, 
        372, 
        372, 
        372
      ], 
      "63": [
        0, 
        0, 
        16, 
        0
      ], 
      "7": [
        0, 
        0, 
        0, 
        0
      ], 
      "8": [
        0, 
        0, 
        0, 
        0
      ], 
      "9": [
        0, 
        0, 
        0, 
        0
      ]
    }
  }, 
  "features": {
    "GWS": [
      12, 
      12, 
      64
    ], 
    "LWS": [
      4, 
      1, 
      64
    ], 
    "OFFSET": [
      0, 
      0, 
      0
    ], 
    "compiler name": "ARM Mali OpenCL", 
    "compiler version": "5.0", 
    "cpu_freq": 800, 
    "gpu_freq": 266, 
    "image cols": 1072, 
    "image rows": 804, 
    "pool_dir": "pool.22", 
    "program version": "c597087", 
    "size": 128
  }, 
  "meta": {
    "device name": "Mali-T604", 
    "device type": "GPU", 
    "device vendor": "ARM", 
    "experiment type": "benchmarking", 
    "kernel name": "calc_histogram", 
    "program name": "Realeyes HOG"
  }, 
  "tags": [
    "demo", 
    "arm", 
    "codegen15"
  ], 
  "work": {
    "repl": 0, 
    "timestamp": "2015-02-22T02:25:34.286219"
  }
}