{
  "characteristics": {
    "cpu": 0.042213, 
    "gpu_copy": 0.008035, 
    "gpu_only": 0.006022, 
    "is_gpu_better": true, 
    "l2 cache and mmu counters": {
      "0": 2951986398, 
      "1": 11, 
      "10": 0, 
      "11": 0, 
      "12": 0, 
      "13": 0, 
      "14": 0, 
      "15": 0, 
      "16": 8, 
      "17": 3, 
      "18": 220, 
      "19": 4, 
      "2": 65535, 
      "20": 0, 
      "21": 0, 
      "22": 0, 
      "23": 0, 
      "24": 0, 
      "25": 0, 
      "26": 0, 
      "27": 0, 
      "28": 0, 
      "29": 0, 
      "3": 0, 
      "30": 2121, 
      "31": 13040, 
      "32": 2379499, 
      "33": 1966781, 
      "34": 1963882, 
      "35": 162503, 
      "36": 178254, 
      "37": 1908575, 
      "38": 0, 
      "39": 229263, 
      "4": 88, 
      "40": 222306, 
      "41": 496, 
      "42": 0, 
      "43": 228777, 
      "44": 0, 
      "45": 46, 
      "46": 0, 
      "47": 0, 
      "48": 3260, 
      "49": 3260, 
      "5": 54, 
      "50": 542, 
      "51": 483, 
      "52": 7, 
      "53": 2, 
      "54": 0, 
      "55": 0, 
      "56": 0, 
      "57": 77, 
      "58": 25, 
      "59": 0, 
      "6": 33, 
      "60": 0, 
      "61": 54549, 
      "62": 2039877, 
      "63": 1658386, 
      "7": 71, 
      "8": 30, 
      "9": 0
    }, 
    "shader core counters": {
      "0": [
        2951986398, 
        2951986398, 
        2951986398, 
        2951986398
      ], 
      "1": [
        11, 
        11, 
        11, 
        11
      ], 
      "10": [
        0, 
        0, 
        0, 
        0
      ], 
      "11": [
        0, 
        0, 
        0, 
        0
      ], 
      "12": [
        0, 
        0, 
        0, 
        0
      ], 
      "13": [
        0, 
        0, 
        0, 
        0
      ], 
      "14": [
        0, 
        0, 
        0, 
        0
      ], 
      "15": [
        0, 
        0, 
        0, 
        0
      ], 
      "16": [
        0, 
        0, 
        0, 
        0
      ], 
      "17": [
        0, 
        0, 
        0, 
        0
      ], 
      "18": [
        0, 
        0, 
        0, 
        0
      ], 
      "19": [
        0, 
        0, 
        0, 
        0
      ], 
      "2": [
        65535, 
        65535, 
        65535, 
        65535
      ], 
      "20": [
        0, 
        0, 
        0, 
        0
      ], 
      "21": [
        0, 
        0, 
        0, 
        0
      ], 
      "22": [
        3204606, 
        3208946, 
        3207436, 
        3208888
      ], 
      "23": [
        671, 
        527, 
        642, 
        208
      ], 
      "24": [
        85888, 
        67456, 
        82176, 
        26624
      ], 
      "25": [
        7547, 
        15150, 
        10076, 
        315778
      ], 
      "26": [
        3204161, 
        3208502, 
        3206995, 
        3208448
      ], 
      "27": [
        1565026, 
        1257302, 
        1516440, 
        513496
      ], 
      "28": [
        93080, 
        63606, 
        87518, 
        25983
      ], 
      "29": [
        1512048, 
        1693456, 
        1560605, 
        1315504
      ], 
      "3": [
        0, 
        0, 
        0, 
        0
      ], 
      "30": [
        0, 
        0, 
        0, 
        0
      ], 
      "31": [
        1079290, 
        882570, 
        1047614, 
        387452
      ], 
      "32": [
        2285663, 
        2691619, 
        2393347, 
        3105449
      ], 
      "33": [
        0, 
        0, 
        0, 
        0
      ], 
      "34": [
        1206373, 
        1809049, 
        1345733, 
        2717997
      ], 
      "35": [
        0, 
        0, 
        0, 
        0
      ], 
      "36": [
        0, 
        0, 
        0, 
        0
      ], 
      "37": [
        0, 
        0, 
        0, 
        0
      ], 
      "38": [
        0, 
        0, 
        0, 
        0
      ], 
      "39": [
        0, 
        0, 
        0, 
        0
      ], 
      "4": [
        0, 
        0, 
        0, 
        0
      ], 
      "40": [
        0, 
        0, 
        0, 
        0
      ], 
      "41": [
        0, 
        0, 
        0, 
        0
      ], 
      "42": [
        0, 
        0, 
        0, 
        0
      ], 
      "43": [
        0, 
        0, 
        0, 
        0
      ], 
      "44": [
        0, 
        0, 
        0, 
        0
      ], 
      "45": [
        0, 
        0, 
        0, 
        0
      ], 
      "46": [
        0, 
        0, 
        0, 
        0
      ], 
      "47": [
        0, 
        0, 
        0, 
        0
      ], 
      "48": [
        166944, 
        132240, 
        161592, 
        51352
      ], 
      "49": [
        42829, 
        107734, 
        62462, 
        217115
      ], 
      "5": [
        0, 
        0, 
        0, 
        0
      ], 
      "50": [
        139784, 
        117850, 
        136383, 
        56781
      ], 
      "51": [
        6618, 
        4941, 
        6340, 
        1261
      ], 
      "52": [
        139784, 
        117850, 
        136383, 
        56781
      ], 
      "53": [
        243462, 
        499035, 
        293731, 
        940277
      ], 
      "54": [
        67103, 
        58498, 
        66678, 
        30462
      ], 
      "55": [
        364, 
        344, 
        342, 
        93
      ], 
      "56": [
        53755, 
        46997, 
        53058, 
        24520
      ], 
      "57": [
        1, 
        1, 
        1, 
        1
      ], 
      "58": [
        3, 
        3, 
        3, 
        3
      ], 
      "59": [
        47, 
        47, 
        47, 
        47
      ], 
      "6": [
        0, 
        0, 
        0, 
        0
      ], 
      "60": [
        10, 
        10, 
        9, 
        10
      ], 
      "61": [
        446513, 
        367941, 
        434359, 
        164914
      ], 
      "62": [
        372, 
        372, 
        372, 
        372
      ], 
      "63": [
        0, 
        0, 
        0, 
        0
      ], 
      "7": [
        0, 
        0, 
        0, 
        0
      ], 
      "8": [
        0, 
        0, 
        0, 
        0
      ], 
      "9": [
        0, 
        0, 
        0, 
        0
      ]
    }
  }, 
  "features": {
    "GWS": [
      64, 
      64, 
      64
    ], 
    "LWS": [
      4, 
      1, 
      64
    ], 
    "OFFSET": [
      0, 
      0, 
      0
    ], 
    "compiler name": "ARM Mali OpenCL", 
    "compiler version": "5.0", 
    "cpu_freq": 800, 
    "gpu_freq": 533, 
    "image cols": 594, 
    "image rows": 446, 
    "pool_dir": "pool.03", 
    "program version": "c597087", 
    "size": 64
  }, 
  "meta": {
    "device name": "Mali-T604", 
    "device type": "GPU", 
    "device vendor": "ARM", 
    "experiment type": "benchmarking", 
    "kernel name": "calc_histogram", 
    "program name": "Realeyes HOG"
  }, 
  "tags": [
    "demo", 
    "arm", 
    "codegen15"
  ], 
  "work": {
    "repl": 0, 
    "timestamp": "2015-02-22T01:55:13.600257"
  }
}