{
  "characteristics": {
    "cpu": 0.161803, 
    "gpu_copy": 0.026812, 
    "gpu_only": 0.022934, 
    "is_gpu_better": true, 
    "l2 cache and mmu counters": {
      "0": 549865104, 
      "1": 17, 
      "10": 0, 
      "11": 0, 
      "12": 0, 
      "13": 0, 
      "14": 0, 
      "15": 0, 
      "16": 9, 
      "17": 3, 
      "18": 216, 
      "19": 7, 
      "2": 65535, 
      "20": 0, 
      "21": 0, 
      "22": 0, 
      "23": 0, 
      "24": 0, 
      "25": 0, 
      "26": 0, 
      "27": 0, 
      "28": 0, 
      "29": 0, 
      "3": 0, 
      "30": 6094, 
      "31": 45424, 
      "32": 9034287, 
      "33": 7463509, 
      "34": 7456742, 
      "35": 616619, 
      "36": 673122, 
      "37": 7228576, 
      "38": 0, 
      "39": 888989, 
      "4": 127, 
      "40": 862560, 
      "41": 1832, 
      "42": 0, 
      "43": 887195, 
      "44": 0, 
      "45": 76, 
      "46": 0, 
      "47": 0, 
      "48": 11356, 
      "49": 11356, 
      "5": 55, 
      "50": 1529, 
      "51": 1422, 
      "52": 7, 
      "53": 2, 
      "54": 0, 
      "55": 0, 
      "56": 0, 
      "57": 306, 
      "58": 5, 
      "59": 0, 
      "6": 60, 
      "60": 0, 
      "61": 220964, 
      "62": 7730076, 
      "63": 6256249, 
      "7": 122, 
      "8": 39, 
      "9": 0
    }, 
    "shader core counters": {
      "0": [
        549865104, 
        549865104, 
        549865104, 
        549865104
      ], 
      "1": [
        17, 
        17, 
        17, 
        17
      ], 
      "10": [
        0, 
        0, 
        0, 
        0
      ], 
      "11": [
        0, 
        0, 
        0, 
        0
      ], 
      "12": [
        0, 
        0, 
        0, 
        0
      ], 
      "13": [
        0, 
        0, 
        0, 
        0
      ], 
      "14": [
        0, 
        0, 
        0, 
        0
      ], 
      "15": [
        0, 
        0, 
        0, 
        0
      ], 
      "16": [
        0, 
        0, 
        0, 
        0
      ], 
      "17": [
        0, 
        0, 
        0, 
        0
      ], 
      "18": [
        0, 
        0, 
        0, 
        0
      ], 
      "19": [
        0, 
        0, 
        0, 
        0
      ], 
      "2": [
        65535, 
        65535, 
        65535, 
        65535
      ], 
      "20": [
        0, 
        0, 
        0, 
        0
      ], 
      "21": [
        0, 
        0, 
        0, 
        0
      ], 
      "22": [
        12220771, 
        12220069, 
        12211736, 
        12223569
      ], 
      "23": [
        2713, 
        2004, 
        2667, 
        808
      ], 
      "24": [
        347264, 
        256512, 
        341376, 
        103424
      ], 
      "25": [
        170346, 
        238543, 
        206537, 
        571633
      ], 
      "26": [
        12220352, 
        12219640, 
        12211322, 
        12223158
      ], 
      "27": [
        6032438, 
        4560674, 
        5849183, 
        1877192
      ], 
      "28": [
        360485, 
        220631, 
        336984, 
        96660
      ], 
      "29": [
        5721676, 
        6642421, 
        5897695, 
        5179233
      ], 
      "3": [
        0, 
        0, 
        0, 
        0
      ], 
      "30": [
        0, 
        0, 
        0, 
        0
      ], 
      "31": [
        4041210, 
        3110450, 
        3932898, 
        1372152
      ], 
      "32": [
        8684740, 
        10547333, 
        9062141, 
        11945079
      ], 
      "33": [
        0, 
        0, 
        0, 
        0
      ], 
      "34": [
        4643530, 
        7436883, 
        5129243, 
        10572927
      ], 
      "35": [
        0, 
        0, 
        0, 
        0
      ], 
      "36": [
        0, 
        0, 
        0, 
        0
      ], 
      "37": [
        0, 
        0, 
        0, 
        0
      ], 
      "38": [
        0, 
        0, 
        0, 
        0
      ], 
      "39": [
        0, 
        0, 
        0, 
        0
      ], 
      "4": [
        0, 
        0, 
        0, 
        0
      ], 
      "40": [
        0, 
        0, 
        0, 
        0
      ], 
      "41": [
        0, 
        0, 
        0, 
        0
      ], 
      "42": [
        0, 
        0, 
        0, 
        0
      ], 
      "43": [
        0, 
        0, 
        0, 
        0
      ], 
      "44": [
        0, 
        0, 
        0, 
        0
      ], 
      "45": [
        0, 
        0, 
        0, 
        0
      ], 
      "46": [
        0, 
        0, 
        0, 
        0
      ], 
      "47": [
        0, 
        0, 
        0, 
        0
      ], 
      "48": [
        659264, 
        492024, 
        638490, 
        196526
      ], 
      "49": [
        190083, 
        515414, 
        260375, 
        905982
      ], 
      "5": [
        0, 
        0, 
        0, 
        0
      ], 
      "50": [
        497108, 
        395028, 
        485065, 
        189903
      ], 
      "51": [
        24996, 
        16064, 
        23087, 
        4061
      ], 
      "52": [
        497108, 
        395028, 
        485065, 
        189903
      ], 
      "53": [
        927262, 
        2095837, 
        1105849, 
        3516228
      ], 
      "54": [
        270181, 
        222602, 
        259397, 
        112409
      ], 
      "55": [
        1909, 
        1453, 
        1451, 
        478
      ], 
      "56": [
        210772, 
        173209, 
        202410, 
        87212
      ], 
      "57": [
        1, 
        1, 
        1, 
        1
      ], 
      "58": [
        3, 
        3, 
        3, 
        3
      ], 
      "59": [
        47, 
        47, 
        47, 
        47
      ], 
      "6": [
        0, 
        0, 
        0, 
        0
      ], 
      "60": [
        13, 
        14, 
        14, 
        15
      ], 
      "61": [
        1653481, 
        1282081, 
        1608620, 
        576333
      ], 
      "62": [
        372, 
        372, 
        372, 
        372
      ], 
      "63": [
        0, 
        0, 
        0, 
        0
      ], 
      "7": [
        0, 
        0, 
        0, 
        0
      ], 
      "8": [
        0, 
        0, 
        0, 
        0
      ], 
      "9": [
        0, 
        0, 
        0, 
        0
      ]
    }
  }, 
  "features": {
    "GWS": [
      12, 
      12, 
      64
    ], 
    "LWS": [
      4, 
      1, 
      64
    ], 
    "OFFSET": [
      0, 
      0, 
      0
    ], 
    "compiler name": "ARM Mali OpenCL", 
    "compiler version": "5.0", 
    "cpu_freq": 800, 
    "gpu_freq": 533, 
    "image cols": 633, 
    "image rows": 921, 
    "pool_dir": "pool.01", 
    "program version": "c597087", 
    "size": 128
  }, 
  "meta": {
    "device name": "Mali-T604", 
    "device type": "GPU", 
    "device vendor": "ARM", 
    "experiment type": "benchmarking", 
    "kernel name": "calc_histogram", 
    "program name": "Realeyes HOG"
  }, 
  "tags": [
    "demo", 
    "arm", 
    "codegen15"
  ], 
  "work": {
    "repl": 1, 
    "timestamp": "2015-02-22T02:11:27.213176"
  }
}