{
  "characteristics": {
    "cpu": 0.182075, 
    "gpu_copy": 0.037427, 
    "gpu_only": 0.02454, 
    "is_gpu_better": true, 
    "l2 cache and mmu counters": {
      "0": 524530901, 
      "1": 15, 
      "10": 0, 
      "11": 0, 
      "12": 0, 
      "13": 0, 
      "14": 0, 
      "15": 0, 
      "16": 8, 
      "17": 3, 
      "18": 211, 
      "19": 4, 
      "2": 65535, 
      "20": 0, 
      "21": 0, 
      "22": 0, 
      "23": 0, 
      "24": 0, 
      "25": 0, 
      "26": 0, 
      "27": 0, 
      "28": 0, 
      "29": 0, 
      "3": 0, 
      "30": 11476, 
      "31": 83456, 
      "32": 9700831, 
      "33": 7987608, 
      "34": 7974712, 
      "35": 665639, 
      "36": 721574, 
      "37": 7721069, 
      "38": 0, 
      "39": 981679, 
      "4": 133874, 
      "40": 953604, 
      "41": 2891, 
      "42": 0, 
      "43": 978514, 
      "44": 0, 
      "45": 140, 
      "46": 0, 
      "47": 0, 
      "48": 20864, 
      "49": 20864, 
      "5": 7099, 
      "50": 2877, 
      "51": 2439, 
      "52": 10, 
      "53": 2, 
      "54": 0, 
      "55": 0, 
      "56": 0, 
      "57": 421, 
      "58": 0, 
      "59": 0, 
      "6": 105, 
      "60": 0, 
      "61": 223849, 
      "62": 8309976, 
      "63": 6596277, 
      "7": 720, 
      "8": 6705, 
      "9": 0
    }, 
    "shader core counters": {
      "0": [
        524530901, 
        524530901, 
        524530901, 
        524530901
      ], 
      "1": [
        15, 
        15, 
        15, 
        15
      ], 
      "10": [
        0, 
        0, 
        0, 
        0
      ], 
      "11": [
        0, 
        0, 
        0, 
        0
      ], 
      "12": [
        0, 
        0, 
        0, 
        0
      ], 
      "13": [
        0, 
        0, 
        0, 
        0
      ], 
      "14": [
        0, 
        0, 
        0, 
        0
      ], 
      "15": [
        0, 
        0, 
        0, 
        0
      ], 
      "16": [
        0, 
        0, 
        0, 
        0
      ], 
      "17": [
        0, 
        0, 
        0, 
        0
      ], 
      "18": [
        0, 
        0, 
        0, 
        0
      ], 
      "19": [
        0, 
        0, 
        0, 
        0
      ], 
      "2": [
        65535, 
        65535, 
        65535, 
        65535
      ], 
      "20": [
        0, 
        0, 
        0, 
        0
      ], 
      "21": [
        0, 
        0, 
        0, 
        0
      ], 
      "22": [
        13072220, 
        13079896, 
        13076406, 
        13073282
      ], 
      "23": [
        2616, 
        2092, 
        2506, 
        978
      ], 
      "24": [
        334848, 
        267776, 
        320768, 
        125184
      ], 
      "25": [
        18936, 
        28445, 
        20221, 
        236956
      ], 
      "26": [
        13071793, 
        13079467, 
        13075983, 
        13072854
      ], 
      "27": [
        6440450, 
        5234104, 
        6289228, 
        2495308
      ], 
      "28": [
        390638, 
        272579, 
        372040, 
        120499
      ], 
      "29": [
        6133530, 
        6893429, 
        6292735, 
        6021395
      ], 
      "3": [
        0, 
        0, 
        0, 
        0
      ], 
      "30": [
        0, 
        0, 
        0, 
        0
      ], 
      "31": [
        4328680, 
        3559554, 
        4224660, 
        1775078
      ], 
      "32": [
        9409615, 
        11061816, 
        9775844, 
        12721849
      ], 
      "33": [
        0, 
        0, 
        0, 
        0
      ], 
      "34": [
        5080935, 
        7502262, 
        5551184, 
        10946771
      ], 
      "35": [
        0, 
        0, 
        0, 
        0
      ], 
      "36": [
        0, 
        0, 
        0, 
        0
      ], 
      "37": [
        0, 
        0, 
        0, 
        0
      ], 
      "38": [
        0, 
        0, 
        0, 
        0
      ], 
      "39": [
        0, 
        0, 
        0, 
        0
      ], 
      "4": [
        0, 
        0, 
        0, 
        0
      ], 
      "40": [
        0, 
        0, 
        0, 
        0
      ], 
      "41": [
        0, 
        0, 
        0, 
        0
      ], 
      "42": [
        0, 
        0, 
        0, 
        0
      ], 
      "43": [
        0, 
        0, 
        0, 
        0
      ], 
      "44": [
        0, 
        0, 
        0, 
        0
      ], 
      "45": [
        0, 
        0, 
        0, 
        0
      ], 
      "46": [
        0, 
        0, 
        0, 
        0
      ], 
      "47": [
        0, 
        0, 
        0, 
        0
      ], 
      "48": [
        684132, 
        551100, 
        666660, 
        257212
      ], 
      "49": [
        224168, 
        560840, 
        298383, 
        1110120
      ], 
      "5": [
        0, 
        0, 
        0, 
        0
      ], 
      "50": [
        550283, 
        461905, 
        539160, 
        243972
      ], 
      "51": [
        26999, 
        19420, 
        25669, 
        6136
      ], 
      "52": [
        550283, 
        461905, 
        539160, 
        243972
      ], 
      "53": [
        960597, 
        1935480, 
        1126218, 
        3455737
      ], 
      "54": [
        287347, 
        250910, 
        280004, 
        140162
      ], 
      "55": [
        1244, 
        1131, 
        1164, 
        501
      ], 
      "56": [
        218103, 
        189846, 
        212089, 
        104715
      ], 
      "57": [
        1, 
        1, 
        1, 
        1
      ], 
      "58": [
        3, 
        3, 
        3, 
        3
      ], 
      "59": [
        47, 
        47, 
        48, 
        47
      ], 
      "6": [
        0, 
        0, 
        0, 
        0
      ], 
      "60": [
        20192, 
        16603, 
        19637, 
        8042
      ], 
      "61": [
        1784698, 
        1474911, 
        1744980, 
        745157
      ], 
      "62": [
        372, 
        372, 
        372, 
        372
      ], 
      "63": [
        0, 
        0, 
        16, 
        0
      ], 
      "7": [
        0, 
        0, 
        0, 
        0
      ], 
      "8": [
        0, 
        0, 
        0, 
        0
      ], 
      "9": [
        0, 
        0, 
        0, 
        0
      ]
    }
  }, 
  "features": {
    "GWS": [
      12, 
      12, 
      64
    ], 
    "LWS": [
      4, 
      1, 
      64
    ], 
    "OFFSET": [
      0, 
      0, 
      0
    ], 
    "compiler name": "ARM Mali OpenCL", 
    "compiler version": "5.0", 
    "cpu_freq": 800, 
    "gpu_freq": 533, 
    "image cols": 2126, 
    "image rows": 2658, 
    "pool_dir": "pool.04", 
    "program version": "c597087", 
    "size": 128
  }, 
  "meta": {
    "device name": "Mali-T604", 
    "device type": "GPU", 
    "device vendor": "ARM", 
    "experiment type": "benchmarking", 
    "kernel name": "calc_histogram", 
    "program name": "Realeyes HOG"
  }, 
  "tags": [
    "demo", 
    "arm", 
    "codegen15"
  ], 
  "work": {
    "repl": 3, 
    "timestamp": "2015-02-22T02:05:28.343430"
  }
}