{
  "characteristics": {
    "cpu": 0.041819, 
    "gpu_copy": 0.016216, 
    "gpu_only": 0.01189, 
    "is_gpu_better": true, 
    "l2 cache and mmu counters": {
      "0": 2710005154, 
      "1": 21, 
      "10": 0, 
      "11": 0, 
      "12": 0, 
      "13": 0, 
      "14": 0, 
      "15": 0, 
      "16": 9, 
      "17": 3, 
      "18": 163, 
      "19": 7, 
      "2": 65535, 
      "20": 0, 
      "21": 0, 
      "22": 0, 
      "23": 0, 
      "24": 0, 
      "25": 0, 
      "26": 0, 
      "27": 0, 
      "28": 0, 
      "29": 0, 
      "3": 0, 
      "30": 2916, 
      "31": 19108, 
      "32": 2315525, 
      "33": 1911773, 
      "34": 1909260, 
      "35": 156871, 
      "36": 171410, 
      "37": 1846276, 
      "38": 0, 
      "39": 226912, 
      "4": 651, 
      "40": 219928, 
      "41": 662, 
      "42": 0, 
      "43": 226227, 
      "44": 0, 
      "45": 76, 
      "46": 0, 
      "47": 0, 
      "48": 4777, 
      "49": 4777, 
      "5": 60, 
      "50": 734, 
      "51": 622, 
      "52": 6, 
      "53": 2, 
      "54": 0, 
      "55": 0, 
      "56": 0, 
      "57": 103, 
      "58": 0, 
      "59": 0, 
      "6": 25, 
      "60": 0, 
      "61": 59573, 
      "62": 1963931, 
      "63": 1602826, 
      "7": 118, 
      "8": 40, 
      "9": 0
    }, 
    "shader core counters": {
      "0": [
        2710005154, 
        2710005154, 
        2710005154, 
        2710005154
      ], 
      "1": [
        21, 
        21, 
        21, 
        21
      ], 
      "10": [
        0, 
        0, 
        0, 
        0
      ], 
      "11": [
        0, 
        0, 
        0, 
        0
      ], 
      "12": [
        0, 
        0, 
        0, 
        0
      ], 
      "13": [
        0, 
        0, 
        0, 
        0
      ], 
      "14": [
        0, 
        0, 
        0, 
        0
      ], 
      "15": [
        0, 
        0, 
        0, 
        0
      ], 
      "16": [
        0, 
        0, 
        0, 
        0
      ], 
      "17": [
        0, 
        0, 
        0, 
        0
      ], 
      "18": [
        0, 
        0, 
        0, 
        0
      ], 
      "19": [
        0, 
        0, 
        0, 
        0
      ], 
      "2": [
        65535, 
        65535, 
        65535, 
        65535
      ], 
      "20": [
        0, 
        0, 
        0, 
        0
      ], 
      "21": [
        0, 
        0, 
        0, 
        0
      ], 
      "22": [
        3160344, 
        3156167, 
        3156341, 
        3162451
      ], 
      "23": [
        681, 
        507, 
        665, 
        195
      ], 
      "24": [
        87168, 
        64896, 
        85120, 
        24960
      ], 
      "25": [
        36430, 
        123438, 
        66675, 
        700404
      ], 
      "26": [
        3159976, 
        3155794, 
        3155975, 
        3162083
      ], 
      "27": [
        1549003, 
        1141469, 
        1495721, 
        466113
      ], 
      "28": [
        92648, 
        53341, 
        85104, 
        24974
      ], 
      "29": [
        1483341, 
        1724581, 
        1524013, 
        1146618
      ], 
      "3": [
        0, 
        0, 
        0, 
        0
      ], 
      "30": [
        0, 
        0, 
        0, 
        0
      ], 
      "31": [
        1037920, 
        783606, 
        1004242, 
        345924
      ], 
      "32": [
        2268195, 
        2744858, 
        2366029, 
        2950131
      ], 
      "33": [
        0, 
        0, 
        0, 
        0
      ], 
      "34": [
        1230275, 
        1961252, 
        1361787, 
        2604207
      ], 
      "35": [
        0, 
        0, 
        0, 
        0
      ], 
      "36": [
        0, 
        0, 
        0, 
        0
      ], 
      "37": [
        0, 
        0, 
        0, 
        0
      ], 
      "38": [
        0, 
        0, 
        0, 
        0
      ], 
      "39": [
        0, 
        0, 
        0, 
        0
      ], 
      "4": [
        0, 
        0, 
        0, 
        0
      ], 
      "40": [
        0, 
        0, 
        0, 
        0
      ], 
      "41": [
        0, 
        0, 
        0, 
        0
      ], 
      "42": [
        0, 
        0, 
        0, 
        0
      ], 
      "43": [
        0, 
        0, 
        0, 
        0
      ], 
      "44": [
        0, 
        0, 
        0, 
        0
      ], 
      "45": [
        0, 
        0, 
        0, 
        0
      ], 
      "46": [
        0, 
        0, 
        0, 
        0
      ], 
      "47": [
        0, 
        0, 
        0, 
        0
      ], 
      "48": [
        168478, 
        123314, 
        162698, 
        48166
      ], 
      "49": [
        52815, 
        144855, 
        71691, 
        189374
      ], 
      "5": [
        0, 
        0, 
        0, 
        0
      ], 
      "50": [
        128459, 
        99776, 
        124347, 
        49012
      ], 
      "51": [
        6630, 
        3983, 
        5893, 
        1009
      ], 
      "52": [
        128459, 
        99776, 
        124347, 
        49012
      ], 
      "53": [
        244922, 
        549231, 
        294741, 
        906029
      ], 
      "54": [
        70489, 
        55322, 
        67496, 
        27368
      ], 
      "55": [
        482, 
        418, 
        583, 
        110
      ], 
      "56": [
        54648, 
        42973, 
        52197, 
        21783
      ], 
      "57": [
        1, 
        1, 
        1, 
        1
      ], 
      "58": [
        4, 
        4, 
        4, 
        4
      ], 
      "59": [
        47, 
        49, 
        47, 
        47
      ], 
      "6": [
        0, 
        0, 
        0, 
        0
      ], 
      "60": [
        86, 
        79, 
        72, 
        75
      ], 
      "61": [
        425397, 
        322866, 
        411392, 
        146191
      ], 
      "62": [
        372, 
        372, 
        372, 
        372
      ], 
      "63": [
        0, 
        0, 
        0, 
        0
      ], 
      "7": [
        0, 
        0, 
        0, 
        0
      ], 
      "8": [
        0, 
        0, 
        0, 
        0
      ], 
      "9": [
        0, 
        0, 
        0, 
        0
      ]
    }
  }, 
  "features": {
    "GWS": [
      64, 
      64, 
      64
    ], 
    "LWS": [
      4, 
      1, 
      64
    ], 
    "OFFSET": [
      0, 
      0, 
      0
    ], 
    "compiler name": "ARM Mali OpenCL", 
    "compiler version": "5.0", 
    "cpu_freq": 800, 
    "gpu_freq": 266, 
    "image cols": 807, 
    "image rows": 1142, 
    "pool_dir": "pool.08", 
    "program version": "c597087", 
    "size": 64
  }, 
  "meta": {
    "device name": "Mali-T604", 
    "device type": "GPU", 
    "device vendor": "ARM", 
    "experiment type": "benchmarking", 
    "kernel name": "calc_histogram", 
    "program name": "Realeyes HOG"
  }, 
  "tags": [
    "demo", 
    "arm", 
    "codegen15"
  ], 
  "work": {
    "repl": 4, 
    "timestamp": "2015-02-22T02:24:53.069594"
  }
}