{
  "characteristics": {
    "cpu": 0.017689, 
    "gpu_copy": 0.01277, 
    "gpu_only": 0.004014, 
    "is_gpu_better": true, 
    "l2 cache and mmu counters": {
      "0": 306070012, 
      "1": 17, 
      "10": 0, 
      "11": 0, 
      "12": 0, 
      "13": 0, 
      "14": 0, 
      "15": 0, 
      "16": 8, 
      "17": 3, 
      "18": 218, 
      "19": 4, 
      "2": 65535, 
      "20": 0, 
      "21": 0, 
      "22": 0, 
      "23": 0, 
      "24": 0, 
      "25": 0, 
      "26": 0, 
      "27": 0, 
      "28": 0, 
      "29": 0, 
      "3": 0, 
      "30": 2311, 
      "31": 17364, 
      "32": 1535956, 
      "33": 1267993, 
      "34": 1264183, 
      "35": 102108, 
      "36": 113161, 
      "37": 1212350, 
      "38": 0, 
      "39": 149882, 
      "4": 15907, 
      "40": 144866, 
      "41": 539, 
      "42": 0, 
      "43": 149384, 
      "44": 0, 
      "45": 73, 
      "46": 0, 
      "47": 0, 
      "48": 4341, 
      "49": 4341, 
      "5": 369, 
      "50": 584, 
      "51": 493, 
      "52": 5, 
      "53": 2, 
      "54": 0, 
      "55": 0, 
      "56": 0, 
      "57": 86, 
      "58": 0, 
      "59": 0, 
      "6": 99, 
      "60": 0, 
      "61": 50391, 
      "62": 1260985, 
      "63": 1054851, 
      "7": 284, 
      "8": 333, 
      "9": 0
    }, 
    "shader core counters": {
      "0": [
        306070012, 
        306070012, 
        306070012, 
        306070012
      ], 
      "1": [
        17, 
        17, 
        17, 
        17
      ], 
      "10": [
        0, 
        0, 
        0, 
        0
      ], 
      "11": [
        0, 
        0, 
        0, 
        0
      ], 
      "12": [
        0, 
        0, 
        0, 
        0
      ], 
      "13": [
        0, 
        0, 
        0, 
        0
      ], 
      "14": [
        0, 
        0, 
        0, 
        0
      ], 
      "15": [
        0, 
        0, 
        0, 
        0
      ], 
      "16": [
        0, 
        0, 
        0, 
        0
      ], 
      "17": [
        0, 
        0, 
        0, 
        0
      ], 
      "18": [
        0, 
        0, 
        0, 
        0
      ], 
      "19": [
        0, 
        0, 
        0, 
        0
      ], 
      "2": [
        65535, 
        65535, 
        65535, 
        65535
      ], 
      "20": [
        0, 
        0, 
        0, 
        0
      ], 
      "21": [
        0, 
        0, 
        0, 
        0
      ], 
      "22": [
        2139122, 
        2139539, 
        2134556, 
        2138698
      ], 
      "23": [
        617, 
        548, 
        609, 
        274
      ], 
      "24": [
        78976, 
        70144, 
        77952, 
        35072
      ], 
      "25": [
        51281, 
        136344, 
        73320, 
        725956
      ], 
      "26": [
        2138561, 
        2138975, 
        2133999, 
        2138144
      ], 
      "27": [
        1148408, 
        1015854, 
        1124044, 
        514230
      ], 
      "28": [
        78923, 
        62895, 
        76327, 
        27214
      ], 
      "29": [
        872720, 
        978760, 
        887088, 
        869087
      ], 
      "3": [
        0, 
        0, 
        0, 
        0
      ], 
      "30": [
        0, 
        0, 
        0, 
        0
      ], 
      "31": [
        738422, 
        657090, 
        723178, 
        342192
      ], 
      "32": [
        1460641, 
        1660204, 
        1509192, 
        1861538
      ], 
      "33": [
        0, 
        0, 
        0, 
        0
      ], 
      "34": [
        722219, 
        1003114, 
        786014, 
        1519346
      ], 
      "35": [
        0, 
        0, 
        0, 
        0
      ], 
      "36": [
        0, 
        0, 
        0, 
        0
      ], 
      "37": [
        0, 
        0, 
        0, 
        0
      ], 
      "38": [
        0, 
        0, 
        0, 
        0
      ], 
      "39": [
        0, 
        0, 
        0, 
        0
      ], 
      "4": [
        0, 
        0, 
        0, 
        0
      ], 
      "40": [
        0, 
        0, 
        0, 
        0
      ], 
      "41": [
        0, 
        0, 
        0, 
        0
      ], 
      "42": [
        0, 
        0, 
        0, 
        0
      ], 
      "43": [
        0, 
        0, 
        0, 
        0
      ], 
      "44": [
        0, 
        0, 
        0, 
        0
      ], 
      "45": [
        0, 
        0, 
        0, 
        0
      ], 
      "46": [
        0, 
        0, 
        0, 
        0
      ], 
      "47": [
        0, 
        0, 
        0, 
        0
      ], 
      "48": [
        134520, 
        118432, 
        130424, 
        58992
      ], 
      "49": [
        31268, 
        67106, 
        39912, 
        116658
      ], 
      "5": [
        0, 
        0, 
        0, 
        0
      ], 
      "50": [
        79669, 
        71626, 
        78468, 
        39344
      ], 
      "51": [
        3695, 
        2928, 
        3390, 
        1037
      ], 
      "52": [
        79669, 
        71626, 
        78468, 
        39344
      ], 
      "53": [
        174168, 
        283085, 
        198617, 
        536826
      ], 
      "54": [
        42456, 
        38514, 
        41074, 
        23627
      ], 
      "55": [
        418, 
        394, 
        421, 
        158
      ], 
      "56": [
        33209, 
        29827, 
        31965, 
        18412
      ], 
      "57": [
        1, 
        1, 
        1, 
        1
      ], 
      "58": [
        3, 
        3, 
        3, 
        3
      ], 
      "59": [
        49, 
        47, 
        49, 
        47
      ], 
      "6": [
        0, 
        0, 
        0, 
        0
      ], 
      "60": [
        2222, 
        2100, 
        2167, 
        1202
      ], 
      "61": [
        293859, 
        261685, 
        287361, 
        137680
      ], 
      "62": [
        372, 
        372, 
        372, 
        372
      ], 
      "63": [
        16, 
        8, 
        16, 
        0
      ], 
      "7": [
        0, 
        0, 
        0, 
        0
      ], 
      "8": [
        0, 
        0, 
        0, 
        0
      ], 
      "9": [
        0, 
        0, 
        0, 
        0
      ]
    }
  }, 
  "features": {
    "GWS": [
      64, 
      64, 
      64
    ], 
    "LWS": [
      4, 
      1, 
      64
    ], 
    "OFFSET": [
      0, 
      0, 
      0
    ], 
    "compiler name": "ARM Mali OpenCL", 
    "compiler version": "5.0", 
    "cpu_freq": 1600, 
    "gpu_freq": 533, 
    "image cols": 3000, 
    "image rows": 1639, 
    "pool_dir": "pool.11", 
    "program version": "c597087", 
    "size": 64
  }, 
  "meta": {
    "device name": "Mali-T604", 
    "device type": "GPU", 
    "device vendor": "ARM", 
    "experiment type": "benchmarking", 
    "kernel name": "calc_histogram", 
    "program name": "Realeyes HOG"
  }, 
  "tags": [
    "demo", 
    "arm", 
    "codegen15"
  ], 
  "work": {
    "repl": 1, 
    "timestamp": "2015-02-22T02:11:16.988268"
  }
}