{
  "characteristics": {
    "cpu": 0.001483, 
    "gpu_copy": 0.002384, 
    "gpu_only": 0.000728, 
    "is_gpu_better": false, 
    "l2 cache and mmu counters": {
      "0": 1419829523, 
      "1": 15, 
      "10": 0, 
      "11": 0, 
      "12": 0, 
      "13": 0, 
      "14": 0, 
      "15": 0, 
      "16": 8, 
      "17": 3, 
      "18": 156, 
      "19": 4, 
      "2": 65535, 
      "20": 0, 
      "21": 0, 
      "22": 0, 
      "23": 0, 
      "24": 0, 
      "25": 0, 
      "26": 0, 
      "27": 0, 
      "28": 0, 
      "29": 0, 
      "3": 0, 
      "30": 844, 
      "31": 4112, 
      "32": 141388, 
      "33": 112742, 
      "34": 111541, 
      "35": 9483, 
      "36": 10229, 
      "37": 108246, 
      "38": 0, 
      "39": 14185, 
      "4": 129, 
      "40": 13783, 
      "41": 100, 
      "42": 0, 
      "43": 14124, 
      "44": 0, 
      "45": 43, 
      "46": 0, 
      "47": 0, 
      "48": 1028, 
      "49": 1028, 
      "5": 54, 
      "50": 221, 
      "51": 182, 
      "52": 5, 
      "53": 2, 
      "54": 0, 
      "55": 0, 
      "56": 0, 
      "57": 0, 
      "58": 0, 
      "59": 0, 
      "6": 27, 
      "60": 0, 
      "61": 3412, 
      "62": 114279, 
      "63": 90477, 
      "7": 65, 
      "8": 34, 
      "9": 0
    }, 
    "shader core counters": {
      "0": [
        1419829523, 
        1419829523, 
        1419829523, 
        1419829523
      ], 
      "1": [
        15, 
        15, 
        15, 
        15
      ], 
      "10": [
        0, 
        0, 
        0, 
        0
      ], 
      "11": [
        0, 
        0, 
        0, 
        0
      ], 
      "12": [
        0, 
        0, 
        0, 
        0
      ], 
      "13": [
        0, 
        0, 
        0, 
        0
      ], 
      "14": [
        0, 
        0, 
        0, 
        0
      ], 
      "15": [
        0, 
        0, 
        0, 
        0
      ], 
      "16": [
        0, 
        0, 
        0, 
        0
      ], 
      "17": [
        0, 
        0, 
        0, 
        0
      ], 
      "18": [
        0, 
        0, 
        0, 
        0
      ], 
      "19": [
        0, 
        0, 
        0, 
        0
      ], 
      "2": [
        65535, 
        65535, 
        65535, 
        65535
      ], 
      "20": [
        0, 
        0, 
        0, 
        0
      ], 
      "21": [
        0, 
        0, 
        0, 
        0
      ], 
      "22": [
        192848, 
        189562, 
        188954, 
        193331
      ], 
      "23": [
        39, 
        35, 
        41, 
        13
      ], 
      "24": [
        4992, 
        4480, 
        5248, 
        1664
      ], 
      "25": [
        9354, 
        15128, 
        21028, 
        12106
      ], 
      "26": [
        192435, 
        189140, 
        188540, 
        192925
      ], 
      "27": [
        91075, 
        71317, 
        84592, 
        30706
      ], 
      "28": [
        5542, 
        3517, 
        4929, 
        1638
      ], 
      "29": [
        84859, 
        96498, 
        81680, 
        79139
      ], 
      "3": [
        0, 
        0, 
        0, 
        0
      ], 
      "30": [
        0, 
        0, 
        0, 
        0
      ], 
      "31": [
        60970, 
        49594, 
        57124, 
        22700
      ], 
      "32": [
        129856, 
        149654, 
        132055, 
        180174
      ], 
      "33": [
        0, 
        0, 
        0, 
        0
      ], 
      "34": [
        68886, 
        100060, 
        74931, 
        157474
      ], 
      "35": [
        0, 
        0, 
        0, 
        0
      ], 
      "36": [
        0, 
        0, 
        0, 
        0
      ], 
      "37": [
        0, 
        0, 
        0, 
        0
      ], 
      "38": [
        0, 
        0, 
        0, 
        0
      ], 
      "39": [
        0, 
        0, 
        0, 
        0
      ], 
      "4": [
        0, 
        0, 
        0, 
        0
      ], 
      "40": [
        0, 
        0, 
        0, 
        0
      ], 
      "41": [
        0, 
        0, 
        0, 
        0
      ], 
      "42": [
        0, 
        0, 
        0, 
        0
      ], 
      "43": [
        0, 
        0, 
        0, 
        0
      ], 
      "44": [
        0, 
        0, 
        0, 
        0
      ], 
      "45": [
        0, 
        0, 
        0, 
        0
      ], 
      "46": [
        0, 
        0, 
        0, 
        0
      ], 
      "47": [
        0, 
        0, 
        0, 
        0
      ], 
      "48": [
        10040, 
        7882, 
        9260, 
        3122
      ], 
      "49": [
        3344, 
        7730, 
        4045, 
        13110
      ], 
      "5": [
        0, 
        0, 
        0, 
        0
      ], 
      "50": [
        7502, 
        6207, 
        7014, 
        3249
      ], 
      "51": [
        367, 
        277, 
        324, 
        76
      ], 
      "52": [
        7502, 
        6207, 
        7014, 
        3249
      ], 
      "53": [
        12607, 
        25290, 
        15830, 
        49693
      ], 
      "54": [
        4224, 
        3580, 
        4023, 
        2041
      ], 
      "55": [
        35, 
        24, 
        40, 
        12
      ], 
      "56": [
        3131, 
        2616, 
        2967, 
        1520
      ], 
      "57": [
        1, 
        1, 
        1, 
        1
      ], 
      "58": [
        4, 
        4, 
        4, 
        4
      ], 
      "59": [
        47, 
        47, 
        48, 
        47
      ], 
      "6": [
        0, 
        0, 
        0, 
        0
      ], 
      "60": [
        14, 
        13, 
        13, 
        12
      ], 
      "61": [
        25045, 
        20296, 
        23288, 
        9621
      ], 
      "62": [
        372, 
        372, 
        372, 
        372
      ], 
      "63": [
        0, 
        8, 
        8, 
        0
      ], 
      "7": [
        0, 
        0, 
        0, 
        0
      ], 
      "8": [
        0, 
        0, 
        0, 
        0
      ], 
      "9": [
        0, 
        0, 
        0, 
        0
      ]
    }
  }, 
  "features": {
    "GWS": [
      16, 
      16, 
      64
    ], 
    "LWS": [
      4, 
      1, 
      64
    ], 
    "OFFSET": [
      0, 
      0, 
      0
    ], 
    "compiler name": "ARM Mali OpenCL", 
    "compiler version": "5.0", 
    "cpu_freq": 1600, 
    "gpu_freq": 266, 
    "image cols": 633, 
    "image rows": 921, 
    "pool_dir": "pool.01", 
    "program version": "c597087", 
    "size": 16
  }, 
  "meta": {
    "device name": "Mali-T604", 
    "device type": "GPU", 
    "device vendor": "ARM", 
    "experiment type": "benchmarking", 
    "kernel name": "calc_histogram", 
    "program name": "Realeyes HOG"
  }, 
  "tags": [
    "demo", 
    "arm", 
    "codegen15"
  ], 
  "work": {
    "repl": 2, 
    "timestamp": "2015-02-22T02:06:05.494649"
  }
}