{
  "characteristics": {
    "cpu": 0.022147, 
    "gpu_copy": 0.013844, 
    "gpu_only": 0.011134, 
    "is_gpu_better": true, 
    "l2 cache and mmu counters": {
      "0": 3807798721, 
      "1": 17, 
      "10": 0, 
      "11": 0, 
      "12": 0, 
      "13": 0, 
      "14": 0, 
      "15": 0, 
      "16": 9, 
      "17": 3, 
      "18": 250, 
      "19": 6, 
      "2": 65535, 
      "20": 0, 
      "21": 0, 
      "22": 0, 
      "23": 0, 
      "24": 0, 
      "25": 0, 
      "26": 0, 
      "27": 0, 
      "28": 0, 
      "29": 0, 
      "3": 0, 
      "30": 2435, 
      "31": 18680, 
      "32": 2204441, 
      "33": 1817935, 
      "34": 1815567, 
      "35": 151438, 
      "36": 165622, 
      "37": 1759482, 
      "38": 0, 
      "39": 215576, 
      "4": 1981, 
      "40": 209104, 
      "41": 585, 
      "42": 0, 
      "43": 215069, 
      "44": 0, 
      "45": 64, 
      "46": 0, 
      "47": 0, 
      "48": 4670, 
      "49": 4670, 
      "5": 69, 
      "50": 615, 
      "51": 535, 
      "52": 8, 
      "53": 2, 
      "54": 0, 
      "55": 0, 
      "56": 0, 
      "57": 34, 
      "58": 0, 
      "59": 0, 
      "6": 19, 
      "60": 0, 
      "61": 51624, 
      "62": 1886250, 
      "63": 1523152, 
      "7": 97, 
      "8": 47, 
      "9": 0
    }, 
    "shader core counters": {
      "0": [
        3807798721, 
        3807798721, 
        3807798721, 
        3807798721
      ], 
      "1": [
        17, 
        17, 
        17, 
        17
      ], 
      "10": [
        0, 
        0, 
        0, 
        0
      ], 
      "11": [
        0, 
        0, 
        0, 
        0
      ], 
      "12": [
        0, 
        0, 
        0, 
        0
      ], 
      "13": [
        0, 
        0, 
        0, 
        0
      ], 
      "14": [
        0, 
        0, 
        0, 
        0
      ], 
      "15": [
        0, 
        0, 
        0, 
        0
      ], 
      "16": [
        0, 
        0, 
        0, 
        0
      ], 
      "17": [
        0, 
        0, 
        0, 
        0
      ], 
      "18": [
        0, 
        0, 
        0, 
        0
      ], 
      "19": [
        0, 
        0, 
        0, 
        0
      ], 
      "2": [
        65535, 
        65535, 
        65535, 
        65535
      ], 
      "20": [
        0, 
        0, 
        0, 
        0
      ], 
      "21": [
        0, 
        0, 
        0, 
        0
      ], 
      "22": [
        2953195, 
        2957384, 
        2957235, 
        2961341
      ], 
      "23": [
        648, 
        537, 
        633, 
        230
      ], 
      "24": [
        82944, 
        68736, 
        81024, 
        29440
      ], 
      "25": [
        8420, 
        9789, 
        6706, 
        43698
      ], 
      "26": [
        2952818, 
        2957001, 
        2956859, 
        2960970
      ], 
      "27": [
        1465930, 
        1225956, 
        1436068, 
        541116
      ], 
      "28": [
        89227, 
        63573, 
        84533, 
        24897
      ], 
      "29": [
        1366736, 
        1530621, 
        1401605, 
        1382247
      ], 
      "3": [
        0, 
        0, 
        0, 
        0
      ], 
      "30": [
        0, 
        0, 
        0, 
        0
      ], 
      "31": [
        983486, 
        829028, 
        964710, 
        391936
      ], 
      "32": [
        2102007, 
        2435394, 
        2167291, 
        2884598
      ], 
      "33": [
        0, 
        0, 
        0, 
        0
      ], 
      "34": [
        1118521, 
        1606366, 
        1202581, 
        2492662
      ], 
      "35": [
        0, 
        0, 
        0, 
        0
      ], 
      "36": [
        0, 
        0, 
        0, 
        0
      ], 
      "37": [
        0, 
        0, 
        0, 
        0
      ], 
      "38": [
        0, 
        0, 
        0, 
        0
      ], 
      "39": [
        0, 
        0, 
        0, 
        0
      ], 
      "4": [
        0, 
        0, 
        0, 
        0
      ], 
      "40": [
        0, 
        0, 
        0, 
        0
      ], 
      "41": [
        0, 
        0, 
        0, 
        0
      ], 
      "42": [
        0, 
        0, 
        0, 
        0
      ], 
      "43": [
        0, 
        0, 
        0, 
        0
      ], 
      "44": [
        0, 
        0, 
        0, 
        0
      ], 
      "45": [
        0, 
        0, 
        0, 
        0
      ], 
      "46": [
        0, 
        0, 
        0, 
        0
      ], 
      "47": [
        0, 
        0, 
        0, 
        0
      ], 
      "48": [
        159232, 
        131984, 
        156128, 
        56592
      ], 
      "49": [
        41625, 
        103807, 
        53360, 
        199628
      ], 
      "5": [
        0, 
        0, 
        0, 
        0
      ], 
      "50": [
        121883, 
        104489, 
        119713, 
        53916
      ], 
      "51": [
        5779, 
        4455, 
        5431, 
        1351
      ], 
      "52": [
        121883, 
        104489, 
        119713, 
        53916
      ], 
      "53": [
        222883, 
        422233, 
        254889, 
        852631
      ], 
      "54": [
        62254, 
        55912, 
        60400, 
        31280
      ], 
      "55": [
        438, 
        376, 
        338, 
        108
      ], 
      "56": [
        48992, 
        44133, 
        47889, 
        24914
      ], 
      "57": [
        1, 
        1, 
        1, 
        1
      ], 
      "58": [
        4, 
        4, 
        4, 
        4
      ], 
      "59": [
        47, 
        47, 
        48, 
        47
      ], 
      "6": [
        0, 
        0, 
        0, 
        0
      ], 
      "60": [
        276, 
        270, 
        240, 
        187
      ], 
      "61": [
        402999, 
        340962, 
        395555, 
        164424
      ], 
      "62": [
        372, 
        372, 
        372, 
        372
      ], 
      "63": [
        8, 
        0, 
        16, 
        0
      ], 
      "7": [
        0, 
        0, 
        0, 
        0
      ], 
      "8": [
        0, 
        0, 
        0, 
        0
      ], 
      "9": [
        0, 
        0, 
        0, 
        0
      ]
    }
  }, 
  "features": {
    "GWS": [
      64, 
      64, 
      64
    ], 
    "LWS": [
      4, 
      1, 
      64
    ], 
    "OFFSET": [
      0, 
      0, 
      0
    ], 
    "compiler name": "ARM Mali OpenCL", 
    "compiler version": "5.0", 
    "cpu_freq": 1600, 
    "gpu_freq": 266, 
    "image cols": 1072, 
    "image rows": 804, 
    "pool_dir": "pool.22", 
    "program version": "c597087", 
    "size": 64
  }, 
  "meta": {
    "device name": "Mali-T604", 
    "device type": "GPU", 
    "device vendor": "ARM", 
    "experiment type": "benchmarking", 
    "kernel name": "calc_histogram", 
    "program name": "Realeyes HOG"
  }, 
  "tags": [
    "demo", 
    "arm", 
    "codegen15"
  ], 
  "work": {
    "repl": 0, 
    "timestamp": "2015-02-22T02:13:42.895255"
  }
}