{
  "characteristics": {
    "cpu": 0.002942, 
    "gpu_copy": 0.012453, 
    "gpu_only": 0.000348, 
    "is_gpu_better": false, 
    "l2 cache and mmu counters": {
      "0": 3019977705, 
      "1": 10, 
      "10": 0, 
      "11": 0, 
      "12": 0, 
      "13": 0, 
      "14": 0, 
      "15": 0, 
      "16": 9, 
      "17": 3, 
      "18": 220, 
      "19": 7, 
      "2": 65535, 
      "20": 0, 
      "21": 0, 
      "22": 0, 
      "23": 0, 
      "24": 0, 
      "25": 0, 
      "26": 0, 
      "27": 0, 
      "28": 0, 
      "29": 0, 
      "3": 0, 
      "30": 846, 
      "31": 4524, 
      "32": 137524, 
      "33": 109539, 
      "34": 107392, 
      "35": 9348, 
      "36": 9824, 
      "37": 104965, 
      "38": 0, 
      "39": 13955, 
      "4": 1658, 
      "40": 13565, 
      "41": 111, 
      "42": 0, 
      "43": 13881, 
      "44": 0, 
      "45": 42, 
      "46": 0, 
      "47": 0, 
      "48": 1131, 
      "49": 1131, 
      "5": 275, 
      "50": 215, 
      "51": 181, 
      "52": 4, 
      "53": 2, 
      "54": 0, 
      "55": 0, 
      "56": 0, 
      "57": 0, 
      "58": 31, 
      "59": 0, 
      "6": 59, 
      "60": 0, 
      "61": 3308, 
      "62": 110406, 
      "63": 85678, 
      "7": 369, 
      "8": 251, 
      "9": 0
    }, 
    "shader core counters": {
      "0": [
        3019977705, 
        3019977705, 
        3019977705, 
        3019977705
      ], 
      "1": [
        10, 
        10, 
        10, 
        10
      ], 
      "10": [
        0, 
        0, 
        0, 
        0
      ], 
      "11": [
        0, 
        0, 
        0, 
        0
      ], 
      "12": [
        0, 
        0, 
        0, 
        0
      ], 
      "13": [
        0, 
        0, 
        0, 
        0
      ], 
      "14": [
        0, 
        0, 
        0, 
        0
      ], 
      "15": [
        0, 
        0, 
        0, 
        0
      ], 
      "16": [
        0, 
        0, 
        0, 
        0
      ], 
      "17": [
        0, 
        0, 
        0, 
        0
      ], 
      "18": [
        0, 
        0, 
        0, 
        0
      ], 
      "19": [
        0, 
        0, 
        0, 
        0
      ], 
      "2": [
        65535, 
        65535, 
        65535, 
        65535
      ], 
      "20": [
        0, 
        0, 
        0, 
        0
      ], 
      "21": [
        0, 
        0, 
        0, 
        0
      ], 
      "22": [
        180739, 
        182058, 
        184597, 
        185184
      ], 
      "23": [
        39, 
        33, 
        35, 
        21
      ], 
      "24": [
        4992, 
        4224, 
        4480, 
        2688
      ], 
      "25": [
        7415, 
        13411, 
        15024, 
        35882
      ], 
      "26": [
        180316, 
        181633, 
        184180, 
        184770
      ], 
      "27": [
        84916, 
        73598, 
        82442, 
        46330
      ], 
      "28": [
        5152, 
        4207, 
        4628, 
        2270
      ], 
      "29": [
        79085, 
        81113, 
        83427, 
        79395
      ], 
      "3": [
        0, 
        0, 
        0, 
        0
      ], 
      "30": [
        0, 
        0, 
        0, 
        0
      ], 
      "31": [
        56424, 
        49068, 
        55126, 
        31994
      ], 
      "32": [
        127697, 
        141084, 
        131311, 
        161386
      ], 
      "33": [
        0, 
        0, 
        0, 
        0
      ], 
      "34": [
        71273, 
        92016, 
        76185, 
        129392
      ], 
      "35": [
        0, 
        0, 
        0, 
        0
      ], 
      "36": [
        0, 
        0, 
        0, 
        0
      ], 
      "37": [
        0, 
        0, 
        0, 
        0
      ], 
      "38": [
        0, 
        0, 
        0, 
        0
      ], 
      "39": [
        0, 
        0, 
        0, 
        0
      ], 
      "4": [
        0, 
        0, 
        0, 
        0
      ], 
      "40": [
        0, 
        0, 
        0, 
        0
      ], 
      "41": [
        0, 
        0, 
        0, 
        0
      ], 
      "42": [
        0, 
        0, 
        0, 
        0
      ], 
      "43": [
        0, 
        0, 
        0, 
        0
      ], 
      "44": [
        0, 
        0, 
        0, 
        0
      ], 
      "45": [
        0, 
        0, 
        0, 
        0
      ], 
      "46": [
        0, 
        0, 
        0, 
        0
      ], 
      "47": [
        0, 
        0, 
        0, 
        0
      ], 
      "48": [
        9208, 
        7920, 
        9288, 
        4816
      ], 
      "49": [
        3665, 
        7528, 
        4811, 
        14363
      ], 
      "5": [
        0, 
        0, 
        0, 
        0
      ], 
      "50": [
        6878, 
        6075, 
        6689, 
        4190
      ], 
      "51": [
        343, 
        221, 
        318, 
        124
      ], 
      "52": [
        6878, 
        6075, 
        6689, 
        4190
      ], 
      "53": [
        13604, 
        21481, 
        15576, 
        36004
      ], 
      "54": [
        4149, 
        3218, 
        3948, 
        2339
      ], 
      "55": [
        26, 
        22, 
        30, 
        25
      ], 
      "56": [
        3081, 
        2299, 
        2891, 
        1568
      ], 
      "57": [
        1, 
        1, 
        1, 
        1
      ], 
      "58": [
        3, 
        3, 
        3, 
        3
      ], 
      "59": [
        47, 
        47, 
        48, 
        47
      ], 
      "6": [
        0, 
        0, 
        0, 
        0
      ], 
      "60": [
        227, 
        218, 
        201, 
        146
      ], 
      "61": [
        22964, 
        20070, 
        22667, 
        13197
      ], 
      "62": [
        372, 
        372, 
        372, 
        372
      ], 
      "63": [
        0, 
        0, 
        8, 
        0
      ], 
      "7": [
        0, 
        0, 
        0, 
        0
      ], 
      "8": [
        0, 
        0, 
        0, 
        0
      ], 
      "9": [
        0, 
        0, 
        0, 
        0
      ]
    }
  }, 
  "features": {
    "GWS": [
      16, 
      16, 
      64
    ], 
    "LWS": [
      4, 
      1, 
      64
    ], 
    "OFFSET": [
      0, 
      0, 
      0
    ], 
    "compiler name": "ARM Mali OpenCL", 
    "compiler version": "5.0", 
    "cpu_freq": 800, 
    "gpu_freq": 533, 
    "image cols": 2582, 
    "image rows": 1940, 
    "pool_dir": "pool.06", 
    "program version": "c597087", 
    "size": 16
  }, 
  "meta": {
    "device name": "Mali-T604", 
    "device type": "GPU", 
    "device vendor": "ARM", 
    "experiment type": "benchmarking", 
    "kernel name": "calc_histogram", 
    "program name": "Realeyes HOG"
  }, 
  "tags": [
    "demo", 
    "arm", 
    "codegen15"
  ], 
  "work": {
    "repl": 3, 
    "timestamp": "2015-02-22T01:52:17.441098"
  }
}