{
  "characteristics": {
    "cpu": 0.001698, 
    "gpu_copy": 0.002349, 
    "gpu_only": 0.000372, 
    "is_gpu_better": false, 
    "l2 cache and mmu counters": {
      "0": 2400568398, 
      "1": 22, 
      "10": 0, 
      "11": 0, 
      "12": 0, 
      "13": 0, 
      "14": 0, 
      "15": 0, 
      "16": 8, 
      "17": 3, 
      "18": 447, 
      "19": 4, 
      "2": 65535, 
      "20": 0, 
      "21": 0, 
      "22": 0, 
      "23": 0, 
      "24": 0, 
      "25": 0, 
      "26": 0, 
      "27": 0, 
      "28": 0, 
      "29": 0, 
      "3": 0, 
      "30": 782, 
      "31": 3968, 
      "32": 142271, 
      "33": 113722, 
      "34": 111523, 
      "35": 9452, 
      "36": 10116, 
      "37": 109295, 
      "38": 0, 
      "39": 14206, 
      "4": 137, 
      "40": 13787, 
      "41": 83, 
      "42": 0, 
      "43": 14152, 
      "44": 0, 
      "45": 37, 
      "46": 0, 
      "47": 0, 
      "48": 992, 
      "49": 992, 
      "5": 58, 
      "50": 201, 
      "51": 171, 
      "52": 4, 
      "53": 2, 
      "54": 0, 
      "55": 0, 
      "56": 0, 
      "57": 0, 
      "58": 63, 
      "59": 0, 
      "6": 67, 
      "60": 0, 
      "61": 3422, 
      "62": 114256, 
      "63": 90752, 
      "7": 140, 
      "8": 41, 
      "9": 0
    }, 
    "shader core counters": {
      "0": [
        2400568398, 
        2400568398, 
        2400568398, 
        2400568398
      ], 
      "1": [
        22, 
        22, 
        22, 
        22
      ], 
      "10": [
        0, 
        0, 
        0, 
        0
      ], 
      "11": [
        0, 
        0, 
        0, 
        0
      ], 
      "12": [
        0, 
        0, 
        0, 
        0
      ], 
      "13": [
        0, 
        0, 
        0, 
        0
      ], 
      "14": [
        0, 
        0, 
        0, 
        0
      ], 
      "15": [
        0, 
        0, 
        0, 
        0
      ], 
      "16": [
        0, 
        0, 
        0, 
        0
      ], 
      "17": [
        0, 
        0, 
        0, 
        0
      ], 
      "18": [
        0, 
        0, 
        0, 
        0
      ], 
      "19": [
        0, 
        0, 
        0, 
        0
      ], 
      "2": [
        65535, 
        65535, 
        65535, 
        65535
      ], 
      "20": [
        0, 
        0, 
        0, 
        0
      ], 
      "21": [
        0, 
        0, 
        0, 
        0
      ], 
      "22": [
        194617, 
        191066, 
        193661, 
        198011
      ], 
      "23": [
        40, 
        33, 
        39, 
        16
      ], 
      "24": [
        5120, 
        4224, 
        4992, 
        2048
      ], 
      "25": [
        7336, 
        7102, 
        10280, 
        8209
      ], 
      "26": [
        194192, 
        190638, 
        193238, 
        197588
      ], 
      "27": [
        92184, 
        71954, 
        89262, 
        35830
      ], 
      "28": [
        5467, 
        3642, 
        5263, 
        1900
      ], 
      "29": [
        85003, 
        86399, 
        83283, 
        73225
      ], 
      "3": [
        0, 
        0, 
        0, 
        0
      ], 
      "30": [
        0, 
        0, 
        0, 
        0
      ], 
      "31": [
        61054, 
        49056, 
        59460, 
        26336
      ], 
      "32": [
        134967, 
        155619, 
        137056, 
        182578
      ], 
      "33": [
        0, 
        0, 
        0, 
        0
      ], 
      "34": [
        73913, 
        106563, 
        77596, 
        156242
      ], 
      "35": [
        0, 
        0, 
        0, 
        0
      ], 
      "36": [
        0, 
        0, 
        0, 
        0
      ], 
      "37": [
        0, 
        0, 
        0, 
        0
      ], 
      "38": [
        0, 
        0, 
        0, 
        0
      ], 
      "39": [
        0, 
        0, 
        0, 
        0
      ], 
      "4": [
        0, 
        0, 
        0, 
        0
      ], 
      "40": [
        0, 
        0, 
        0, 
        0
      ], 
      "41": [
        0, 
        0, 
        0, 
        0
      ], 
      "42": [
        0, 
        0, 
        0, 
        0
      ], 
      "43": [
        0, 
        0, 
        0, 
        0
      ], 
      "44": [
        0, 
        0, 
        0, 
        0
      ], 
      "45": [
        0, 
        0, 
        0, 
        0
      ], 
      "46": [
        0, 
        0, 
        0, 
        0
      ], 
      "47": [
        0, 
        0, 
        0, 
        0
      ], 
      "48": [
        10112, 
        7656, 
        9736, 
        3728
      ], 
      "49": [
        4099, 
        8712, 
        4561, 
        14777
      ], 
      "5": [
        0, 
        0, 
        0, 
        0
      ], 
      "50": [
        7455, 
        6228, 
        7325, 
        3648
      ], 
      "51": [
        349, 
        287, 
        335, 
        84
      ], 
      "52": [
        7455, 
        6228, 
        7325, 
        3648
      ], 
      "53": [
        14177, 
        26976, 
        15444, 
        49887
      ], 
      "54": [
        4306, 
        3657, 
        3832, 
        2088
      ], 
      "55": [
        37, 
        29, 
        30, 
        9
      ], 
      "56": [
        3152, 
        2681, 
        2813, 
        1470
      ], 
      "57": [
        1, 
        1, 
        1, 
        1
      ], 
      "58": [
        3, 
        3, 
        3, 
        3
      ], 
      "59": [
        47, 
        47, 
        48, 
        47
      ], 
      "6": [
        0, 
        0, 
        0, 
        0
      ], 
      "60": [
        14, 
        15, 
        15, 
        15
      ], 
      "61": [
        25023, 
        20112, 
        24386, 
        11024
      ], 
      "62": [
        372, 
        372, 
        372, 
        372
      ], 
      "63": [
        8, 
        0, 
        8, 
        0
      ], 
      "7": [
        0, 
        0, 
        0, 
        0
      ], 
      "8": [
        0, 
        0, 
        0, 
        0
      ], 
      "9": [
        0, 
        0, 
        0, 
        0
      ]
    }
  }, 
  "features": {
    "GWS": [
      16, 
      16, 
      64
    ], 
    "LWS": [
      4, 
      1, 
      64
    ], 
    "OFFSET": [
      0, 
      0, 
      0
    ], 
    "compiler name": "ARM Mali OpenCL", 
    "compiler version": "5.0", 
    "cpu_freq": 1600, 
    "gpu_freq": 533, 
    "image cols": 816, 
    "image rows": 612, 
    "pool_dir": "pool.21", 
    "program version": "c597087", 
    "size": 16
  }, 
  "meta": {
    "device name": "Mali-T604", 
    "device type": "GPU", 
    "device vendor": "ARM", 
    "experiment type": "benchmarking", 
    "kernel name": "calc_histogram", 
    "program name": "Realeyes HOG"
  }, 
  "tags": [
    "demo", 
    "arm", 
    "codegen15"
  ], 
  "work": {
    "repl": 1, 
    "timestamp": "2015-02-22T02:27:39.056324"
  }
}