{
  "characteristics": {
    "cpu": 0.002045, 
    "gpu_copy": 0.007911, 
    "gpu_only": 0.000441, 
    "is_gpu_better": false, 
    "l2 cache and mmu counters": {
      "0": 556767903, 
      "1": 12, 
      "10": 0, 
      "11": 0, 
      "12": 0, 
      "13": 0, 
      "14": 0, 
      "15": 0, 
      "16": 8, 
      "17": 3, 
      "18": 345, 
      "19": 4, 
      "2": 65535, 
      "20": 0, 
      "21": 0, 
      "22": 0, 
      "23": 0, 
      "24": 0, 
      "25": 0, 
      "26": 0, 
      "27": 0, 
      "28": 0, 
      "29": 0, 
      "3": 0, 
      "30": 915, 
      "31": 5860, 
      "32": 171867, 
      "33": 136600, 
      "34": 134199, 
      "35": 11697, 
      "36": 12334, 
      "37": 131173, 
      "38": 0, 
      "39": 18624, 
      "4": 2882, 
      "40": 18127, 
      "41": 145, 
      "42": 0, 
      "43": 18527, 
      "44": 0, 
      "45": 59, 
      "46": 0, 
      "47": 0, 
      "48": 1465, 
      "49": 1465, 
      "5": 329, 
      "50": 237, 
      "51": 190, 
      "52": 8, 
      "53": 2, 
      "54": 0, 
      "55": 0, 
      "56": 0, 
      "57": 0, 
      "58": 56, 
      "59": 0, 
      "6": 76, 
      "60": 0, 
      "61": 3772, 
      "62": 138607, 
      "63": 103252, 
      "7": 411, 
      "8": 278, 
      "9": 0
    }, 
    "shader core counters": {
      "0": [
        556767903, 
        556767903, 
        556767903, 
        556767903
      ], 
      "1": [
        12, 
        12, 
        12, 
        12
      ], 
      "10": [
        0, 
        0, 
        0, 
        0
      ], 
      "11": [
        0, 
        0, 
        0, 
        0
      ], 
      "12": [
        0, 
        0, 
        0, 
        0
      ], 
      "13": [
        0, 
        0, 
        0, 
        0
      ], 
      "14": [
        0, 
        0, 
        0, 
        0
      ], 
      "15": [
        0, 
        0, 
        0, 
        0
      ], 
      "16": [
        0, 
        0, 
        0, 
        0
      ], 
      "17": [
        0, 
        0, 
        0, 
        0
      ], 
      "18": [
        0, 
        0, 
        0, 
        0
      ], 
      "19": [
        0, 
        0, 
        0, 
        0
      ], 
      "2": [
        65535, 
        65535, 
        65535, 
        65535
      ], 
      "20": [
        0, 
        0, 
        0, 
        0
      ], 
      "21": [
        0, 
        0, 
        0, 
        0
      ], 
      "22": [
        230763, 
        226918, 
        234639, 
        233747
      ], 
      "23": [
        39, 
        30, 
        33, 
        26
      ], 
      "24": [
        4992, 
        3840, 
        4224, 
        3328
      ], 
      "25": [
        5836, 
        10932, 
        6656, 
        6439
      ], 
      "26": [
        230202, 
        226358, 
        234085, 
        233190
      ], 
      "27": [
        108750, 
        87044, 
        108324, 
        66552
      ], 
      "28": [
        6715, 
        4900, 
        6468, 
        3559
      ], 
      "29": [
        100181, 
        104276, 
        104429, 
        105223
      ], 
      "3": [
        0, 
        0, 
        0, 
        0
      ], 
      "30": [
        0, 
        0, 
        0, 
        0
      ], 
      "31": [
        72700, 
        57892, 
        71148, 
        45316
      ], 
      "32": [
        165278, 
        179090, 
        175640, 
        209157
      ], 
      "33": [
        0, 
        0, 
        0, 
        0
      ], 
      "34": [
        92578, 
        121198, 
        104492, 
        163841
      ], 
      "35": [
        0, 
        0, 
        0, 
        0
      ], 
      "36": [
        0, 
        0, 
        0, 
        0
      ], 
      "37": [
        0, 
        0, 
        0, 
        0
      ], 
      "38": [
        0, 
        0, 
        0, 
        0
      ], 
      "39": [
        0, 
        0, 
        0, 
        0
      ], 
      "4": [
        0, 
        0, 
        0, 
        0
      ], 
      "40": [
        0, 
        0, 
        0, 
        0
      ], 
      "41": [
        0, 
        0, 
        0, 
        0
      ], 
      "42": [
        0, 
        0, 
        0, 
        0
      ], 
      "43": [
        0, 
        0, 
        0, 
        0
      ], 
      "44": [
        0, 
        0, 
        0, 
        0
      ], 
      "45": [
        0, 
        0, 
        0, 
        0
      ], 
      "46": [
        0, 
        0, 
        0, 
        0
      ], 
      "47": [
        0, 
        0, 
        0, 
        0
      ], 
      "48": [
        11280, 
        8880, 
        11088, 
        6640
      ], 
      "49": [
        5725, 
        10450, 
        6455, 
        18742
      ], 
      "5": [
        0, 
        0, 
        0, 
        0
      ], 
      "50": [
        9421, 
        7603, 
        9345, 
        6083
      ], 
      "51": [
        443, 
        304, 
        471, 
        178
      ], 
      "52": [
        9421, 
        7603, 
        9345, 
        6083
      ], 
      "53": [
        15411, 
        28269, 
        19729, 
        44564
      ], 
      "54": [
        5143, 
        4440, 
        5375, 
        3229
      ], 
      "55": [
        43, 
        23, 
        42, 
        18
      ], 
      "56": [
        3448, 
        3044, 
        3692, 
        2173
      ], 
      "57": [
        1, 
        1, 
        1, 
        1
      ], 
      "58": [
        4, 
        4, 
        4, 
        4
      ], 
      "59": [
        49, 
        47, 
        47, 
        47
      ], 
      "6": [
        0, 
        0, 
        0, 
        0
      ], 
      "60": [
        403, 
        327, 
        408, 
        232
      ], 
      "61": [
        30122, 
        24086, 
        29778, 
        18806
      ], 
      "62": [
        372, 
        372, 
        372, 
        372
      ], 
      "63": [
        16, 
        0, 
        0, 
        0
      ], 
      "7": [
        0, 
        0, 
        0, 
        0
      ], 
      "8": [
        0, 
        0, 
        0, 
        0
      ], 
      "9": [
        0, 
        0, 
        0, 
        0
      ]
    }
  }, 
  "features": {
    "GWS": [
      16, 
      16, 
      64
    ], 
    "LWS": [
      4, 
      1, 
      64
    ], 
    "OFFSET": [
      0, 
      0, 
      0
    ], 
    "compiler name": "ARM Mali OpenCL", 
    "compiler version": "5.0", 
    "cpu_freq": 1600, 
    "gpu_freq": 533, 
    "image cols": 2174, 
    "image rows": 2215, 
    "pool_dir": "pool.00", 
    "program version": "c597087", 
    "size": 16
  }, 
  "meta": {
    "device name": "Mali-T604", 
    "device type": "GPU", 
    "device vendor": "ARM", 
    "experiment type": "benchmarking", 
    "kernel name": "calc_histogram", 
    "program name": "Realeyes HOG"
  }, 
  "tags": [
    "demo", 
    "arm", 
    "codegen15"
  ], 
  "work": {
    "repl": 1, 
    "timestamp": "2015-02-22T01:56:32.646088"
  }
}