{
  "characteristics": {
    "cpu": 0.177624, 
    "gpu_copy": 0.04875, 
    "gpu_only": 0.045647, 
    "is_gpu_better": true, 
    "l2 cache and mmu counters": {
      "0": 1377018409, 
      "1": 13, 
      "10": 0, 
      "11": 0, 
      "12": 0, 
      "13": 0, 
      "14": 0, 
      "15": 0, 
      "16": 8, 
      "17": 3, 
      "18": 127, 
      "19": 4, 
      "2": 65535, 
      "20": 0, 
      "21": 0, 
      "22": 0, 
      "23": 0, 
      "24": 0, 
      "25": 0, 
      "26": 0, 
      "27": 0, 
      "28": 0, 
      "29": 0, 
      "3": 0, 
      "30": 5888, 
      "31": 44480, 
      "32": 9057248, 
      "33": 7466086, 
      "34": 7460213, 
      "35": 622773, 
      "36": 679019, 
      "37": 7245834, 
      "38": 0, 
      "39": 903436, 
      "4": 152, 
      "40": 877186, 
      "41": 1811, 
      "42": 0, 
      "43": 901750, 
      "44": 0, 
      "45": 96, 
      "46": 0, 
      "47": 0, 
      "48": 11120, 
      "49": 11120, 
      "5": 60, 
      "50": 1477, 
      "51": 1369, 
      "52": 6, 
      "53": 2, 
      "54": 0, 
      "55": 0, 
      "56": 0, 
      "57": 89, 
      "58": 0, 
      "59": 0, 
      "6": 30, 
      "60": 0, 
      "61": 207239, 
      "62": 7782981, 
      "63": 6218575, 
      "7": 91, 
      "8": 38, 
      "9": 0
    }, 
    "shader core counters": {
      "0": [
        1377018409, 
        1377018409, 
        1377018409, 
        1377018409
      ], 
      "1": [
        13, 
        13, 
        13, 
        13
      ], 
      "10": [
        0, 
        0, 
        0, 
        0
      ], 
      "11": [
        0, 
        0, 
        0, 
        0
      ], 
      "12": [
        0, 
        0, 
        0, 
        0
      ], 
      "13": [
        0, 
        0, 
        0, 
        0
      ], 
      "14": [
        0, 
        0, 
        0, 
        0
      ], 
      "15": [
        0, 
        0, 
        0, 
        0
      ], 
      "16": [
        0, 
        0, 
        0, 
        0
      ], 
      "17": [
        0, 
        0, 
        0, 
        0
      ], 
      "18": [
        0, 
        0, 
        0, 
        0
      ], 
      "19": [
        0, 
        0, 
        0, 
        0
      ], 
      "2": [
        65535, 
        65535, 
        65535, 
        65535
      ], 
      "20": [
        0, 
        0, 
        0, 
        0
      ], 
      "21": [
        0, 
        0, 
        0, 
        0
      ], 
      "22": [
        12141753, 
        12140289, 
        12141299, 
        12133679
      ], 
      "23": [
        2579, 
        2149, 
        2499, 
        965
      ], 
      "24": [
        330112, 
        275072, 
        319872, 
        123520
      ], 
      "25": [
        7048, 
        22141, 
        6702, 
        153915
      ], 
      "26": [
        12141333, 
        12139863, 
        12140880, 
        12133258
      ], 
      "27": [
        6061488, 
        5102036, 
        5918396, 
        2349928
      ], 
      "28": [
        368375, 
        270003, 
        350161, 
        107621
      ], 
      "29": [
        5611493, 
        6241066, 
        5759557, 
        5776610
      ], 
      "3": [
        0, 
        0, 
        0, 
        0
      ], 
      "30": [
        0, 
        0, 
        0, 
        0
      ], 
      "31": [
        4036350, 
        3429066, 
        3941214, 
        1678096
      ], 
      "32": [
        8652223, 
        9976173, 
        8930990, 
        11792422
      ], 
      "33": [
        0, 
        0, 
        0, 
        0
      ], 
      "34": [
        4615873, 
        6547107, 
        4989776, 
        10114326
      ], 
      "35": [
        0, 
        0, 
        0, 
        0
      ], 
      "36": [
        0, 
        0, 
        0, 
        0
      ], 
      "37": [
        0, 
        0, 
        0, 
        0
      ], 
      "38": [
        0, 
        0, 
        0, 
        0
      ], 
      "39": [
        0, 
        0, 
        0, 
        0
      ], 
      "4": [
        0, 
        0, 
        0, 
        0
      ], 
      "40": [
        0, 
        0, 
        0, 
        0
      ], 
      "41": [
        0, 
        0, 
        0, 
        0
      ], 
      "42": [
        0, 
        0, 
        0, 
        0
      ], 
      "43": [
        0, 
        0, 
        0, 
        0
      ], 
      "44": [
        0, 
        0, 
        0, 
        0
      ], 
      "45": [
        0, 
        0, 
        0, 
        0
      ], 
      "46": [
        0, 
        0, 
        0, 
        0
      ], 
      "47": [
        0, 
        0, 
        0, 
        0
      ], 
      "48": [
        653648, 
        547384, 
        638552, 
        243744
      ], 
      "49": [
        178617, 
        449724, 
        228652, 
        913273
      ], 
      "5": [
        0, 
        0, 
        0, 
        0
      ], 
      "50": [
        500511, 
        431832, 
        489365, 
        229632
      ], 
      "51": [
        23532, 
        18169, 
        22765, 
        5903
      ], 
      "52": [
        500511, 
        431832, 
        489365, 
        229632
      ], 
      "53": [
        907942, 
        1675303, 
        1050910, 
        3333871
      ], 
      "54": [
        258171, 
        233085, 
        253861, 
        134094
      ], 
      "55": [
        1684, 
        1723, 
        1375, 
        500
      ], 
      "56": [
        199317, 
        178957, 
        197914, 
        103276
      ], 
      "57": [
        1, 
        1, 
        1, 
        1
      ], 
      "58": [
        3, 
        3, 
        3, 
        3
      ], 
      "59": [
        47, 
        47, 
        47, 
        47
      ], 
      "6": [
        0, 
        0, 
        0, 
        0
      ], 
      "60": [
        16, 
        17, 
        16, 
        17
      ], 
      "61": [
        1654671, 
        1411049, 
        1617283, 
        703008
      ], 
      "62": [
        372, 
        372, 
        372, 
        372
      ], 
      "63": [
        0, 
        0, 
        0, 
        0
      ], 
      "7": [
        0, 
        0, 
        0, 
        0
      ], 
      "8": [
        0, 
        0, 
        0, 
        0
      ], 
      "9": [
        0, 
        0, 
        0, 
        0
      ]
    }
  }, 
  "features": {
    "GWS": [
      12, 
      12, 
      64
    ], 
    "LWS": [
      4, 
      1, 
      64
    ], 
    "OFFSET": [
      0, 
      0, 
      0
    ], 
    "compiler name": "ARM Mali OpenCL", 
    "compiler version": "5.0", 
    "cpu_freq": 800, 
    "gpu_freq": 266, 
    "image cols": 816, 
    "image rows": 612, 
    "pool_dir": "pool.21", 
    "program version": "c597087", 
    "size": 128
  }, 
  "meta": {
    "device name": "Mali-T604", 
    "device type": "GPU", 
    "device vendor": "ARM", 
    "experiment type": "benchmarking", 
    "kernel name": "calc_histogram", 
    "program name": "Realeyes HOG"
  }, 
  "tags": [
    "demo", 
    "arm", 
    "codegen15"
  ], 
  "work": {
    "repl": 0, 
    "timestamp": "2015-02-22T02:00:05.942139"
  }
}