{
  "characteristics": {
    "cpu": 0.002631, 
    "gpu_copy": 0.015631, 
    "gpu_only": 0.000257, 
    "is_gpu_better": false, 
    "l2 cache and mmu counters": {
      "0": 2449539761, 
      "1": 22, 
      "10": 0, 
      "11": 0, 
      "12": 0, 
      "13": 0, 
      "14": 0, 
      "15": 0, 
      "16": 9, 
      "17": 3, 
      "18": 201, 
      "19": 4, 
      "2": 65535, 
      "20": 0, 
      "21": 0, 
      "22": 0, 
      "23": 0, 
      "24": 0, 
      "25": 0, 
      "26": 0, 
      "27": 0, 
      "28": 0, 
      "29": 0, 
      "3": 0, 
      "30": 802, 
      "31": 3852, 
      "32": 99513, 
      "33": 78532, 
      "34": 76504, 
      "35": 6497, 
      "36": 6888, 
      "37": 74383, 
      "38": 0, 
      "39": 9900, 
      "4": 1258, 
      "40": 9592, 
      "41": 71, 
      "42": 0, 
      "43": 9843, 
      "44": 0, 
      "45": 32, 
      "46": 0, 
      "47": 0, 
      "48": 963, 
      "49": 963, 
      "5": 113, 
      "50": 204, 
      "51": 175, 
      "52": 4, 
      "53": 2, 
      "54": 0, 
      "55": 0, 
      "56": 0, 
      "57": 37, 
      "58": 2, 
      "59": 0, 
      "6": 66, 
      "60": 0, 
      "61": 3139, 
      "62": 75352, 
      "63": 61548, 
      "7": 277, 
      "8": 95, 
      "9": 0
    }, 
    "shader core counters": {
      "0": [
        2449539761, 
        2449539761, 
        2449539761, 
        2449539761
      ], 
      "1": [
        22, 
        22, 
        22, 
        22
      ], 
      "10": [
        0, 
        0, 
        0, 
        0
      ], 
      "11": [
        0, 
        0, 
        0, 
        0
      ], 
      "12": [
        0, 
        0, 
        0, 
        0
      ], 
      "13": [
        0, 
        0, 
        0, 
        0
      ], 
      "14": [
        0, 
        0, 
        0, 
        0
      ], 
      "15": [
        0, 
        0, 
        0, 
        0
      ], 
      "16": [
        0, 
        0, 
        0, 
        0
      ], 
      "17": [
        0, 
        0, 
        0, 
        0
      ], 
      "18": [
        0, 
        0, 
        0, 
        0
      ], 
      "19": [
        0, 
        0, 
        0, 
        0
      ], 
      "2": [
        65535, 
        65535, 
        65535, 
        65535
      ], 
      "20": [
        0, 
        0, 
        0, 
        0
      ], 
      "21": [
        0, 
        0, 
        0, 
        0
      ], 
      "22": [
        136497, 
        136607, 
        135257, 
        136802
      ], 
      "23": [
        38, 
        33, 
        36, 
        21
      ], 
      "24": [
        4864, 
        4224, 
        4608, 
        2688
      ], 
      "25": [
        9420, 
        14890, 
        7123, 
        46683
      ], 
      "26": [
        136068, 
        136176, 
        134831, 
        136383
      ], 
      "27": [
        70040, 
        62538, 
        66880, 
        40118
      ], 
      "28": [
        4756, 
        3808, 
        4384, 
        2112
      ], 
      "29": [
        51430, 
        56247, 
        54024, 
        55278
      ], 
      "3": [
        0, 
        0, 
        0, 
        0
      ], 
      "30": [
        0, 
        0, 
        0, 
        0
      ], 
      "31": [
        44670, 
        39558, 
        43040, 
        26316
      ], 
      "32": [
        91086, 
        102079, 
        94460, 
        111671
      ], 
      "33": [
        0, 
        0, 
        0, 
        0
      ], 
      "34": [
        46416, 
        62521, 
        51420, 
        85355
      ], 
      "35": [
        0, 
        0, 
        0, 
        0
      ], 
      "36": [
        0, 
        0, 
        0, 
        0
      ], 
      "37": [
        0, 
        0, 
        0, 
        0
      ], 
      "38": [
        0, 
        0, 
        0, 
        0
      ], 
      "39": [
        0, 
        0, 
        0, 
        0
      ], 
      "4": [
        0, 
        0, 
        0, 
        0
      ], 
      "40": [
        0, 
        0, 
        0, 
        0
      ], 
      "41": [
        0, 
        0, 
        0, 
        0
      ], 
      "42": [
        0, 
        0, 
        0, 
        0
      ], 
      "43": [
        0, 
        0, 
        0, 
        0
      ], 
      "44": [
        0, 
        0, 
        0, 
        0
      ], 
      "45": [
        0, 
        0, 
        0, 
        0
      ], 
      "46": [
        0, 
        0, 
        0, 
        0
      ], 
      "47": [
        0, 
        0, 
        0, 
        0
      ], 
      "48": [
        8016, 
        7160, 
        7776, 
        4696
      ], 
      "49": [
        2816, 
        5069, 
        3195, 
        8678
      ], 
      "5": [
        0, 
        0, 
        0, 
        0
      ], 
      "50": [
        4847, 
        4295, 
        4676, 
        2945
      ], 
      "51": [
        221, 
        173, 
        230, 
        64
      ], 
      "52": [
        4847, 
        4295, 
        4676, 
        2945
      ], 
      "53": [
        10403, 
        16640, 
        12376, 
        26326
      ], 
      "54": [
        2852, 
        2441, 
        2829, 
        1579
      ], 
      "55": [
        30, 
        18, 
        21, 
        12
      ], 
      "56": [
        2053, 
        1724, 
        2072, 
        1047
      ], 
      "57": [
        1, 
        1, 
        1, 
        1
      ], 
      "58": [
        3, 
        3, 
        3, 
        3
      ], 
      "59": [
        48, 
        47, 
        48, 
        47
      ], 
      "6": [
        0, 
        0, 
        0, 
        0
      ], 
      "60": [
        180, 
        153, 
        163, 
        106
      ], 
      "61": [
        17711, 
        15751, 
        17128, 
        10586
      ], 
      "62": [
        372, 
        372, 
        372, 
        372
      ], 
      "63": [
        8, 
        0, 
        16, 
        0
      ], 
      "7": [
        0, 
        0, 
        0, 
        0
      ], 
      "8": [
        0, 
        0, 
        0, 
        0
      ], 
      "9": [
        0, 
        0, 
        0, 
        0
      ]
    }
  }, 
  "features": {
    "GWS": [
      16, 
      16, 
      64
    ], 
    "LWS": [
      4, 
      1, 
      64
    ], 
    "OFFSET": [
      0, 
      0, 
      0
    ], 
    "compiler name": "ARM Mali OpenCL", 
    "compiler version": "5.0", 
    "cpu_freq": 800, 
    "gpu_freq": 533, 
    "image cols": 3000, 
    "image rows": 1639, 
    "pool_dir": "pool.11", 
    "program version": "c597087", 
    "size": 16
  }, 
  "meta": {
    "device name": "Mali-T604", 
    "device type": "GPU", 
    "device vendor": "ARM", 
    "experiment type": "benchmarking", 
    "kernel name": "calc_histogram", 
    "program name": "Realeyes HOG"
  }, 
  "tags": [
    "demo", 
    "arm", 
    "codegen15"
  ], 
  "work": {
    "repl": 4, 
    "timestamp": "2015-02-22T02:27:41.218988"
  }
}