{
  "characteristics": {
    "cpu": 0.111198, 
    "gpu_copy": 0.057722, 
    "gpu_only": 0.04796, 
    "is_gpu_better": true, 
    "l2 cache and mmu counters": {
      "0": 1543413010, 
      "1": 11, 
      "10": 0, 
      "11": 0, 
      "12": 0, 
      "13": 0, 
      "14": 0, 
      "15": 0, 
      "16": 8, 
      "17": 3, 
      "18": 153, 
      "19": 4, 
      "2": 65535, 
      "20": 0, 
      "21": 0, 
      "22": 0, 
      "23": 0, 
      "24": 0, 
      "25": 0, 
      "26": 0, 
      "27": 0, 
      "28": 0, 
      "29": 0, 
      "3": 0, 
      "30": 10744, 
      "31": 97300, 
      "32": 9379812, 
      "33": 7632285, 
      "34": 7612826, 
      "35": 644370, 
      "36": 687457, 
      "37": 7371517, 
      "38": 0, 
      "39": 1046810, 
      "4": 187232, 
      "40": 1018974, 
      "41": 3902, 
      "42": 0, 
      "43": 1043351, 
      "44": 0, 
      "45": 209, 
      "46": 0, 
      "47": 0, 
      "48": 24325, 
      "49": 24325, 
      "5": 12433, 
      "50": 2693, 
      "51": 2428, 
      "52": 6, 
      "53": 2, 
      "54": 0, 
      "55": 0, 
      "56": 0, 
      "57": 298, 
      "58": 0, 
      "59": 0, 
      "6": 64, 
      "60": 0, 
      "61": 220516, 
      "62": 7965738, 
      "63": 5957189, 
      "7": 1341, 
      "8": 11584, 
      "9": 0
    }, 
    "shader core counters": {
      "0": [
        1543413010, 
        1543413010, 
        1543413010, 
        1543413010
      ], 
      "1": [
        11, 
        11, 
        11, 
        11
      ], 
      "10": [
        0, 
        0, 
        0, 
        0
      ], 
      "11": [
        0, 
        0, 
        0, 
        0
      ], 
      "12": [
        0, 
        0, 
        0, 
        0
      ], 
      "13": [
        0, 
        0, 
        0, 
        0
      ], 
      "14": [
        0, 
        0, 
        0, 
        0
      ], 
      "15": [
        0, 
        0, 
        0, 
        0
      ], 
      "16": [
        0, 
        0, 
        0, 
        0
      ], 
      "17": [
        0, 
        0, 
        0, 
        0
      ], 
      "18": [
        0, 
        0, 
        0, 
        0
      ], 
      "19": [
        0, 
        0, 
        0, 
        0
      ], 
      "2": [
        65535, 
        65535, 
        65535, 
        65535
      ], 
      "20": [
        0, 
        0, 
        0, 
        0
      ], 
      "21": [
        0, 
        0, 
        0, 
        0
      ], 
      "22": [
        12757160, 
        12753357, 
        12755938, 
        12748217
      ], 
      "23": [
        2305, 
        2095, 
        2280, 
        1512
      ], 
      "24": [
        295040, 
        268160, 
        291840, 
        193536
      ], 
      "25": [
        6344, 
        5534, 
        6205, 
        15431
      ], 
      "26": [
        12756799, 
        12752998, 
        12755581, 
        12747863
      ], 
      "27": [
        6694308, 
        6028274, 
        6559752, 
        4315890
      ], 
      "28": [
        453954, 
        378174, 
        437391, 
        238235
      ], 
      "29": [
        5501095, 
        5990299, 
        5637536, 
        6316770
      ], 
      "3": [
        0, 
        0, 
        0, 
        0
      ], 
      "30": [
        0, 
        0, 
        0, 
        0
      ], 
      "31": [
        4303334, 
        3897310, 
        4226198, 
        2825174
      ], 
      "32": [
        9068151, 
        10087136, 
        9334994, 
        11550889
      ], 
      "33": [
        0, 
        0, 
        0, 
        0
      ], 
      "34": [
        4764817, 
        6189826, 
        5108796, 
        8725715
      ], 
      "35": [
        0, 
        0, 
        0, 
        0
      ], 
      "36": [
        0, 
        0, 
        0, 
        0
      ], 
      "37": [
        0, 
        0, 
        0, 
        0
      ], 
      "38": [
        0, 
        0, 
        0, 
        0
      ], 
      "39": [
        0, 
        0, 
        0, 
        0
      ], 
      "4": [
        0, 
        0, 
        0, 
        0
      ], 
      "40": [
        0, 
        0, 
        0, 
        0
      ], 
      "41": [
        0, 
        0, 
        0, 
        0
      ], 
      "42": [
        0, 
        0, 
        0, 
        0
      ], 
      "43": [
        0, 
        0, 
        0, 
        0
      ], 
      "44": [
        0, 
        0, 
        0, 
        0
      ], 
      "45": [
        0, 
        0, 
        0, 
        0
      ], 
      "46": [
        0, 
        0, 
        0, 
        0
      ], 
      "47": [
        0, 
        0, 
        0, 
        0
      ], 
      "48": [
        698808, 
        627744, 
        684168, 
        446880
      ], 
      "49": [
        266301, 
        537784, 
        329359, 
        1034769
      ], 
      "5": [
        0, 
        0, 
        0, 
        0
      ], 
      "50": [
        536201, 
        488791, 
        527477, 
        359989
      ], 
      "51": [
        25323, 
        20955, 
        24227, 
        11917
      ], 
      "52": [
        536201, 
        488791, 
        527477, 
        359989
      ], 
      "53": [
        919035, 
        1418571, 
        1037938, 
        2386216
      ], 
      "54": [
        285054, 
        263034, 
        279412, 
        195581
      ], 
      "55": [
        1927, 
        1650, 
        2231, 
        1618
      ], 
      "56": [
        191972, 
        177616, 
        189253, 
        130904
      ], 
      "57": [
        1, 
        1, 
        1, 
        1
      ], 
      "58": [
        3, 
        3, 
        3, 
        3
      ], 
      "59": [
        49, 
        47, 
        47, 
        48
      ], 
      "6": [
        0, 
        0, 
        0, 
        0
      ], 
      "60": [
        25262, 
        22799, 
        24830, 
        16138
      ], 
      "61": [
        1771211, 
        1605327, 
        1739123, 
        1166859
      ], 
      "62": [
        372, 
        372, 
        372, 
        372
      ], 
      "63": [
        16, 
        0, 
        0, 
        8
      ], 
      "7": [
        0, 
        0, 
        0, 
        0
      ], 
      "8": [
        0, 
        0, 
        0, 
        0
      ], 
      "9": [
        0, 
        0, 
        0, 
        0
      ]
    }
  }, 
  "features": {
    "GWS": [
      12, 
      12, 
      64
    ], 
    "LWS": [
      4, 
      1, 
      64
    ], 
    "OFFSET": [
      0, 
      0, 
      0
    ], 
    "compiler name": "ARM Mali OpenCL", 
    "compiler version": "5.0", 
    "cpu_freq": 1600, 
    "gpu_freq": 266, 
    "image cols": 2400, 
    "image rows": 2400, 
    "pool_dir": "pool.19", 
    "program version": "c597087", 
    "size": 128
  }, 
  "meta": {
    "device name": "Mali-T604", 
    "device type": "GPU", 
    "device vendor": "ARM", 
    "experiment type": "benchmarking", 
    "kernel name": "calc_histogram", 
    "program name": "Realeyes HOG"
  }, 
  "tags": [
    "demo", 
    "arm", 
    "codegen15"
  ], 
  "work": {
    "repl": 3, 
    "timestamp": "2015-02-22T01:54:14.866715"
  }
}