{
  "characteristics": {
    "cpu": 0.001802, 
    "gpu_copy": 0.002863, 
    "gpu_only": 0.000358, 
    "is_gpu_better": false, 
    "l2 cache and mmu counters": {
      "0": 2587444071, 
      "1": 19, 
      "10": 0, 
      "11": 0, 
      "12": 0, 
      "13": 0, 
      "14": 0, 
      "15": 0, 
      "16": 9, 
      "17": 3, 
      "18": 213, 
      "19": 5, 
      "2": 65535, 
      "20": 0, 
      "21": 0, 
      "22": 0, 
      "23": 0, 
      "24": 0, 
      "25": 0, 
      "26": 0, 
      "27": 0, 
      "28": 0, 
      "29": 0, 
      "3": 0, 
      "30": 831, 
      "31": 4184, 
      "32": 141069, 
      "33": 112708, 
      "34": 110511, 
      "35": 9428, 
      "36": 10071, 
      "37": 108326, 
      "38": 0, 
      "39": 14053, 
      "4": 370, 
      "40": 13646, 
      "41": 104, 
      "42": 0, 
      "43": 13992, 
      "44": 0, 
      "45": 30, 
      "46": 0, 
      "47": 0, 
      "48": 1046, 
      "49": 1046, 
      "5": 71, 
      "50": 218, 
      "51": 184, 
      "52": 5, 
      "53": 2, 
      "54": 0, 
      "55": 0, 
      "56": 0, 
      "57": 0, 
      "58": 53, 
      "59": 0, 
      "6": 53, 
      "60": 0, 
      "61": 3265, 
      "62": 113845, 
      "63": 89323, 
      "7": 134, 
      "8": 47, 
      "9": 0
    }, 
    "shader core counters": {
      "0": [
        2587444071, 
        2587444071, 
        2587444071, 
        2587444071
      ], 
      "1": [
        19, 
        19, 
        19, 
        19
      ], 
      "10": [
        0, 
        0, 
        0, 
        0
      ], 
      "11": [
        0, 
        0, 
        0, 
        0
      ], 
      "12": [
        0, 
        0, 
        0, 
        0
      ], 
      "13": [
        0, 
        0, 
        0, 
        0
      ], 
      "14": [
        0, 
        0, 
        0, 
        0
      ], 
      "15": [
        0, 
        0, 
        0, 
        0
      ], 
      "16": [
        0, 
        0, 
        0, 
        0
      ], 
      "17": [
        0, 
        0, 
        0, 
        0
      ], 
      "18": [
        0, 
        0, 
        0, 
        0
      ], 
      "19": [
        0, 
        0, 
        0, 
        0
      ], 
      "2": [
        65535, 
        65535, 
        65535, 
        65535
      ], 
      "20": [
        0, 
        0, 
        0, 
        0
      ], 
      "21": [
        0, 
        0, 
        0, 
        0
      ], 
      "22": [
        185292, 
        189344, 
        188999, 
        190621
      ], 
      "23": [
        40, 
        35, 
        37, 
        16
      ], 
      "24": [
        5120, 
        4480, 
        4736, 
        2048
      ], 
      "25": [
        6374, 
        6515, 
        9536, 
        17377
      ], 
      "26": [
        184864, 
        188913, 
        188575, 
        190192
      ], 
      "27": [
        86782, 
        77918, 
        87820, 
        37128
      ], 
      "28": [
        5271, 
        4215, 
        5220, 
        1814
      ], 
      "29": [
        80700, 
        88642, 
        83078, 
        76906
      ], 
      "3": [
        0, 
        0, 
        0, 
        0
      ], 
      "30": [
        0, 
        0, 
        0, 
        0
      ], 
      "31": [
        58910, 
        52838, 
        58452, 
        27278
      ], 
      "32": [
        129614, 
        149473, 
        131763, 
        171274
      ], 
      "33": [
        0, 
        0, 
        0, 
        0
      ], 
      "34": [
        70704, 
        96635, 
        73311, 
        143996
      ], 
      "35": [
        0, 
        0, 
        0, 
        0
      ], 
      "36": [
        0, 
        0, 
        0, 
        0
      ], 
      "37": [
        0, 
        0, 
        0, 
        0
      ], 
      "38": [
        0, 
        0, 
        0, 
        0
      ], 
      "39": [
        0, 
        0, 
        0, 
        0
      ], 
      "4": [
        0, 
        0, 
        0, 
        0
      ], 
      "40": [
        0, 
        0, 
        0, 
        0
      ], 
      "41": [
        0, 
        0, 
        0, 
        0
      ], 
      "42": [
        0, 
        0, 
        0, 
        0
      ], 
      "43": [
        0, 
        0, 
        0, 
        0
      ], 
      "44": [
        0, 
        0, 
        0, 
        0
      ], 
      "45": [
        0, 
        0, 
        0, 
        0
      ], 
      "46": [
        0, 
        0, 
        0, 
        0
      ], 
      "47": [
        0, 
        0, 
        0, 
        0
      ], 
      "48": [
        9320, 
        8320, 
        9688, 
        3904
      ], 
      "49": [
        3303, 
        6928, 
        4484, 
        14137
      ], 
      "5": [
        0, 
        0, 
        0, 
        0
      ], 
      "50": [
        7387, 
        6689, 
        7193, 
        3779
      ], 
      "51": [
        335, 
        292, 
        317, 
        88
      ], 
      "52": [
        7387, 
        6689, 
        7193, 
        3779
      ], 
      "53": [
        13595, 
        23403, 
        13978, 
        44768
      ], 
      "54": [
        3825, 
        3803, 
        3855, 
        2236
      ], 
      "55": [
        27, 
        23, 
        39, 
        9
      ], 
      "56": [
        2864, 
        2790, 
        2793, 
        1625
      ], 
      "57": [
        1, 
        1, 
        1, 
        1
      ], 
      "58": [
        3, 
        3, 
        3, 
        3
      ], 
      "59": [
        48, 
        47, 
        47, 
        47
      ], 
      "6": [
        0, 
        0, 
        0, 
        0
      ], 
      "60": [
        48, 
        43, 
        55, 
        30
      ], 
      "61": [
        24095, 
        21699, 
        24074, 
        11463
      ], 
      "62": [
        372, 
        372, 
        372, 
        372
      ], 
      "63": [
        16, 
        0, 
        0, 
        0
      ], 
      "7": [
        0, 
        0, 
        0, 
        0
      ], 
      "8": [
        0, 
        0, 
        0, 
        0
      ], 
      "9": [
        0, 
        0, 
        0, 
        0
      ]
    }
  }, 
  "features": {
    "GWS": [
      16, 
      16, 
      64
    ], 
    "LWS": [
      4, 
      1, 
      64
    ], 
    "OFFSET": [
      0, 
      0, 
      0
    ], 
    "compiler name": "ARM Mali OpenCL", 
    "compiler version": "5.0", 
    "cpu_freq": 1600, 
    "gpu_freq": 533, 
    "image cols": 1072, 
    "image rows": 804, 
    "pool_dir": "pool.22", 
    "program version": "c597087", 
    "size": 16
  }, 
  "meta": {
    "device name": "Mali-T604", 
    "device type": "GPU", 
    "device vendor": "ARM", 
    "experiment type": "benchmarking", 
    "kernel name": "calc_histogram", 
    "program name": "Realeyes HOG"
  }, 
  "tags": [
    "demo", 
    "arm", 
    "codegen15"
  ], 
  "work": {
    "repl": 0, 
    "timestamp": "2015-02-22T02:18:49.956719"
  }
}