{
  "characteristics": {
    "cpu": 0.161016, 
    "gpu_copy": 0.036216, 
    "gpu_only": 0.021448, 
    "is_gpu_better": true, 
    "l2 cache and mmu counters": {
      "0": 3795224334, 
      "1": 14, 
      "10": 0, 
      "11": 0, 
      "12": 0, 
      "13": 0, 
      "14": 0, 
      "15": 0, 
      "16": 8, 
      "17": 3, 
      "18": 314, 
      "19": 4, 
      "2": 65535, 
      "20": 0, 
      "21": 0, 
      "22": 0, 
      "23": 0, 
      "24": 0, 
      "25": 0, 
      "26": 0, 
      "27": 0, 
      "28": 0, 
      "29": 0, 
      "3": 0, 
      "30": 7632, 
      "31": 63684, 
      "32": 8519634, 
      "33": 7018577, 
      "34": 7006056, 
      "35": 584785, 
      "36": 636642, 
      "37": 6796304, 
      "38": 0, 
      "39": 855794, 
      "4": 92436, 
      "40": 830502, 
      "41": 2261, 
      "42": 0, 
      "43": 853624, 
      "44": 0, 
      "45": 111, 
      "46": 0, 
      "47": 0, 
      "48": 15921, 
      "49": 15921, 
      "5": 5421, 
      "50": 1914, 
      "51": 1742, 
      "52": 6, 
      "53": 2, 
      "54": 0, 
      "55": 0, 
      "56": 0, 
      "57": 450, 
      "58": 3, 
      "59": 0, 
      "6": 91, 
      "60": 0, 
      "61": 200143, 
      "62": 7304341, 
      "63": 5814580, 
      "7": 650, 
      "8": 5170, 
      "9": 0
    }, 
    "shader core counters": {
      "0": [
        3795224334, 
        3795224334, 
        3795224334, 
        3795224334
      ], 
      "1": [
        14, 
        14, 
        14, 
        14
      ], 
      "10": [
        0, 
        0, 
        0, 
        0
      ], 
      "11": [
        0, 
        0, 
        0, 
        0
      ], 
      "12": [
        0, 
        0, 
        0, 
        0
      ], 
      "13": [
        0, 
        0, 
        0, 
        0
      ], 
      "14": [
        0, 
        0, 
        0, 
        0
      ], 
      "15": [
        0, 
        0, 
        0, 
        0
      ], 
      "16": [
        0, 
        0, 
        0, 
        0
      ], 
      "17": [
        0, 
        0, 
        0, 
        0
      ], 
      "18": [
        0, 
        0, 
        0, 
        0
      ], 
      "19": [
        0, 
        0, 
        0, 
        0
      ], 
      "2": [
        65535, 
        65535, 
        65535, 
        65535
      ], 
      "20": [
        0, 
        0, 
        0, 
        0
      ], 
      "21": [
        0, 
        0, 
        0, 
        0
      ], 
      "22": [
        11422879, 
        11427928, 
        11430065, 
        11431362
      ], 
      "23": [
        2549, 
        2168, 
        2502, 
        973
      ], 
      "24": [
        326272, 
        277504, 
        320256, 
        124544
      ], 
      "25": [
        10506, 
        17836, 
        10510, 
        219873
      ], 
      "26": [
        11422444, 
        11427493, 
        11429631, 
        11430926
      ], 
      "27": [
        5724438, 
        4891760, 
        5604800, 
        2249982
      ], 
      "28": [
        349776, 
        259632, 
        333013, 
        103569
      ], 
      "29": [
        5256420, 
        5904403, 
        5391769, 
        5454674
      ], 
      "3": [
        0, 
        0, 
        0, 
        0
      ], 
      "30": [
        0, 
        0, 
        0, 
        0
      ], 
      "31": [
        3793184, 
        3270342, 
        3723308, 
        1600100
      ], 
      "32": [
        8163022, 
        9374643, 
        8447724, 
        11108654
      ], 
      "33": [
        0, 
        0, 
        0, 
        0
      ], 
      "34": [
        4369838, 
        6104301, 
        4724416, 
        9508554
      ], 
      "35": [
        0, 
        0, 
        0, 
        0
      ], 
      "36": [
        0, 
        0, 
        0, 
        0
      ], 
      "37": [
        0, 
        0, 
        0, 
        0
      ], 
      "38": [
        0, 
        0, 
        0, 
        0
      ], 
      "39": [
        0, 
        0, 
        0, 
        0
      ], 
      "4": [
        0, 
        0, 
        0, 
        0
      ], 
      "40": [
        0, 
        0, 
        0, 
        0
      ], 
      "41": [
        0, 
        0, 
        0, 
        0
      ], 
      "42": [
        0, 
        0, 
        0, 
        0
      ], 
      "43": [
        0, 
        0, 
        0, 
        0
      ], 
      "44": [
        0, 
        0, 
        0, 
        0
      ], 
      "45": [
        0, 
        0, 
        0, 
        0
      ], 
      "46": [
        0, 
        0, 
        0, 
        0
      ], 
      "47": [
        0, 
        0, 
        0, 
        0
      ], 
      "48": [
        626800, 
        532928, 
        613040, 
        238368
      ], 
      "49": [
        176704, 
        429656, 
        233320, 
        885827
      ], 
      "5": [
        0, 
        0, 
        0, 
        0
      ], 
      "50": [
        460514, 
        402825, 
        453351, 
        214347
      ], 
      "51": [
        21790, 
        16983, 
        21022, 
        5563
      ], 
      "52": [
        460514, 
        402825, 
        453351, 
        214347
      ], 
      "53": [
        856296, 
        1535865, 
        977978, 
        3109458
      ], 
      "54": [
        244341, 
        221080, 
        240287, 
        128410
      ], 
      "55": [
        1908, 
        1780, 
        2092, 
        628
      ], 
      "56": [
        187471, 
        168843, 
        183369, 
        98071
      ], 
      "57": [
        1, 
        1, 
        1, 
        1
      ], 
      "58": [
        3, 
        3, 
        3, 
        3
      ], 
      "59": [
        47, 
        47, 
        47, 
        47
      ], 
      "6": [
        0, 
        0, 
        0, 
        0
      ], 
      "60": [
        13676, 
        12017, 
        13493, 
        5563
      ], 
      "61": [
        1547828, 
        1338579, 
        1519742, 
        667062
      ], 
      "62": [
        372, 
        372, 
        372, 
        372
      ], 
      "63": [
        0, 
        0, 
        0, 
        0
      ], 
      "7": [
        0, 
        0, 
        0, 
        0
      ], 
      "8": [
        0, 
        0, 
        0, 
        0
      ], 
      "9": [
        0, 
        0, 
        0, 
        0
      ]
    }
  }, 
  "features": {
    "GWS": [
      12, 
      12, 
      64
    ], 
    "LWS": [
      4, 
      1, 
      64
    ], 
    "OFFSET": [
      0, 
      0, 
      0
    ], 
    "compiler name": "ARM Mali OpenCL", 
    "compiler version": "5.0", 
    "cpu_freq": 800, 
    "gpu_freq": 533, 
    "image cols": 2582, 
    "image rows": 1940, 
    "pool_dir": "pool.06", 
    "program version": "c597087", 
    "size": 128
  }, 
  "meta": {
    "device name": "Mali-T604", 
    "device type": "GPU", 
    "device vendor": "ARM", 
    "experiment type": "benchmarking", 
    "kernel name": "calc_histogram", 
    "program name": "Realeyes HOG"
  }, 
  "tags": [
    "demo", 
    "arm", 
    "codegen15"
  ], 
  "work": {
    "repl": 4, 
    "timestamp": "2015-02-22T02:04:45.670917"
  }
}