{
  "characteristics": {
    "cpu": 0.001415, 
    "gpu_copy": 0.009087, 
    "gpu_only": 0.000541, 
    "is_gpu_better": false, 
    "l2 cache and mmu counters": {
      "0": 2616936002, 
      "1": 13, 
      "10": 0, 
      "11": 0, 
      "12": 0, 
      "13": 0, 
      "14": 0, 
      "15": 0, 
      "16": 9, 
      "17": 3, 
      "18": 156, 
      "19": 6, 
      "2": 65535, 
      "20": 0, 
      "21": 0, 
      "22": 0, 
      "23": 0, 
      "24": 0, 
      "25": 0, 
      "26": 0, 
      "27": 0, 
      "28": 0, 
      "29": 0, 
      "3": 0, 
      "30": 898, 
      "31": 3852, 
      "32": 102853, 
      "33": 81140, 
      "34": 79514, 
      "35": 6644, 
      "36": 7107, 
      "37": 76543, 
      "38": 0, 
      "39": 10414, 
      "4": 1377, 
      "40": 10070, 
      "41": 73, 
      "42": 0, 
      "43": 10333, 
      "44": 0, 
      "45": 28, 
      "46": 0, 
      "47": 0, 
      "48": 963, 
      "49": 963, 
      "5": 118, 
      "50": 228, 
      "51": 173, 
      "52": 4, 
      "53": 2, 
      "54": 0, 
      "55": 0, 
      "56": 0, 
      "57": 0, 
      "58": 0, 
      "59": 0, 
      "6": 31, 
      "60": 0, 
      "61": 3570, 
      "62": 78331, 
      "63": 63318, 
      "7": 184, 
      "8": 101, 
      "9": 0
    }, 
    "shader core counters": {
      "0": [
        2616936002, 
        2616936002, 
        2616936002, 
        2616936002
      ], 
      "1": [
        13, 
        13, 
        13, 
        13
      ], 
      "10": [
        0, 
        0, 
        0, 
        0
      ], 
      "11": [
        0, 
        0, 
        0, 
        0
      ], 
      "12": [
        0, 
        0, 
        0, 
        0
      ], 
      "13": [
        0, 
        0, 
        0, 
        0
      ], 
      "14": [
        0, 
        0, 
        0, 
        0
      ], 
      "15": [
        0, 
        0, 
        0, 
        0
      ], 
      "16": [
        0, 
        0, 
        0, 
        0
      ], 
      "17": [
        0, 
        0, 
        0, 
        0
      ], 
      "18": [
        0, 
        0, 
        0, 
        0
      ], 
      "19": [
        0, 
        0, 
        0, 
        0
      ], 
      "2": [
        65535, 
        65535, 
        65535, 
        65535
      ], 
      "20": [
        0, 
        0, 
        0, 
        0
      ], 
      "21": [
        0, 
        0, 
        0, 
        0
      ], 
      "22": [
        141483, 
        141876, 
        143666, 
        142462
      ], 
      "23": [
        39, 
        33, 
        39, 
        17
      ], 
      "24": [
        4992, 
        4224, 
        4992, 
        2176
      ], 
      "25": [
        7778, 
        20674, 
        7264, 
        49614
      ], 
      "26": [
        141127, 
        141518, 
        143313, 
        142111
      ], 
      "27": [
        72416, 
        61768, 
        71938, 
        31216
      ], 
      "28": [
        4813, 
        3561, 
        4730, 
        1821
      ], 
      "29": [
        56890, 
        63620, 
        59369, 
        45974
      ], 
      "3": [
        0, 
        0, 
        0, 
        0
      ], 
      "30": [
        0, 
        0, 
        0, 
        0
      ], 
      "31": [
        46776, 
        39756, 
        46380, 
        20800
      ], 
      "32": [
        96247, 
        110843, 
        100231, 
        115500
      ], 
      "33": [
        0, 
        0, 
        0, 
        0
      ], 
      "34": [
        49471, 
        71087, 
        53851, 
        94700
      ], 
      "35": [
        0, 
        0, 
        0, 
        0
      ], 
      "36": [
        0, 
        0, 
        0, 
        0
      ], 
      "37": [
        0, 
        0, 
        0, 
        0
      ], 
      "38": [
        0, 
        0, 
        0, 
        0
      ], 
      "39": [
        0, 
        0, 
        0, 
        0
      ], 
      "4": [
        0, 
        0, 
        0, 
        0
      ], 
      "40": [
        0, 
        0, 
        0, 
        0
      ], 
      "41": [
        0, 
        0, 
        0, 
        0
      ], 
      "42": [
        0, 
        0, 
        0, 
        0
      ], 
      "43": [
        0, 
        0, 
        0, 
        0
      ], 
      "44": [
        0, 
        0, 
        0, 
        0
      ], 
      "45": [
        0, 
        0, 
        0, 
        0
      ], 
      "46": [
        0, 
        0, 
        0, 
        0
      ], 
      "47": [
        0, 
        0, 
        0, 
        0
      ], 
      "48": [
        8584, 
        7160, 
        8392, 
        3512
      ], 
      "49": [
        2715, 
        6087, 
        3839, 
        9634
      ], 
      "5": [
        0, 
        0, 
        0, 
        0
      ], 
      "50": [
        5018, 
        4345, 
        5021, 
        2412
      ], 
      "51": [
        231, 
        183, 
        237, 
        70
      ], 
      "52": [
        5018, 
        4345, 
        5021, 
        2412
      ], 
      "53": [
        11417, 
        19627, 
        12412, 
        30464
      ], 
      "54": [
        2995, 
        2620, 
        2906, 
        1657
      ], 
      "55": [
        27, 
        28, 
        40, 
        13
      ], 
      "56": [
        2152, 
        1813, 
        2052, 
        1103
      ], 
      "57": [
        1, 
        1, 
        1, 
        1
      ], 
      "58": [
        3, 
        3, 
        3, 
        3
      ], 
      "59": [
        49, 
        47, 
        49, 
        47
      ], 
      "6": [
        0, 
        0, 
        0, 
        0
      ], 
      "60": [
        200, 
        173, 
        180, 
        105
      ], 
      "61": [
        18620, 
        15850, 
        18434, 
        8336
      ], 
      "62": [
        372, 
        372, 
        372, 
        372
      ], 
      "63": [
        0, 
        0, 
        24, 
        0
      ], 
      "7": [
        0, 
        0, 
        0, 
        0
      ], 
      "8": [
        0, 
        0, 
        0, 
        0
      ], 
      "9": [
        0, 
        0, 
        0, 
        0
      ]
    }
  }, 
  "features": {
    "GWS": [
      16, 
      16, 
      64
    ], 
    "LWS": [
      4, 
      1, 
      64
    ], 
    "OFFSET": [
      0, 
      0, 
      0
    ], 
    "compiler name": "ARM Mali OpenCL", 
    "compiler version": "5.0", 
    "cpu_freq": 1600, 
    "gpu_freq": 266, 
    "image cols": 3000, 
    "image rows": 1639, 
    "pool_dir": "pool.11", 
    "program version": "c597087", 
    "size": 16
  }, 
  "meta": {
    "device name": "Mali-T604", 
    "device type": "GPU", 
    "device vendor": "ARM", 
    "experiment type": "benchmarking", 
    "kernel name": "calc_histogram", 
    "program name": "Realeyes HOG"
  }, 
  "tags": [
    "demo", 
    "arm", 
    "codegen15"
  ], 
  "work": {
    "repl": 3, 
    "timestamp": "2015-02-22T02:00:57.441596"
  }
}