{
  "characteristics": {
    "cpu": 0.001821, 
    "gpu_copy": 0.009384, 
    "gpu_only": 0.00035, 
    "is_gpu_better": false, 
    "l2 cache and mmu counters": {
      "0": 2154627876, 
      "1": 15, 
      "10": 0, 
      "11": 0, 
      "12": 0, 
      "13": 0, 
      "14": 0, 
      "15": 0, 
      "16": 9, 
      "17": 3, 
      "18": 246, 
      "19": 7, 
      "2": 65535, 
      "20": 0, 
      "21": 0, 
      "22": 0, 
      "23": 0, 
      "24": 0, 
      "25": 0, 
      "26": 0, 
      "27": 0, 
      "28": 0, 
      "29": 0, 
      "3": 0, 
      "30": 888, 
      "31": 4492, 
      "32": 136273, 
      "33": 108516, 
      "34": 106185, 
      "35": 9113, 
      "36": 9683, 
      "37": 104152, 
      "38": 0, 
      "39": 13851, 
      "4": 1656, 
      "40": 13448, 
      "41": 91, 
      "42": 0, 
      "43": 13784, 
      "44": 0, 
      "45": 41, 
      "46": 0, 
      "47": 0, 
      "48": 1123, 
      "49": 1123, 
      "5": 296, 
      "50": 225, 
      "51": 185, 
      "52": 4, 
      "53": 2, 
      "54": 0, 
      "55": 0, 
      "56": 0, 
      "57": 0, 
      "58": 26, 
      "59": 0, 
      "6": 80, 
      "60": 0, 
      "61": 3170, 
      "62": 107499, 
      "63": 84680, 
      "7": 417, 
      "8": 271, 
      "9": 0
    }, 
    "shader core counters": {
      "0": [
        2154627876, 
        2154627876, 
        2154627876, 
        2154627876
      ], 
      "1": [
        15, 
        15, 
        15, 
        15
      ], 
      "10": [
        0, 
        0, 
        0, 
        0
      ], 
      "11": [
        0, 
        0, 
        0, 
        0
      ], 
      "12": [
        0, 
        0, 
        0, 
        0
      ], 
      "13": [
        0, 
        0, 
        0, 
        0
      ], 
      "14": [
        0, 
        0, 
        0, 
        0
      ], 
      "15": [
        0, 
        0, 
        0, 
        0
      ], 
      "16": [
        0, 
        0, 
        0, 
        0
      ], 
      "17": [
        0, 
        0, 
        0, 
        0
      ], 
      "18": [
        0, 
        0, 
        0, 
        0
      ], 
      "19": [
        0, 
        0, 
        0, 
        0
      ], 
      "2": [
        65535, 
        65535, 
        65535, 
        65535
      ], 
      "20": [
        0, 
        0, 
        0, 
        0
      ], 
      "21": [
        0, 
        0, 
        0, 
        0
      ], 
      "22": [
        182987, 
        184975, 
        179024, 
        185998
      ], 
      "23": [
        37, 
        35, 
        38, 
        18
      ], 
      "24": [
        4736, 
        4480, 
        4864, 
        2304
      ], 
      "25": [
        12769, 
        13147, 
        4910, 
        60198
      ], 
      "26": [
        182535, 
        184521, 
        178576, 
        185544
      ], 
      "27": [
        84964, 
        75540, 
        84364, 
        41464
      ], 
      "28": [
        5302, 
        4279, 
        5105, 
        2036
      ], 
      "29": [
        76233, 
        82344, 
        79074, 
        69538
      ], 
      "3": [
        0, 
        0, 
        0, 
        0
      ], 
      "30": [
        0, 
        0, 
        0, 
        0
      ], 
      "31": [
        56180, 
        51006, 
        55670, 
        29054
      ], 
      "32": [
        124200, 
        144593, 
        129896, 
        156899
      ], 
      "33": [
        0, 
        0, 
        0, 
        0
      ], 
      "34": [
        68020, 
        93587, 
        74226, 
        127845
      ], 
      "35": [
        0, 
        0, 
        0, 
        0
      ], 
      "36": [
        0, 
        0, 
        0, 
        0
      ], 
      "37": [
        0, 
        0, 
        0, 
        0
      ], 
      "38": [
        0, 
        0, 
        0, 
        0
      ], 
      "39": [
        0, 
        0, 
        0, 
        0
      ], 
      "4": [
        0, 
        0, 
        0, 
        0
      ], 
      "40": [
        0, 
        0, 
        0, 
        0
      ], 
      "41": [
        0, 
        0, 
        0, 
        0
      ], 
      "42": [
        0, 
        0, 
        0, 
        0
      ], 
      "43": [
        0, 
        0, 
        0, 
        0
      ], 
      "44": [
        0, 
        0, 
        0, 
        0
      ], 
      "45": [
        0, 
        0, 
        0, 
        0
      ], 
      "46": [
        0, 
        0, 
        0, 
        0
      ], 
      "47": [
        0, 
        0, 
        0, 
        0
      ], 
      "48": [
        9424, 
        8232, 
        9184, 
        4392
      ], 
      "49": [
        3623, 
        7523, 
        4346, 
        14132
      ], 
      "5": [
        0, 
        0, 
        0, 
        0
      ], 
      "50": [
        6781, 
        6283, 
        6749, 
        3843
      ], 
      "51": [
        299, 
        272, 
        314, 
        105
      ], 
      "52": [
        6781, 
        6283, 
        6749, 
        3843
      ], 
      "53": [
        12685, 
        21385, 
        14819, 
        36741
      ], 
      "54": [
        3852, 
        3736, 
        3840, 
        2119
      ], 
      "55": [
        32, 
        33, 
        23, 
        18
      ], 
      "56": [
        2809, 
        2615, 
        2795, 
        1469
      ], 
      "57": [
        1, 
        1, 
        1, 
        1
      ], 
      "58": [
        4, 
        4, 
        4, 
        4
      ], 
      "59": [
        48, 
        47, 
        47, 
        47
      ], 
      "6": [
        0, 
        0, 
        0, 
        0
      ], 
      "60": [
        214, 
        241, 
        229, 
        112
      ], 
      "61": [
        22986, 
        20799, 
        22683, 
        12079
      ], 
      "62": [
        372, 
        372, 
        372, 
        372
      ], 
      "63": [
        8, 
        0, 
        0, 
        0
      ], 
      "7": [
        0, 
        0, 
        0, 
        0
      ], 
      "8": [
        0, 
        0, 
        0, 
        0
      ], 
      "9": [
        0, 
        0, 
        0, 
        0
      ]
    }
  }, 
  "features": {
    "GWS": [
      16, 
      16, 
      64
    ], 
    "LWS": [
      4, 
      1, 
      64
    ], 
    "OFFSET": [
      0, 
      0, 
      0
    ], 
    "compiler name": "ARM Mali OpenCL", 
    "compiler version": "5.0", 
    "cpu_freq": 1600, 
    "gpu_freq": 533, 
    "image cols": 2582, 
    "image rows": 1940, 
    "pool_dir": "pool.06", 
    "program version": "c597087", 
    "size": 16
  }, 
  "meta": {
    "device name": "Mali-T604", 
    "device type": "GPU", 
    "device vendor": "ARM", 
    "experiment type": "benchmarking", 
    "kernel name": "calc_histogram", 
    "program name": "Realeyes HOG"
  }, 
  "tags": [
    "demo", 
    "arm", 
    "codegen15"
  ], 
  "work": {
    "repl": 3, 
    "timestamp": "2015-02-22T02:06:36.097270"
  }
}