{
  "characteristics": {
    "cpu": 0.042173, 
    "gpu_copy": 0.023342, 
    "gpu_only": 0.005677, 
    "is_gpu_better": true, 
    "l2 cache and mmu counters": {
      "0": 1935235966, 
      "1": 11, 
      "10": 0, 
      "11": 0, 
      "12": 0, 
      "13": 0, 
      "14": 0, 
      "15": 0, 
      "16": 8, 
      "17": 3, 
      "18": 115, 
      "19": 4, 
      "2": 65535, 
      "20": 0, 
      "21": 0, 
      "22": 0, 
      "23": 0, 
      "24": 0, 
      "25": 0, 
      "26": 0, 
      "27": 0, 
      "28": 0, 
      "29": 0, 
      "3": 0, 
      "30": 2452, 
      "31": 21224, 
      "32": 2246500, 
      "33": 1852425, 
      "34": 1847740, 
      "35": 153830, 
      "36": 167907, 
      "37": 1793828, 
      "38": 0, 
      "39": 220924, 
      "4": 28398, 
      "40": 214037, 
      "41": 616, 
      "42": 0, 
      "43": 220375, 
      "44": 0, 
      "45": 57, 
      "46": 0, 
      "47": 0, 
      "48": 5306, 
      "49": 5306, 
      "5": 1410, 
      "50": 618, 
      "51": 561, 
      "52": 6, 
      "53": 2, 
      "54": 0, 
      "55": 0, 
      "56": 0, 
      "57": 0, 
      "58": 6, 
      "59": 0, 
      "6": 77, 
      "60": 0, 
      "61": 52135, 
      "62": 1922001, 
      "63": 1545181, 
      "7": 425, 
      "8": 1331, 
      "9": 0
    }, 
    "shader core counters": {
      "0": [
        1935235966, 
        1935235966, 
        1935235966, 
        1935235966
      ], 
      "1": [
        11, 
        11, 
        11, 
        11
      ], 
      "10": [
        0, 
        0, 
        0, 
        0
      ], 
      "11": [
        0, 
        0, 
        0, 
        0
      ], 
      "12": [
        0, 
        0, 
        0, 
        0
      ], 
      "13": [
        0, 
        0, 
        0, 
        0
      ], 
      "14": [
        0, 
        0, 
        0, 
        0
      ], 
      "15": [
        0, 
        0, 
        0, 
        0
      ], 
      "16": [
        0, 
        0, 
        0, 
        0
      ], 
      "17": [
        0, 
        0, 
        0, 
        0
      ], 
      "18": [
        0, 
        0, 
        0, 
        0
      ], 
      "19": [
        0, 
        0, 
        0, 
        0
      ], 
      "2": [
        65535, 
        65535, 
        65535, 
        65535
      ], 
      "20": [
        0, 
        0, 
        0, 
        0
      ], 
      "21": [
        0, 
        0, 
        0, 
        0
      ], 
      "22": [
        3017194, 
        3017768, 
        3019300, 
        3025858
      ], 
      "23": [
        654, 
        535, 
        641, 
        218
      ], 
      "24": [
        83712, 
        68480, 
        82048, 
        27904
      ], 
      "25": [
        8751, 
        11838, 
        13410, 
        370279
      ], 
      "26": [
        3016767, 
        3017332, 
        3018875, 
        3025439
      ], 
      "27": [
        1467196, 
        1203360, 
        1435796, 
        512502
      ], 
      "28": [
        86444, 
        61170, 
        82372, 
        24982
      ], 
      "29": [
        1430001, 
        1586973, 
        1462396, 
        1286513
      ], 
      "3": [
        0, 
        0, 
        0, 
        0
      ], 
      "30": [
        0, 
        0, 
        0, 
        0
      ], 
      "31": [
        1005948, 
        837338, 
        985046, 
        381962
      ], 
      "32": [
        2189802, 
        2533742, 
        2254881, 
        2916459
      ], 
      "33": [
        0, 
        0, 
        0, 
        0
      ], 
      "34": [
        1183854, 
        1696404, 
        1269835, 
        2534497
      ], 
      "35": [
        0, 
        0, 
        0, 
        0
      ], 
      "36": [
        0, 
        0, 
        0, 
        0
      ], 
      "37": [
        0, 
        0, 
        0, 
        0
      ], 
      "38": [
        0, 
        0, 
        0, 
        0
      ], 
      "39": [
        0, 
        0, 
        0, 
        0
      ], 
      "4": [
        0, 
        0, 
        0, 
        0
      ], 
      "40": [
        0, 
        0, 
        0, 
        0
      ], 
      "41": [
        0, 
        0, 
        0, 
        0
      ], 
      "42": [
        0, 
        0, 
        0, 
        0
      ], 
      "43": [
        0, 
        0, 
        0, 
        0
      ], 
      "44": [
        0, 
        0, 
        0, 
        0
      ], 
      "45": [
        0, 
        0, 
        0, 
        0
      ], 
      "46": [
        0, 
        0, 
        0, 
        0
      ], 
      "47": [
        0, 
        0, 
        0, 
        0
      ], 
      "48": [
        158864, 
        128968, 
        155080, 
        52448
      ], 
      "49": [
        47150, 
        117791, 
        61365, 
        201531
      ], 
      "5": [
        0, 
        0, 
        0, 
        0
      ], 
      "50": [
        127873, 
        108786, 
        125485, 
        54572
      ], 
      "51": [
        6154, 
        4639, 
        5768, 
        1310
      ], 
      "52": [
        127873, 
        108786, 
        125485, 
        54572
      ], 
      "53": [
        233083, 
        439641, 
        263517, 
        867680
      ], 
      "54": [
        65208, 
        56972, 
        62210, 
        30508
      ], 
      "55": [
        626, 
        526, 
        599, 
        92
      ], 
      "56": [
        50870, 
        44424, 
        48485, 
        24344
      ], 
      "57": [
        1, 
        1, 
        1, 
        1
      ], 
      "58": [
        3, 
        3, 
        3, 
        3
      ], 
      "59": [
        47, 
        47, 
        47, 
        48
      ], 
      "6": [
        0, 
        0, 
        0, 
        0
      ], 
      "60": [
        4358, 
        3584, 
        4150, 
        1632
      ], 
      "61": [
        414610, 
        346541, 
        406051, 
        161593
      ], 
      "62": [
        372, 
        372, 
        372, 
        372
      ], 
      "63": [
        0, 
        0, 
        0, 
        16
      ], 
      "7": [
        0, 
        0, 
        0, 
        0
      ], 
      "8": [
        0, 
        0, 
        0, 
        0
      ], 
      "9": [
        0, 
        0, 
        0, 
        0
      ]
    }
  }, 
  "features": {
    "GWS": [
      64, 
      64, 
      64
    ], 
    "LWS": [
      4, 
      1, 
      64
    ], 
    "OFFSET": [
      0, 
      0, 
      0
    ], 
    "compiler name": "ARM Mali OpenCL", 
    "compiler version": "5.0", 
    "cpu_freq": 800, 
    "gpu_freq": 533, 
    "image cols": 3074, 
    "image rows": 2185, 
    "pool_dir": "pool.14", 
    "program version": "c597087", 
    "size": 64
  }, 
  "meta": {
    "device name": "Mali-T604", 
    "device type": "GPU", 
    "device vendor": "ARM", 
    "experiment type": "benchmarking", 
    "kernel name": "calc_histogram", 
    "program name": "Realeyes HOG"
  }, 
  "tags": [
    "demo", 
    "arm", 
    "codegen15"
  ], 
  "work": {
    "repl": 4, 
    "timestamp": "2015-02-22T01:54:31.291987"
  }
}