{
  "characteristics": {
    "cpu": 0.001764, 
    "gpu_copy": 0.009775, 
    "gpu_only": 0.000722, 
    "is_gpu_better": false, 
    "l2 cache and mmu counters": {
      "0": 3747195562, 
      "1": 18, 
      "10": 0, 
      "11": 0, 
      "12": 0, 
      "13": 0, 
      "14": 0, 
      "15": 0, 
      "16": 9, 
      "17": 3, 
      "18": 158, 
      "19": 7, 
      "2": 65535, 
      "20": 0, 
      "21": 0, 
      "22": 0, 
      "23": 0, 
      "24": 0, 
      "25": 0, 
      "26": 0, 
      "27": 0, 
      "28": 0, 
      "29": 0, 
      "3": 0, 
      "30": 871, 
      "31": 5160, 
      "32": 136661, 
      "33": 108230, 
      "34": 106496, 
      "35": 9157, 
      "36": 9726, 
      "37": 103332, 
      "38": 0, 
      "39": 14440, 
      "4": 2079, 
      "40": 14035, 
      "41": 131, 
      "42": 0, 
      "43": 14371, 
      "44": 0, 
      "45": 61, 
      "46": 0, 
      "47": 0, 
      "48": 1290, 
      "49": 1290, 
      "5": 303, 
      "50": 222, 
      "51": 189, 
      "52": 5, 
      "53": 2, 
      "54": 0, 
      "55": 0, 
      "56": 0, 
      "57": 19, 
      "58": 0, 
      "59": 0, 
      "6": 47, 
      "60": 0, 
      "61": 3266, 
      "62": 109358, 
      "63": 83240, 
      "7": 267, 
      "8": 277, 
      "9": 0
    }, 
    "shader core counters": {
      "0": [
        3747195562, 
        3747195562, 
        3747195562, 
        3747195562
      ], 
      "1": [
        18, 
        18, 
        18, 
        18
      ], 
      "10": [
        0, 
        0, 
        0, 
        0
      ], 
      "11": [
        0, 
        0, 
        0, 
        0
      ], 
      "12": [
        0, 
        0, 
        0, 
        0
      ], 
      "13": [
        0, 
        0, 
        0, 
        0
      ], 
      "14": [
        0, 
        0, 
        0, 
        0
      ], 
      "15": [
        0, 
        0, 
        0, 
        0
      ], 
      "16": [
        0, 
        0, 
        0, 
        0
      ], 
      "17": [
        0, 
        0, 
        0, 
        0
      ], 
      "18": [
        0, 
        0, 
        0, 
        0
      ], 
      "19": [
        0, 
        0, 
        0, 
        0
      ], 
      "2": [
        65535, 
        65535, 
        65535, 
        65535
      ], 
      "20": [
        0, 
        0, 
        0, 
        0
      ], 
      "21": [
        0, 
        0, 
        0, 
        0
      ], 
      "22": [
        191900, 
        186990, 
        184743, 
        186183
      ], 
      "23": [
        38, 
        33, 
        35, 
        22
      ], 
      "24": [
        4864, 
        4224, 
        4480, 
        2816
      ], 
      "25": [
        5712, 
        7633, 
        6970, 
        17717
      ], 
      "26": [
        191461, 
        186550, 
        184308, 
        185753
      ], 
      "27": [
        96838, 
        81078, 
        90324, 
        52728
      ], 
      "28": [
        6494, 
        4676, 
        5901, 
        2846
      ], 
      "29": [
        80045, 
        87168, 
        77821, 
        76910
      ], 
      "3": [
        0, 
        0, 
        0, 
        0
      ], 
      "30": [
        0, 
        0, 
        0, 
        0
      ], 
      "31": [
        63278, 
        53578, 
        58398, 
        35782
      ], 
      "32": [
        131958, 
        146928, 
        132283, 
        160869
      ], 
      "33": [
        0, 
        0, 
        0, 
        0
      ], 
      "34": [
        68680, 
        93350, 
        73885, 
        125087
      ], 
      "35": [
        0, 
        0, 
        0, 
        0
      ], 
      "36": [
        0, 
        0, 
        0, 
        0
      ], 
      "37": [
        0, 
        0, 
        0, 
        0
      ], 
      "38": [
        0, 
        0, 
        0, 
        0
      ], 
      "39": [
        0, 
        0, 
        0, 
        0
      ], 
      "4": [
        0, 
        0, 
        0, 
        0
      ], 
      "40": [
        0, 
        0, 
        0, 
        0
      ], 
      "41": [
        0, 
        0, 
        0, 
        0
      ], 
      "42": [
        0, 
        0, 
        0, 
        0
      ], 
      "43": [
        0, 
        0, 
        0, 
        0
      ], 
      "44": [
        0, 
        0, 
        0, 
        0
      ], 
      "45": [
        0, 
        0, 
        0, 
        0
      ], 
      "46": [
        0, 
        0, 
        0, 
        0
      ], 
      "47": [
        0, 
        0, 
        0, 
        0
      ], 
      "48": [
        10424, 
        8784, 
        9560, 
        5536
      ], 
      "49": [
        4114, 
        8847, 
        4270, 
        15409
      ], 
      "5": [
        0, 
        0, 
        0, 
        0
      ], 
      "50": [
        7763, 
        6568, 
        7205, 
        4597
      ], 
      "51": [
        386, 
        272, 
        317, 
        109
      ], 
      "52": [
        7763, 
        6568, 
        7205, 
        4597
      ], 
      "53": [
        13474, 
        22218, 
        16902, 
        33894
      ], 
      "54": [
        4283, 
        3562, 
        3994, 
        2303
      ], 
      "55": [
        37, 
        37, 
        30, 
        17
      ], 
      "56": [
        3016, 
        2375, 
        2887, 
        1487
      ], 
      "57": [
        1, 
        1, 
        1, 
        1
      ], 
      "58": [
        4, 
        4, 
        4, 
        4
      ], 
      "59": [
        47, 
        48, 
        47, 
        49
      ], 
      "6": [
        0, 
        0, 
        0, 
        0
      ], 
      "60": [
        295, 
        277, 
        251, 
        168
      ], 
      "61": [
        25951, 
        21921, 
        23971, 
        14731
      ], 
      "62": [
        372, 
        372, 
        372, 
        372
      ], 
      "63": [
        0, 
        8, 
        0, 
        16
      ], 
      "7": [
        0, 
        0, 
        0, 
        0
      ], 
      "8": [
        0, 
        0, 
        0, 
        0
      ], 
      "9": [
        0, 
        0, 
        0, 
        0
      ]
    }
  }, 
  "features": {
    "GWS": [
      16, 
      16, 
      64
    ], 
    "LWS": [
      4, 
      1, 
      64
    ], 
    "OFFSET": [
      0, 
      0, 
      0
    ], 
    "compiler name": "ARM Mali OpenCL", 
    "compiler version": "5.0", 
    "cpu_freq": 1600, 
    "gpu_freq": 266, 
    "image cols": 2422, 
    "image rows": 2066, 
    "pool_dir": "pool.15", 
    "program version": "c597087", 
    "size": 16
  }, 
  "meta": {
    "device name": "Mali-T604", 
    "device type": "GPU", 
    "device vendor": "ARM", 
    "experiment type": "benchmarking", 
    "kernel name": "calc_histogram", 
    "program name": "Realeyes HOG"
  }, 
  "tags": [
    "demo", 
    "arm", 
    "codegen15"
  ], 
  "work": {
    "repl": 3, 
    "timestamp": "2015-02-22T02:16:39.339910"
  }
}