{
  "characteristics": {
    "cpu": 0.164616, 
    "gpu_copy": 0.039753, 
    "gpu_only": 0.022775, 
    "is_gpu_better": true, 
    "l2 cache and mmu counters": {
      "0": 3989731679, 
      "1": 20, 
      "10": 0, 
      "11": 0, 
      "12": 0, 
      "13": 0, 
      "14": 0, 
      "15": 0, 
      "16": 8, 
      "17": 3, 
      "18": 99, 
      "19": 4, 
      "2": 65535, 
      "20": 0, 
      "21": 0, 
      "22": 0, 
      "23": 0, 
      "24": 0, 
      "25": 0, 
      "26": 0, 
      "27": 0, 
      "28": 0, 
      "29": 0, 
      "3": 0, 
      "30": 7013, 
      "31": 62312, 
      "32": 9055461, 
      "33": 7474818, 
      "34": 7458210, 
      "35": 622396, 
      "36": 678657, 
      "37": 7244072, 
      "38": 0, 
      "39": 893472, 
      "4": 109782, 
      "40": 866534, 
      "41": 2187, 
      "42": 0, 
      "43": 891544, 
      "44": 0, 
      "45": 102, 
      "46": 0, 
      "47": 2, 
      "48": 15578, 
      "49": 15578, 
      "5": 9418, 
      "50": 1759, 
      "51": 1636, 
      "52": 7, 
      "53": 2, 
      "54": 0, 
      "55": 0, 
      "56": 0, 
      "57": 187, 
      "58": 15, 
      "59": 0, 
      "6": 63, 
      "60": 0, 
      "61": 210829, 
      "62": 7778746, 
      "63": 6228030, 
      "7": 1132, 
      "8": 8909, 
      "9": 0
    }, 
    "shader core counters": {
      "0": [
        3989731679, 
        3989731679, 
        3989731679, 
        3989731679
      ], 
      "1": [
        20, 
        20, 
        20, 
        20
      ], 
      "10": [
        0, 
        0, 
        0, 
        0
      ], 
      "11": [
        0, 
        0, 
        0, 
        0
      ], 
      "12": [
        0, 
        0, 
        0, 
        0
      ], 
      "13": [
        0, 
        0, 
        0, 
        0
      ], 
      "14": [
        0, 
        0, 
        0, 
        0
      ], 
      "15": [
        0, 
        0, 
        0, 
        0
      ], 
      "16": [
        0, 
        0, 
        0, 
        0
      ], 
      "17": [
        0, 
        0, 
        0, 
        0
      ], 
      "18": [
        0, 
        0, 
        0, 
        0
      ], 
      "19": [
        0, 
        0, 
        0, 
        0
      ], 
      "2": [
        65535, 
        65535, 
        65535, 
        65535
      ], 
      "20": [
        0, 
        0, 
        0, 
        0
      ], 
      "21": [
        0, 
        0, 
        0, 
        0
      ], 
      "22": [
        12135127, 
        12138235, 
        12139114, 
        12137357
      ], 
      "23": [
        2639, 
        2121, 
        2566, 
        866
      ], 
      "24": [
        337792, 
        271488, 
        328448, 
        110848
      ], 
      "25": [
        12471, 
        53334, 
        17233, 
        818991
      ], 
      "26": [
        12134655, 
        12137765, 
        12138646, 
        12136888
      ], 
      "27": [
        5913712, 
        4791384, 
        5764336, 
        2037946
      ], 
      "28": [
        350341, 
        240174, 
        330869, 
        99262
      ], 
      "29": [
        5758018, 
        6439233, 
        5917692, 
        5259318
      ], 
      "3": [
        0, 
        0, 
        0, 
        0
      ], 
      "30": [
        0, 
        0, 
        0, 
        0
      ], 
      "31": [
        4053996, 
        3345434, 
        3961596, 
        1517836
      ], 
      "32": [
        8816999, 
        10223171, 
        9075968, 
        11787386
      ], 
      "33": [
        0, 
        0, 
        0, 
        0
      ], 
      "34": [
        4763003, 
        6877737, 
        5114372, 
        10269550
      ], 
      "35": [
        0, 
        0, 
        0, 
        0
      ], 
      "36": [
        0, 
        0, 
        0, 
        0
      ], 
      "37": [
        0, 
        0, 
        0, 
        0
      ], 
      "38": [
        0, 
        0, 
        0, 
        0
      ], 
      "39": [
        0, 
        0, 
        0, 
        0
      ], 
      "4": [
        0, 
        0, 
        0, 
        0
      ], 
      "40": [
        0, 
        0, 
        0, 
        0
      ], 
      "41": [
        0, 
        0, 
        0, 
        0
      ], 
      "42": [
        0, 
        0, 
        0, 
        0
      ], 
      "43": [
        0, 
        0, 
        0, 
        0
      ], 
      "44": [
        0, 
        0, 
        0, 
        0
      ], 
      "45": [
        0, 
        0, 
        0, 
        0
      ], 
      "46": [
        0, 
        0, 
        0, 
        0
      ], 
      "47": [
        0, 
        0, 
        0, 
        0
      ], 
      "48": [
        638152, 
        513008, 
        622968, 
        211152
      ], 
      "49": [
        184018, 
        472267, 
        243898, 
        877203
      ], 
      "5": [
        0, 
        0, 
        0, 
        0
      ], 
      "50": [
        516153, 
        436608, 
        505393, 
        215257
      ], 
      "51": [
        24740, 
        18757, 
        23478, 
        5043
      ], 
      "52": [
        516153, 
        436608, 
        505393, 
        215257
      ], 
      "53": [
        932083, 
        1799935, 
        1064383, 
        3461067
      ], 
      "54": [
        261971, 
        231636, 
        252581, 
        123353
      ], 
      "55": [
        2135, 
        1816, 
        2163, 
        422
      ], 
      "56": [
        204677, 
        181070, 
        196874, 
        96854
      ], 
      "57": [
        1, 
        1, 
        1, 
        1
      ], 
      "58": [
        4, 
        4, 
        4, 
        4
      ], 
      "59": [
        48, 
        47, 
        47, 
        47
      ], 
      "6": [
        0, 
        0, 
        0, 
        0
      ], 
      "60": [
        16944, 
        14049, 
        16117, 
        5994
      ], 
      "61": [
        1670458, 
        1386225, 
        1633754, 
        641666
      ], 
      "62": [
        372, 
        372, 
        372, 
        372
      ], 
      "63": [
        8, 
        0, 
        0, 
        0
      ], 
      "7": [
        0, 
        0, 
        0, 
        0
      ], 
      "8": [
        0, 
        0, 
        0, 
        0
      ], 
      "9": [
        0, 
        0, 
        0, 
        0
      ]
    }
  }, 
  "features": {
    "GWS": [
      12, 
      12, 
      64
    ], 
    "LWS": [
      4, 
      1, 
      64
    ], 
    "OFFSET": [
      0, 
      0, 
      0
    ], 
    "compiler name": "ARM Mali OpenCL", 
    "compiler version": "5.0", 
    "cpu_freq": 800, 
    "gpu_freq": 533, 
    "image cols": 3074, 
    "image rows": 2185, 
    "pool_dir": "pool.14", 
    "program version": "c597087", 
    "size": 128
  }, 
  "meta": {
    "device name": "Mali-T604", 
    "device type": "GPU", 
    "device vendor": "ARM", 
    "experiment type": "benchmarking", 
    "kernel name": "calc_histogram", 
    "program name": "Realeyes HOG"
  }, 
  "tags": [
    "demo", 
    "arm", 
    "codegen15"
  ], 
  "work": {
    "repl": 0, 
    "timestamp": "2015-02-22T02:22:47.491586"
  }
}