{
  "characteristics": {
    "cpu": 0.044454, 
    "gpu_copy": 0.024195, 
    "gpu_only": 0.011492, 
    "is_gpu_better": true, 
    "l2 cache and mmu counters": {
      "0": 1889503481, 
      "1": 19, 
      "10": 0, 
      "11": 0, 
      "12": 0, 
      "13": 0, 
      "14": 0, 
      "15": 0, 
      "16": 9, 
      "17": 3, 
      "18": 138, 
      "19": 4, 
      "2": 65535, 
      "20": 0, 
      "21": 0, 
      "22": 0, 
      "23": 0, 
      "24": 0, 
      "25": 0, 
      "26": 0, 
      "27": 0, 
      "28": 0, 
      "29": 0, 
      "3": 0, 
      "30": 3260, 
      "31": 22876, 
      "32": 2269635, 
      "33": 1868436, 
      "34": 1864362, 
      "35": 155452, 
      "36": 169095, 
      "37": 1808480, 
      "38": 0, 
      "39": 226609, 
      "4": 30275, 
      "40": 219754, 
      "41": 726, 
      "42": 0, 
      "43": 225856, 
      "44": 0, 
      "45": 78, 
      "46": 0, 
      "47": 0, 
      "48": 5719, 
      "49": 5719, 
      "5": 1856, 
      "50": 820, 
      "51": 694, 
      "52": 6, 
      "53": 2, 
      "54": 0, 
      "55": 0, 
      "56": 0, 
      "57": 79, 
      "58": 0, 
      "59": 0, 
      "6": 32, 
      "60": 0, 
      "61": 52986, 
      "62": 1937867, 
      "63": 1550938, 
      "7": 340, 
      "8": 1751, 
      "9": 0
    }, 
    "shader core counters": {
      "0": [
        1889503481, 
        1889503481, 
        1889503481, 
        1889503481
      ], 
      "1": [
        19, 
        19, 
        19, 
        19
      ], 
      "10": [
        0, 
        0, 
        0, 
        0
      ], 
      "11": [
        0, 
        0, 
        0, 
        0
      ], 
      "12": [
        0, 
        0, 
        0, 
        0
      ], 
      "13": [
        0, 
        0, 
        0, 
        0
      ], 
      "14": [
        0, 
        0, 
        0, 
        0
      ], 
      "15": [
        0, 
        0, 
        0, 
        0
      ], 
      "16": [
        0, 
        0, 
        0, 
        0
      ], 
      "17": [
        0, 
        0, 
        0, 
        0
      ], 
      "18": [
        0, 
        0, 
        0, 
        0
      ], 
      "19": [
        0, 
        0, 
        0, 
        0
      ], 
      "2": [
        65535, 
        65535, 
        65535, 
        65535
      ], 
      "20": [
        0, 
        0, 
        0, 
        0
      ], 
      "21": [
        0, 
        0, 
        0, 
        0
      ], 
      "22": [
        3053399, 
        3054130, 
        3056613, 
        3052436
      ], 
      "23": [
        643, 
        543, 
        632, 
        230
      ], 
      "24": [
        82304, 
        69504, 
        80896, 
        29440
      ], 
      "25": [
        8271, 
        20689, 
        5732, 
        238094
      ], 
      "26": [
        3053058, 
        3053783, 
        3056271, 
        3052096
      ], 
      "27": [
        1510506, 
        1279724, 
        1485238, 
        566676
      ], 
      "28": [
        92033, 
        66996, 
        88336, 
        26566
      ], 
      "29": [
        1418286, 
        1594057, 
        1449679, 
        1365353
      ], 
      "3": [
        0, 
        0, 
        0, 
        0
      ], 
      "30": [
        0, 
        0, 
        0, 
        0
      ], 
      "31": [
        1008152, 
        866004, 
        992396, 
        406258
      ], 
      "32": [
        2201717, 
        2518597, 
        2268281, 
        2938837
      ], 
      "33": [
        0, 
        0, 
        0, 
        0
      ], 
      "34": [
        1193565, 
        1652593, 
        1275885, 
        2532579
      ], 
      "35": [
        0, 
        0, 
        0, 
        0
      ], 
      "36": [
        0, 
        0, 
        0, 
        0
      ], 
      "37": [
        0, 
        0, 
        0, 
        0
      ], 
      "38": [
        0, 
        0, 
        0, 
        0
      ], 
      "39": [
        0, 
        0, 
        0, 
        0
      ], 
      "4": [
        0, 
        0, 
        0, 
        0
      ], 
      "40": [
        0, 
        0, 
        0, 
        0
      ], 
      "41": [
        0, 
        0, 
        0, 
        0
      ], 
      "42": [
        0, 
        0, 
        0, 
        0
      ], 
      "43": [
        0, 
        0, 
        0, 
        0
      ], 
      "44": [
        0, 
        0, 
        0, 
        0
      ], 
      "45": [
        0, 
        0, 
        0, 
        0
      ], 
      "46": [
        0, 
        0, 
        0, 
        0
      ], 
      "47": [
        0, 
        0, 
        0, 
        0
      ], 
      "48": [
        163016, 
        137656, 
        160384, 
        58752
      ], 
      "49": [
        53055, 
        111290, 
        62660, 
        216669
      ], 
      "5": [
        0, 
        0, 
        0, 
        0
      ], 
      "50": [
        125254, 
        109423, 
        123387, 
        55946
      ], 
      "51": [
        6188, 
        4453, 
        5763, 
        1409
      ], 
      "52": [
        125254, 
        109423, 
        123387, 
        55946
      ], 
      "53": [
        228836, 
        419024, 
        261629, 
        848627
      ], 
      "54": [
        66854, 
        57708, 
        62964, 
        32776
      ], 
      "55": [
        740, 
        277, 
        359, 
        160
      ], 
      "56": [
        50223, 
        44774, 
        48598, 
        25698
      ], 
      "57": [
        1, 
        1, 
        1, 
        1
      ], 
      "58": [
        3, 
        3, 
        3, 
        3
      ], 
      "59": [
        47, 
        47, 
        47, 
        47
      ], 
      "6": [
        0, 
        0, 
        0, 
        0
      ], 
      "60": [
        4456, 
        3842, 
        4477, 
        1829
      ], 
      "61": [
        413524, 
        356502, 
        407158, 
        170645
      ], 
      "62": [
        372, 
        372, 
        372, 
        372
      ], 
      "63": [
        8, 
        8, 
        0, 
        0
      ], 
      "7": [
        0, 
        0, 
        0, 
        0
      ], 
      "8": [
        0, 
        0, 
        0, 
        0
      ], 
      "9": [
        0, 
        0, 
        0, 
        0
      ]
    }
  }, 
  "features": {
    "GWS": [
      64, 
      64, 
      64
    ], 
    "LWS": [
      4, 
      1, 
      64
    ], 
    "OFFSET": [
      0, 
      0, 
      0
    ], 
    "compiler name": "ARM Mali OpenCL", 
    "compiler version": "5.0", 
    "cpu_freq": 800, 
    "gpu_freq": 266, 
    "image cols": 2500, 
    "image rows": 1985, 
    "pool_dir": "pool.16", 
    "program version": "c597087", 
    "size": 64
  }, 
  "meta": {
    "device name": "Mali-T604", 
    "device type": "GPU", 
    "device vendor": "ARM", 
    "experiment type": "benchmarking", 
    "kernel name": "calc_histogram", 
    "program name": "Realeyes HOG"
  }, 
  "tags": [
    "demo", 
    "arm", 
    "codegen15"
  ], 
  "work": {
    "repl": 1, 
    "timestamp": "2015-02-22T02:18:21.055998"
  }
}