{
  "characteristics": {
    "cpu": 0.002049, 
    "gpu_copy": 0.011092, 
    "gpu_only": 0.000809, 
    "is_gpu_better": false, 
    "l2 cache and mmu counters": {
      "0": 3067934598, 
      "1": 20, 
      "10": 0, 
      "11": 0, 
      "12": 0, 
      "13": 0, 
      "14": 0, 
      "15": 0, 
      "16": 9, 
      "17": 3, 
      "18": 213, 
      "19": 7, 
      "2": 65535, 
      "20": 0, 
      "21": 0, 
      "22": 0, 
      "23": 0, 
      "24": 0, 
      "25": 0, 
      "26": 0, 
      "27": 0, 
      "28": 0, 
      "29": 0, 
      "3": 0, 
      "30": 867, 
      "31": 5248, 
      "32": 154476, 
      "33": 122786, 
      "34": 121354, 
      "35": 10439, 
      "36": 11159, 
      "37": 117884, 
      "38": 0, 
      "39": 16254, 
      "4": 2232, 
      "40": 15780, 
      "41": 115, 
      "42": 0, 
      "43": 16182, 
      "44": 0, 
      "45": 36, 
      "46": 0, 
      "47": 1, 
      "48": 1312, 
      "49": 1312, 
      "5": 337, 
      "50": 221, 
      "51": 188, 
      "52": 5, 
      "53": 2, 
      "54": 0, 
      "55": 0, 
      "56": 0, 
      "57": 0, 
      "58": 0, 
      "59": 0, 
      "6": 43, 
      "60": 0, 
      "61": 3441, 
      "62": 126402, 
      "63": 95939, 
      "7": 299, 
      "8": 306, 
      "9": 0
    }, 
    "shader core counters": {
      "0": [
        3067934598, 
        3067934598, 
        3067934598, 
        3067934598
      ], 
      "1": [
        20, 
        20, 
        20, 
        20
      ], 
      "10": [
        0, 
        0, 
        0, 
        0
      ], 
      "11": [
        0, 
        0, 
        0, 
        0
      ], 
      "12": [
        0, 
        0, 
        0, 
        0
      ], 
      "13": [
        0, 
        0, 
        0, 
        0
      ], 
      "14": [
        0, 
        0, 
        0, 
        0
      ], 
      "15": [
        0, 
        0, 
        0, 
        0
      ], 
      "16": [
        0, 
        0, 
        0, 
        0
      ], 
      "17": [
        0, 
        0, 
        0, 
        0
      ], 
      "18": [
        0, 
        0, 
        0, 
        0
      ], 
      "19": [
        0, 
        0, 
        0, 
        0
      ], 
      "2": [
        65535, 
        65535, 
        65535, 
        65535
      ], 
      "20": [
        0, 
        0, 
        0, 
        0
      ], 
      "21": [
        0, 
        0, 
        0, 
        0
      ], 
      "22": [
        207998, 
        207683, 
        209779, 
        215002
      ], 
      "23": [
        38, 
        32, 
        37, 
        21
      ], 
      "24": [
        4864, 
        4096, 
        4736, 
        2688
      ], 
      "25": [
        7670, 
        7796, 
        5148, 
        5479
      ], 
      "26": [
        207646, 
        207330, 
        209427, 
        214651
      ], 
      "27": [
        99184, 
        81452, 
        97194, 
        52230
      ], 
      "28": [
        5963, 
        4436, 
        5693, 
        2705
      ], 
      "29": [
        91804, 
        93717, 
        96780, 
        89272
      ], 
      "3": [
        0, 
        0, 
        0, 
        0
      ], 
      "30": [
        0, 
        0, 
        0, 
        0
      ], 
      "31": [
        65490, 
        53308, 
        63576, 
        36046
      ], 
      "32": [
        145164, 
        165490, 
        158079, 
        197457
      ], 
      "33": [
        0, 
        0, 
        0, 
        0
      ], 
      "34": [
        79674, 
        112182, 
        94503, 
        161411
      ], 
      "35": [
        0, 
        0, 
        0, 
        0
      ], 
      "36": [
        0, 
        0, 
        0, 
        0
      ], 
      "37": [
        0, 
        0, 
        0, 
        0
      ], 
      "38": [
        0, 
        0, 
        0, 
        0
      ], 
      "39": [
        0, 
        0, 
        0, 
        0
      ], 
      "4": [
        0, 
        0, 
        0, 
        0
      ], 
      "40": [
        0, 
        0, 
        0, 
        0
      ], 
      "41": [
        0, 
        0, 
        0, 
        0
      ], 
      "42": [
        0, 
        0, 
        0, 
        0
      ], 
      "43": [
        0, 
        0, 
        0, 
        0
      ], 
      "44": [
        0, 
        0, 
        0, 
        0
      ], 
      "45": [
        0, 
        0, 
        0, 
        0
      ], 
      "46": [
        0, 
        0, 
        0, 
        0
      ], 
      "47": [
        0, 
        0, 
        0, 
        0
      ], 
      "48": [
        10720, 
        8448, 
        10256, 
        5392
      ], 
      "49": [
        3762, 
        8421, 
        5662, 
        17841
      ], 
      "5": [
        0, 
        0, 
        0, 
        0
      ], 
      "50": [
        8108, 
        6739, 
        7964, 
        4785
      ], 
      "51": [
        379, 
        246, 
        397, 
        123
      ], 
      "52": [
        8108, 
        6739, 
        7964, 
        4785
      ], 
      "53": [
        13685, 
        27308, 
        18471, 
        45981
      ], 
      "54": [
        4435, 
        3890, 
        4903, 
        2657
      ], 
      "55": [
        39, 
        34, 
        28, 
        16
      ], 
      "56": [
        3183, 
        2734, 
        3482, 
        1786
      ], 
      "57": [
        1, 
        1, 
        1, 
        1
      ], 
      "58": [
        3, 
        3, 
        3, 
        3
      ], 
      "59": [
        47, 
        47, 
        47, 
        47
      ], 
      "6": [
        0, 
        0, 
        0, 
        0
      ], 
      "60": [
        280, 
        262, 
        352, 
        165
      ], 
      "61": [
        26937, 
        21926, 
        26184, 
        14963
      ], 
      "62": [
        372, 
        372, 
        372, 
        372
      ], 
      "63": [
        8, 
        0, 
        0, 
        0
      ], 
      "7": [
        0, 
        0, 
        0, 
        0
      ], 
      "8": [
        0, 
        0, 
        0, 
        0
      ], 
      "9": [
        0, 
        0, 
        0, 
        0
      ]
    }
  }, 
  "features": {
    "GWS": [
      16, 
      16, 
      64
    ], 
    "LWS": [
      4, 
      1, 
      64
    ], 
    "OFFSET": [
      0, 
      0, 
      0
    ], 
    "compiler name": "ARM Mali OpenCL", 
    "compiler version": "5.0", 
    "cpu_freq": 1600, 
    "gpu_freq": 266, 
    "image cols": 2521, 
    "image rows": 2184, 
    "pool_dir": "pool.20", 
    "program version": "c597087", 
    "size": 16
  }, 
  "meta": {
    "device name": "Mali-T604", 
    "device type": "GPU", 
    "device vendor": "ARM", 
    "experiment type": "benchmarking", 
    "kernel name": "calc_histogram", 
    "program name": "Realeyes HOG"
  }, 
  "tags": [
    "demo", 
    "arm", 
    "codegen15"
  ], 
  "work": {
    "repl": 4, 
    "timestamp": "2015-02-22T02:22:08.947471"
  }
}