{
  "characteristics": {
    "cpu": 0.001444, 
    "gpu_copy": 0.00749, 
    "gpu_only": 0.000263, 
    "is_gpu_better": false, 
    "l2 cache and mmu counters": {
      "0": 3874410640, 
      "1": 15, 
      "10": 0, 
      "11": 0, 
      "12": 0, 
      "13": 0, 
      "14": 0, 
      "15": 0, 
      "16": 9, 
      "17": 3, 
      "18": 221, 
      "19": 5, 
      "2": 65535, 
      "20": 0, 
      "21": 0, 
      "22": 0, 
      "23": 0, 
      "24": 0, 
      "25": 0, 
      "26": 0, 
      "27": 0, 
      "28": 0, 
      "29": 0, 
      "3": 0, 
      "30": 854, 
      "31": 3860, 
      "32": 99491, 
      "33": 78597, 
      "34": 76421, 
      "35": 6395, 
      "36": 6812, 
      "37": 74301, 
      "38": 0, 
      "39": 9897, 
      "4": 1247, 
      "40": 9578, 
      "41": 86, 
      "42": 0, 
      "43": 9810, 
      "44": 0, 
      "45": 34, 
      "46": 0, 
      "47": 0, 
      "48": 965, 
      "49": 965, 
      "5": 112, 
      "50": 223, 
      "51": 174, 
      "52": 4, 
      "53": 2, 
      "54": 0, 
      "55": 0, 
      "56": 0, 
      "57": 0, 
      "58": 7, 
      "59": 0, 
      "6": 54, 
      "60": 0, 
      "61": 3267, 
      "62": 75162, 
      "63": 61142, 
      "7": 256, 
      "8": 96, 
      "9": 0
    }, 
    "shader core counters": {
      "0": [
        3874410640, 
        3874410640, 
        3874410640, 
        3874410640
      ], 
      "1": [
        15, 
        15, 
        15, 
        15
      ], 
      "10": [
        0, 
        0, 
        0, 
        0
      ], 
      "11": [
        0, 
        0, 
        0, 
        0
      ], 
      "12": [
        0, 
        0, 
        0, 
        0
      ], 
      "13": [
        0, 
        0, 
        0, 
        0
      ], 
      "14": [
        0, 
        0, 
        0, 
        0
      ], 
      "15": [
        0, 
        0, 
        0, 
        0
      ], 
      "16": [
        0, 
        0, 
        0, 
        0
      ], 
      "17": [
        0, 
        0, 
        0, 
        0
      ], 
      "18": [
        0, 
        0, 
        0, 
        0
      ], 
      "19": [
        0, 
        0, 
        0, 
        0
      ], 
      "2": [
        65535, 
        65535, 
        65535, 
        65535
      ], 
      "20": [
        0, 
        0, 
        0, 
        0
      ], 
      "21": [
        0, 
        0, 
        0, 
        0
      ], 
      "22": [
        140033, 
        137674, 
        139405, 
        136134
      ], 
      "23": [
        37, 
        36, 
        37, 
        18
      ], 
      "24": [
        4736, 
        4608, 
        4736, 
        2304
      ], 
      "25": [
        8134, 
        7622, 
        6450, 
        40267
      ], 
      "26": [
        139535, 
        137179, 
        138912, 
        135640
      ], 
      "27": [
        70696, 
        63904, 
        69836, 
        33638
      ], 
      "28": [
        4860, 
        3969, 
        4435, 
        1866
      ], 
      "29": [
        55710, 
        58547, 
        58265, 
        51729
      ], 
      "3": [
        0, 
        0, 
        0, 
        0
      ], 
      "30": [
        0, 
        0, 
        0, 
        0
      ], 
      "31": [
        45102, 
        41766, 
        44830, 
        21880
      ], 
      "32": [
        92852, 
        104308, 
        97940, 
        114310
      ], 
      "33": [
        0, 
        0, 
        0, 
        0
      ], 
      "34": [
        47750, 
        62542, 
        53110, 
        92430
      ], 
      "35": [
        0, 
        0, 
        0, 
        0
      ], 
      "36": [
        0, 
        0, 
        0, 
        0
      ], 
      "37": [
        0, 
        0, 
        0, 
        0
      ], 
      "38": [
        0, 
        0, 
        0, 
        0
      ], 
      "39": [
        0, 
        0, 
        0, 
        0
      ], 
      "4": [
        0, 
        0, 
        0, 
        0
      ], 
      "40": [
        0, 
        0, 
        0, 
        0
      ], 
      "41": [
        0, 
        0, 
        0, 
        0
      ], 
      "42": [
        0, 
        0, 
        0, 
        0
      ], 
      "43": [
        0, 
        0, 
        0, 
        0
      ], 
      "44": [
        0, 
        0, 
        0, 
        0
      ], 
      "45": [
        0, 
        0, 
        0, 
        0
      ], 
      "46": [
        0, 
        0, 
        0, 
        0
      ], 
      "47": [
        0, 
        0, 
        0, 
        0
      ], 
      "48": [
        8344, 
        7328, 
        8216, 
        3760
      ], 
      "49": [
        2737, 
        5575, 
        3618, 
        11039
      ], 
      "5": [
        0, 
        0, 
        0, 
        0
      ], 
      "50": [
        4835, 
        4595, 
        4835, 
        2496
      ], 
      "51": [
        230, 
        208, 
        231, 
        59
      ], 
      "52": [
        4835, 
        4595, 
        4835, 
        2496
      ], 
      "53": [
        11090, 
        15705, 
        12678, 
        27997
      ], 
      "54": [
        2848, 
        2444, 
        2836, 
        1550
      ], 
      "55": [
        15, 
        24, 
        23, 
        12
      ], 
      "56": [
        2085, 
        1718, 
        2024, 
        998
      ], 
      "57": [
        1, 
        1, 
        1, 
        1
      ], 
      "58": [
        4, 
        4, 
        4, 
        4
      ], 
      "59": [
        49, 
        47, 
        47, 
        47
      ], 
      "6": [
        0, 
        0, 
        0, 
        0
      ], 
      "60": [
        178, 
        163, 
        157, 
        100
      ], 
      "61": [
        18015, 
        16519, 
        17887, 
        8752
      ], 
      "62": [
        372, 
        372, 
        372, 
        372
      ], 
      "63": [
        0, 
        0, 
        0, 
        0
      ], 
      "7": [
        0, 
        0, 
        0, 
        0
      ], 
      "8": [
        0, 
        0, 
        0, 
        0
      ], 
      "9": [
        0, 
        0, 
        0, 
        0
      ]
    }
  }, 
  "features": {
    "GWS": [
      16, 
      16, 
      64
    ], 
    "LWS": [
      4, 
      1, 
      64
    ], 
    "OFFSET": [
      0, 
      0, 
      0
    ], 
    "compiler name": "ARM Mali OpenCL", 
    "compiler version": "5.0", 
    "cpu_freq": 1600, 
    "gpu_freq": 533, 
    "image cols": 3000, 
    "image rows": 1639, 
    "pool_dir": "pool.11", 
    "program version": "c597087", 
    "size": 16
  }, 
  "meta": {
    "device name": "Mali-T604", 
    "device type": "GPU", 
    "device vendor": "ARM", 
    "experiment type": "benchmarking", 
    "kernel name": "calc_histogram", 
    "program name": "Realeyes HOG"
  }, 
  "tags": [
    "demo", 
    "arm", 
    "codegen15"
  ], 
  "work": {
    "repl": 2, 
    "timestamp": "2015-02-22T02:07:47.752516"
  }
}