{
  "characteristics": {
    "cpu": 0.176383, 
    "gpu_copy": 0.060328, 
    "gpu_only": 0.045962, 
    "is_gpu_better": true, 
    "l2 cache and mmu counters": {
      "0": 4089855298, 
      "1": 14, 
      "10": 0, 
      "11": 0, 
      "12": 0, 
      "13": 0, 
      "14": 0, 
      "15": 0, 
      "16": 243, 
      "17": 19, 
      "18": 148, 
      "19": 7, 
      "2": 65535, 
      "20": 0, 
      "21": 0, 
      "22": 0, 
      "23": 0, 
      "24": 0, 
      "25": 0, 
      "26": 0, 
      "27": 0, 
      "28": 0, 
      "29": 0, 
      "3": 0, 
      "30": 273648, 
      "31": 398360, 
      "32": 9417166, 
      "33": 7701255, 
      "34": 7481663, 
      "35": 655783, 
      "36": 679284, 
      "37": 7368152, 
      "38": 108, 
      "39": 1014376, 
      "4": 140083, 
      "40": 901394, 
      "41": 20661, 
      "42": 0, 
      "43": 926569, 
      "44": 202, 
      "45": 16506, 
      "46": 4705, 
      "47": 3313, 
      "48": 99619, 
      "49": 99402, 
      "5": 9607, 
      "50": 69615, 
      "51": 2397, 
      "52": 1599, 
      "53": 8, 
      "54": 1242, 
      "55": 254, 
      "56": 0, 
      "57": 134, 
      "58": 3717, 
      "59": 0, 
      "6": 64, 
      "60": 9169, 
      "61": 209644, 
      "62": 7814687, 
      "63": 6183207, 
      "7": 1321, 
      "8": 8761, 
      "9": 0
    }, 
    "shader core counters": {
      "0": [
        4089855298, 
        4089855298, 
        4089855298, 
        4089855298
      ], 
      "1": [
        14, 
        14, 
        14, 
        14
      ], 
      "10": [
        17369, 
        17651, 
        17433, 
        17162
      ], 
      "11": [
        18881, 
        17955, 
        18260, 
        18274
      ], 
      "12": [
        324748, 
        321812, 
        325356, 
        320968
      ], 
      "13": [
        9375, 
        8371, 
        8988, 
        9483
      ], 
      "14": [
        81187, 
        80453, 
        81339, 
        80242
      ], 
      "15": [
        81187, 
        80453, 
        81339, 
        80242
      ], 
      "16": [
        0, 
        0, 
        0, 
        0
      ], 
      "17": [
        0, 
        0, 
        0, 
        0
      ], 
      "18": [
        0, 
        0, 
        0, 
        0
      ], 
      "19": [
        2729, 
        3557, 
        1882, 
        4205
      ], 
      "2": [
        65535, 
        65535, 
        65535, 
        65535
      ], 
      "20": [
        1033, 
        1035, 
        1038, 
        1022
      ], 
      "21": [
        0, 
        0, 
        0, 
        0
      ], 
      "22": [
        12235518, 
        12240170, 
        12239461, 
        12241400
      ], 
      "23": [
        2599, 
        2186, 
        2504, 
        960
      ], 
      "24": [
        330812, 
        278072, 
        318776, 
        121144
      ], 
      "25": [
        25021, 
        58759, 
        32918, 
        624617
      ], 
      "26": [
        12798994, 
        12803074, 
        12803400, 
        12804982
      ], 
      "27": [
        6294076, 
        5378449, 
        6125949, 
        2521715
      ], 
      "28": [
        374883, 
        276709, 
        352030, 
        108926
      ], 
      "29": [
        5644456, 
        6316143, 
        5825564, 
        5636035
      ], 
      "3": [
        0, 
        0, 
        0, 
        0
      ], 
      "30": [
        29388, 
        29000, 
        29137, 
        30732
      ], 
      "31": [
        4380594, 
        3800902, 
        4271726, 
        1975096
      ], 
      "32": [
        9125454, 
        10422200, 
        9479303, 
        12229408
      ], 
      "33": [
        0, 
        0, 
        0, 
        0
      ], 
      "34": [
        4681199, 
        6560697, 
        5146275, 
        10192832
      ], 
      "35": [
        64958, 
        61814, 
        62563, 
        62817
      ], 
      "36": [
        1465, 
        1375, 
        1355, 
        1402
      ], 
      "37": [
        0, 
        0, 
        0, 
        0
      ], 
      "38": [
        307400, 
        305808, 
        308208, 
        304268
      ], 
      "39": [
        16438, 
        15329, 
        15819, 
        16184
      ], 
      "4": [
        567362, 
        567188, 
        567634, 
        567320
      ], 
      "40": [
        30, 
        30, 
        26, 
        30
      ], 
      "41": [
        22962, 
        25313, 
        25243, 
        23852
      ], 
      "42": [
        471896, 
        475303, 
        476562, 
        476228
      ], 
      "43": [
        195010, 
        198723, 
        196905, 
        200782
      ], 
      "44": [
        1315, 
        1391, 
        1360, 
        1353
      ], 
      "45": [
        0, 
        0, 
        0, 
        0
      ], 
      "46": [
        0, 
        0, 
        0, 
        0
      ], 
      "47": [
        0, 
        0, 
        0, 
        0
      ], 
      "48": [
        659298, 
        557609, 
        642015, 
        244687
      ], 
      "49": [
        189347, 
        456381, 
        285076, 
        1056143
      ], 
      "5": [
        3454, 
        3474, 
        3460, 
        3404
      ], 
      "50": [
        507067, 
        442176, 
        494259, 
        229437
      ], 
      "51": [
        23971, 
        18658, 
        23517, 
        5986
      ], 
      "52": [
        507009, 
        442122, 
        494207, 
        229385
      ], 
      "53": [
        891115, 
        1635471, 
        1037659, 
        3222945
      ], 
      "54": [
        261720, 
        238215, 
        266366, 
        139436
      ], 
      "55": [
        1443, 
        1118, 
        3216, 
        1164
      ], 
      "56": [
        198400, 
        181571, 
        196926, 
        104150
      ], 
      "57": [
        12, 
        25, 
        33, 
        20
      ], 
      "58": [
        4777, 
        4856, 
        4924, 
        4896
      ], 
      "59": [
        49345, 
        49291, 
        49500, 
        48852
      ], 
      "6": [
        602, 
        578, 
        574, 
        582
      ], 
      "60": [
        17901, 
        15392, 
        17380, 
        7222
      ], 
      "61": [
        1673368, 
        1441901, 
        1630476, 
        703503
      ], 
      "62": [
        209388, 
        208411, 
        210032, 
        207395
      ], 
      "63": [
        131344, 
        131440, 
        131984, 
        129776
      ], 
      "7": [
        38708, 
        41403, 
        39115, 
        39829
      ], 
      "8": [
        831, 
        836, 
        775, 
        886
      ], 
      "9": [
        14991, 
        14840, 
        14560, 
        14760
      ]
    }
  }, 
  "features": {
    "GWS": [
      12, 
      12, 
      64
    ], 
    "LWS": [
      4, 
      1, 
      64
    ], 
    "OFFSET": [
      0, 
      0, 
      0
    ], 
    "compiler name": "ARM Mali OpenCL", 
    "compiler version": "5.0", 
    "cpu_freq": 800, 
    "gpu_freq": 266, 
    "image cols": 2500, 
    "image rows": 1985, 
    "pool_dir": "pool.16", 
    "program version": "c597087", 
    "size": 128
  }, 
  "meta": {
    "device name": "Mali-T604", 
    "device type": "GPU", 
    "device vendor": "ARM", 
    "experiment type": "benchmarking", 
    "kernel name": "calc_histogram", 
    "program name": "Realeyes HOG"
  }, 
  "tags": [
    "demo", 
    "arm", 
    "codegen15"
  ], 
  "work": {
    "repl": 0, 
    "timestamp": "2015-02-22T02:04:57.912209"
  }
}