{
  "characteristics": {
    "cpu": 0.087408, 
    "gpu_copy": 0.024784, 
    "gpu_only": 0.022805, 
    "is_gpu_better": true, 
    "l2 cache and mmu counters": {
      "0": 2035431927, 
      "1": 21, 
      "10": 0, 
      "11": 0, 
      "12": 0, 
      "13": 0, 
      "14": 0, 
      "15": 0, 
      "16": 8, 
      "17": 3, 
      "18": 186, 
      "19": 4, 
      "2": 65535, 
      "20": 0, 
      "21": 0, 
      "22": 0, 
      "23": 0, 
      "24": 0, 
      "25": 0, 
      "26": 0, 
      "27": 0, 
      "28": 0, 
      "29": 0, 
      "3": 0, 
      "30": 5968, 
      "31": 44248, 
      "32": 9054846, 
      "33": 7466482, 
      "34": 7459807, 
      "35": 621892, 
      "36": 677758, 
      "37": 7248208, 
      "38": 0, 
      "39": 902033, 
      "4": 150, 
      "40": 875751, 
      "41": 1719, 
      "42": 0, 
      "43": 900303, 
      "44": 0, 
      "45": 83, 
      "46": 0, 
      "47": 0, 
      "48": 11062, 
      "49": 11062, 
      "5": 63, 
      "50": 1497, 
      "51": 1389, 
      "52": 6, 
      "53": 2, 
      "54": 1, 
      "55": 0, 
      "56": 0, 
      "57": 171, 
      "58": 0, 
      "59": 0, 
      "6": 62, 
      "60": 0, 
      "61": 205431, 
      "62": 7781942, 
      "63": 6221348, 
      "7": 87, 
      "8": 38, 
      "9": 0
    }, 
    "shader core counters": {
      "0": [
        2035431927, 
        2035431927, 
        2035431927, 
        2035431927
      ], 
      "1": [
        21, 
        21, 
        21, 
        21
      ], 
      "10": [
        0, 
        0, 
        0, 
        0
      ], 
      "11": [
        0, 
        0, 
        0, 
        0
      ], 
      "12": [
        0, 
        0, 
        0, 
        0
      ], 
      "13": [
        0, 
        0, 
        0, 
        0
      ], 
      "14": [
        0, 
        0, 
        0, 
        0
      ], 
      "15": [
        0, 
        0, 
        0, 
        0
      ], 
      "16": [
        0, 
        0, 
        0, 
        0
      ], 
      "17": [
        0, 
        0, 
        0, 
        0
      ], 
      "18": [
        0, 
        0, 
        0, 
        0
      ], 
      "19": [
        0, 
        0, 
        0, 
        0
      ], 
      "2": [
        65535, 
        65535, 
        65535, 
        65535
      ], 
      "20": [
        0, 
        0, 
        0, 
        0
      ], 
      "21": [
        0, 
        0, 
        0, 
        0
      ], 
      "22": [
        12146066, 
        12151525, 
        12148987, 
        12154813
      ], 
      "23": [
        2559, 
        2159, 
        2516, 
        958
      ], 
      "24": [
        327552, 
        276352, 
        322048, 
        122624
      ], 
      "25": [
        8071, 
        10635, 
        9354, 
        101050
      ], 
      "26": [
        12145564, 
        12151022, 
        12148489, 
        12154321
      ], 
      "27": [
        6062448, 
        5100204, 
        5941256, 
        2345866
      ], 
      "28": [
        370031, 
        272164, 
        352363, 
        107343
      ], 
      "29": [
        5611440, 
        6250380, 
        5733037, 
        5754371
      ], 
      "3": [
        0, 
        0, 
        0, 
        0
      ], 
      "30": [
        0, 
        0, 
        0, 
        0
      ], 
      "31": [
        4029640, 
        3430772, 
        3957002, 
        1673864
      ], 
      "32": [
        8670404, 
        9988141, 
        8928091, 
        11812878
      ], 
      "33": [
        0, 
        0, 
        0, 
        0
      ], 
      "34": [
        4640764, 
        6557369, 
        4971089, 
        10139014
      ], 
      "35": [
        0, 
        0, 
        0, 
        0
      ], 
      "36": [
        0, 
        0, 
        0, 
        0
      ], 
      "37": [
        0, 
        0, 
        0, 
        0
      ], 
      "38": [
        0, 
        0, 
        0, 
        0
      ], 
      "39": [
        0, 
        0, 
        0, 
        0
      ], 
      "4": [
        0, 
        0, 
        0, 
        0
      ], 
      "40": [
        0, 
        0, 
        0, 
        0
      ], 
      "41": [
        0, 
        0, 
        0, 
        0
      ], 
      "42": [
        0, 
        0, 
        0, 
        0
      ], 
      "43": [
        0, 
        0, 
        0, 
        0
      ], 
      "44": [
        0, 
        0, 
        0, 
        0
      ], 
      "45": [
        0, 
        0, 
        0, 
        0
      ], 
      "46": [
        0, 
        0, 
        0, 
        0
      ], 
      "47": [
        0, 
        0, 
        0, 
        0
      ], 
      "48": [
        653064, 
        546416, 
        640576, 
        243272
      ], 
      "49": [
        181427, 
        455505, 
        228912, 
        936398
      ], 
      "5": [
        0, 
        0, 
        0, 
        0
      ], 
      "50": [
        500084, 
        432369, 
        491360, 
        229166
      ], 
      "51": [
        23848, 
        18192, 
        22411, 
        6063
      ], 
      "52": [
        500084, 
        432369, 
        491360, 
        229166
      ], 
      "53": [
        916664, 
        1672864, 
        1037023, 
        3319500
      ], 
      "54": [
        260584, 
        231875, 
        249372, 
        136057
      ], 
      "55": [
        1734, 
        1659, 
        1457, 
        511
      ], 
      "56": [
        202073, 
        178313, 
        193729, 
        104082
      ], 
      "57": [
        1, 
        1, 
        1, 
        1
      ], 
      "58": [
        3, 
        3, 
        3, 
        3
      ], 
      "59": [
        48, 
        48, 
        48, 
        47
      ], 
      "6": [
        0, 
        0, 
        0, 
        0
      ], 
      "60": [
        17, 
        16, 
        17, 
        16
      ], 
      "61": [
        1653232, 
        1411154, 
        1623297, 
        701604
      ], 
      "62": [
        372, 
        372, 
        372, 
        372
      ], 
      "63": [
        16, 
        16, 
        16, 
        0
      ], 
      "7": [
        0, 
        0, 
        0, 
        0
      ], 
      "8": [
        0, 
        0, 
        0, 
        0
      ], 
      "9": [
        0, 
        0, 
        0, 
        0
      ]
    }
  }, 
  "features": {
    "GWS": [
      12, 
      12, 
      64
    ], 
    "LWS": [
      4, 
      1, 
      64
    ], 
    "OFFSET": [
      0, 
      0, 
      0
    ], 
    "compiler name": "ARM Mali OpenCL", 
    "compiler version": "5.0", 
    "cpu_freq": 1600, 
    "gpu_freq": 533, 
    "image cols": 816, 
    "image rows": 612, 
    "pool_dir": "pool.21", 
    "program version": "c597087", 
    "size": 128
  }, 
  "meta": {
    "device name": "Mali-T604", 
    "device type": "GPU", 
    "device vendor": "ARM", 
    "experiment type": "benchmarking", 
    "kernel name": "calc_histogram", 
    "program name": "Realeyes HOG"
  }, 
  "tags": [
    "demo", 
    "arm", 
    "codegen15"
  ], 
  "work": {
    "repl": 2, 
    "timestamp": "2015-02-22T02:24:24.855406"
  }
}