{
  "characteristics": {
    "cpu": 0.188714, 
    "gpu_copy": 0.038372, 
    "gpu_only": 0.022146, 
    "is_gpu_better": true, 
    "l2 cache and mmu counters": {
      "0": 728742635, 
      "1": 18, 
      "10": 0, 
      "11": 0, 
      "12": 0, 
      "13": 0, 
      "14": 0, 
      "15": 0, 
      "16": 9, 
      "17": 3, 
      "18": 221, 
      "19": 7, 
      "2": 65535, 
      "20": 0, 
      "21": 0, 
      "22": 0, 
      "23": 0, 
      "24": 0, 
      "25": 0, 
      "26": 0, 
      "27": 0, 
      "28": 0, 
      "29": 0, 
      "3": 0, 
      "30": 9728, 
      "31": 77148, 
      "32": 8788227, 
      "33": 7199909, 
      "34": 7184909, 
      "35": 602050, 
      "36": 651633, 
      "37": 6956720, 
      "38": 0, 
      "39": 926547, 
      "4": 130845, 
      "40": 900600, 
      "41": 2830, 
      "42": 0, 
      "43": 923843, 
      "44": 0, 
      "45": 161, 
      "46": 0, 
      "47": 0, 
      "48": 19287, 
      "49": 19287, 
      "5": 7855, 
      "50": 2437, 
      "51": 2194, 
      "52": 6, 
      "53": 2, 
      "54": 0, 
      "55": 0, 
      "56": 0, 
      "57": 404, 
      "58": 0, 
      "59": 0, 
      "6": 67, 
      "60": 0, 
      "61": 217442, 
      "62": 7474725, 
      "63": 5844372, 
      "7": 808, 
      "8": 7452, 
      "9": 0
    }, 
    "shader core counters": {
      "0": [
        728742635, 
        728742635, 
        728742635, 
        728742635
      ], 
      "1": [
        18, 
        18, 
        18, 
        18
      ], 
      "10": [
        0, 
        0, 
        0, 
        0
      ], 
      "11": [
        0, 
        0, 
        0, 
        0
      ], 
      "12": [
        0, 
        0, 
        0, 
        0
      ], 
      "13": [
        0, 
        0, 
        0, 
        0
      ], 
      "14": [
        0, 
        0, 
        0, 
        0
      ], 
      "15": [
        0, 
        0, 
        0, 
        0
      ], 
      "16": [
        0, 
        0, 
        0, 
        0
      ], 
      "17": [
        0, 
        0, 
        0, 
        0
      ], 
      "18": [
        0, 
        0, 
        0, 
        0
      ], 
      "19": [
        0, 
        0, 
        0, 
        0
      ], 
      "2": [
        65535, 
        65535, 
        65535, 
        65535
      ], 
      "20": [
        0, 
        0, 
        0, 
        0
      ], 
      "21": [
        0, 
        0, 
        0, 
        0
      ], 
      "22": [
        11800656, 
        11803688, 
        11802842, 
        11800174
      ], 
      "23": [
        2444, 
        2135, 
        2385, 
        1228
      ], 
      "24": [
        312832, 
        273280, 
        305280, 
        157184
      ], 
      "25": [
        7957, 
        9865, 
        6421, 
        39166
      ], 
      "26": [
        11800197, 
        11803226, 
        11802390, 
        11799725
      ], 
      "27": [
        6179434, 
        5465102, 
        6041350, 
        3112456
      ], 
      "28": [
        415763, 
        332970, 
        396116, 
        153834
      ], 
      "29": [
        5111230, 
        5693500, 
        5265416, 
        5944562
      ], 
      "3": [
        0, 
        0, 
        0, 
        0
      ], 
      "30": [
        0, 
        0, 
        0, 
        0
      ], 
      "31": [
        4017606, 
        3578680, 
        3941086, 
        2099728
      ], 
      "32": [
        8327882, 
        9445774, 
        8620639, 
        11254412
      ], 
      "33": [
        0, 
        0, 
        0, 
        0
      ], 
      "34": [
        4310276, 
        5867094, 
        4679553, 
        9154684
      ], 
      "35": [
        0, 
        0, 
        0, 
        0
      ], 
      "36": [
        0, 
        0, 
        0, 
        0
      ], 
      "37": [
        0, 
        0, 
        0, 
        0
      ], 
      "38": [
        0, 
        0, 
        0, 
        0
      ], 
      "39": [
        0, 
        0, 
        0, 
        0
      ], 
      "4": [
        0, 
        0, 
        0, 
        0
      ], 
      "40": [
        0, 
        0, 
        0, 
        0
      ], 
      "41": [
        0, 
        0, 
        0, 
        0
      ], 
      "42": [
        0, 
        0, 
        0, 
        0
      ], 
      "43": [
        0, 
        0, 
        0, 
        0
      ], 
      "44": [
        0, 
        0, 
        0, 
        0
      ], 
      "45": [
        0, 
        0, 
        0, 
        0
      ], 
      "46": [
        0, 
        0, 
        0, 
        0
      ], 
      "47": [
        0, 
        0, 
        0, 
        0
      ], 
      "48": [
        658776, 
        583456, 
        645496, 
        327952
      ], 
      "49": [
        206477, 
        463813, 
        267754, 
        1016697
      ], 
      "5": [
        0, 
        0, 
        0, 
        0
      ], 
      "50": [
        492959, 
        442812, 
        484503, 
        269896
      ], 
      "51": [
        23415, 
        18773, 
        22237, 
        7990
      ], 
      "52": [
        492959, 
        442812, 
        484503, 
        269896
      ], 
      "53": [
        889079, 
        1458552, 
        1018203, 
        2787086
      ], 
      "54": [
        257865, 
        235339, 
        253648, 
        156658
      ], 
      "55": [
        1925, 
        1765, 
        1937, 
        1075
      ], 
      "56": [
        187448, 
        169832, 
        184152, 
        111382
      ], 
      "57": [
        1, 
        1, 
        1, 
        1
      ], 
      "58": [
        4, 
        4, 
        4, 
        4
      ], 
      "59": [
        47, 
        47, 
        47, 
        47
      ], 
      "6": [
        0, 
        0, 
        0, 
        0
      ], 
      "60": [
        18330, 
        16743, 
        17992, 
        9962
      ], 
      "61": [
        1644695, 
        1469080, 
        1614503, 
        867744
      ], 
      "62": [
        372, 
        372, 
        372, 
        372
      ], 
      "63": [
        0, 
        0, 
        0, 
        0
      ], 
      "7": [
        0, 
        0, 
        0, 
        0
      ], 
      "8": [
        0, 
        0, 
        0, 
        0
      ], 
      "9": [
        0, 
        0, 
        0, 
        0
      ]
    }
  }, 
  "features": {
    "GWS": [
      12, 
      12, 
      64
    ], 
    "LWS": [
      4, 
      1, 
      64
    ], 
    "OFFSET": [
      0, 
      0, 
      0
    ], 
    "compiler name": "ARM Mali OpenCL", 
    "compiler version": "5.0", 
    "cpu_freq": 800, 
    "gpu_freq": 533, 
    "image cols": 2422, 
    "image rows": 2066, 
    "pool_dir": "pool.15", 
    "program version": "c597087", 
    "size": 128
  }, 
  "meta": {
    "device name": "Mali-T604", 
    "device type": "GPU", 
    "device vendor": "ARM", 
    "experiment type": "benchmarking", 
    "kernel name": "calc_histogram", 
    "program name": "Realeyes HOG"
  }, 
  "tags": [
    "demo", 
    "arm", 
    "codegen15"
  ], 
  "work": {
    "repl": 0, 
    "timestamp": "2015-02-22T02:14:33.723876"
  }
}