{
  "characteristics": {
    "cpu": 0.028772, 
    "gpu_copy": 0.019895, 
    "gpu_only": 0.0135, 
    "is_gpu_better": true, 
    "l2 cache and mmu counters": {
      "0": 3837110953, 
      "1": 12, 
      "10": 0, 
      "11": 0, 
      "12": 0, 
      "13": 0, 
      "14": 0, 
      "15": 0, 
      "16": 9, 
      "17": 3, 
      "18": 168, 
      "19": 7, 
      "2": 65535, 
      "20": 0, 
      "21": 0, 
      "22": 0, 
      "23": 0, 
      "24": 0, 
      "25": 0, 
      "26": 0, 
      "27": 0, 
      "28": 0, 
      "29": 0, 
      "3": 0, 
      "30": 4960, 
      "31": 33364, 
      "32": 2671034, 
      "33": 2184723, 
      "34": 2177822, 
      "35": 184454, 
      "36": 197518, 
      "37": 2110610, 
      "38": 0, 
      "39": 282404, 
      "4": 42329, 
      "40": 274677, 
      "41": 1188, 
      "42": 0, 
      "43": 281080, 
      "44": 0, 
      "45": 109, 
      "46": 0, 
      "47": 2, 
      "48": 8341, 
      "49": 8341, 
      "5": 3863, 
      "50": 1246, 
      "51": 973, 
      "52": 8, 
      "53": 2, 
      "54": 0, 
      "55": 0, 
      "56": 0, 
      "57": 81, 
      "58": 0, 
      "59": 0, 
      "6": 62, 
      "60": 5, 
      "61": 56756, 
      "62": 2290914, 
      "63": 1750715, 
      "7": 710, 
      "8": 3622, 
      "9": 0
    }, 
    "shader core counters": {
      "0": [
        3837110953, 
        3837110953, 
        3837110953, 
        3837110953
      ], 
      "1": [
        12, 
        12, 
        12, 
        12
      ], 
      "10": [
        0, 
        0, 
        0, 
        0
      ], 
      "11": [
        0, 
        0, 
        0, 
        0
      ], 
      "12": [
        0, 
        0, 
        0, 
        0
      ], 
      "13": [
        0, 
        0, 
        0, 
        0
      ], 
      "14": [
        0, 
        0, 
        0, 
        0
      ], 
      "15": [
        0, 
        0, 
        0, 
        0
      ], 
      "16": [
        0, 
        0, 
        0, 
        0
      ], 
      "17": [
        0, 
        0, 
        0, 
        0
      ], 
      "18": [
        0, 
        0, 
        0, 
        0
      ], 
      "19": [
        0, 
        0, 
        0, 
        0
      ], 
      "2": [
        65535, 
        65535, 
        65535, 
        65535
      ], 
      "20": [
        0, 
        0, 
        0, 
        0
      ], 
      "21": [
        0, 
        0, 
        0, 
        0
      ], 
      "22": [
        3589374, 
        3579340, 
        3590253, 
        3590563
      ], 
      "23": [
        616, 
        519, 
        591, 
        322
      ], 
      "24": [
        78848, 
        66432, 
        75648, 
        41216
      ], 
      "25": [
        6149, 
        6127, 
        6433, 
        6374
      ], 
      "26": [
        3589000, 
        3578967, 
        3589881, 
        3590191
      ], 
      "27": [
        1763600, 
        1524016, 
        1721340, 
        938332
      ], 
      "28": [
        107039, 
        83126, 
        102918, 
        43739
      ], 
      "29": [
        1681060, 
        1831530, 
        1715256, 
        1823334
      ], 
      "3": [
        0, 
        0, 
        0, 
        0
      ], 
      "30": [
        0, 
        0, 
        0, 
        0
      ], 
      "31": [
        1174064, 
        1021558, 
        1146262, 
        645968
      ], 
      "32": [
        2603802, 
        2921425, 
        2688201, 
        3400517
      ], 
      "33": [
        0, 
        0, 
        0, 
        0
      ], 
      "34": [
        1429738, 
        1899867, 
        1541939, 
        2754549
      ], 
      "35": [
        0, 
        0, 
        0, 
        0
      ], 
      "36": [
        0, 
        0, 
        0, 
        0
      ], 
      "37": [
        0, 
        0, 
        0, 
        0
      ], 
      "38": [
        0, 
        0, 
        0, 
        0
      ], 
      "39": [
        0, 
        0, 
        0, 
        0
      ], 
      "4": [
        0, 
        0, 
        0, 
        0
      ], 
      "40": [
        0, 
        0, 
        0, 
        0
      ], 
      "41": [
        0, 
        0, 
        0, 
        0
      ], 
      "42": [
        0, 
        0, 
        0, 
        0
      ], 
      "43": [
        0, 
        0, 
        0, 
        0
      ], 
      "44": [
        0, 
        0, 
        0, 
        0
      ], 
      "45": [
        0, 
        0, 
        0, 
        0
      ], 
      "46": [
        0, 
        0, 
        0, 
        0
      ], 
      "47": [
        0, 
        0, 
        0, 
        0
      ], 
      "48": [
        181448, 
        156376, 
        177264, 
        94960
      ], 
      "49": [
        66125, 
        147069, 
        89603, 
        316046
      ], 
      "5": [
        0, 
        0, 
        0, 
        0
      ], 
      "50": [
        152936, 
        134621, 
        149599, 
        87934
      ], 
      "51": [
        7298, 
        5821, 
        6960, 
        2611
      ], 
      "52": [
        152936, 
        134621, 
        149599, 
        87934
      ], 
      "53": [
        255996, 
        434893, 
        291802, 
        783336
      ], 
      "54": [
        78908, 
        71713, 
        77684, 
        48329
      ], 
      "55": [
        423, 
        407, 
        428, 
        349
      ], 
      "56": [
        56916, 
        51783, 
        55728, 
        34350
      ], 
      "57": [
        1, 
        1, 
        1, 
        1
      ], 
      "58": [
        3, 
        3, 
        3, 
        3
      ], 
      "59": [
        47, 
        47, 
        47, 
        47
      ], 
      "6": [
        0, 
        0, 
        0, 
        0
      ], 
      "60": [
        5871, 
        5187, 
        5854, 
        3364
      ], 
      "61": [
        487320, 
        425619, 
        476463, 
        270828
      ], 
      "62": [
        372, 
        372, 
        372, 
        372
      ], 
      "63": [
        0, 
        0, 
        8, 
        0
      ], 
      "7": [
        0, 
        0, 
        0, 
        0
      ], 
      "8": [
        0, 
        0, 
        0, 
        0
      ], 
      "9": [
        0, 
        0, 
        0, 
        0
      ]
    }
  }, 
  "features": {
    "GWS": [
      64, 
      64, 
      64
    ], 
    "LWS": [
      4, 
      1, 
      64
    ], 
    "OFFSET": [
      0, 
      0, 
      0
    ], 
    "compiler name": "ARM Mali OpenCL", 
    "compiler version": "5.0", 
    "cpu_freq": 1600, 
    "gpu_freq": 266, 
    "image cols": 2103, 
    "image rows": 2082, 
    "pool_dir": "pool.18", 
    "program version": "c597087", 
    "size": 64
  }, 
  "meta": {
    "device name": "Mali-T604", 
    "device type": "GPU", 
    "device vendor": "ARM", 
    "experiment type": "benchmarking", 
    "kernel name": "calc_histogram", 
    "program name": "Realeyes HOG"
  }, 
  "tags": [
    "demo", 
    "arm", 
    "codegen15"
  ], 
  "work": {
    "repl": 2, 
    "timestamp": "2015-02-22T01:58:49.314142"
  }
}