{
  "characteristics": {
    "cpu": 0.019283, 
    "gpu_copy": 0.007465, 
    "gpu_only": 0.005208, 
    "is_gpu_better": true, 
    "l2 cache and mmu counters": {
      "0": 1107880237, 
      "1": 13, 
      "10": 0, 
      "11": 0, 
      "12": 0, 
      "13": 0, 
      "14": 0, 
      "15": 0, 
      "16": 8, 
      "17": 3, 
      "18": 211, 
      "19": 4, 
      "2": 65535, 
      "20": 0, 
      "21": 0, 
      "22": 0, 
      "23": 0, 
      "24": 0, 
      "25": 0, 
      "26": 0, 
      "27": 0, 
      "28": 0, 
      "29": 0, 
      "3": 0, 
      "30": 2280, 
      "31": 16624, 
      "32": 2059948, 
      "33": 1702795, 
      "34": 1699719, 
      "35": 140276, 
      "36": 154035, 
      "37": 1645481, 
      "38": 0, 
      "39": 198105, 
      "4": 3454, 
      "40": 191971, 
      "41": 478, 
      "42": 0, 
      "43": 197637, 
      "44": 0, 
      "45": 48, 
      "46": 0, 
      "47": 0, 
      "48": 4156, 
      "49": 4156, 
      "5": 70, 
      "50": 575, 
      "51": 512, 
      "52": 6, 
      "53": 2, 
      "54": 0, 
      "55": 0, 
      "56": 0, 
      "57": 0, 
      "58": 6, 
      "59": 0, 
      "6": 41, 
      "60": 0, 
      "61": 52072, 
      "62": 1752674, 
      "63": 1436307, 
      "7": 139, 
      "8": 54, 
      "9": 0
    }, 
    "shader core counters": {
      "0": [
        1107880237, 
        1107880237, 
        1107880237, 
        1107880237
      ], 
      "1": [
        13, 
        13, 
        13, 
        13
      ], 
      "10": [
        0, 
        0, 
        0, 
        0
      ], 
      "11": [
        0, 
        0, 
        0, 
        0
      ], 
      "12": [
        0, 
        0, 
        0, 
        0
      ], 
      "13": [
        0, 
        0, 
        0, 
        0
      ], 
      "14": [
        0, 
        0, 
        0, 
        0
      ], 
      "15": [
        0, 
        0, 
        0, 
        0
      ], 
      "16": [
        0, 
        0, 
        0, 
        0
      ], 
      "17": [
        0, 
        0, 
        0, 
        0
      ], 
      "18": [
        0, 
        0, 
        0, 
        0
      ], 
      "19": [
        0, 
        0, 
        0, 
        0
      ], 
      "2": [
        65535, 
        65535, 
        65535, 
        65535
      ], 
      "20": [
        0, 
        0, 
        0, 
        0
      ], 
      "21": [
        0, 
        0, 
        0, 
        0
      ], 
      "22": [
        2775707, 
        2773949, 
        2774613, 
        2775862
      ], 
      "23": [
        658, 
        538, 
        642, 
        210
      ], 
      "24": [
        84224, 
        68864, 
        82176, 
        26880
      ], 
      "25": [
        26846, 
        69075, 
        27265, 
        461925
      ], 
      "26": [
        2775166, 
        2773408, 
        2774075, 
        2775330
      ], 
      "27": [
        1388038, 
        1153520, 
        1357024, 
        468454
      ], 
      "28": [
        85794, 
        61020, 
        81870, 
        23522
      ], 
      "29": [
        1267604, 
        1435308, 
        1298605, 
        1148684
      ], 
      "3": [
        0, 
        0, 
        0, 
        0
      ], 
      "30": [
        0, 
        0, 
        0, 
        0
      ], 
      "31": [
        937524, 
        790058, 
        917064, 
        342812
      ], 
      "32": [
        1964811, 
        2273695, 
        2033072, 
        2639502
      ], 
      "33": [
        0, 
        0, 
        0, 
        0
      ], 
      "34": [
        1027287, 
        1483637, 
        1116008, 
        2296690
      ], 
      "35": [
        0, 
        0, 
        0, 
        0
      ], 
      "36": [
        0, 
        0, 
        0, 
        0
      ], 
      "37": [
        0, 
        0, 
        0, 
        0
      ], 
      "38": [
        0, 
        0, 
        0, 
        0
      ], 
      "39": [
        0, 
        0, 
        0, 
        0
      ], 
      "4": [
        0, 
        0, 
        0, 
        0
      ], 
      "40": [
        0, 
        0, 
        0, 
        0
      ], 
      "41": [
        0, 
        0, 
        0, 
        0
      ], 
      "42": [
        0, 
        0, 
        0, 
        0
      ], 
      "43": [
        0, 
        0, 
        0, 
        0
      ], 
      "44": [
        0, 
        0, 
        0, 
        0
      ], 
      "45": [
        0, 
        0, 
        0, 
        0
      ], 
      "46": [
        0, 
        0, 
        0, 
        0
      ], 
      "47": [
        0, 
        0, 
        0, 
        0
      ], 
      "48": [
        152704, 
        127272, 
        149536, 
        49208
      ], 
      "49": [
        36979, 
        87800, 
        54134, 
        188553
      ], 
      "5": [
        0, 
        0, 
        0, 
        0
      ], 
      "50": [
        115023, 
        98588, 
        112536, 
        47341
      ], 
      "51": [
        5506, 
        3960, 
        5108, 
        1137
      ], 
      "52": [
        115023, 
        98588, 
        112536, 
        47341
      ], 
      "53": [
        222070, 
        415006, 
        251975, 
        798811
      ], 
      "54": [
        57942, 
        49739, 
        57022, 
        27850
      ], 
      "55": [
        226, 
        197, 
        535, 
        179
      ], 
      "56": [
        47014, 
        40223, 
        44876, 
        22075
      ], 
      "57": [
        1, 
        1, 
        1, 
        1
      ], 
      "58": [
        3, 
        3, 
        3, 
        3
      ], 
      "59": [
        47, 
        49, 
        47, 
        47
      ], 
      "6": [
        0, 
        0, 
        0, 
        0
      ], 
      "60": [
        464, 
        446, 
        475, 
        309
      ], 
      "61": [
        382750, 
        324449, 
        374608, 
        143890
      ], 
      "62": [
        372, 
        372, 
        372, 
        372
      ], 
      "63": [
        0, 
        24, 
        0, 
        0
      ], 
      "7": [
        0, 
        0, 
        0, 
        0
      ], 
      "8": [
        0, 
        0, 
        0, 
        0
      ], 
      "9": [
        0, 
        0, 
        0, 
        0
      ]
    }
  }, 
  "features": {
    "GWS": [
      64, 
      64, 
      64
    ], 
    "LWS": [
      4, 
      1, 
      64
    ], 
    "OFFSET": [
      0, 
      0, 
      0
    ], 
    "compiler name": "ARM Mali OpenCL", 
    "compiler version": "5.0", 
    "cpu_freq": 1600, 
    "gpu_freq": 533, 
    "image cols": 1232, 
    "image rows": 820, 
    "pool_dir": "pool.09", 
    "program version": "c597087", 
    "size": 64
  }, 
  "meta": {
    "device name": "Mali-T604", 
    "device type": "GPU", 
    "device vendor": "ARM", 
    "experiment type": "benchmarking", 
    "kernel name": "calc_histogram", 
    "program name": "Realeyes HOG"
  }, 
  "tags": [
    "demo", 
    "arm", 
    "codegen15"
  ], 
  "work": {
    "repl": 2, 
    "timestamp": "2015-02-22T01:59:54.590653"
  }
}