{
  "characteristics": {
    "cpu": 0.00388, 
    "gpu_copy": 0.015356, 
    "gpu_only": 0.000883, 
    "is_gpu_better": false, 
    "l2 cache and mmu counters": {
      "0": 1429177030, 
      "1": 23, 
      "10": 0, 
      "11": 0, 
      "12": 0, 
      "13": 0, 
      "14": 0, 
      "15": 0, 
      "16": 9, 
      "17": 3, 
      "18": 156, 
      "19": 6, 
      "2": 65535, 
      "20": 0, 
      "21": 0, 
      "22": 0, 
      "23": 0, 
      "24": 0, 
      "25": 0, 
      "26": 0, 
      "27": 0, 
      "28": 0, 
      "29": 0, 
      "3": 0, 
      "30": 914, 
      "31": 5792, 
      "32": 167724, 
      "33": 133164, 
      "34": 131565, 
      "35": 11356, 
      "36": 11881, 
      "37": 127629, 
      "38": 0, 
      "39": 18362, 
      "4": 2975, 
      "40": 17863, 
      "41": 124, 
      "42": 0, 
      "43": 18271, 
      "44": 0, 
      "45": 55, 
      "46": 0, 
      "47": 1, 
      "48": 1448, 
      "49": 1448, 
      "5": 310, 
      "50": 232, 
      "51": 194, 
      "52": 4, 
      "53": 2, 
      "54": 0, 
      "55": 0, 
      "56": 0, 
      "57": 0, 
      "58": 0, 
      "59": 0, 
      "6": 70, 
      "60": 0, 
      "61": 3944, 
      "62": 135805, 
      "63": 101454, 
      "7": 316, 
      "8": 276, 
      "9": 0
    }, 
    "shader core counters": {
      "0": [
        1429177030, 
        1429177030, 
        1429177030, 
        1429177030
      ], 
      "1": [
        23, 
        23, 
        23, 
        23
      ], 
      "10": [
        0, 
        0, 
        0, 
        0
      ], 
      "11": [
        0, 
        0, 
        0, 
        0
      ], 
      "12": [
        0, 
        0, 
        0, 
        0
      ], 
      "13": [
        0, 
        0, 
        0, 
        0
      ], 
      "14": [
        0, 
        0, 
        0, 
        0
      ], 
      "15": [
        0, 
        0, 
        0, 
        0
      ], 
      "16": [
        0, 
        0, 
        0, 
        0
      ], 
      "17": [
        0, 
        0, 
        0, 
        0
      ], 
      "18": [
        0, 
        0, 
        0, 
        0
      ], 
      "19": [
        0, 
        0, 
        0, 
        0
      ], 
      "2": [
        65535, 
        65535, 
        65535, 
        65535
      ], 
      "20": [
        0, 
        0, 
        0, 
        0
      ], 
      "21": [
        0, 
        0, 
        0, 
        0
      ], 
      "22": [
        229882, 
        219514, 
        234669, 
        229176
      ], 
      "23": [
        36, 
        33, 
        37, 
        22
      ], 
      "24": [
        4608, 
        4224, 
        4736, 
        2816
      ], 
      "25": [
        6091, 
        5539, 
        4686, 
        10845
      ], 
      "26": [
        229542, 
        219167, 
        234327, 
        228839
      ], 
      "27": [
        108244, 
        90152, 
        110692, 
        59290
      ], 
      "28": [
        6482, 
        4954, 
        6579, 
        3125
      ], 
      "29": [
        103924, 
        107501, 
        106076, 
        99550
      ], 
      "3": [
        0, 
        0, 
        0, 
        0
      ], 
      "30": [
        0, 
        0, 
        0, 
        0
      ], 
      "31": [
        71658, 
        60564, 
        73228, 
        41018
      ], 
      "32": [
        167723, 
        175165, 
        172080, 
        207417
      ], 
      "33": [
        0, 
        0, 
        0, 
        0
      ], 
      "34": [
        96065, 
        114601, 
        98852, 
        166399
      ], 
      "35": [
        0, 
        0, 
        0, 
        0
      ], 
      "36": [
        0, 
        0, 
        0, 
        0
      ], 
      "37": [
        0, 
        0, 
        0, 
        0
      ], 
      "38": [
        0, 
        0, 
        0, 
        0
      ], 
      "39": [
        0, 
        0, 
        0, 
        0
      ], 
      "4": [
        0, 
        0, 
        0, 
        0
      ], 
      "40": [
        0, 
        0, 
        0, 
        0
      ], 
      "41": [
        0, 
        0, 
        0, 
        0
      ], 
      "42": [
        0, 
        0, 
        0, 
        0
      ], 
      "43": [
        0, 
        0, 
        0, 
        0
      ], 
      "44": [
        0, 
        0, 
        0, 
        0
      ], 
      "45": [
        0, 
        0, 
        0, 
        0
      ], 
      "46": [
        0, 
        0, 
        0, 
        0
      ], 
      "47": [
        0, 
        0, 
        0, 
        0
      ], 
      "48": [
        11184, 
        9328, 
        11392, 
        5984
      ], 
      "49": [
        5230, 
        10007, 
        6557, 
        21539
      ], 
      "5": [
        0, 
        0, 
        0, 
        0
      ], 
      "50": [
        9316, 
        7879, 
        9539, 
        5570
      ], 
      "51": [
        463, 
        306, 
        425, 
        161
      ], 
      "52": [
        9316, 
        7879, 
        9539, 
        5570
      ], 
      "53": [
        17704, 
        25603, 
        17631, 
        43113
      ], 
      "54": [
        5439, 
        4323, 
        4955, 
        3205
      ], 
      "55": [
        40, 
        26, 
        45, 
        16
      ], 
      "56": [
        3698, 
        2852, 
        3230, 
        2116
      ], 
      "57": [
        1, 
        1, 
        1, 
        1
      ], 
      "58": [
        3, 
        3, 
        3, 
        3
      ], 
      "59": [
        47, 
        49, 
        47, 
        47
      ], 
      "6": [
        0, 
        0, 
        0, 
        0
      ], 
      "60": [
        421, 
        341, 
        428, 
        218
      ], 
      "61": [
        29817, 
        25086, 
        30470, 
        17125
      ], 
      "62": [
        372, 
        372, 
        372, 
        372
      ], 
      "63": [
        8, 
        16, 
        0, 
        0
      ], 
      "7": [
        0, 
        0, 
        0, 
        0
      ], 
      "8": [
        0, 
        0, 
        0, 
        0
      ], 
      "9": [
        0, 
        0, 
        0, 
        0
      ]
    }
  }, 
  "features": {
    "GWS": [
      16, 
      16, 
      64
    ], 
    "LWS": [
      4, 
      1, 
      64
    ], 
    "OFFSET": [
      0, 
      0, 
      0
    ], 
    "compiler name": "ARM Mali OpenCL", 
    "compiler version": "5.0", 
    "cpu_freq": 800, 
    "gpu_freq": 266, 
    "image cols": 2174, 
    "image rows": 2215, 
    "pool_dir": "pool.00", 
    "program version": "c597087", 
    "size": 16
  }, 
  "meta": {
    "device name": "Mali-T604", 
    "device type": "GPU", 
    "device vendor": "ARM", 
    "experiment type": "benchmarking", 
    "kernel name": "calc_histogram", 
    "program name": "Realeyes HOG"
  }, 
  "tags": [
    "demo", 
    "arm", 
    "codegen15"
  ], 
  "work": {
    "repl": 3, 
    "timestamp": "2015-02-22T02:29:57.617639"
  }
}