{
  "characteristics": {
    "cpu": 0.003267, 
    "gpu_copy": 0.013941, 
    "gpu_only": 0.00071, 
    "is_gpu_better": false, 
    "l2 cache and mmu counters": {
      "0": 1692144782, 
      "1": 23, 
      "10": 0, 
      "11": 0, 
      "12": 0, 
      "13": 0, 
      "14": 0, 
      "15": 0, 
      "16": 8, 
      "17": 3, 
      "18": 186, 
      "19": 4, 
      "2": 65535, 
      "20": 0, 
      "21": 0, 
      "22": 0, 
      "23": 0, 
      "24": 0, 
      "25": 0, 
      "26": 0, 
      "27": 0, 
      "28": 0, 
      "29": 0, 
      "3": 0, 
      "30": 772, 
      "31": 4492, 
      "32": 137042, 
      "33": 109116, 
      "34": 107502, 
      "35": 9233, 
      "36": 9827, 
      "37": 104514, 
      "38": 0, 
      "39": 13837, 
      "4": 1651, 
      "40": 13468, 
      "41": 88, 
      "42": 0, 
      "43": 13793, 
      "44": 0, 
      "45": 39, 
      "46": 0, 
      "47": 14, 
      "48": 1123, 
      "49": 1123, 
      "5": 278, 
      "50": 198, 
      "51": 177, 
      "52": 6, 
      "53": 2, 
      "54": 0, 
      "55": 0, 
      "56": 0, 
      "57": 0, 
      "58": 0, 
      "59": 0, 
      "6": 33, 
      "60": 0, 
      "61": 3430, 
      "62": 110016, 
      "63": 86463, 
      "7": 265, 
      "8": 252, 
      "9": 0
    }, 
    "shader core counters": {
      "0": [
        1692144782, 
        1692144782, 
        1692144782, 
        1692144782
      ], 
      "1": [
        23, 
        23, 
        23, 
        23
      ], 
      "10": [
        0, 
        0, 
        0, 
        0
      ], 
      "11": [
        0, 
        0, 
        0, 
        0
      ], 
      "12": [
        0, 
        0, 
        0, 
        0
      ], 
      "13": [
        0, 
        0, 
        0, 
        0
      ], 
      "14": [
        0, 
        0, 
        0, 
        0
      ], 
      "15": [
        0, 
        0, 
        0, 
        0
      ], 
      "16": [
        0, 
        0, 
        0, 
        0
      ], 
      "17": [
        0, 
        0, 
        0, 
        0
      ], 
      "18": [
        0, 
        0, 
        0, 
        0
      ], 
      "19": [
        0, 
        0, 
        0, 
        0
      ], 
      "2": [
        65535, 
        65535, 
        65535, 
        65535
      ], 
      "20": [
        0, 
        0, 
        0, 
        0
      ], 
      "21": [
        0, 
        0, 
        0, 
        0
      ], 
      "22": [
        184318, 
        188535, 
        187961, 
        182378
      ], 
      "23": [
        39, 
        37, 
        38, 
        14
      ], 
      "24": [
        4992, 
        4736, 
        4864, 
        1792
      ], 
      "25": [
        7532, 
        7904, 
        8684, 
        42891
      ], 
      "26": [
        183978, 
        188188, 
        187619, 
        182041
      ], 
      "27": [
        87852, 
        80420, 
        86712, 
        32570
      ], 
      "28": [
        5358, 
        4298, 
        5053, 
        1698
      ], 
      "29": [
        80164, 
        89295, 
        83323, 
        60597
      ], 
      "3": [
        0, 
        0, 
        0, 
        0
      ], 
      "30": [
        0, 
        0, 
        0, 
        0
      ], 
      "31": [
        57892, 
        53652, 
        57624, 
        23234
      ], 
      "32": [
        124574, 
        149989, 
        135158, 
        161540
      ], 
      "33": [
        0, 
        0, 
        0, 
        0
      ], 
      "34": [
        66682, 
        96337, 
        77534, 
        138306
      ], 
      "35": [
        0, 
        0, 
        0, 
        0
      ], 
      "36": [
        0, 
        0, 
        0, 
        0
      ], 
      "37": [
        0, 
        0, 
        0, 
        0
      ], 
      "38": [
        0, 
        0, 
        0, 
        0
      ], 
      "39": [
        0, 
        0, 
        0, 
        0
      ], 
      "4": [
        0, 
        0, 
        0, 
        0
      ], 
      "40": [
        0, 
        0, 
        0, 
        0
      ], 
      "41": [
        0, 
        0, 
        0, 
        0
      ], 
      "42": [
        0, 
        0, 
        0, 
        0
      ], 
      "43": [
        0, 
        0, 
        0, 
        0
      ], 
      "44": [
        0, 
        0, 
        0, 
        0
      ], 
      "45": [
        0, 
        0, 
        0, 
        0
      ], 
      "46": [
        0, 
        0, 
        0, 
        0
      ], 
      "47": [
        0, 
        0, 
        0, 
        0
      ], 
      "48": [
        9648, 
        8632, 
        9624, 
        3328
      ], 
      "49": [
        3011, 
        6998, 
        4502, 
        15516
      ], 
      "5": [
        0, 
        0, 
        0, 
        0
      ], 
      "50": [
        6985, 
        6617, 
        6978, 
        3200
      ], 
      "51": [
        331, 
        286, 
        335, 
        84
      ], 
      "52": [
        6985, 
        6617, 
        6978, 
        3200
      ], 
      "53": [
        12756, 
        22687, 
        15837, 
        41587
      ], 
      "54": [
        3708, 
        3698, 
        4046, 
        2076
      ], 
      "55": [
        17, 
        11, 
        15, 
        14
      ], 
      "56": [
        2739, 
        2699, 
        2945, 
        1445
      ], 
      "57": [
        1, 
        1, 
        1, 
        1
      ], 
      "58": [
        3, 
        3, 
        3, 
        3
      ], 
      "59": [
        47, 
        47, 
        47, 
        47
      ], 
      "6": [
        0, 
        0, 
        0, 
        0
      ], 
      "60": [
        201, 
        239, 
        244, 
        111
      ], 
      "61": [
        23618, 
        21866, 
        23580, 
        9729
      ], 
      "62": [
        372, 
        372, 
        372, 
        372
      ], 
      "63": [
        0, 
        0, 
        0, 
        0
      ], 
      "7": [
        0, 
        0, 
        0, 
        0
      ], 
      "8": [
        0, 
        0, 
        0, 
        0
      ], 
      "9": [
        0, 
        0, 
        0, 
        0
      ]
    }
  }, 
  "features": {
    "GWS": [
      16, 
      16, 
      64
    ], 
    "LWS": [
      4, 
      1, 
      64
    ], 
    "OFFSET": [
      0, 
      0, 
      0
    ], 
    "compiler name": "ARM Mali OpenCL", 
    "compiler version": "5.0", 
    "cpu_freq": 800, 
    "gpu_freq": 266, 
    "image cols": 2582, 
    "image rows": 1940, 
    "pool_dir": "pool.06", 
    "program version": "c597087", 
    "size": 16
  }, 
  "meta": {
    "device name": "Mali-T604", 
    "device type": "GPU", 
    "device vendor": "ARM", 
    "experiment type": "benchmarking", 
    "kernel name": "calc_histogram", 
    "program name": "Realeyes HOG"
  }, 
  "tags": [
    "demo", 
    "arm", 
    "codegen15"
  ], 
  "work": {
    "repl": 0, 
    "timestamp": "2015-02-22T02:30:08.576095"
  }
}