{
  "characteristics": {
    "cpu": 0.022111, 
    "gpu_copy": 0.021159, 
    "gpu_only": 0.011557, 
    "is_gpu_better": true, 
    "l2 cache and mmu counters": {
      "0": 3141212687, 
      "1": 11, 
      "10": 0, 
      "11": 0, 
      "12": 0, 
      "13": 0, 
      "14": 0, 
      "15": 0, 
      "16": 8, 
      "17": 3, 
      "18": 167, 
      "19": 4, 
      "2": 65535, 
      "20": 0, 
      "21": 0, 
      "22": 0, 
      "23": 0, 
      "24": 0, 
      "25": 0, 
      "26": 0, 
      "27": 0, 
      "28": 0, 
      "29": 0, 
      "3": 0, 
      "30": 3059, 
      "31": 22968, 
      "32": 2280039, 
      "33": 1873440, 
      "34": 1868660, 
      "35": 155844, 
      "36": 169609, 
      "37": 1813068, 
      "38": 0, 
      "39": 231521, 
      "4": 29659, 
      "40": 224290, 
      "41": 699, 
      "42": 0, 
      "43": 230844, 
      "44": 0, 
      "45": 76, 
      "46": 0, 
      "47": 0, 
      "48": 5742, 
      "49": 5742, 
      "5": 1809, 
      "50": 783, 
      "51": 653, 
      "52": 8, 
      "53": 2, 
      "54": 0, 
      "55": 0, 
      "56": 0, 
      "57": 23, 
      "58": 0, 
      "59": 0, 
      "6": 53, 
      "60": 0, 
      "61": 53101, 
      "62": 1947000, 
      "63": 1543180, 
      "7": 351, 
      "8": 1694, 
      "9": 0
    }, 
    "shader core counters": {
      "0": [
        3141212687, 
        3141212687, 
        3141212687, 
        3141212687
      ], 
      "1": [
        11, 
        11, 
        11, 
        11
      ], 
      "10": [
        0, 
        0, 
        0, 
        0
      ], 
      "11": [
        0, 
        0, 
        0, 
        0
      ], 
      "12": [
        0, 
        0, 
        0, 
        0
      ], 
      "13": [
        0, 
        0, 
        0, 
        0
      ], 
      "14": [
        0, 
        0, 
        0, 
        0
      ], 
      "15": [
        0, 
        0, 
        0, 
        0
      ], 
      "16": [
        0, 
        0, 
        0, 
        0
      ], 
      "17": [
        0, 
        0, 
        0, 
        0
      ], 
      "18": [
        0, 
        0, 
        0, 
        0
      ], 
      "19": [
        0, 
        0, 
        0, 
        0
      ], 
      "2": [
        65535, 
        65535, 
        65535, 
        65535
      ], 
      "20": [
        0, 
        0, 
        0, 
        0
      ], 
      "21": [
        0, 
        0, 
        0, 
        0
      ], 
      "22": [
        3068996, 
        3067207, 
        3070934, 
        3073745
      ], 
      "23": [
        644, 
        533, 
        633, 
        238
      ], 
      "24": [
        82432, 
        68224, 
        81024, 
        30464
      ], 
      "25": [
        5778, 
        17792, 
        9305, 
        224554
      ], 
      "26": [
        3068642, 
        3066854, 
        3070586, 
        3073403
      ], 
      "27": [
        1529780, 
        1258646, 
        1484402, 
        580206
      ], 
      "28": [
        93746, 
        66023, 
        87354, 
        27931
      ], 
      "29": [
        1414617, 
        1592716, 
        1463041, 
        1359275
      ], 
      "3": [
        0, 
        0, 
        0, 
        0
      ], 
      "30": [
        0, 
        0, 
        0, 
        0
      ], 
      "31": [
        1016088, 
        850590, 
        991950, 
        414726
      ], 
      "32": [
        2199447, 
        2559668, 
        2289903, 
        2952151
      ], 
      "33": [
        0, 
        0, 
        0, 
        0
      ], 
      "34": [
        1183359, 
        1709078, 
        1297953, 
        2537425
      ], 
      "35": [
        0, 
        0, 
        0, 
        0
      ], 
      "36": [
        0, 
        0, 
        0, 
        0
      ], 
      "37": [
        0, 
        0, 
        0, 
        0
      ], 
      "38": [
        0, 
        0, 
        0, 
        0
      ], 
      "39": [
        0, 
        0, 
        0, 
        0
      ], 
      "4": [
        0, 
        0, 
        0, 
        0
      ], 
      "40": [
        0, 
        0, 
        0, 
        0
      ], 
      "41": [
        0, 
        0, 
        0, 
        0
      ], 
      "42": [
        0, 
        0, 
        0, 
        0
      ], 
      "43": [
        0, 
        0, 
        0, 
        0
      ], 
      "44": [
        0, 
        0, 
        0, 
        0
      ], 
      "45": [
        0, 
        0, 
        0, 
        0
      ], 
      "46": [
        0, 
        0, 
        0, 
        0
      ], 
      "47": [
        0, 
        0, 
        0, 
        0
      ], 
      "48": [
        165352, 
        134736, 
        159664, 
        60056
      ], 
      "49": [
        53489, 
        131735, 
        67787, 
        249151
      ], 
      "5": [
        0, 
        0, 
        0, 
        0
      ], 
      "50": [
        125794, 
        107787, 
        123647, 
        56917
      ], 
      "51": [
        6111, 
        4625, 
        5778, 
        1465
      ], 
      "52": [
        125794, 
        107787, 
        123647, 
        56917
      ], 
      "53": [
        223700, 
        429286, 
        267426, 
        813833
      ], 
      "54": [
        66977, 
        59625, 
        65291, 
        33581
      ], 
      "55": [
        808, 
        701, 
        771, 
        268
      ], 
      "56": [
        50215, 
        44966, 
        49164, 
        25536
      ], 
      "57": [
        1, 
        1, 
        1, 
        1
      ], 
      "58": [
        3, 
        3, 
        3, 
        3
      ], 
      "59": [
        47, 
        47, 
        47, 
        47
      ], 
      "6": [
        0, 
        0, 
        0, 
        0
      ], 
      "60": [
        4475, 
        3817, 
        4174, 
        1823
      ], 
      "61": [
        416940, 
        350311, 
        406959, 
        173891
      ], 
      "62": [
        372, 
        372, 
        372, 
        372
      ], 
      "63": [
        0, 
        0, 
        0, 
        0
      ], 
      "7": [
        0, 
        0, 
        0, 
        0
      ], 
      "8": [
        0, 
        0, 
        0, 
        0
      ], 
      "9": [
        0, 
        0, 
        0, 
        0
      ]
    }
  }, 
  "features": {
    "GWS": [
      64, 
      64, 
      64
    ], 
    "LWS": [
      4, 
      1, 
      64
    ], 
    "OFFSET": [
      0, 
      0, 
      0
    ], 
    "compiler name": "ARM Mali OpenCL", 
    "compiler version": "5.0", 
    "cpu_freq": 1600, 
    "gpu_freq": 266, 
    "image cols": 2500, 
    "image rows": 1985, 
    "pool_dir": "pool.16", 
    "program version": "c597087", 
    "size": 64
  }, 
  "meta": {
    "device name": "Mali-T604", 
    "device type": "GPU", 
    "device vendor": "ARM", 
    "experiment type": "benchmarking", 
    "kernel name": "calc_histogram", 
    "program name": "Realeyes HOG"
  }, 
  "tags": [
    "demo", 
    "arm", 
    "codegen15"
  ], 
  "work": {
    "repl": 2, 
    "timestamp": "2015-02-22T01:55:21.372943"
  }
}