{
  "characteristics": {
    "cpu": 0.10607, 
    "gpu_copy": 0.052466, 
    "gpu_only": 0.036152, 
    "is_gpu_better": true, 
    "l2 cache and mmu counters": {
      "0": 789555529, 
      "1": 23, 
      "10": 0, 
      "11": 0, 
      "12": 0, 
      "13": 0, 
      "14": 0, 
      "15": 0, 
      "16": 8, 
      "17": 3, 
      "18": 135, 
      "19": 4, 
      "2": 65535, 
      "20": 0, 
      "21": 0, 
      "22": 0, 
      "23": 0, 
      "24": 0, 
      "25": 0, 
      "26": 0, 
      "27": 0, 
      "28": 0, 
      "29": 0, 
      "3": 0, 
      "30": 5848, 
      "31": 39004, 
      "32": 7078427, 
      "33": 5904259, 
      "34": 5899305, 
      "35": 482762, 
      "36": 534314, 
      "37": 5704178, 
      "38": 0, 
      "39": 633479, 
      "4": 30744, 
      "40": 612589, 
      "41": 1359, 
      "42": 0, 
      "43": 631920, 
      "44": 0, 
      "45": 74, 
      "46": 0, 
      "47": 0, 
      "48": 9751, 
      "49": 9751, 
      "5": 915, 
      "50": 1467, 
      "51": 1224, 
      "52": 6, 
      "53": 2, 
      "54": 0, 
      "55": 0, 
      "56": 0, 
      "57": 33, 
      "58": 0, 
      "59": 0, 
      "6": 56, 
      "60": 0, 
      "61": 187222, 
      "62": 6052370, 
      "63": 5113370, 
      "7": 209, 
      "8": 889, 
      "9": 0
    }, 
    "shader core counters": {
      "0": [
        789555529, 
        789555529, 
        789555529, 
        789555529
      ], 
      "1": [
        23, 
        23, 
        23, 
        23
      ], 
      "10": [
        0, 
        0, 
        0, 
        0
      ], 
      "11": [
        0, 
        0, 
        0, 
        0
      ], 
      "12": [
        0, 
        0, 
        0, 
        0
      ], 
      "13": [
        0, 
        0, 
        0, 
        0
      ], 
      "14": [
        0, 
        0, 
        0, 
        0
      ], 
      "15": [
        0, 
        0, 
        0, 
        0
      ], 
      "16": [
        0, 
        0, 
        0, 
        0
      ], 
      "17": [
        0, 
        0, 
        0, 
        0
      ], 
      "18": [
        0, 
        0, 
        0, 
        0
      ], 
      "19": [
        0, 
        0, 
        0, 
        0
      ], 
      "2": [
        65535, 
        65535, 
        65535, 
        65535
      ], 
      "20": [
        0, 
        0, 
        0, 
        0
      ], 
      "21": [
        0, 
        0, 
        0, 
        0
      ], 
      "22": [
        9615885, 
        9616410, 
        9613777, 
        9613921
      ], 
      "23": [
        2946, 
        1861, 
        2802, 
        583
      ], 
      "24": [
        377088, 
        238208, 
        358656, 
        74624
      ], 
      "25": [
        702311, 
        2540799, 
        958301, 
        4384539
      ], 
      "26": [
        9615543, 
        9616067, 
        9613435, 
        9613580
      ], 
      "27": [
        4738902, 
        3058174, 
        4528318, 
        1024852
      ], 
      "28": [
        276131, 
        135283, 
        251277, 
        67606
      ], 
      "29": [
        4465451, 
        4919184, 
        4653089, 
        2372857
      ], 
      "3": [
        0, 
        0, 
        0, 
        0
      ], 
      "30": [
        0, 
        0, 
        0, 
        0
      ], 
      "31": [
        3271074, 
        2194538, 
        3135270, 
        826542
      ], 
      "32": [
        6680352, 
        8049622, 
        7002719, 
        8665939
      ], 
      "33": [
        0, 
        0, 
        0, 
        0
      ], 
      "34": [
        3409278, 
        5855084, 
        3867449, 
        7839397
      ], 
      "35": [
        0, 
        0, 
        0, 
        0
      ], 
      "36": [
        0, 
        0, 
        0, 
        0
      ], 
      "37": [
        0, 
        0, 
        0, 
        0
      ], 
      "38": [
        0, 
        0, 
        0, 
        0
      ], 
      "39": [
        0, 
        0, 
        0, 
        0
      ], 
      "4": [
        0, 
        0, 
        0, 
        0
      ], 
      "40": [
        0, 
        0, 
        0, 
        0
      ], 
      "41": [
        0, 
        0, 
        0, 
        0
      ], 
      "42": [
        0, 
        0, 
        0, 
        0
      ], 
      "43": [
        0, 
        0, 
        0, 
        0
      ], 
      "44": [
        0, 
        0, 
        0, 
        0
      ], 
      "45": [
        0, 
        0, 
        0, 
        0
      ], 
      "46": [
        0, 
        0, 
        0, 
        0
      ], 
      "47": [
        0, 
        0, 
        0, 
        0
      ], 
      "48": [
        563528, 
        355880, 
        536184, 
        111640
      ], 
      "49": [
        92021, 
        261408, 
        137808, 
        441441
      ], 
      "5": [
        0, 
        0, 
        0, 
        0
      ], 
      "50": [
        374514, 
        268620, 
        362107, 
        118845
      ], 
      "51": [
        18507, 
        10093, 
        17185, 
        2103
      ], 
      "52": [
        374514, 
        268620, 
        362107, 
        118845
      ], 
      "53": [
        740760, 
        1917077, 
        926032, 
        3031961
      ], 
      "54": [
        198350, 
        149796, 
        193672, 
        72432
      ], 
      "55": [
        854, 
        630, 
        1133, 
        228
      ], 
      "56": [
        174428, 
        130365, 
        167786, 
        62328
      ], 
      "57": [
        1, 
        1, 
        1, 
        1
      ], 
      "58": [
        3, 
        3, 
        3, 
        3
      ], 
      "59": [
        47, 
        47, 
        47, 
        47
      ], 
      "6": [
        0, 
        0, 
        0, 
        0
      ], 
      "60": [
        5033, 
        3585, 
        4805, 
        1599
      ], 
      "61": [
        1312557, 
        893121, 
        1260399, 
        349331
      ], 
      "62": [
        372, 
        372, 
        372, 
        372
      ], 
      "63": [
        0, 
        0, 
        0, 
        0
      ], 
      "7": [
        0, 
        0, 
        0, 
        0
      ], 
      "8": [
        0, 
        0, 
        0, 
        0
      ], 
      "9": [
        0, 
        0, 
        0, 
        0
      ]
    }
  }, 
  "features": {
    "GWS": [
      12, 
      12, 
      64
    ], 
    "LWS": [
      4, 
      1, 
      64
    ], 
    "OFFSET": [
      0, 
      0, 
      0
    ], 
    "compiler name": "ARM Mali OpenCL", 
    "compiler version": "5.0", 
    "cpu_freq": 800, 
    "gpu_freq": 266, 
    "image cols": 3710, 
    "image rows": 1686, 
    "pool_dir": "pool.12", 
    "program version": "c597087", 
    "size": 128
  }, 
  "meta": {
    "device name": "Mali-T604", 
    "device type": "GPU", 
    "device vendor": "ARM", 
    "experiment type": "benchmarking", 
    "kernel name": "calc_histogram", 
    "program name": "Realeyes HOG"
  }, 
  "tags": [
    "demo", 
    "arm", 
    "codegen15"
  ], 
  "work": {
    "repl": 2, 
    "timestamp": "2015-02-22T02:29:31.026223"
  }
}