{
  "characteristics": {
    "cpu": 0.07977, 
    "gpu_copy": 0.029105, 
    "gpu_only": 0.02146, 
    "is_gpu_better": true, 
    "l2 cache and mmu counters": {
      "0": 536337950, 
      "1": 20, 
      "10": 0, 
      "11": 0, 
      "12": 0, 
      "13": 0, 
      "14": 0, 
      "15": 0, 
      "16": 9, 
      "17": 3, 
      "18": 232, 
      "19": 7, 
      "2": 65535, 
      "20": 0, 
      "21": 0, 
      "22": 0, 
      "23": 0, 
      "24": 0, 
      "25": 0, 
      "26": 0, 
      "27": 0, 
      "28": 0, 
      "29": 0, 
      "3": 0, 
      "30": 7640, 
      "31": 63316, 
      "32": 8521075, 
      "33": 7027958, 
      "34": 7017552, 
      "35": 585051, 
      "36": 638312, 
      "37": 6806148, 
      "38": 0, 
      "39": 846249, 
      "4": 93320, 
      "40": 821639, 
      "41": 2092, 
      "42": 0, 
      "43": 844192, 
      "44": 0, 
      "45": 113, 
      "46": 0, 
      "47": 0, 
      "48": 15829, 
      "49": 15829, 
      "5": 5215, 
      "50": 1915, 
      "51": 1737, 
      "52": 6, 
      "53": 2, 
      "54": 8, 
      "55": 0, 
      "56": 0, 
      "57": 207, 
      "58": 2, 
      "59": 0, 
      "6": 75, 
      "60": 0, 
      "61": 199812, 
      "62": 7304119, 
      "63": 5853259, 
      "7": 666, 
      "8": 4979, 
      "9": 0
    }, 
    "shader core counters": {
      "0": [
        536337950, 
        536337950, 
        536337950, 
        536337950
      ], 
      "1": [
        20, 
        20, 
        20, 
        20
      ], 
      "10": [
        0, 
        0, 
        0, 
        0
      ], 
      "11": [
        0, 
        0, 
        0, 
        0
      ], 
      "12": [
        0, 
        0, 
        0, 
        0
      ], 
      "13": [
        0, 
        0, 
        0, 
        0
      ], 
      "14": [
        0, 
        0, 
        0, 
        0
      ], 
      "15": [
        0, 
        0, 
        0, 
        0
      ], 
      "16": [
        0, 
        0, 
        0, 
        0
      ], 
      "17": [
        0, 
        0, 
        0, 
        0
      ], 
      "18": [
        0, 
        0, 
        0, 
        0
      ], 
      "19": [
        0, 
        0, 
        0, 
        0
      ], 
      "2": [
        65535, 
        65535, 
        65535, 
        65535
      ], 
      "20": [
        0, 
        0, 
        0, 
        0
      ], 
      "21": [
        0, 
        0, 
        0, 
        0
      ], 
      "22": [
        11432018, 
        11431480, 
        11431314, 
        11437729
      ], 
      "23": [
        2561, 
        2182, 
        2487, 
        962
      ], 
      "24": [
        327808, 
        279296, 
        318336, 
        123136
      ], 
      "25": [
        13881, 
        30650, 
        11417, 
        307818
      ], 
      "26": [
        11431585, 
        11431046, 
        11430879, 
        11437305
      ], 
      "27": [
        5731256, 
        4907236, 
        5616888, 
        2228658
      ], 
      "28": [
        351341, 
        261486, 
        333953, 
        100565
      ], 
      "29": [
        5253796, 
        5871386, 
        5382355, 
        5464020
      ], 
      "3": [
        0, 
        0, 
        0, 
        0
      ], 
      "30": [
        0, 
        0, 
        0, 
        0
      ], 
      "31": [
        3800542, 
        3281254, 
        3723076, 
        1582286
      ], 
      "32": [
        8146543, 
        9345184, 
        8409207, 
        11118073
      ], 
      "33": [
        0, 
        0, 
        0, 
        0
      ], 
      "34": [
        4346001, 
        6063930, 
        4686131, 
        9535787
      ], 
      "35": [
        0, 
        0, 
        0, 
        0
      ], 
      "36": [
        0, 
        0, 
        0, 
        0
      ], 
      "37": [
        0, 
        0, 
        0, 
        0
      ], 
      "38": [
        0, 
        0, 
        0, 
        0
      ], 
      "39": [
        0, 
        0, 
        0, 
        0
      ], 
      "4": [
        0, 
        0, 
        0, 
        0
      ], 
      "40": [
        0, 
        0, 
        0, 
        0
      ], 
      "41": [
        0, 
        0, 
        0, 
        0
      ], 
      "42": [
        0, 
        0, 
        0, 
        0
      ], 
      "43": [
        0, 
        0, 
        0, 
        0
      ], 
      "44": [
        0, 
        0, 
        0, 
        0
      ], 
      "45": [
        0, 
        0, 
        0, 
        0
      ], 
      "46": [
        0, 
        0, 
        0, 
        0
      ], 
      "47": [
        0, 
        0, 
        0, 
        0
      ], 
      "48": [
        626216, 
        533976, 
        615536, 
        235408
      ], 
      "49": [
        166423, 
        406786, 
        217466, 
        874301
      ], 
      "5": [
        0, 
        0, 
        0, 
        0
      ], 
      "50": [
        462147, 
        404291, 
        452499, 
        212155
      ], 
      "51": [
        21876, 
        17222, 
        20759, 
        5514
      ], 
      "52": [
        462147, 
        404291, 
        452499, 
        212155
      ], 
      "53": [
        854100, 
        1536807, 
        979030, 
        3137700
      ], 
      "54": [
        240891, 
        218427, 
        236421, 
        127943
      ], 
      "55": [
        1241, 
        1252, 
        1182, 
        476
      ], 
      "56": [
        187909, 
        169067, 
        184166, 
        98197
      ], 
      "57": [
        1, 
        1, 
        1, 
        1
      ], 
      "58": [
        3, 
        3, 
        3, 
        3
      ], 
      "59": [
        47, 
        47, 
        48, 
        47
      ], 
      "6": [
        0, 
        0, 
        0, 
        0
      ], 
      "60": [
        13653, 
        12032, 
        13655, 
        5868
      ], 
      "61": [
        1550511, 
        1342559, 
        1520534, 
        659719
      ], 
      "62": [
        372, 
        372, 
        372, 
        372
      ], 
      "63": [
        8, 
        0, 
        8, 
        0
      ], 
      "7": [
        0, 
        0, 
        0, 
        0
      ], 
      "8": [
        0, 
        0, 
        0, 
        0
      ], 
      "9": [
        0, 
        0, 
        0, 
        0
      ]
    }
  }, 
  "features": {
    "GWS": [
      12, 
      12, 
      64
    ], 
    "LWS": [
      4, 
      1, 
      64
    ], 
    "OFFSET": [
      0, 
      0, 
      0
    ], 
    "compiler name": "ARM Mali OpenCL", 
    "compiler version": "5.0", 
    "cpu_freq": 1600, 
    "gpu_freq": 533, 
    "image cols": 2582, 
    "image rows": 1940, 
    "pool_dir": "pool.06", 
    "program version": "c597087", 
    "size": 128
  }, 
  "meta": {
    "device name": "Mali-T604", 
    "device type": "GPU", 
    "device vendor": "ARM", 
    "experiment type": "benchmarking", 
    "kernel name": "calc_histogram", 
    "program name": "Realeyes HOG"
  }, 
  "tags": [
    "demo", 
    "arm", 
    "codegen15"
  ], 
  "work": {
    "repl": 3, 
    "timestamp": "2015-02-22T02:20:23.433095"
  }
}