{
  "characteristics": {
    "cpu": 0.110434, 
    "gpu_copy": 0.036328, 
    "gpu_only": 0.024053, 
    "is_gpu_better": true, 
    "l2 cache and mmu counters": {
      "0": 194309695, 
      "1": 13, 
      "10": 0, 
      "11": 0, 
      "12": 0, 
      "13": 0, 
      "14": 0, 
      "15": 0, 
      "16": 8, 
      "17": 3, 
      "18": 211, 
      "19": 4, 
      "2": 65535, 
      "20": 0, 
      "21": 0, 
      "22": 0, 
      "23": 0, 
      "24": 0, 
      "25": 0, 
      "26": 0, 
      "27": 0, 
      "28": 0, 
      "29": 0, 
      "3": 0, 
      "30": 11224, 
      "31": 97660, 
      "32": 9446424, 
      "33": 7682751, 
      "34": 7662886, 
      "35": 651295, 
      "36": 694142, 
      "37": 7420458, 
      "38": 0, 
      "39": 1056801, 
      "4": 188172, 
      "40": 1028962, 
      "41": 3978, 
      "42": 0, 
      "43": 1053172, 
      "44": 0, 
      "45": 219, 
      "46": 0, 
      "47": 0, 
      "48": 24415, 
      "49": 24415, 
      "5": 12403, 
      "50": 2811, 
      "51": 2473, 
      "52": 6, 
      "53": 2, 
      "54": 0, 
      "55": 0, 
      "56": 0, 
      "57": 632, 
      "58": 1, 
      "59": 0, 
      "6": 91, 
      "60": 0, 
      "61": 223165, 
      "62": 8026558, 
      "63": 5988008, 
      "7": 1528, 
      "8": 11499, 
      "9": 0
    }, 
    "shader core counters": {
      "0": [
        194309695, 
        194309695, 
        194309695, 
        194309695
      ], 
      "1": [
        13, 
        13, 
        13, 
        13
      ], 
      "10": [
        0, 
        0, 
        0, 
        0
      ], 
      "11": [
        0, 
        0, 
        0, 
        0
      ], 
      "12": [
        0, 
        0, 
        0, 
        0
      ], 
      "13": [
        0, 
        0, 
        0, 
        0
      ], 
      "14": [
        0, 
        0, 
        0, 
        0
      ], 
      "15": [
        0, 
        0, 
        0, 
        0
      ], 
      "16": [
        0, 
        0, 
        0, 
        0
      ], 
      "17": [
        0, 
        0, 
        0, 
        0
      ], 
      "18": [
        0, 
        0, 
        0, 
        0
      ], 
      "19": [
        0, 
        0, 
        0, 
        0
      ], 
      "2": [
        65535, 
        65535, 
        65535, 
        65535
      ], 
      "20": [
        0, 
        0, 
        0, 
        0
      ], 
      "21": [
        0, 
        0, 
        0, 
        0
      ], 
      "22": [
        12819412, 
        12815704, 
        12818478, 
        12819903
      ], 
      "23": [
        2328, 
        2112, 
        2284, 
        1468
      ], 
      "24": [
        297984, 
        270336, 
        292352, 
        187904
      ], 
      "25": [
        6824, 
        6993, 
        5952, 
        10080
      ], 
      "26": [
        12818863, 
        12815153, 
        12817935, 
        12819363
      ], 
      "27": [
        6707332, 
        6048364, 
        6587080, 
        4257596
      ], 
      "28": [
        454631, 
        380566, 
        438013, 
        234327
      ], 
      "29": [
        5547607, 
        6004624, 
        5665036, 
        6301256
      ], 
      "3": [
        0, 
        0, 
        0, 
        0
      ], 
      "30": [
        0, 
        0, 
        0, 
        0
      ], 
      "31": [
        4319382, 
        3910702, 
        4240600, 
        2788298
      ], 
      "32": [
        9138984, 
        10115099, 
        9404355, 
        11672615
      ], 
      "33": [
        0, 
        0, 
        0, 
        0
      ], 
      "34": [
        4819602, 
        6204397, 
        5163755, 
        8884317
      ], 
      "35": [
        0, 
        0, 
        0, 
        0
      ], 
      "36": [
        0, 
        0, 
        0, 
        0
      ], 
      "37": [
        0, 
        0, 
        0, 
        0
      ], 
      "38": [
        0, 
        0, 
        0, 
        0
      ], 
      "39": [
        0, 
        0, 
        0, 
        0
      ], 
      "4": [
        0, 
        0, 
        0, 
        0
      ], 
      "40": [
        0, 
        0, 
        0, 
        0
      ], 
      "41": [
        0, 
        0, 
        0, 
        0
      ], 
      "42": [
        0, 
        0, 
        0, 
        0
      ], 
      "43": [
        0, 
        0, 
        0, 
        0
      ], 
      "44": [
        0, 
        0, 
        0, 
        0
      ], 
      "45": [
        0, 
        0, 
        0, 
        0
      ], 
      "46": [
        0, 
        0, 
        0, 
        0
      ], 
      "47": [
        0, 
        0, 
        0, 
        0
      ], 
      "48": [
        700248, 
        629568, 
        686880, 
        440904
      ], 
      "49": [
        272624, 
        549533, 
        349462, 
        1071891
      ], 
      "5": [
        0, 
        0, 
        0, 
        0
      ], 
      "50": [
        538517, 
        490379, 
        529142, 
        356162
      ], 
      "51": [
        25575, 
        20900, 
        24338, 
        11892
      ], 
      "52": [
        538517, 
        490379, 
        529142, 
        356162
      ], 
      "53": [
        933628, 
        1411405, 
        1037499, 
        2435563
      ], 
      "54": [
        289792, 
        262963, 
        281267, 
        198441
      ], 
      "55": [
        1880, 
        1825, 
        1916, 
        1245
      ], 
      "56": [
        196634, 
        176959, 
        190042, 
        132780
      ], 
      "57": [
        1, 
        1, 
        1, 
        1
      ], 
      "58": [
        4, 
        4, 
        4, 
        4
      ], 
      "59": [
        47, 
        47, 
        47, 
        47
      ], 
      "6": [
        0, 
        0, 
        0, 
        0
      ], 
      "60": [
        25328, 
        22877, 
        24768, 
        16321
      ], 
      "61": [
        1777283, 
        1610327, 
        1745164, 
        1153229
      ], 
      "62": [
        372, 
        372, 
        372, 
        372
      ], 
      "63": [
        0, 
        0, 
        0, 
        0
      ], 
      "7": [
        0, 
        0, 
        0, 
        0
      ], 
      "8": [
        0, 
        0, 
        0, 
        0
      ], 
      "9": [
        0, 
        0, 
        0, 
        0
      ]
    }
  }, 
  "features": {
    "GWS": [
      12, 
      12, 
      64
    ], 
    "LWS": [
      4, 
      1, 
      64
    ], 
    "OFFSET": [
      0, 
      0, 
      0
    ], 
    "compiler name": "ARM Mali OpenCL", 
    "compiler version": "5.0", 
    "cpu_freq": 1600, 
    "gpu_freq": 533, 
    "image cols": 2400, 
    "image rows": 2400, 
    "pool_dir": "pool.19", 
    "program version": "c597087", 
    "size": 128
  }, 
  "meta": {
    "device name": "Mali-T604", 
    "device type": "GPU", 
    "device vendor": "ARM", 
    "experiment type": "benchmarking", 
    "kernel name": "calc_histogram", 
    "program name": "Realeyes HOG"
  }, 
  "tags": [
    "demo", 
    "arm", 
    "codegen15"
  ], 
  "work": {
    "repl": 2, 
    "timestamp": "2015-02-22T01:59:16.490737"
  }
}