{
  "characteristics": {
    "cpu": 0.110271, 
    "gpu_copy": 0.038459, 
    "gpu_only": 0.027753, 
    "is_gpu_better": true, 
    "l2 cache and mmu counters": {
      "0": 1840389416, 
      "1": 10, 
      "10": 0, 
      "11": 0, 
      "12": 0, 
      "13": 0, 
      "14": 0, 
      "15": 0, 
      "16": 8, 
      "17": 3, 
      "18": 112, 
      "19": 4, 
      "2": 65535, 
      "20": 0, 
      "21": 0, 
      "22": 0, 
      "23": 0, 
      "24": 0, 
      "25": 0, 
      "26": 0, 
      "27": 0, 
      "28": 0, 
      "29": 0, 
      "3": 0, 
      "30": 10064, 
      "31": 94608, 
      "32": 11001849, 
      "33": 8998625, 
      "34": 8968735, 
      "35": 756932, 
      "36": 810256, 
      "37": 8728017, 
      "38": 0, 
      "39": 1180345, 
      "4": 195117, 
      "40": 1148887, 
      "41": 3461, 
      "42": 0, 
      "43": 1177351, 
      "44": 0, 
      "45": 175, 
      "46": 0, 
      "47": 0, 
      "48": 23652, 
      "49": 23652, 
      "5": 21823, 
      "50": 2521, 
      "51": 2298, 
      "52": 6, 
      "53": 2, 
      "54": 0, 
      "55": 0, 
      "56": 0, 
      "57": 718, 
      "58": 12, 
      "59": 0, 
      "6": 103, 
      "60": 0, 
      "61": 237080, 
      "62": 9441197, 
      "63": 7184381, 
      "7": 3257, 
      "8": 20516, 
      "9": 0
    }, 
    "shader core counters": {
      "0": [
        1840389416, 
        1840389416, 
        1840389416, 
        1840389416
      ], 
      "1": [
        10, 
        10, 
        10, 
        10
      ], 
      "10": [
        0, 
        0, 
        0, 
        0
      ], 
      "11": [
        0, 
        0, 
        0, 
        0
      ], 
      "12": [
        0, 
        0, 
        0, 
        0
      ], 
      "13": [
        0, 
        0, 
        0, 
        0
      ], 
      "14": [
        0, 
        0, 
        0, 
        0
      ], 
      "15": [
        0, 
        0, 
        0, 
        0
      ], 
      "16": [
        0, 
        0, 
        0, 
        0
      ], 
      "17": [
        0, 
        0, 
        0, 
        0
      ], 
      "18": [
        0, 
        0, 
        0, 
        0
      ], 
      "19": [
        0, 
        0, 
        0, 
        0
      ], 
      "2": [
        65535, 
        65535, 
        65535, 
        65535
      ], 
      "20": [
        0, 
        0, 
        0, 
        0
      ], 
      "21": [
        0, 
        0, 
        0, 
        0
      ], 
      "22": [
        14786291, 
        14790841, 
        14789000, 
        14792277
      ], 
      "23": [
        2464, 
        2076, 
        2395, 
        1257
      ], 
      "24": [
        315392, 
        265728, 
        306560, 
        160896
      ], 
      "25": [
        7633, 
        5098, 
        7286, 
        26202
      ], 
      "26": [
        14785862, 
        14790410, 
        14788574, 
        14791858
      ], 
      "27": [
        7210852, 
        6175494, 
        7040232, 
        3731026
      ], 
      "28": [
        434486, 
        334811, 
        414052, 
        174002
      ], 
      "29": [
        7010068, 
        7587054, 
        7167532, 
        7414937
      ], 
      "3": [
        0, 
        0, 
        0, 
        0
      ], 
      "30": [
        0, 
        0, 
        0, 
        0
      ], 
      "31": [
        4838332, 
        4188998, 
        4727000, 
        2602104
      ], 
      "32": [
        10807027, 
        12193468, 
        11150271, 
        14041183
      ], 
      "33": [
        0, 
        0, 
        0, 
        0
      ], 
      "34": [
        5968695, 
        8004470, 
        6423271, 
        11439079
      ], 
      "35": [
        0, 
        0, 
        0, 
        0
      ], 
      "36": [
        0, 
        0, 
        0, 
        0
      ], 
      "37": [
        0, 
        0, 
        0, 
        0
      ], 
      "38": [
        0, 
        0, 
        0, 
        0
      ], 
      "39": [
        0, 
        0, 
        0, 
        0
      ], 
      "4": [
        0, 
        0, 
        0, 
        0
      ], 
      "40": [
        0, 
        0, 
        0, 
        0
      ], 
      "41": [
        0, 
        0, 
        0, 
        0
      ], 
      "42": [
        0, 
        0, 
        0, 
        0
      ], 
      "43": [
        0, 
        0, 
        0, 
        0
      ], 
      "44": [
        0, 
        0, 
        0, 
        0
      ], 
      "45": [
        0, 
        0, 
        0, 
        0
      ], 
      "46": [
        0, 
        0, 
        0, 
        0
      ], 
      "47": [
        0, 
        0, 
        0, 
        0
      ], 
      "48": [
        737520, 
        628176, 
        718752, 
        373152
      ], 
      "49": [
        288340, 
        633630, 
        378628, 
        1260816
      ], 
      "5": [
        0, 
        0, 
        0, 
        0
      ], 
      "50": [
        639055, 
        562033, 
        625942, 
        361534
      ], 
      "51": [
        30569, 
        24178, 
        29230, 
        10796
      ], 
      "52": [
        639055, 
        562033, 
        625942, 
        361534
      ], 
      "53": [
        1062900, 
        1847871, 
        1214048, 
        3317365
      ], 
      "54": [
        331477, 
        297579, 
        324247, 
        198332
      ], 
      "55": [
        2006, 
        1801, 
        2217, 
        1029
      ], 
      "56": [
        233792, 
        210167, 
        228421, 
        139348
      ], 
      "57": [
        1, 
        1, 
        1, 
        1
      ], 
      "58": [
        3, 
        3, 
        3, 
        3
      ], 
      "59": [
        47, 
        47, 
        47, 
        47
      ], 
      "6": [
        0, 
        0, 
        0, 
        0
      ], 
      "60": [
        27373, 
        24044, 
        26767, 
        14954
      ], 
      "61": [
        2015630, 
        1752243, 
        1970636, 
        1096220
      ], 
      "62": [
        372, 
        372, 
        372, 
        372
      ], 
      "63": [
        0, 
        0, 
        0, 
        0
      ], 
      "7": [
        0, 
        0, 
        0, 
        0
      ], 
      "8": [
        0, 
        0, 
        0, 
        0
      ], 
      "9": [
        0, 
        0, 
        0, 
        0
      ]
    }
  }, 
  "features": {
    "GWS": [
      12, 
      12, 
      64
    ], 
    "LWS": [
      4, 
      1, 
      64
    ], 
    "OFFSET": [
      0, 
      0, 
      0
    ], 
    "compiler name": "ARM Mali OpenCL", 
    "compiler version": "5.0", 
    "cpu_freq": 1600, 
    "gpu_freq": 533, 
    "image cols": 2593, 
    "image rows": 2593, 
    "pool_dir": "pool.02", 
    "program version": "c597087", 
    "size": 128
  }, 
  "meta": {
    "device name": "Mali-T604", 
    "device type": "GPU", 
    "device vendor": "ARM", 
    "experiment type": "benchmarking", 
    "kernel name": "calc_histogram", 
    "program name": "Realeyes HOG"
  }, 
  "tags": [
    "demo", 
    "arm", 
    "codegen15"
  ], 
  "work": {
    "repl": 3, 
    "timestamp": "2015-02-22T01:51:28.296096"
  }
}