{
  "characteristics": {
    "cpu": 0.041542, 
    "gpu_copy": 0.016204, 
    "gpu_only": 0.011882, 
    "is_gpu_better": true, 
    "l2 cache and mmu counters": {
      "0": 1159637547, 
      "1": 20, 
      "10": 0, 
      "11": 0, 
      "12": 0, 
      "13": 0, 
      "14": 0, 
      "15": 0, 
      "16": 9, 
      "17": 3, 
      "18": 205, 
      "19": 7, 
      "2": 65535, 
      "20": 0, 
      "21": 0, 
      "22": 0, 
      "23": 0, 
      "24": 0, 
      "25": 0, 
      "26": 0, 
      "27": 0, 
      "28": 0, 
      "29": 0, 
      "3": 0, 
      "30": 2067, 
      "31": 18984, 
      "32": 2326254, 
      "33": 1919118, 
      "34": 1916792, 
      "35": 158206, 
      "36": 172789, 
      "37": 1854015, 
      "38": 0, 
      "39": 228887, 
      "4": 595, 
      "40": 221996, 
      "41": 642, 
      "42": 0, 
      "43": 228391, 
      "44": 0, 
      "45": 71, 
      "46": 0, 
      "47": 0, 
      "48": 4746, 
      "49": 4746, 
      "5": 59, 
      "50": 521, 
      "51": 479, 
      "52": 5, 
      "53": 2, 
      "54": 0, 
      "55": 0, 
      "56": 0, 
      "57": 47, 
      "58": 0, 
      "59": 0, 
      "6": 33, 
      "60": 0, 
      "61": 59277, 
      "62": 1974872, 
      "63": 1606947, 
      "7": 91, 
      "8": 40, 
      "9": 0
    }, 
    "shader core counters": {
      "0": [
        1159637547, 
        1159637547, 
        1159637547, 
        1159637547
      ], 
      "1": [
        20, 
        20, 
        20, 
        20
      ], 
      "10": [
        0, 
        0, 
        0, 
        0
      ], 
      "11": [
        0, 
        0, 
        0, 
        0
      ], 
      "12": [
        0, 
        0, 
        0, 
        0
      ], 
      "13": [
        0, 
        0, 
        0, 
        0
      ], 
      "14": [
        0, 
        0, 
        0, 
        0
      ], 
      "15": [
        0, 
        0, 
        0, 
        0
      ], 
      "16": [
        0, 
        0, 
        0, 
        0
      ], 
      "17": [
        0, 
        0, 
        0, 
        0
      ], 
      "18": [
        0, 
        0, 
        0, 
        0
      ], 
      "19": [
        0, 
        0, 
        0, 
        0
      ], 
      "2": [
        65535, 
        65535, 
        65535, 
        65535
      ], 
      "20": [
        0, 
        0, 
        0, 
        0
      ], 
      "21": [
        0, 
        0, 
        0, 
        0
      ], 
      "22": [
        3160533, 
        3157638, 
        3159780, 
        3148715
      ], 
      "23": [
        691, 
        501, 
        658, 
        198
      ], 
      "24": [
        88448, 
        64128, 
        84224, 
        25344
      ], 
      "25": [
        47513, 
        120750, 
        54148, 
        827252
      ], 
      "26": [
        3160194, 
        3157294, 
        3159438, 
        3148378
      ], 
      "27": [
        1551461, 
        1146825, 
        1501169, 
        457100
      ], 
      "28": [
        92412, 
        53666, 
        86026, 
        24427
      ], 
      "29": [
        1480625, 
        1714389, 
        1530921, 
        1130216
      ], 
      "3": [
        0, 
        0, 
        0, 
        0
      ], 
      "30": [
        0, 
        0, 
        0, 
        0
      ], 
      "31": [
        1039302, 
        785248, 
        1005958, 
        343266
      ], 
      "32": [
        2263574, 
        2746097, 
        2364977, 
        2911918
      ], 
      "33": [
        0, 
        0, 
        0, 
        0
      ], 
      "34": [
        1224272, 
        1960849, 
        1359019, 
        2568652
      ], 
      "35": [
        0, 
        0, 
        0, 
        0
      ], 
      "36": [
        0, 
        0, 
        0, 
        0
      ], 
      "37": [
        0, 
        0, 
        0, 
        0
      ], 
      "38": [
        0, 
        0, 
        0, 
        0
      ], 
      "39": [
        0, 
        0, 
        0, 
        0
      ], 
      "4": [
        0, 
        0, 
        0, 
        0
      ], 
      "40": [
        0, 
        0, 
        0, 
        0
      ], 
      "41": [
        0, 
        0, 
        0, 
        0
      ], 
      "42": [
        0, 
        0, 
        0, 
        0
      ], 
      "43": [
        0, 
        0, 
        0, 
        0
      ], 
      "44": [
        0, 
        0, 
        0, 
        0
      ], 
      "45": [
        0, 
        0, 
        0, 
        0
      ], 
      "46": [
        0, 
        0, 
        0, 
        0
      ], 
      "47": [
        0, 
        0, 
        0, 
        0
      ], 
      "48": [
        168668, 
        123144, 
        162940, 
        47904
      ], 
      "49": [
        52200, 
        145362, 
        70492, 
        194239
      ], 
      "5": [
        0, 
        0, 
        0, 
        0
      ], 
      "50": [
        128410, 
        100454, 
        124804, 
        48446
      ], 
      "51": [
        6513, 
        3982, 
        6103, 
        970
      ], 
      "52": [
        128410, 
        100454, 
        124804, 
        48446
      ], 
      "53": [
        243504, 
        547818, 
        294312, 
        882097
      ], 
      "54": [
        70731, 
        56296, 
        68087, 
        27527
      ], 
      "55": [
        462, 
        391, 
        457, 
        117
      ], 
      "56": [
        54799, 
        43573, 
        52823, 
        21767
      ], 
      "57": [
        1, 
        1, 
        1, 
        1
      ], 
      "58": [
        3, 
        3, 
        3, 
        3
      ], 
      "59": [
        49, 
        49, 
        49, 
        47
      ], 
      "6": [
        0, 
        0, 
        0, 
        0
      ], 
      "60": [
        84, 
        69, 
        69, 
        64
      ], 
      "61": [
        425489, 
        324052, 
        412549, 
        144797
      ], 
      "62": [
        372, 
        372, 
        372, 
        372
      ], 
      "63": [
        0, 
        16, 
        0, 
        0
      ], 
      "7": [
        0, 
        0, 
        0, 
        0
      ], 
      "8": [
        0, 
        0, 
        0, 
        0
      ], 
      "9": [
        0, 
        0, 
        0, 
        0
      ]
    }
  }, 
  "features": {
    "GWS": [
      64, 
      64, 
      64
    ], 
    "LWS": [
      4, 
      1, 
      64
    ], 
    "OFFSET": [
      0, 
      0, 
      0
    ], 
    "compiler name": "ARM Mali OpenCL", 
    "compiler version": "5.0", 
    "cpu_freq": 800, 
    "gpu_freq": 266, 
    "image cols": 807, 
    "image rows": 1142, 
    "pool_dir": "pool.08", 
    "program version": "c597087", 
    "size": 64
  }, 
  "meta": {
    "device name": "Mali-T604", 
    "device type": "GPU", 
    "device vendor": "ARM", 
    "experiment type": "benchmarking", 
    "kernel name": "calc_histogram", 
    "program name": "Realeyes HOG"
  }, 
  "tags": [
    "demo", 
    "arm", 
    "codegen15"
  ], 
  "work": {
    "repl": 2, 
    "timestamp": "2015-02-22T02:20:49.504418"
  }
}