{
  "characteristics": {
    "cpu": 0.003503, 
    "gpu_copy": 0.00493, 
    "gpu_only": 0.000362, 
    "is_gpu_better": false, 
    "l2 cache and mmu counters": {
      "0": 131562637, 
      "1": 12, 
      "10": 0, 
      "11": 0, 
      "12": 0, 
      "13": 0, 
      "14": 0, 
      "15": 0, 
      "16": 8, 
      "17": 3, 
      "18": 210, 
      "19": 4, 
      "2": 65535, 
      "20": 0, 
      "21": 0, 
      "22": 0, 
      "23": 0, 
      "24": 0, 
      "25": 0, 
      "26": 0, 
      "27": 0, 
      "28": 0, 
      "29": 0, 
      "3": 0, 
      "30": 802, 
      "31": 4184, 
      "32": 142145, 
      "33": 113909, 
      "34": 111709, 
      "35": 9531, 
      "36": 10132, 
      "37": 109603, 
      "38": 0, 
      "39": 13888, 
      "4": 356, 
      "40": 13495, 
      "41": 77, 
      "42": 0, 
      "43": 13849, 
      "44": 0, 
      "45": 39, 
      "46": 0, 
      "47": 0, 
      "48": 1046, 
      "49": 1046, 
      "5": 66, 
      "50": 204, 
      "51": 182, 
      "52": 4, 
      "53": 2, 
      "54": 0, 
      "55": 0, 
      "56": 0, 
      "57": 0, 
      "58": 40, 
      "59": 0, 
      "6": 60, 
      "60": 0, 
      "61": 3209, 
      "62": 115371, 
      "63": 91513, 
      "7": 151, 
      "8": 49, 
      "9": 0
    }, 
    "shader core counters": {
      "0": [
        131562637, 
        131562637, 
        131562637, 
        131562637
      ], 
      "1": [
        12, 
        12, 
        12, 
        12
      ], 
      "10": [
        0, 
        0, 
        0, 
        0
      ], 
      "11": [
        0, 
        0, 
        0, 
        0
      ], 
      "12": [
        0, 
        0, 
        0, 
        0
      ], 
      "13": [
        0, 
        0, 
        0, 
        0
      ], 
      "14": [
        0, 
        0, 
        0, 
        0
      ], 
      "15": [
        0, 
        0, 
        0, 
        0
      ], 
      "16": [
        0, 
        0, 
        0, 
        0
      ], 
      "17": [
        0, 
        0, 
        0, 
        0
      ], 
      "18": [
        0, 
        0, 
        0, 
        0
      ], 
      "19": [
        0, 
        0, 
        0, 
        0
      ], 
      "2": [
        65535, 
        65535, 
        65535, 
        65535
      ], 
      "20": [
        0, 
        0, 
        0, 
        0
      ], 
      "21": [
        0, 
        0, 
        0, 
        0
      ], 
      "22": [
        190475, 
        192269, 
        189374, 
        191013
      ], 
      "23": [
        38, 
        32, 
        38, 
        20
      ], 
      "24": [
        4864, 
        4096, 
        4864, 
        2560
      ], 
      "25": [
        9177, 
        7345, 
        6672, 
        14270
      ], 
      "26": [
        190017, 
        191804, 
        188920, 
        190562
      ], 
      "27": [
        88534, 
        71316, 
        86984, 
        43158
      ], 
      "28": [
        5259, 
        3717, 
        5070, 
        2213
      ], 
      "29": [
        82809, 
        92000, 
        86812, 
        76288
      ], 
      "3": [
        0, 
        0, 
        0, 
        0
      ], 
      "30": [
        0, 
        0, 
        0, 
        0
      ], 
      "31": [
        59544, 
        48998, 
        58470, 
        30982
      ], 
      "32": [
        131874, 
        157711, 
        138861, 
        170080
      ], 
      "33": [
        0, 
        0, 
        0, 
        0
      ], 
      "34": [
        72330, 
        108713, 
        80391, 
        139098
      ], 
      "35": [
        0, 
        0, 
        0, 
        0
      ], 
      "36": [
        0, 
        0, 
        0, 
        0
      ], 
      "37": [
        0, 
        0, 
        0, 
        0
      ], 
      "38": [
        0, 
        0, 
        0, 
        0
      ], 
      "39": [
        0, 
        0, 
        0, 
        0
      ], 
      "4": [
        0, 
        0, 
        0, 
        0
      ], 
      "40": [
        0, 
        0, 
        0, 
        0
      ], 
      "41": [
        0, 
        0, 
        0, 
        0
      ], 
      "42": [
        0, 
        0, 
        0, 
        0
      ], 
      "43": [
        0, 
        0, 
        0, 
        0
      ], 
      "44": [
        0, 
        0, 
        0, 
        0
      ], 
      "45": [
        0, 
        0, 
        0, 
        0
      ], 
      "46": [
        0, 
        0, 
        0, 
        0
      ], 
      "47": [
        0, 
        0, 
        0, 
        0
      ], 
      "48": [
        9712, 
        7632, 
        9448, 
        4440
      ], 
      "49": [
        3458, 
        8156, 
        4540, 
        12360
      ], 
      "5": [
        0, 
        0, 
        0, 
        0
      ], 
      "50": [
        7406, 
        6273, 
        7293, 
        4205
      ], 
      "51": [
        356, 
        253, 
        342, 
        93
      ], 
      "52": [
        7406, 
        6273, 
        7293, 
        4205
      ], 
      "53": [
        14033, 
        28489, 
        17020, 
        43403
      ], 
      "54": [
        4033, 
        3584, 
        4053, 
        1924
      ], 
      "55": [
        23, 
        22, 
        30, 
        10
      ], 
      "56": [
        3086, 
        2640, 
        3015, 
        1393
      ], 
      "57": [
        1, 
        1, 
        1, 
        1
      ], 
      "58": [
        4, 
        4, 
        4, 
        4
      ], 
      "59": [
        49, 
        47, 
        49, 
        48
      ], 
      "6": [
        0, 
        0, 
        0, 
        0
      ], 
      "60": [
        56, 
        43, 
        47, 
        24
      ], 
      "61": [
        24524, 
        20179, 
        24035, 
        12851
      ], 
      "62": [
        372, 
        372, 
        372, 
        372
      ], 
      "63": [
        16, 
        0, 
        24, 
        16
      ], 
      "7": [
        0, 
        0, 
        0, 
        0
      ], 
      "8": [
        0, 
        0, 
        0, 
        0
      ], 
      "9": [
        0, 
        0, 
        0, 
        0
      ]
    }
  }, 
  "features": {
    "GWS": [
      16, 
      16, 
      64
    ], 
    "LWS": [
      4, 
      1, 
      64
    ], 
    "OFFSET": [
      0, 
      0, 
      0
    ], 
    "compiler name": "ARM Mali OpenCL", 
    "compiler version": "5.0", 
    "cpu_freq": 800, 
    "gpu_freq": 533, 
    "image cols": 1072, 
    "image rows": 804, 
    "pool_dir": "pool.22", 
    "program version": "c597087", 
    "size": 16
  }, 
  "meta": {
    "device name": "Mali-T604", 
    "device type": "GPU", 
    "device vendor": "ARM", 
    "experiment type": "benchmarking", 
    "kernel name": "calc_histogram", 
    "program name": "Realeyes HOG"
  }, 
  "tags": [
    "demo", 
    "arm", 
    "codegen15"
  ], 
  "work": {
    "repl": 3, 
    "timestamp": "2015-02-22T01:56:15.042688"
  }
}