{
  "characteristics": {
    "cpu": 0.002127, 
    "gpu_copy": 0.008716, 
    "gpu_only": 0.000412, 
    "is_gpu_better": false, 
    "l2 cache and mmu counters": {
      "0": 1299094903, 
      "1": 13, 
      "10": 0, 
      "11": 0, 
      "12": 0, 
      "13": 0, 
      "14": 0, 
      "15": 0, 
      "16": 9, 
      "17": 3, 
      "18": 424, 
      "19": 7, 
      "2": 65535, 
      "20": 0, 
      "21": 0, 
      "22": 0, 
      "23": 0, 
      "24": 0, 
      "25": 0, 
      "26": 0, 
      "27": 0, 
      "28": 0, 
      "29": 0, 
      "3": 0, 
      "30": 894, 
      "31": 5996, 
      "32": 157826, 
      "33": 124859, 
      "34": 122607, 
      "35": 10534, 
      "36": 11070, 
      "37": 119381, 
      "38": 0, 
      "39": 17594, 
      "4": 3010, 
      "40": 17115, 
      "41": 147, 
      "42": 0, 
      "43": 17496, 
      "44": 0, 
      "45": 58, 
      "46": 0, 
      "47": 0, 
      "48": 1499, 
      "49": 1499, 
      "5": 471, 
      "50": 226, 
      "51": 185, 
      "52": 4, 
      "53": 2, 
      "54": 0, 
      "55": 0, 
      "56": 0, 
      "57": 0, 
      "58": 33, 
      "59": 0, 
      "6": 78, 
      "60": 0, 
      "61": 3714, 
      "62": 126072, 
      "63": 93405, 
      "7": 529, 
      "8": 408, 
      "9": 0
    }, 
    "shader core counters": {
      "0": [
        1299094903, 
        1299094903, 
        1299094903, 
        1299094903
      ], 
      "1": [
        13, 
        13, 
        13, 
        13
      ], 
      "10": [
        0, 
        0, 
        0, 
        0
      ], 
      "11": [
        0, 
        0, 
        0, 
        0
      ], 
      "12": [
        0, 
        0, 
        0, 
        0
      ], 
      "13": [
        0, 
        0, 
        0, 
        0
      ], 
      "14": [
        0, 
        0, 
        0, 
        0
      ], 
      "15": [
        0, 
        0, 
        0, 
        0
      ], 
      "16": [
        0, 
        0, 
        0, 
        0
      ], 
      "17": [
        0, 
        0, 
        0, 
        0
      ], 
      "18": [
        0, 
        0, 
        0, 
        0
      ], 
      "19": [
        0, 
        0, 
        0, 
        0
      ], 
      "2": [
        65535, 
        65535, 
        65535, 
        65535
      ], 
      "20": [
        0, 
        0, 
        0, 
        0
      ], 
      "21": [
        0, 
        0, 
        0, 
        0
      ], 
      "22": [
        212659, 
        209812, 
        211207, 
        219471
      ], 
      "23": [
        34, 
        36, 
        36, 
        22
      ], 
      "24": [
        4352, 
        4608, 
        4608, 
        2816
      ], 
      "25": [
        7410, 
        6176, 
        4762, 
        5296
      ], 
      "26": [
        212213, 
        209365, 
        210768, 
        219033
      ], 
      "27": [
        106484, 
        92650, 
        102980, 
        69540
      ], 
      "28": [
        7253, 
        5787, 
        6665, 
        4079
      ], 
      "29": [
        87069, 
        94568, 
        89977, 
        97247
      ], 
      "3": [
        0, 
        0, 
        0, 
        0
      ], 
      "30": [
        0, 
        0, 
        0, 
        0
      ], 
      "31": [
        68386, 
        60684, 
        66308, 
        45688
      ], 
      "32": [
        149413, 
        163855, 
        155443, 
        193102
      ], 
      "33": [
        0, 
        0, 
        0, 
        0
      ], 
      "34": [
        81027, 
        103171, 
        89135, 
        147414
      ], 
      "35": [
        0, 
        0, 
        0, 
        0
      ], 
      "36": [
        0, 
        0, 
        0, 
        0
      ], 
      "37": [
        0, 
        0, 
        0, 
        0
      ], 
      "38": [
        0, 
        0, 
        0, 
        0
      ], 
      "39": [
        0, 
        0, 
        0, 
        0
      ], 
      "4": [
        0, 
        0, 
        0, 
        0
      ], 
      "40": [
        0, 
        0, 
        0, 
        0
      ], 
      "41": [
        0, 
        0, 
        0, 
        0
      ], 
      "42": [
        0, 
        0, 
        0, 
        0
      ], 
      "43": [
        0, 
        0, 
        0, 
        0
      ], 
      "44": [
        0, 
        0, 
        0, 
        0
      ], 
      "45": [
        0, 
        0, 
        0, 
        0
      ], 
      "46": [
        0, 
        0, 
        0, 
        0
      ], 
      "47": [
        0, 
        0, 
        0, 
        0
      ], 
      "48": [
        11040, 
        9624, 
        10632, 
        7104
      ], 
      "49": [
        5227, 
        10483, 
        7292, 
        15524
      ], 
      "5": [
        0, 
        0, 
        0, 
        0
      ], 
      "50": [
        8648, 
        7603, 
        8337, 
        5982
      ], 
      "51": [
        428, 
        308, 
        403, 
        197
      ], 
      "52": [
        8648, 
        7603, 
        8337, 
        5982
      ], 
      "53": [
        15088, 
        22741, 
        17775, 
        42003
      ], 
      "54": [
        4898, 
        4165, 
        4785, 
        3357
      ], 
      "55": [
        46, 
        40, 
        27, 
        21
      ], 
      "56": [
        3182, 
        2615, 
        3117, 
        2190
      ], 
      "57": [
        1, 
        1, 
        1, 
        1
      ], 
      "58": [
        3, 
        3, 
        3, 
        3
      ], 
      "59": [
        48, 
        47, 
        47, 
        47
      ], 
      "6": [
        0, 
        0, 
        0, 
        0
      ], 
      "60": [
        418, 
        354, 
        400, 
        265
      ], 
      "61": [
        28337, 
        24830, 
        27306, 
        19068
      ], 
      "62": [
        372, 
        372, 
        372, 
        372
      ], 
      "63": [
        16, 
        0, 
        0, 
        0
      ], 
      "7": [
        0, 
        0, 
        0, 
        0
      ], 
      "8": [
        0, 
        0, 
        0, 
        0
      ], 
      "9": [
        0, 
        0, 
        0, 
        0
      ]
    }
  }, 
  "features": {
    "GWS": [
      16, 
      16, 
      64
    ], 
    "LWS": [
      4, 
      1, 
      64
    ], 
    "OFFSET": [
      0, 
      0, 
      0
    ], 
    "compiler name": "ARM Mali OpenCL", 
    "compiler version": "5.0", 
    "cpu_freq": 1600, 
    "gpu_freq": 533, 
    "image cols": 2400, 
    "image rows": 2400, 
    "pool_dir": "pool.19", 
    "program version": "c597087", 
    "size": 16
  }, 
  "meta": {
    "device name": "Mali-T604", 
    "device type": "GPU", 
    "device vendor": "ARM", 
    "experiment type": "benchmarking", 
    "kernel name": "calc_histogram", 
    "program name": "Realeyes HOG"
  }, 
  "tags": [
    "demo", 
    "arm", 
    "codegen15"
  ], 
  "work": {
    "repl": 0, 
    "timestamp": "2015-02-22T02:00:02.541115"
  }
}