{
  "characteristics": {
    "cpu": 0.027742, 
    "gpu_copy": 0.016837, 
    "gpu_only": 0.007012, 
    "is_gpu_better": true, 
    "l2 cache and mmu counters": {
      "0": 911103251, 
      "1": 14, 
      "10": 0, 
      "11": 0, 
      "12": 0, 
      "13": 0, 
      "14": 0, 
      "15": 0, 
      "16": 9, 
      "17": 3, 
      "18": 111, 
      "19": 4, 
      "2": 65535, 
      "20": 0, 
      "21": 0, 
      "22": 0, 
      "23": 0, 
      "24": 0, 
      "25": 0, 
      "26": 0, 
      "27": 0, 
      "28": 0, 
      "29": 0, 
      "3": 0, 
      "30": 3137, 
      "31": 30780, 
      "32": 2782095, 
      "33": 2274116, 
      "34": 2265635, 
      "35": 191461, 
      "36": 205426, 
      "37": 2202497, 
      "38": 0, 
      "39": 296319, 
      "4": 49415, 
      "40": 288369, 
      "41": 1033, 
      "42": 0, 
      "43": 295489, 
      "44": 0, 
      "45": 90, 
      "46": 0, 
      "47": 0, 
      "48": 7695, 
      "49": 7695, 
      "5": 5325, 
      "50": 790, 
      "51": 699, 
      "52": 7, 
      "53": 2, 
      "54": 0, 
      "55": 0, 
      "56": 0, 
      "57": 190, 
      "58": 3, 
      "59": 0, 
      "6": 76, 
      "60": 0, 
      "61": 61446, 
      "62": 2378533, 
      "63": 1822029, 
      "7": 1098, 
      "8": 5014, 
      "9": 0
    }, 
    "shader core counters": {
      "0": [
        911103251, 
        911103251, 
        911103251, 
        911103251
      ], 
      "1": [
        14, 
        14, 
        14, 
        14
      ], 
      "10": [
        0, 
        0, 
        0, 
        0
      ], 
      "11": [
        0, 
        0, 
        0, 
        0
      ], 
      "12": [
        0, 
        0, 
        0, 
        0
      ], 
      "13": [
        0, 
        0, 
        0, 
        0
      ], 
      "14": [
        0, 
        0, 
        0, 
        0
      ], 
      "15": [
        0, 
        0, 
        0, 
        0
      ], 
      "16": [
        0, 
        0, 
        0, 
        0
      ], 
      "17": [
        0, 
        0, 
        0, 
        0
      ], 
      "18": [
        0, 
        0, 
        0, 
        0
      ], 
      "19": [
        0, 
        0, 
        0, 
        0
      ], 
      "2": [
        65535, 
        65535, 
        65535, 
        65535
      ], 
      "20": [
        0, 
        0, 
        0, 
        0
      ], 
      "21": [
        0, 
        0, 
        0, 
        0
      ], 
      "22": [
        3736798, 
        3733442, 
        3729970, 
        3737237
      ], 
      "23": [
        622, 
        523, 
        595, 
        308
      ], 
      "24": [
        79616, 
        66944, 
        76160, 
        39424
      ], 
      "25": [
        5926, 
        7358, 
        6867, 
        7822
      ], 
      "26": [
        3736359, 
        3733005, 
        3729532, 
        3736806
      ], 
      "27": [
        1811938, 
        1540138, 
        1761008, 
        932268
      ], 
      "28": [
        108708, 
        83080, 
        103203, 
        43042
      ], 
      "29": [
        1775984, 
        1923237, 
        1813537, 
        1872423
      ], 
      "3": [
        0, 
        0, 
        0, 
        0
      ], 
      "30": [
        0, 
        0, 
        0, 
        0
      ], 
      "31": [
        1221118, 
        1046462, 
        1184556, 
        650708
      ], 
      "32": [
        2743443, 
        3080067, 
        2824125, 
        3554247
      ], 
      "33": [
        0, 
        0, 
        0, 
        0
      ], 
      "34": [
        1522325, 
        2033605, 
        1639569, 
        2903539
      ], 
      "35": [
        0, 
        0, 
        0, 
        0
      ], 
      "36": [
        0, 
        0, 
        0, 
        0
      ], 
      "37": [
        0, 
        0, 
        0, 
        0
      ], 
      "38": [
        0, 
        0, 
        0, 
        0
      ], 
      "39": [
        0, 
        0, 
        0, 
        0
      ], 
      "4": [
        0, 
        0, 
        0, 
        0
      ], 
      "40": [
        0, 
        0, 
        0, 
        0
      ], 
      "41": [
        0, 
        0, 
        0, 
        0
      ], 
      "42": [
        0, 
        0, 
        0, 
        0
      ], 
      "43": [
        0, 
        0, 
        0, 
        0
      ], 
      "44": [
        0, 
        0, 
        0, 
        0
      ], 
      "45": [
        0, 
        0, 
        0, 
        0
      ], 
      "46": [
        0, 
        0, 
        0, 
        0
      ], 
      "47": [
        0, 
        0, 
        0, 
        0
      ], 
      "48": [
        185256, 
        156144, 
        179592, 
        93408
      ], 
      "49": [
        72093, 
        160047, 
        98109, 
        310898
      ], 
      "5": [
        0, 
        0, 
        0, 
        0
      ], 
      "50": [
        161871, 
        140783, 
        157371, 
        90549
      ], 
      "51": [
        7750, 
        5825, 
        7499, 
        2661
      ], 
      "52": [
        161871, 
        140783, 
        157371, 
        90549
      ], 
      "53": [
        275125, 
        475963, 
        312225, 
        855319
      ], 
      "54": [
        84031, 
        73543, 
        82850, 
        48543
      ], 
      "55": [
        516, 
        515, 
        597, 
        311
      ], 
      "56": [
        60145, 
        52391, 
        58716, 
        34538
      ], 
      "57": [
        1, 
        1, 
        1, 
        1
      ], 
      "58": [
        3, 
        3, 
        3, 
        3
      ], 
      "59": [
        49, 
        47, 
        47, 
        47
      ], 
      "6": [
        0, 
        0, 
        0, 
        0
      ], 
      "60": [
        6945, 
        5993, 
        6866, 
        3809
      ], 
      "61": [
        508999, 
        437711, 
        494334, 
        274506
      ], 
      "62": [
        372, 
        372, 
        372, 
        372
      ], 
      "63": [
        16, 
        0, 
        0, 
        0
      ], 
      "7": [
        0, 
        0, 
        0, 
        0
      ], 
      "8": [
        0, 
        0, 
        0, 
        0
      ], 
      "9": [
        0, 
        0, 
        0, 
        0
      ]
    }
  }, 
  "features": {
    "GWS": [
      64, 
      64, 
      64
    ], 
    "LWS": [
      4, 
      1, 
      64
    ], 
    "OFFSET": [
      0, 
      0, 
      0
    ], 
    "compiler name": "ARM Mali OpenCL", 
    "compiler version": "5.0", 
    "cpu_freq": 1600, 
    "gpu_freq": 533, 
    "image cols": 2593, 
    "image rows": 2593, 
    "pool_dir": "pool.02", 
    "program version": "c597087", 
    "size": 64
  }, 
  "meta": {
    "device name": "Mali-T604", 
    "device type": "GPU", 
    "device vendor": "ARM", 
    "experiment type": "benchmarking", 
    "kernel name": "calc_histogram", 
    "program name": "Realeyes HOG"
  }, 
  "tags": [
    "demo", 
    "arm", 
    "codegen15"
  ], 
  "work": {
    "repl": 2, 
    "timestamp": "2015-02-22T02:02:45.324238"
  }
}