{
  "characteristics": {
    "cpu": 0.014694, 
    "gpu_copy": 0.034691, 
    "gpu_only": 0.024128, 
    "is_gpu_better": false, 
    "l2 cache and mmu counters": {
      "0": 3943069695, 
      "1": 25, 
      "10": 0, 
      "11": 0, 
      "12": 0, 
      "13": 0, 
      "14": 0, 
      "15": 0, 
      "16": 8, 
      "17": 3, 
      "18": 166, 
      "19": 4, 
      "2": 65535, 
      "20": 0, 
      "21": 0, 
      "22": 0, 
      "23": 0, 
      "24": 0, 
      "25": 0, 
      "26": 0, 
      "27": 0, 
      "28": 0, 
      "29": 0, 
      "3": 0, 
      "30": 236, 
      "31": 40670, 
      "32": 4700840, 
      "33": 3898846, 
      "34": 3897854, 
      "35": 319775, 
      "36": 358911, 
      "37": 3786673, 
      "38": 0, 
      "39": 437734, 
      "4": 45529, 
      "40": 437729, 
      "41": 995, 
      "42": 0, 
      "43": 437416, 
      "44": 0, 
      "45": 90, 
      "46": 0, 
      "47": 0, 
      "48": 10167, 
      "49": 10167, 
      "5": 259, 
      "50": 64, 
      "51": 58, 
      "52": 6, 
      "53": 2, 
      "54": 0, 
      "55": 0, 
      "56": 0, 
      "57": 232, 
      "58": 0, 
      "59": 0, 
      "6": 60, 
      "60": 0, 
      "61": 99087, 
      "62": 4109858, 
      "63": 2763828, 
      "7": 240, 
      "8": 226, 
      "9": 0
    }, 
    "shader core counters": {
      "0": [
        3943069695, 
        3943069695, 
        3943069695, 
        3943069695
      ], 
      "1": [
        25, 
        25, 
        25, 
        25
      ], 
      "10": [
        0, 
        0, 
        0, 
        0
      ], 
      "11": [
        0, 
        0, 
        0, 
        0
      ], 
      "12": [
        0, 
        0, 
        0, 
        0
      ], 
      "13": [
        0, 
        0, 
        0, 
        0
      ], 
      "14": [
        0, 
        0, 
        0, 
        0
      ], 
      "15": [
        0, 
        0, 
        0, 
        0
      ], 
      "16": [
        0, 
        0, 
        0, 
        0
      ], 
      "17": [
        0, 
        0, 
        0, 
        0
      ], 
      "18": [
        0, 
        0, 
        0, 
        0
      ], 
      "19": [
        0, 
        0, 
        0, 
        0
      ], 
      "2": [
        65535, 
        65535, 
        65535, 
        65535
      ], 
      "20": [
        0, 
        0, 
        0, 
        0
      ], 
      "21": [
        0, 
        0, 
        0, 
        0
      ], 
      "22": [
        6418037, 
        6417022, 
        6416707, 
        6414129
      ], 
      "23": [
        2087, 
        1986, 
        2090, 
        2029
      ], 
      "24": [
        267136, 
        254208, 
        267520, 
        259712
      ], 
      "25": [
        260065, 
        320679, 
        234523, 
        336525
      ], 
      "26": [
        6417691, 
        6416670, 
        6416361, 
        6413786
      ], 
      "27": [
        3551022, 
        3386688, 
        3547360, 
        3451238
      ], 
      "28": [
        76485, 
        70169, 
        76079, 
        72849
      ], 
      "29": [
        2688422, 
        2786567, 
        2701428, 
        2742916
      ], 
      "3": [
        0, 
        0, 
        0, 
        0
      ], 
      "30": [
        0, 
        0, 
        0, 
        0
      ], 
      "31": [
        1486916, 
        1425448, 
        1488550, 
        1450706
      ], 
      "32": [
        4210737, 
        4427861, 
        4194346, 
        4334310
      ], 
      "33": [
        0, 
        0, 
        0, 
        0
      ], 
      "34": [
        2723821, 
        3002413, 
        2705796, 
        2883604
      ], 
      "35": [
        0, 
        0, 
        0, 
        0
      ], 
      "36": [
        0, 
        0, 
        0, 
        0
      ], 
      "37": [
        0, 
        0, 
        0, 
        0
      ], 
      "38": [
        0, 
        0, 
        0, 
        0
      ], 
      "39": [
        0, 
        0, 
        0, 
        0
      ], 
      "4": [
        0, 
        0, 
        0, 
        0
      ], 
      "40": [
        0, 
        0, 
        0, 
        0
      ], 
      "41": [
        0, 
        0, 
        0, 
        0
      ], 
      "42": [
        0, 
        0, 
        0, 
        0
      ], 
      "43": [
        0, 
        0, 
        0, 
        0
      ], 
      "44": [
        0, 
        0, 
        0, 
        0
      ], 
      "45": [
        0, 
        0, 
        0, 
        0
      ], 
      "46": [
        0, 
        0, 
        0, 
        0
      ], 
      "47": [
        0, 
        0, 
        0, 
        0
      ], 
      "48": [
        370333, 
        353062, 
        370032, 
        359373
      ], 
      "49": [
        138661, 
        165637, 
        139801, 
        153210
      ], 
      "5": [
        0, 
        0, 
        0, 
        0
      ], 
      "50": [
        0, 
        0, 
        0, 
        0
      ], 
      "51": [
        0, 
        0, 
        0, 
        0
      ], 
      "52": [
        296606, 
        286784, 
        297639, 
        291693
      ], 
      "53": [
        1171931, 
        1289857, 
        1161800, 
        1240062
      ], 
      "54": [
        110016, 
        107190, 
        110698, 
        109107
      ], 
      "55": [
        90252, 
        87726, 
        90829, 
        89344
      ], 
      "56": [
        90586, 
        88063, 
        91172, 
        89697
      ], 
      "57": [
        1, 
        1, 
        1, 
        1
      ], 
      "58": [
        3, 
        3, 
        3, 
        3
      ], 
      "59": [
        43, 
        42, 
        42, 
        42
      ], 
      "6": [
        0, 
        0, 
        0, 
        0
      ], 
      "60": [
        4945, 
        4712, 
        4994, 
        4880
      ], 
      "61": [
        714222, 
        684848, 
        715063, 
        696989
      ], 
      "62": [
        332, 
        332, 
        332, 
        332
      ], 
      "63": [
        16, 
        0, 
        0, 
        0
      ], 
      "7": [
        0, 
        0, 
        0, 
        0
      ], 
      "8": [
        0, 
        0, 
        0, 
        0
      ], 
      "9": [
        0, 
        0, 
        0, 
        0
      ]
    }
  }, 
  "features": {
    "GWS": [
      12, 
      12, 
      64
    ], 
    "LWS": [
      4, 
      1, 
      64
    ], 
    "OFFSET": [
      0, 
      0, 
      0
    ], 
    "compiler name": "ARM Mali OpenCL", 
    "compiler version": "5.0", 
    "cpu_freq": 1600, 
    "gpu_freq": 266, 
    "image cols": 3600, 
    "image rows": 1800, 
    "pool_dir": "pool.17", 
    "program version": "c597087", 
    "size": 128
  }, 
  "meta": {
    "device name": "Mali-T628", 
    "device type": "GPU", 
    "device vendor": "ARM", 
    "experiment type": "benchmarking", 
    "kernel name": "calc_histogram", 
    "program name": "Realeyes HOG"
  }, 
  "tags": [
    "demo", 
    "arm", 
    "codegen15"
  ], 
  "work": {
    "repl": 1, 
    "timestamp": "2015-02-22T02:29:06.106909"
  }
}