{
  "characteristics": {
    "cpu": 0.008952, 
    "gpu_copy": 0.010616, 
    "gpu_only": 0.006762, 
    "is_gpu_better": false, 
    "l2 cache and mmu counters": {
      "0": 130290454, 
      "1": 25, 
      "10": 0, 
      "11": 0, 
      "12": 0, 
      "13": 0, 
      "14": 0, 
      "15": 0, 
      "16": 8, 
      "17": 3, 
      "18": 170, 
      "19": 4, 
      "2": 65535, 
      "20": 0, 
      "21": 0, 
      "22": 0, 
      "23": 0, 
      "24": 0, 
      "25": 0, 
      "26": 0, 
      "27": 0, 
      "28": 0, 
      "29": 0, 
      "3": 0, 
      "30": 100, 
      "31": 13038, 
      "32": 1274294, 
      "33": 1048685, 
      "34": 1047891, 
      "35": 87221, 
      "36": 98224, 
      "37": 1013961, 
      "38": 0, 
      "39": 122867, 
      "4": 360, 
      "40": 122862, 
      "41": 304, 
      "42": 0, 
      "43": 122779, 
      "44": 0, 
      "45": 57, 
      "46": 0, 
      "47": 0, 
      "48": 3259, 
      "49": 3259, 
      "5": 58, 
      "50": 33, 
      "51": 24, 
      "52": 6, 
      "53": 2, 
      "54": 0, 
      "55": 0, 
      "56": 0, 
      "57": 22, 
      "58": 2, 
      "59": 0, 
      "6": 51, 
      "60": 0, 
      "61": 30137, 
      "62": 1094731, 
      "63": 688038, 
      "7": 81, 
      "8": 30, 
      "9": 0
    }, 
    "shader core counters": {
      "0": [
        130290454, 
        130290454, 
        130290454, 
        130290454
      ], 
      "1": [
        25, 
        25, 
        25, 
        25
      ], 
      "10": [
        0, 
        0, 
        0, 
        0
      ], 
      "11": [
        0, 
        0, 
        0, 
        0
      ], 
      "12": [
        0, 
        0, 
        0, 
        0
      ], 
      "13": [
        0, 
        0, 
        0, 
        0
      ], 
      "14": [
        0, 
        0, 
        0, 
        0
      ], 
      "15": [
        0, 
        0, 
        0, 
        0
      ], 
      "16": [
        0, 
        0, 
        0, 
        0
      ], 
      "17": [
        0, 
        0, 
        0, 
        0
      ], 
      "18": [
        0, 
        0, 
        0, 
        0
      ], 
      "19": [
        0, 
        0, 
        0, 
        0
      ], 
      "2": [
        65535, 
        65535, 
        65535, 
        65535
      ], 
      "20": [
        0, 
        0, 
        0, 
        0
      ], 
      "21": [
        0, 
        0, 
        0, 
        0
      ], 
      "22": [
        1796028, 
        1798499, 
        1797806, 
        1797408
      ], 
      "23": [
        516, 
        492, 
        529, 
        511
      ], 
      "24": [
        66048, 
        62976, 
        67712, 
        65408
      ], 
      "25": [
        113171, 
        182910, 
        111033, 
        149032
      ], 
      "26": [
        1795672, 
        1798135, 
        1797448, 
        1797053
      ], 
      "27": [
        992076, 
        947704, 
        1006996, 
        977772
      ], 
      "28": [
        23237, 
        21602, 
        23776, 
        22568
      ], 
      "29": [
        718654, 
        738513, 
        719337, 
        734145
      ], 
      "3": [
        0, 
        0, 
        0, 
        0
      ], 
      "30": [
        0, 
        0, 
        0, 
        0
      ], 
      "31": [
        401579, 
        385195, 
        405814, 
        395600
      ], 
      "32": [
        1112795, 
        1158620, 
        1109218, 
        1142406
      ], 
      "33": [
        0, 
        0, 
        0, 
        0
      ], 
      "34": [
        711216, 
        773425, 
        703404, 
        746806
      ], 
      "35": [
        0, 
        0, 
        0, 
        0
      ], 
      "36": [
        0, 
        0, 
        0, 
        0
      ], 
      "37": [
        0, 
        0, 
        0, 
        0
      ], 
      "38": [
        0, 
        0, 
        0, 
        0
      ], 
      "39": [
        0, 
        0, 
        0, 
        0
      ], 
      "4": [
        0, 
        0, 
        0, 
        0
      ], 
      "40": [
        0, 
        0, 
        0, 
        0
      ], 
      "41": [
        0, 
        0, 
        0, 
        0
      ], 
      "42": [
        0, 
        0, 
        0, 
        0
      ], 
      "43": [
        0, 
        0, 
        0, 
        0
      ], 
      "44": [
        0, 
        0, 
        0, 
        0
      ], 
      "45": [
        0, 
        0, 
        0, 
        0
      ], 
      "46": [
        0, 
        0, 
        0, 
        0
      ], 
      "47": [
        0, 
        0, 
        0, 
        0
      ], 
      "48": [
        99723, 
        95040, 
        100386, 
        97256
      ], 
      "49": [
        40020, 
        45780, 
        39264, 
        41243
      ], 
      "5": [
        0, 
        0, 
        0, 
        0
      ], 
      "50": [
        0, 
        0, 
        0, 
        0
      ], 
      "51": [
        0, 
        0, 
        0, 
        0
      ], 
      "52": [
        84833, 
        82049, 
        85707, 
        84352
      ], 
      "53": [
        309392, 
        335689, 
        305806, 
        326280
      ], 
      "54": [
        31200, 
        30109, 
        31104, 
        30472
      ], 
      "55": [
        24791, 
        23932, 
        24858, 
        24328
      ], 
      "56": [
        24943, 
        24085, 
        25035, 
        24493
      ], 
      "57": [
        1, 
        1, 
        1, 
        1
      ], 
      "58": [
        3, 
        3, 
        3, 
        3
      ], 
      "59": [
        42, 
        42, 
        43, 
        42
      ], 
      "6": [
        0, 
        0, 
        0, 
        0
      ], 
      "60": [
        38, 
        37, 
        47, 
        44
      ], 
      "61": [
        198425, 
        190297, 
        200307, 
        195272
      ], 
      "62": [
        332, 
        332, 
        332, 
        332
      ], 
      "63": [
        0, 
        0, 
        16, 
        0
      ], 
      "7": [
        0, 
        0, 
        0, 
        0
      ], 
      "8": [
        0, 
        0, 
        0, 
        0
      ], 
      "9": [
        0, 
        0, 
        0, 
        0
      ]
    }
  }, 
  "features": {
    "GWS": [
      64, 
      64, 
      64
    ], 
    "LWS": [
      4, 
      1, 
      64
    ], 
    "OFFSET": [
      0, 
      0, 
      0
    ], 
    "compiler name": "ARM Mali OpenCL", 
    "compiler version": "5.0", 
    "cpu_freq": 800, 
    "gpu_freq": 266, 
    "image cols": 1064, 
    "image rows": 629, 
    "pool_dir": "pool.07", 
    "program version": "c597087", 
    "size": 64
  }, 
  "meta": {
    "device name": "Mali-T628", 
    "device type": "GPU", 
    "device vendor": "ARM", 
    "experiment type": "benchmarking", 
    "kernel name": "calc_histogram", 
    "program name": "Realeyes HOG"
  }, 
  "tags": [
    "demo", 
    "arm", 
    "codegen15"
  ], 
  "work": {
    "repl": 1, 
    "timestamp": "2015-02-22T02:26:27.361475"
  }
}