{
  "characteristics": {
    "cpu": 0.008137, 
    "gpu_copy": 0.015853, 
    "gpu_only": 0.002808, 
    "is_gpu_better": false, 
    "l2 cache and mmu counters": {
      "0": 883067701, 
      "1": 21, 
      "10": 0, 
      "11": 0, 
      "12": 0, 
      "13": 0, 
      "14": 0, 
      "15": 0, 
      "16": 8, 
      "17": 3, 
      "18": 247, 
      "19": 4, 
      "2": 65535, 
      "20": 0, 
      "21": 0, 
      "22": 0, 
      "23": 0, 
      "24": 0, 
      "25": 0, 
      "26": 0, 
      "27": 0, 
      "28": 0, 
      "29": 0, 
      "3": 0, 
      "30": 104, 
      "31": 16082, 
      "32": 910293, 
      "33": 722585, 
      "34": 721247, 
      "35": 68020, 
      "36": 79657, 
      "37": 694729, 
      "38": 0, 
      "39": 103487, 
      "4": 15834, 
      "40": 103482, 
      "41": 367, 
      "42": 0, 
      "43": 103397, 
      "44": 0, 
      "45": 62, 
      "46": 0, 
      "47": 0, 
      "48": 4020, 
      "49": 4020, 
      "5": 177, 
      "50": 41, 
      "51": 25, 
      "52": 6, 
      "53": 2, 
      "54": 0, 
      "55": 0, 
      "56": 0, 
      "57": 59, 
      "58": 3, 
      "59": 0, 
      "6": 139, 
      "60": 0, 
      "61": 23237, 
      "62": 757627, 
      "63": 311824, 
      "7": 373, 
      "8": 138, 
      "9": 0
    }, 
    "shader core counters": {
      "0": [
        883067701, 
        883067701, 
        883067701, 
        883067701
      ], 
      "1": [
        21, 
        21, 
        21, 
        21
      ], 
      "10": [
        0, 
        0, 
        0, 
        0
      ], 
      "11": [
        0, 
        0, 
        0, 
        0
      ], 
      "12": [
        0, 
        0, 
        0, 
        0
      ], 
      "13": [
        0, 
        0, 
        0, 
        0
      ], 
      "14": [
        0, 
        0, 
        0, 
        0
      ], 
      "15": [
        0, 
        0, 
        0, 
        0
      ], 
      "16": [
        0, 
        0, 
        0, 
        0
      ], 
      "17": [
        0, 
        0, 
        0, 
        0
      ], 
      "18": [
        0, 
        0, 
        0, 
        0
      ], 
      "19": [
        0, 
        0, 
        0, 
        0
      ], 
      "2": [
        65535, 
        65535, 
        65535, 
        65535
      ], 
      "20": [
        0, 
        0, 
        0, 
        0
      ], 
      "21": [
        0, 
        0, 
        0, 
        0
      ], 
      "22": [
        1491834, 
        1492164, 
        1492110, 
        1493544
      ], 
      "23": [
        515, 
        512, 
        510, 
        511
      ], 
      "24": [
        65920, 
        65536, 
        65280, 
        65408
      ], 
      "25": [
        15686, 
        25538, 
        32306, 
        19650
      ], 
      "26": [
        1491375, 
        1491701, 
        1491652, 
        1493080
      ], 
      "27": [
        938000, 
        937680, 
        929892, 
        933516
      ], 
      "28": [
        25278, 
        25274, 
        25058, 
        24773
      ], 
      "29": [
        513592, 
        511463, 
        511075, 
        518924
      ], 
      "3": [
        0, 
        0, 
        0, 
        0
      ], 
      "30": [
        0, 
        0, 
        0, 
        0
      ], 
      "31": [
        359807, 
        359860, 
        357778, 
        358873
      ], 
      "32": [
        814552, 
        815670, 
        798307, 
        822577
      ], 
      "33": [
        0, 
        0, 
        0, 
        0
      ], 
      "34": [
        454745, 
        455810, 
        440529, 
        463704
      ], 
      "35": [
        0, 
        0, 
        0, 
        0
      ], 
      "36": [
        0, 
        0, 
        0, 
        0
      ], 
      "37": [
        0, 
        0, 
        0, 
        0
      ], 
      "38": [
        0, 
        0, 
        0, 
        0
      ], 
      "39": [
        0, 
        0, 
        0, 
        0
      ], 
      "4": [
        0, 
        0, 
        0, 
        0
      ], 
      "40": [
        0, 
        0, 
        0, 
        0
      ], 
      "41": [
        0, 
        0, 
        0, 
        0
      ], 
      "42": [
        0, 
        0, 
        0, 
        0
      ], 
      "43": [
        0, 
        0, 
        0, 
        0
      ], 
      "44": [
        0, 
        0, 
        0, 
        0
      ], 
      "45": [
        0, 
        0, 
        0, 
        0
      ], 
      "46": [
        0, 
        0, 
        0, 
        0
      ], 
      "47": [
        0, 
        0, 
        0, 
        0
      ], 
      "48": [
        97149, 
        97560, 
        96715, 
        97119
      ], 
      "49": [
        23219, 
        25841, 
        23019, 
        24481
      ], 
      "5": [
        0, 
        0, 
        0, 
        0
      ], 
      "50": [
        0, 
        0, 
        0, 
        0
      ], 
      "51": [
        0, 
        0, 
        0, 
        0
      ], 
      "52": [
        66143, 
        65846, 
        65669, 
        65844
      ], 
      "53": [
        185000, 
        183152, 
        178481, 
        188256
      ], 
      "54": [
        26274, 
        25300, 
        25527, 
        26321
      ], 
      "55": [
        20225, 
        19398, 
        19545, 
        20232
      ], 
      "56": [
        20371, 
        19540, 
        19689, 
        20354
      ], 
      "57": [
        1, 
        1, 
        1, 
        1
      ], 
      "58": [
        3, 
        3, 
        3, 
        3
      ], 
      "59": [
        42, 
        43, 
        42, 
        42
      ], 
      "6": [
        0, 
        0, 
        0, 
        0
      ], 
      "60": [
        1711, 
        1617, 
        1622, 
        1682
      ], 
      "61": [
        176775, 
        176886, 
        175829, 
        176380
      ], 
      "62": [
        332, 
        332, 
        332, 
        332
      ], 
      "63": [
        0, 
        16, 
        0, 
        0
      ], 
      "7": [
        0, 
        0, 
        0, 
        0
      ], 
      "8": [
        0, 
        0, 
        0, 
        0
      ], 
      "9": [
        0, 
        0, 
        0, 
        0
      ]
    }
  }, 
  "features": {
    "GWS": [
      64, 
      64, 
      64
    ], 
    "LWS": [
      4, 
      1, 
      64
    ], 
    "OFFSET": [
      0, 
      0, 
      0
    ], 
    "compiler name": "ARM Mali OpenCL", 
    "compiler version": "5.0", 
    "cpu_freq": 800, 
    "gpu_freq": 533, 
    "image cols": 3000, 
    "image rows": 1639, 
    "pool_dir": "pool.11", 
    "program version": "c597087", 
    "size": 64
  }, 
  "meta": {
    "device name": "Mali-T628", 
    "device type": "GPU", 
    "device vendor": "ARM", 
    "experiment type": "benchmarking", 
    "kernel name": "calc_histogram", 
    "program name": "Realeyes HOG"
  }, 
  "tags": [
    "demo", 
    "arm", 
    "codegen15"
  ], 
  "work": {
    "repl": 4, 
    "timestamp": "2015-02-22T02:15:02.918231"
  }
}