{
  "characteristics": {
    "cpu": 0.00081, 
    "gpu_copy": 0.009715, 
    "gpu_only": 0.000297, 
    "is_gpu_better": false, 
    "l2 cache and mmu counters": {
      "0": 4000179325, 
      "1": 15, 
      "10": 0, 
      "11": 0, 
      "12": 0, 
      "13": 0, 
      "14": 0, 
      "15": 0, 
      "16": 8, 
      "17": 3, 
      "18": 249, 
      "19": 4, 
      "2": 65535, 
      "20": 0, 
      "21": 0, 
      "22": 0, 
      "23": 0, 
      "24": 0, 
      "25": 0, 
      "26": 0, 
      "27": 0, 
      "28": 0, 
      "29": 0, 
      "3": 0, 
      "30": 115, 
      "31": 5450, 
      "32": 97691, 
      "33": 73132, 
      "34": 71874, 
      "35": 7004, 
      "36": 7542, 
      "37": 69276, 
      "38": 0, 
      "39": 12750, 
      "4": 3579, 
      "40": 12745, 
      "41": 128, 
      "42": 0, 
      "43": 12724, 
      "44": 0, 
      "45": 75, 
      "46": 0, 
      "47": 0, 
      "48": 1362, 
      "49": 1362, 
      "5": 160, 
      "50": 33, 
      "51": 28, 
      "52": 5, 
      "53": 2, 
      "54": 0, 
      "55": 0, 
      "56": 0, 
      "57": 0, 
      "58": 9, 
      "59": 0, 
      "6": 169, 
      "60": 0, 
      "61": 2223, 
      "62": 74746, 
      "63": 27192, 
      "7": 511, 
      "8": 108, 
      "9": 0
    }, 
    "shader core counters": {
      "0": [
        4000179325, 
        4000179325, 
        4000179325, 
        4000179325
      ], 
      "1": [
        15, 
        15, 
        15, 
        15
      ], 
      "10": [
        0, 
        0, 
        0, 
        0
      ], 
      "11": [
        0, 
        0, 
        0, 
        0
      ], 
      "12": [
        0, 
        0, 
        0, 
        0
      ], 
      "13": [
        0, 
        0, 
        0, 
        0
      ], 
      "14": [
        0, 
        0, 
        0, 
        0
      ], 
      "15": [
        0, 
        0, 
        0, 
        0
      ], 
      "16": [
        0, 
        0, 
        0, 
        0
      ], 
      "17": [
        0, 
        0, 
        0, 
        0
      ], 
      "18": [
        0, 
        0, 
        0, 
        0
      ], 
      "19": [
        0, 
        0, 
        0, 
        0
      ], 
      "2": [
        65535, 
        65535, 
        65535, 
        65535
      ], 
      "20": [
        0, 
        0, 
        0, 
        0
      ], 
      "21": [
        0, 
        0, 
        0, 
        0
      ], 
      "22": [
        152590, 
        157560, 
        151120, 
        152031
      ], 
      "23": [
        30, 
        36, 
        30, 
        32
      ], 
      "24": [
        3840, 
        4608, 
        3840, 
        4096
      ], 
      "25": [
        4053, 
        3995, 
        6512, 
        5426
      ], 
      "26": [
        152126, 
        157090, 
        150653, 
        151569
      ], 
      "27": [
        89244, 
        94506, 
        87856, 
        90548
      ], 
      "28": [
        2760, 
        2786, 
        2610, 
        2797
      ], 
      "29": [
        50868, 
        52374, 
        50324, 
        50534
      ], 
      "3": [
        0, 
        0, 
        0, 
        0
      ], 
      "30": [
        0, 
        0, 
        0, 
        0
      ], 
      "31": [
        31406, 
        33337, 
        31006, 
        31936
      ], 
      "32": [
        84975, 
        84635, 
        85197, 
        84069
      ], 
      "33": [
        0, 
        0, 
        0, 
        0
      ], 
      "34": [
        53569, 
        51298, 
        54191, 
        52133
      ], 
      "35": [
        0, 
        0, 
        0, 
        0
      ], 
      "36": [
        0, 
        0, 
        0, 
        0
      ], 
      "37": [
        0, 
        0, 
        0, 
        0
      ], 
      "38": [
        0, 
        0, 
        0, 
        0
      ], 
      "39": [
        0, 
        0, 
        0, 
        0
      ], 
      "4": [
        0, 
        0, 
        0, 
        0
      ], 
      "40": [
        0, 
        0, 
        0, 
        0
      ], 
      "41": [
        0, 
        0, 
        0, 
        0
      ], 
      "42": [
        0, 
        0, 
        0, 
        0
      ], 
      "43": [
        0, 
        0, 
        0, 
        0
      ], 
      "44": [
        0, 
        0, 
        0, 
        0
      ], 
      "45": [
        0, 
        0, 
        0, 
        0
      ], 
      "46": [
        0, 
        0, 
        0, 
        0
      ], 
      "47": [
        0, 
        0, 
        0, 
        0
      ], 
      "48": [
        8083, 
        8468, 
        7926, 
        8142
      ], 
      "49": [
        5343, 
        5797, 
        4688, 
        5313
      ], 
      "5": [
        0, 
        0, 
        0, 
        0
      ], 
      "50": [
        0, 
        0, 
        0, 
        0
      ], 
      "51": [
        0, 
        0, 
        0, 
        0
      ], 
      "52": [
        7447, 
        7724, 
        7359, 
        7520
      ], 
      "53": [
        19448, 
        17875, 
        20365, 
        18801
      ], 
      "54": [
        3232, 
        3133, 
        3066, 
        3261
      ], 
      "55": [
        1930, 
        1773, 
        1892, 
        1905
      ], 
      "56": [
        1959, 
        1778, 
        1920, 
        1936
      ], 
      "57": [
        1, 
        1, 
        1, 
        1
      ], 
      "58": [
        3, 
        3, 
        3, 
        3
      ], 
      "59": [
        43, 
        44, 
        42, 
        44
      ], 
      "6": [
        0, 
        0, 
        0, 
        0
      ], 
      "60": [
        350, 
        368, 
        342, 
        372
      ], 
      "61": [
        16951, 
        17684, 
        16695, 
        17120
      ], 
      "62": [
        332, 
        0, 
        332, 
        332
      ], 
      "63": [
        8, 
        24, 
        0, 
        24
      ], 
      "7": [
        0, 
        0, 
        0, 
        0
      ], 
      "8": [
        0, 
        0, 
        0, 
        0
      ], 
      "9": [
        0, 
        0, 
        0, 
        0
      ]
    }
  }, 
  "features": {
    "GWS": [
      16, 
      16, 
      64
    ], 
    "LWS": [
      4, 
      1, 
      64
    ], 
    "OFFSET": [
      0, 
      0, 
      0
    ], 
    "compiler name": "ARM Mali OpenCL", 
    "compiler version": "5.0", 
    "cpu_freq": 1600, 
    "gpu_freq": 533, 
    "image cols": 2400, 
    "image rows": 2400, 
    "pool_dir": "pool.19", 
    "program version": "c597087", 
    "size": 16
  }, 
  "meta": {
    "device name": "Mali-T628", 
    "device type": "GPU", 
    "device vendor": "ARM", 
    "experiment type": "benchmarking", 
    "kernel name": "calc_histogram", 
    "program name": "Realeyes HOG"
  }, 
  "tags": [
    "demo", 
    "arm", 
    "codegen15"
  ], 
  "work": {
    "repl": 2, 
    "timestamp": "2015-02-22T01:59:18.938699"
  }
}