{
  "characteristics": {
    "cpu": 0.001467, 
    "gpu_copy": 0.015656, 
    "gpu_only": 0.00058, 
    "is_gpu_better": false, 
    "l2 cache and mmu counters": {
      "0": 4097256819, 
      "1": 18, 
      "10": 0, 
      "11": 0, 
      "12": 0, 
      "13": 0, 
      "14": 0, 
      "15": 0, 
      "16": 9, 
      "17": 3, 
      "18": 179, 
      "19": 7, 
      "2": 65535, 
      "20": 0, 
      "21": 0, 
      "22": 0, 
      "23": 0, 
      "24": 0, 
      "25": 0, 
      "26": 0, 
      "27": 0, 
      "28": 0, 
      "29": 0, 
      "3": 0, 
      "30": 123, 
      "31": 5406, 
      "32": 91631, 
      "33": 67291, 
      "34": 66397, 
      "35": 6684, 
      "36": 7417, 
      "37": 63824, 
      "38": 0, 
      "39": 12674, 
      "4": 3541, 
      "40": 12669, 
      "41": 144, 
      "42": 0, 
      "43": 12643, 
      "44": 0, 
      "45": 83, 
      "46": 0, 
      "47": 0, 
      "48": 1351, 
      "49": 1351, 
      "5": 145, 
      "50": 35, 
      "51": 30, 
      "52": 5, 
      "53": 2, 
      "54": 0, 
      "55": 0, 
      "56": 0, 
      "57": 8, 
      "58": 5, 
      "59": 0, 
      "6": 82, 
      "60": 0, 
      "61": 1959, 
      "62": 70024, 
      "63": 23105, 
      "7": 379, 
      "8": 106, 
      "9": 0
    }, 
    "shader core counters": {
      "0": [
        4097256819, 
        4097256819, 
        4097256819, 
        4097256819
      ], 
      "1": [
        18, 
        18, 
        18, 
        18
      ], 
      "10": [
        0, 
        0, 
        0, 
        0
      ], 
      "11": [
        0, 
        0, 
        0, 
        0
      ], 
      "12": [
        0, 
        0, 
        0, 
        0
      ], 
      "13": [
        0, 
        0, 
        0, 
        0
      ], 
      "14": [
        0, 
        0, 
        0, 
        0
      ], 
      "15": [
        0, 
        0, 
        0, 
        0
      ], 
      "16": [
        0, 
        0, 
        0, 
        0
      ], 
      "17": [
        0, 
        0, 
        0, 
        0
      ], 
      "18": [
        0, 
        0, 
        0, 
        0
      ], 
      "19": [
        0, 
        0, 
        0, 
        0
      ], 
      "2": [
        65535, 
        65535, 
        65535, 
        65535
      ], 
      "20": [
        0, 
        0, 
        0, 
        0
      ], 
      "21": [
        0, 
        0, 
        0, 
        0
      ], 
      "22": [
        149798, 
        153946, 
        148034, 
        147790
      ], 
      "23": [
        32, 
        32, 
        29, 
        35
      ], 
      "24": [
        4096, 
        4096, 
        3712, 
        4480
      ], 
      "25": [
        4035, 
        3824, 
        5239, 
        3746
      ], 
      "26": [
        149374, 
        153516, 
        147609, 
        147370
      ], 
      "27": [
        90048, 
        91912, 
        89360, 
        90326
      ], 
      "28": [
        2804, 
        2729, 
        2773, 
        2855
      ], 
      "29": [
        48778, 
        53300, 
        47325, 
        46993
      ], 
      "3": [
        0, 
        0, 
        0, 
        0
      ], 
      "30": [
        0, 
        0, 
        0, 
        0
      ], 
      "31": [
        31713, 
        32345, 
        31117, 
        32385
      ], 
      "32": [
        80544, 
        82025, 
        81727, 
        79881
      ], 
      "33": [
        0, 
        0, 
        0, 
        0
      ], 
      "34": [
        48831, 
        49680, 
        50610, 
        47496
      ], 
      "35": [
        0, 
        0, 
        0, 
        0
      ], 
      "36": [
        0, 
        0, 
        0, 
        0
      ], 
      "37": [
        0, 
        0, 
        0, 
        0
      ], 
      "38": [
        0, 
        0, 
        0, 
        0
      ], 
      "39": [
        0, 
        0, 
        0, 
        0
      ], 
      "4": [
        0, 
        0, 
        0, 
        0
      ], 
      "40": [
        0, 
        0, 
        0, 
        0
      ], 
      "41": [
        0, 
        0, 
        0, 
        0
      ], 
      "42": [
        0, 
        0, 
        0, 
        0
      ], 
      "43": [
        0, 
        0, 
        0, 
        0
      ], 
      "44": [
        0, 
        0, 
        0, 
        0
      ], 
      "45": [
        0, 
        0, 
        0, 
        0
      ], 
      "46": [
        0, 
        0, 
        0, 
        0
      ], 
      "47": [
        0, 
        0, 
        0, 
        0
      ], 
      "48": [
        8165, 
        8302, 
        8028, 
        8124
      ], 
      "49": [
        5561, 
        4621, 
        4347, 
        4539
      ], 
      "5": [
        0, 
        0, 
        0, 
        0
      ], 
      "50": [
        0, 
        0, 
        0, 
        0
      ], 
      "51": [
        0, 
        0, 
        0, 
        0
      ], 
      "52": [
        7408, 
        7612, 
        7398, 
        7568
      ], 
      "53": [
        17088, 
        18276, 
        19058, 
        17154
      ], 
      "54": [
        3266, 
        3252, 
        3096, 
        2977
      ], 
      "55": [
        1884, 
        1951, 
        1862, 
        1694
      ], 
      "56": [
        1902, 
        1955, 
        1889, 
        1718
      ], 
      "57": [
        1, 
        1, 
        1, 
        1
      ], 
      "58": [
        4, 
        4, 
        4, 
        4
      ], 
      "59": [
        44, 
        43, 
        42, 
        42
      ], 
      "6": [
        0, 
        0, 
        0, 
        0
      ], 
      "60": [
        374, 
        365, 
        339, 
        344
      ], 
      "61": [
        17008, 
        17380, 
        16854, 
        17144
      ], 
      "62": [
        332, 
        332, 
        332, 
        332
      ], 
      "63": [
        16, 
        16, 
        0, 
        0
      ], 
      "7": [
        0, 
        0, 
        0, 
        0
      ], 
      "8": [
        0, 
        0, 
        0, 
        0
      ], 
      "9": [
        0, 
        0, 
        0, 
        0
      ]
    }
  }, 
  "features": {
    "GWS": [
      16, 
      16, 
      64
    ], 
    "LWS": [
      4, 
      1, 
      64
    ], 
    "OFFSET": [
      0, 
      0, 
      0
    ], 
    "compiler name": "ARM Mali OpenCL", 
    "compiler version": "5.0", 
    "cpu_freq": 800, 
    "gpu_freq": 266, 
    "image cols": 2400, 
    "image rows": 2400, 
    "pool_dir": "pool.19", 
    "program version": "c597087", 
    "size": 16
  }, 
  "meta": {
    "device name": "Mali-T628", 
    "device type": "GPU", 
    "device vendor": "ARM", 
    "experiment type": "benchmarking", 
    "kernel name": "calc_histogram", 
    "program name": "Realeyes HOG"
  }, 
  "tags": [
    "demo", 
    "arm", 
    "codegen15"
  ], 
  "work": {
    "repl": 2, 
    "timestamp": "2015-02-22T02:08:19.955346"
  }
}