{
  "characteristics": {
    "cpu": 0.046089, 
    "gpu_copy": 0.017837, 
    "gpu_only": 0.01489, 
    "is_gpu_better": true, 
    "l2 cache and mmu counters": {
      "0": 2009347837, 
      "1": 22, 
      "10": 0, 
      "11": 0, 
      "12": 0, 
      "13": 0, 
      "14": 0, 
      "15": 0, 
      "16": 8, 
      "17": 3, 
      "18": 287, 
      "19": 4, 
      "2": 65535, 
      "20": 0, 
      "21": 0, 
      "22": 0, 
      "23": 0, 
      "24": 0, 
      "25": 0, 
      "26": 0, 
      "27": 0, 
      "28": 0, 
      "29": 0, 
      "3": 0, 
      "30": 260, 
      "31": 41978, 
      "32": 5276749, 
      "33": 4234837, 
      "34": 4233551, 
      "35": 384935, 
      "36": 435782, 
      "37": 4114970, 
      "38": 0, 
      "39": 599335, 
      "4": 139, 
      "40": 599330, 
      "41": 1411, 
      "42": 0, 
      "43": 598771, 
      "44": 0, 
      "45": 90, 
      "46": 0, 
      "47": 0, 
      "48": 10494, 
      "49": 10494, 
      "5": 50, 
      "50": 79, 
      "51": 64, 
      "52": 6, 
      "53": 2, 
      "54": 0, 
      "55": 32, 
      "56": 0, 
      "57": 584, 
      "58": 0, 
      "59": 0, 
      "6": 75, 
      "60": 0, 
      "61": 106845, 
      "62": 4542052, 
      "63": 2030261, 
      "7": 133, 
      "8": 28, 
      "9": 0
    }, 
    "shader core counters": {
      "0": [
        2009347837, 
        2009347837, 
        2009347837, 
        2009347837
      ], 
      "1": [
        22, 
        22, 
        22, 
        22
      ], 
      "10": [
        0, 
        0, 
        0, 
        0
      ], 
      "11": [
        0, 
        0, 
        0, 
        0
      ], 
      "12": [
        0, 
        0, 
        0, 
        0
      ], 
      "13": [
        0, 
        0, 
        0, 
        0
      ], 
      "14": [
        0, 
        0, 
        0, 
        0
      ], 
      "15": [
        0, 
        0, 
        0, 
        0
      ], 
      "16": [
        0, 
        0, 
        0, 
        0
      ], 
      "17": [
        0, 
        0, 
        0, 
        0
      ], 
      "18": [
        0, 
        0, 
        0, 
        0
      ], 
      "19": [
        0, 
        0, 
        0, 
        0
      ], 
      "2": [
        65535, 
        65535, 
        65535, 
        65535
      ], 
      "20": [
        0, 
        0, 
        0, 
        0
      ], 
      "21": [
        0, 
        0, 
        0, 
        0
      ], 
      "22": [
        7920873, 
        7919995, 
        7919411, 
        7921088
      ], 
      "23": [
        2041, 
        2041, 
        2058, 
        2052
      ], 
      "24": [
        261248, 
        261248, 
        263424, 
        262656
      ], 
      "25": [
        4222, 
        7266, 
        5477, 
        5355
      ], 
      "26": [
        7920417, 
        7919531, 
        7918954, 
        7920635
      ], 
      "27": [
        4773968, 
        4733816, 
        4801960, 
        4752818
      ], 
      "28": [
        127423, 
        126086, 
        128781, 
        126602
      ], 
      "29": [
        2959438, 
        2978479, 
        2929060, 
        2976873
      ], 
      "3": [
        0, 
        0, 
        0, 
        0
      ], 
      "30": [
        0, 
        0, 
        0, 
        0
      ], 
      "31": [
        1804235, 
        1790739, 
        1812133, 
        1799654
      ], 
      "32": [
        4410558, 
        4507123, 
        4394167, 
        4458570
      ], 
      "33": [
        0, 
        0, 
        0, 
        0
      ], 
      "34": [
        2606323, 
        2716384, 
        2582034, 
        2658916
      ], 
      "35": [
        0, 
        0, 
        0, 
        0
      ], 
      "36": [
        0, 
        0, 
        0, 
        0
      ], 
      "37": [
        0, 
        0, 
        0, 
        0
      ], 
      "38": [
        0, 
        0, 
        0, 
        0
      ], 
      "39": [
        0, 
        0, 
        0, 
        0
      ], 
      "4": [
        0, 
        0, 
        0, 
        0
      ], 
      "40": [
        0, 
        0, 
        0, 
        0
      ], 
      "41": [
        0, 
        0, 
        0, 
        0
      ], 
      "42": [
        0, 
        0, 
        0, 
        0
      ], 
      "43": [
        0, 
        0, 
        0, 
        0
      ], 
      "44": [
        0, 
        0, 
        0, 
        0
      ], 
      "45": [
        0, 
        0, 
        0, 
        0
      ], 
      "46": [
        0, 
        0, 
        0, 
        0
      ], 
      "47": [
        0, 
        0, 
        0, 
        0
      ], 
      "48": [
        451098, 
        445322, 
        452268, 
        448235
      ], 
      "49": [
        169375, 
        180045, 
        166213, 
        177986
      ], 
      "5": [
        0, 
        0, 
        0, 
        0
      ], 
      "50": [
        0, 
        0, 
        0, 
        0
      ], 
      "51": [
        0, 
        0, 
        0, 
        0
      ], 
      "52": [
        407061, 
        405225, 
        409010, 
        406531
      ], 
      "53": [
        1093253, 
        1138598, 
        1083734, 
        1110737
      ], 
      "54": [
        150265, 
        148806, 
        149889, 
        149263
      ], 
      "55": [
        109365, 
        108297, 
        108716, 
        108178
      ], 
      "56": [
        109886, 
        108798, 
        109217, 
        108681
      ], 
      "57": [
        1, 
        1, 
        1, 
        1
      ], 
      "58": [
        3, 
        3, 
        3, 
        3
      ], 
      "59": [
        44, 
        42, 
        43, 
        42
      ], 
      "6": [
        0, 
        0, 
        0, 
        0
      ], 
      "60": [
        17, 
        15, 
        16, 
        15
      ], 
      "61": [
        929949, 
        921649, 
        933282, 
        926275
      ], 
      "62": [
        332, 
        332, 
        332, 
        332
      ], 
      "63": [
        24, 
        0, 
        8, 
        0
      ], 
      "7": [
        0, 
        0, 
        0, 
        0
      ], 
      "8": [
        0, 
        0, 
        0, 
        0
      ], 
      "9": [
        0, 
        0, 
        0, 
        0
      ]
    }
  }, 
  "features": {
    "GWS": [
      12, 
      12, 
      64
    ], 
    "LWS": [
      4, 
      1, 
      64
    ], 
    "OFFSET": [
      0, 
      0, 
      0
    ], 
    "compiler name": "ARM Mali OpenCL", 
    "compiler version": "5.0", 
    "cpu_freq": 800, 
    "gpu_freq": 533, 
    "image cols": 816, 
    "image rows": 612, 
    "pool_dir": "pool.21", 
    "program version": "c597087", 
    "size": 128
  }, 
  "meta": {
    "device name": "Mali-T628", 
    "device type": "GPU", 
    "device vendor": "ARM", 
    "experiment type": "benchmarking", 
    "kernel name": "calc_histogram", 
    "program name": "Realeyes HOG"
  }, 
  "tags": [
    "demo", 
    "arm", 
    "codegen15"
  ], 
  "work": {
    "repl": 4, 
    "timestamp": "2015-02-22T02:18:48.779855"
  }
}