{
  "characteristics": {
    "cpu": 0.000662, 
    "gpu_copy": 0.008889, 
    "gpu_only": 0.00025, 
    "is_gpu_better": false, 
    "l2 cache and mmu counters": {
      "0": 2527972616, 
      "1": 25, 
      "10": 0, 
      "11": 0, 
      "12": 0, 
      "13": 0, 
      "14": 0, 
      "15": 0, 
      "16": 8, 
      "17": 3, 
      "18": 254, 
      "19": 4, 
      "2": 65535, 
      "20": 0, 
      "21": 0, 
      "22": 0, 
      "23": 0, 
      "24": 0, 
      "25": 0, 
      "26": 0, 
      "27": 0, 
      "28": 0, 
      "29": 0, 
      "3": 0, 
      "30": 126, 
      "31": 4002, 
      "32": 86601, 
      "33": 66349, 
      "34": 65076, 
      "35": 5841, 
      "36": 6343, 
      "37": 62912, 
      "38": 0, 
      "39": 9706, 
      "4": 1835, 
      "40": 9701, 
      "41": 98, 
      "42": 0, 
      "43": 9672, 
      "44": 0, 
      "45": 58, 
      "46": 0, 
      "47": 0, 
      "48": 1000, 
      "49": 1000, 
      "5": 137, 
      "50": 45, 
      "51": 31, 
      "52": 4, 
      "53": 2, 
      "54": 0, 
      "55": 0, 
      "56": 0, 
      "57": 3, 
      "58": 3, 
      "59": 0, 
      "6": 106, 
      "60": 0, 
      "61": 2127, 
      "62": 66005, 
      "63": 32082, 
      "7": 385, 
      "8": 96, 
      "9": 0
    }, 
    "shader core counters": {
      "0": [
        2527972616, 
        2527972616, 
        2527972616, 
        2527972616
      ], 
      "1": [
        25, 
        25, 
        25, 
        25
      ], 
      "10": [
        0, 
        0, 
        0, 
        0
      ], 
      "11": [
        0, 
        0, 
        0, 
        0
      ], 
      "12": [
        0, 
        0, 
        0, 
        0
      ], 
      "13": [
        0, 
        0, 
        0, 
        0
      ], 
      "14": [
        0, 
        0, 
        0, 
        0
      ], 
      "15": [
        0, 
        0, 
        0, 
        0
      ], 
      "16": [
        0, 
        0, 
        0, 
        0
      ], 
      "17": [
        0, 
        0, 
        0, 
        0
      ], 
      "18": [
        0, 
        0, 
        0, 
        0
      ], 
      "19": [
        0, 
        0, 
        0, 
        0
      ], 
      "2": [
        65535, 
        65535, 
        65535, 
        65535
      ], 
      "20": [
        0, 
        0, 
        0, 
        0
      ], 
      "21": [
        0, 
        0, 
        0, 
        0
      ], 
      "22": [
        133007, 
        128949, 
        132419, 
        131971
      ], 
      "23": [
        32, 
        32, 
        32, 
        32
      ], 
      "24": [
        4096, 
        4096, 
        4096, 
        4096
      ], 
      "25": [
        17743, 
        7144, 
        12164, 
        19915
      ], 
      "26": [
        132538, 
        128477, 
        131952, 
        131509
      ], 
      "27": [
        71208, 
        69714, 
        72166, 
        71104
      ], 
      "28": [
        1950, 
        1830, 
        1938, 
        1932
      ], 
      "29": [
        45046, 
        45846, 
        44734, 
        42784
      ], 
      "3": [
        0, 
        0, 
        0, 
        0
      ], 
      "30": [
        0, 
        0, 
        0, 
        0
      ], 
      "31": [
        27115, 
        26729, 
        27208, 
        26960
      ], 
      "32": [
        72886, 
        74461, 
        73266, 
        73353
      ], 
      "33": [
        0, 
        0, 
        0, 
        0
      ], 
      "34": [
        45771, 
        47732, 
        46058, 
        46393
      ], 
      "35": [
        0, 
        0, 
        0, 
        0
      ], 
      "36": [
        0, 
        0, 
        0, 
        0
      ], 
      "37": [
        0, 
        0, 
        0, 
        0
      ], 
      "38": [
        0, 
        0, 
        0, 
        0
      ], 
      "39": [
        0, 
        0, 
        0, 
        0
      ], 
      "4": [
        0, 
        0, 
        0, 
        0
      ], 
      "40": [
        0, 
        0, 
        0, 
        0
      ], 
      "41": [
        0, 
        0, 
        0, 
        0
      ], 
      "42": [
        0, 
        0, 
        0, 
        0
      ], 
      "43": [
        0, 
        0, 
        0, 
        0
      ], 
      "44": [
        0, 
        0, 
        0, 
        0
      ], 
      "45": [
        0, 
        0, 
        0, 
        0
      ], 
      "46": [
        0, 
        0, 
        0, 
        0
      ], 
      "47": [
        0, 
        0, 
        0, 
        0
      ], 
      "48": [
        6778, 
        6594, 
        6916, 
        6769
      ], 
      "49": [
        3527, 
        3797, 
        3769, 
        3849
      ], 
      "5": [
        0, 
        0, 
        0, 
        0
      ], 
      "50": [
        0, 
        0, 
        0, 
        0
      ], 
      "51": [
        0, 
        0, 
        0, 
        0
      ], 
      "52": [
        6005, 
        5956, 
        5908, 
        5928
      ], 
      "53": [
        17855, 
        18542, 
        17722, 
        17824
      ], 
      "54": [
        2412, 
        2419, 
        2488, 
        2362
      ], 
      "55": [
        1584, 
        1576, 
        1619, 
        1538
      ], 
      "56": [
        1598, 
        1593, 
        1642, 
        1561
      ], 
      "57": [
        1, 
        1, 
        1, 
        1
      ], 
      "58": [
        3, 
        3, 
        3, 
        3
      ], 
      "59": [
        42, 
        42, 
        42, 
        42
      ], 
      "6": [
        0, 
        0, 
        0, 
        0
      ], 
      "60": [
        184, 
        194, 
        192, 
        188
      ], 
      "61": [
        13813, 
        13588, 
        13892, 
        13736
      ], 
      "62": [
        332, 
        332, 
        332, 
        332
      ], 
      "63": [
        0, 
        0, 
        0, 
        0
      ], 
      "7": [
        0, 
        0, 
        0, 
        0
      ], 
      "8": [
        0, 
        0, 
        0, 
        0
      ], 
      "9": [
        0, 
        0, 
        0, 
        0
      ]
    }
  }, 
  "features": {
    "GWS": [
      16, 
      16, 
      64
    ], 
    "LWS": [
      4, 
      1, 
      64
    ], 
    "OFFSET": [
      0, 
      0, 
      0
    ], 
    "compiler name": "ARM Mali OpenCL", 
    "compiler version": "5.0", 
    "cpu_freq": 1600, 
    "gpu_freq": 533, 
    "image cols": 2582, 
    "image rows": 1940, 
    "pool_dir": "pool.06", 
    "program version": "c597087", 
    "size": 16
  }, 
  "meta": {
    "device name": "Mali-T628", 
    "device type": "GPU", 
    "device vendor": "ARM", 
    "experiment type": "benchmarking", 
    "kernel name": "calc_histogram", 
    "program name": "Realeyes HOG"
  }, 
  "tags": [
    "demo", 
    "arm", 
    "codegen15"
  ], 
  "work": {
    "repl": 2, 
    "timestamp": "2015-02-22T02:28:07.071315"
  }
}