{
  "characteristics": {
    "cpu": 0.042965, 
    "gpu_copy": 0.033094, 
    "gpu_only": 0.029874, 
    "is_gpu_better": true, 
    "l2 cache and mmu counters": {
      "0": 439531848, 
      "1": 24, 
      "10": 0, 
      "11": 0, 
      "12": 0, 
      "13": 0, 
      "14": 0, 
      "15": 0, 
      "16": 8, 
      "17": 2, 
      "18": 176, 
      "19": 4, 
      "2": 65535, 
      "20": 0, 
      "21": 0, 
      "22": 0, 
      "23": 0, 
      "24": 0, 
      "25": 0, 
      "26": 0, 
      "27": 0, 
      "28": 0, 
      "29": 0, 
      "3": 0, 
      "30": 268, 
      "31": 41822, 
      "32": 5705507, 
      "33": 4665197, 
      "34": 4664369, 
      "35": 395455, 
      "36": 442682, 
      "37": 4535285, 
      "38": 0, 
      "39": 591335, 
      "4": 126, 
      "40": 591330, 
      "41": 1331, 
      "42": 0, 
      "43": 590825, 
      "44": 0, 
      "45": 80, 
      "46": 0, 
      "47": 0, 
      "48": 10455, 
      "49": 10455, 
      "5": 50, 
      "50": 77, 
      "51": 66, 
      "52": 6, 
      "53": 2, 
      "54": 0, 
      "55": 0, 
      "56": 0, 
      "57": 200, 
      "58": 3, 
      "59": 0, 
      "6": 33, 
      "60": 0, 
      "61": 116506, 
      "62": 4966261, 
      "63": 2855533, 
      "7": 55, 
      "8": 25, 
      "9": 0
    }, 
    "shader core counters": {
      "0": [
        439531848, 
        439531848, 
        439531848, 
        439531848
      ], 
      "1": [
        24, 
        24, 
        24, 
        24
      ], 
      "10": [
        0, 
        0, 
        0, 
        0
      ], 
      "11": [
        0, 
        0, 
        0, 
        0
      ], 
      "12": [
        0, 
        0, 
        0, 
        0
      ], 
      "13": [
        0, 
        0, 
        0, 
        0
      ], 
      "14": [
        0, 
        0, 
        0, 
        0
      ], 
      "15": [
        0, 
        0, 
        0, 
        0
      ], 
      "16": [
        0, 
        0, 
        0, 
        0
      ], 
      "17": [
        0, 
        0, 
        0, 
        0
      ], 
      "18": [
        0, 
        0, 
        0, 
        0
      ], 
      "19": [
        0, 
        0, 
        0, 
        0
      ], 
      "2": [
        65535, 
        65535, 
        65535, 
        65535
      ], 
      "20": [
        0, 
        0, 
        0, 
        0
      ], 
      "21": [
        0, 
        0, 
        0, 
        0
      ], 
      "22": [
        7945264, 
        7939801, 
        7946145, 
        7946094
      ], 
      "23": [
        2062, 
        1994, 
        2101, 
        2035
      ], 
      "24": [
        263936, 
        255232, 
        268928, 
        260480
      ], 
      "25": [
        88550, 
        94591, 
        105248, 
        97841
      ], 
      "26": [
        7944916, 
        7939449, 
        7945798, 
        7945741
      ], 
      "27": [
        4547756, 
        4399640, 
        4574574, 
        4482788
      ], 
      "28": [
        113162, 
        106683, 
        113925, 
        109924
      ], 
      "29": [
        3189770, 
        3287732, 
        3171158, 
        3245519
      ], 
      "3": [
        0, 
        0, 
        0, 
        0
      ], 
      "30": [
        0, 
        0, 
        0, 
        0
      ], 
      "31": [
        1756707, 
        1705853, 
        1769140, 
        1734982
      ], 
      "32": [
        4898899, 
        5141761, 
        4863901, 
        5041453
      ], 
      "33": [
        0, 
        0, 
        0, 
        0
      ], 
      "34": [
        3142192, 
        3435908, 
        3094761, 
        3306471
      ], 
      "35": [
        0, 
        0, 
        0, 
        0
      ], 
      "36": [
        0, 
        0, 
        0, 
        0
      ], 
      "37": [
        0, 
        0, 
        0, 
        0
      ], 
      "38": [
        0, 
        0, 
        0, 
        0
      ], 
      "39": [
        0, 
        0, 
        0, 
        0
      ], 
      "4": [
        0, 
        0, 
        0, 
        0
      ], 
      "40": [
        0, 
        0, 
        0, 
        0
      ], 
      "41": [
        0, 
        0, 
        0, 
        0
      ], 
      "42": [
        0, 
        0, 
        0, 
        0
      ], 
      "43": [
        0, 
        0, 
        0, 
        0
      ], 
      "44": [
        0, 
        0, 
        0, 
        0
      ], 
      "45": [
        0, 
        0, 
        0, 
        0
      ], 
      "46": [
        0, 
        0, 
        0, 
        0
      ], 
      "47": [
        0, 
        0, 
        0, 
        0
      ], 
      "48": [
        435293, 
        419962, 
        437762, 
        428864
      ], 
      "49": [
        204893, 
        230956, 
        197407, 
        224611
      ], 
      "5": [
        0, 
        0, 
        0, 
        0
      ], 
      "50": [
        0, 
        0, 
        0, 
        0
      ], 
      "51": [
        0, 
        0, 
        0, 
        0
      ], 
      "52": [
        391828, 
        383255, 
        393299, 
        387918
      ], 
      "53": [
        1310840, 
        1434577, 
        1294158, 
        1374900
      ], 
      "54": [
        148426, 
        147018, 
        147216, 
        147431
      ], 
      "55": [
        110869, 
        110136, 
        110208, 
        110264
      ], 
      "56": [
        111332, 
        110652, 
        110667, 
        110740
      ], 
      "57": [
        1, 
        1, 
        1, 
        1
      ], 
      "58": [
        3, 
        3, 
        3, 
        3
      ], 
      "59": [
        42, 
        42, 
        43, 
        42
      ], 
      "6": [
        0, 
        0, 
        0, 
        0
      ], 
      "60": [
        13, 
        13, 
        13, 
        13
      ], 
      "61": [
        893846, 
        867797, 
        898353, 
        882608
      ], 
      "62": [
        332, 
        332, 
        332, 
        332
      ], 
      "63": [
        0, 
        8, 
        16, 
        8
      ], 
      "7": [
        0, 
        0, 
        0, 
        0
      ], 
      "8": [
        0, 
        0, 
        0, 
        0
      ], 
      "9": [
        0, 
        0, 
        0, 
        0
      ]
    }
  }, 
  "features": {
    "GWS": [
      12, 
      12, 
      64
    ], 
    "LWS": [
      4, 
      1, 
      64
    ], 
    "OFFSET": [
      0, 
      0, 
      0
    ], 
    "compiler name": "ARM Mali OpenCL", 
    "compiler version": "5.0", 
    "cpu_freq": 800, 
    "gpu_freq": 266, 
    "image cols": 633, 
    "image rows": 921, 
    "pool_dir": "pool.01", 
    "program version": "c597087", 
    "size": 128
  }, 
  "meta": {
    "device name": "Mali-T628", 
    "device type": "GPU", 
    "device vendor": "ARM", 
    "experiment type": "benchmarking", 
    "kernel name": "calc_histogram", 
    "program name": "Realeyes HOG"
  }, 
  "tags": [
    "demo", 
    "arm", 
    "codegen15"
  ], 
  "work": {
    "repl": 1, 
    "timestamp": "2015-02-22T02:23:41.295343"
  }
}