{
  "characteristics": {
    "cpu": 0.005087, 
    "gpu_copy": 0.00981, 
    "gpu_only": 0.007052, 
    "is_gpu_better": false, 
    "l2 cache and mmu counters": {
      "0": 1573708995, 
      "1": 26, 
      "10": 0, 
      "11": 0, 
      "12": 0, 
      "13": 0, 
      "14": 0, 
      "15": 0, 
      "16": 8, 
      "17": 2, 
      "18": 177, 
      "19": 4, 
      "2": 65535, 
      "20": 0, 
      "21": 0, 
      "22": 0, 
      "23": 0, 
      "24": 0, 
      "25": 0, 
      "26": 0, 
      "27": 0, 
      "28": 0, 
      "29": 0, 
      "3": 0, 
      "30": 112, 
      "31": 15466, 
      "32": 1327933, 
      "33": 1086884, 
      "34": 1086027, 
      "35": 92187, 
      "36": 103612, 
      "37": 1053351, 
      "38": 0, 
      "39": 132872, 
      "4": 3773, 
      "40": 132867, 
      "41": 343, 
      "42": 0, 
      "43": 132777, 
      "44": 0, 
      "45": 65, 
      "46": 0, 
      "47": 0, 
      "48": 3866, 
      "49": 3866, 
      "5": 77, 
      "50": 33, 
      "51": 27, 
      "52": 6, 
      "53": 2, 
      "54": 0, 
      "55": 0, 
      "56": 0, 
      "57": 42, 
      "58": 5, 
      "59": 0, 
      "6": 56, 
      "60": 0, 
      "61": 29127, 
      "62": 1147421, 
      "63": 672027, 
      "7": 133, 
      "8": 43, 
      "9": 0
    }, 
    "shader core counters": {
      "0": [
        1573708995, 
        1573708995, 
        1573708995, 
        1573708995
      ], 
      "1": [
        26, 
        26, 
        26, 
        26
      ], 
      "10": [
        0, 
        0, 
        0, 
        0
      ], 
      "11": [
        0, 
        0, 
        0, 
        0
      ], 
      "12": [
        0, 
        0, 
        0, 
        0
      ], 
      "13": [
        0, 
        0, 
        0, 
        0
      ], 
      "14": [
        0, 
        0, 
        0, 
        0
      ], 
      "15": [
        0, 
        0, 
        0, 
        0
      ], 
      "16": [
        0, 
        0, 
        0, 
        0
      ], 
      "17": [
        0, 
        0, 
        0, 
        0
      ], 
      "18": [
        0, 
        0, 
        0, 
        0
      ], 
      "19": [
        0, 
        0, 
        0, 
        0
      ], 
      "2": [
        65535, 
        65535, 
        65535, 
        65535
      ], 
      "20": [
        0, 
        0, 
        0, 
        0
      ], 
      "21": [
        0, 
        0, 
        0, 
        0
      ], 
      "22": [
        1875870, 
        1872449, 
        1874371, 
        1871197
      ], 
      "23": [
        521, 
        505, 
        511, 
        511
      ], 
      "24": [
        66688, 
        64640, 
        65408, 
        65408
      ], 
      "25": [
        26581, 
        48530, 
        35929, 
        39970
      ], 
      "26": [
        1875524, 
        1872097, 
        1874024, 
        1870855
      ], 
      "27": [
        1089502, 
        1057292, 
        1081462, 
        1060956
      ], 
      "28": [
        27295, 
        25853, 
        26630, 
        26185
      ], 
      "29": [
        737010, 
        748401, 
        738291, 
        750830
      ], 
      "3": [
        0, 
        0, 
        0, 
        0
      ], 
      "30": [
        0, 
        0, 
        0, 
        0
      ], 
      "31": [
        427263, 
        416136, 
        423245, 
        417687
      ], 
      "32": [
        1148691, 
        1179120, 
        1140843, 
        1166582
      ], 
      "33": [
        0, 
        0, 
        0, 
        0
      ], 
      "34": [
        721428, 
        762984, 
        717598, 
        748895
      ], 
      "35": [
        0, 
        0, 
        0, 
        0
      ], 
      "36": [
        0, 
        0, 
        0, 
        0
      ], 
      "37": [
        0, 
        0, 
        0, 
        0
      ], 
      "38": [
        0, 
        0, 
        0, 
        0
      ], 
      "39": [
        0, 
        0, 
        0, 
        0
      ], 
      "4": [
        0, 
        0, 
        0, 
        0
      ], 
      "40": [
        0, 
        0, 
        0, 
        0
      ], 
      "41": [
        0, 
        0, 
        0, 
        0
      ], 
      "42": [
        0, 
        0, 
        0, 
        0
      ], 
      "43": [
        0, 
        0, 
        0, 
        0
      ], 
      "44": [
        0, 
        0, 
        0, 
        0
      ], 
      "45": [
        0, 
        0, 
        0, 
        0
      ], 
      "46": [
        0, 
        0, 
        0, 
        0
      ], 
      "47": [
        0, 
        0, 
        0, 
        0
      ], 
      "48": [
        105698, 
        102903, 
        105281, 
        102777
      ], 
      "49": [
        40151, 
        44112, 
        39837, 
        43553
      ], 
      "5": [
        0, 
        0, 
        0, 
        0
      ], 
      "50": [
        0, 
        0, 
        0, 
        0
      ], 
      "51": [
        0, 
        0, 
        0, 
        0
      ], 
      "52": [
        93671, 
        91272, 
        92386, 
        92003
      ], 
      "53": [
        309000, 
        326315, 
        307117, 
        319820
      ], 
      "54": [
        33290, 
        32479, 
        33294, 
        33438
      ], 
      "55": [
        25993, 
        25311, 
        26014, 
        26061
      ], 
      "56": [
        26062, 
        25412, 
        26108, 
        26162
      ], 
      "57": [
        1, 
        1, 
        1, 
        1
      ], 
      "58": [
        3, 
        3, 
        3, 
        3
      ], 
      "59": [
        42, 
        42, 
        42, 
        42
      ], 
      "6": [
        0, 
        0, 
        0, 
        0
      ], 
      "60": [
        460, 
        413, 
        465, 
        440
      ], 
      "61": [
        215111, 
        209528, 
        213258, 
        210155
      ], 
      "62": [
        332, 
        332, 
        332, 
        332
      ], 
      "63": [
        0, 
        0, 
        8, 
        0
      ], 
      "7": [
        0, 
        0, 
        0, 
        0
      ], 
      "8": [
        0, 
        0, 
        0, 
        0
      ], 
      "9": [
        0, 
        0, 
        0, 
        0
      ]
    }
  }, 
  "features": {
    "GWS": [
      64, 
      64, 
      64
    ], 
    "LWS": [
      4, 
      1, 
      64
    ], 
    "OFFSET": [
      0, 
      0, 
      0
    ], 
    "compiler name": "ARM Mali OpenCL", 
    "compiler version": "5.0", 
    "cpu_freq": 1600, 
    "gpu_freq": 266, 
    "image cols": 1232, 
    "image rows": 820, 
    "pool_dir": "pool.09", 
    "program version": "c597087", 
    "size": 64
  }, 
  "meta": {
    "device name": "Mali-T628", 
    "device type": "GPU", 
    "device vendor": "ARM", 
    "experiment type": "benchmarking", 
    "kernel name": "calc_histogram", 
    "program name": "Realeyes HOG"
  }, 
  "tags": [
    "demo", 
    "arm", 
    "codegen15"
  ], 
  "work": {
    "repl": 2, 
    "timestamp": "2015-02-22T02:30:26.260733"
  }
}