{
  "characteristics": {
    "cpu": 0.012364, 
    "gpu_copy": 0.006811, 
    "gpu_only": 0.00362, 
    "is_gpu_better": true, 
    "l2 cache and mmu counters": {
      "0": 3104691398, 
      "1": 22, 
      "10": 0, 
      "11": 0, 
      "12": 0, 
      "13": 0, 
      "14": 0, 
      "15": 0, 
      "16": 9, 
      "17": 3, 
      "18": 246, 
      "19": 6, 
      "2": 65535, 
      "20": 0, 
      "21": 0, 
      "22": 0, 
      "23": 0, 
      "24": 0, 
      "25": 0, 
      "26": 0, 
      "27": 0, 
      "28": 0, 
      "29": 0, 
      "3": 0, 
      "30": 180, 
      "31": 15218, 
      "32": 1288008, 
      "33": 1038549, 
      "34": 1037361, 
      "35": 93377, 
      "36": 105943, 
      "37": 1008088, 
      "38": 0, 
      "39": 138852, 
      "4": 153, 
      "40": 138842, 
      "41": 413, 
      "42": 0, 
      "43": 138719, 
      "44": 0, 
      "45": 79, 
      "46": 0, 
      "47": 0, 
      "48": 3804, 
      "49": 3804, 
      "5": 59, 
      "50": 50, 
      "51": 44, 
      "52": 6, 
      "53": 2, 
      "54": 0, 
      "55": 0, 
      "56": 0, 
      "57": 263, 
      "58": 2, 
      "59": 0, 
      "6": 87, 
      "60": 0, 
      "61": 25777, 
      "62": 1106957, 
      "63": 519649, 
      "7": 107, 
      "8": 26, 
      "9": 0
    }, 
    "shader core counters": {
      "0": [
        3104691398, 
        3104691398, 
        3104691398, 
        3104691398
      ], 
      "1": [
        22, 
        22, 
        22, 
        22
      ], 
      "10": [
        0, 
        0, 
        0, 
        0
      ], 
      "11": [
        0, 
        0, 
        0, 
        0
      ], 
      "12": [
        0, 
        0, 
        0, 
        0
      ], 
      "13": [
        0, 
        0, 
        0, 
        0
      ], 
      "14": [
        0, 
        0, 
        0, 
        0
      ], 
      "15": [
        0, 
        0, 
        0, 
        0
      ], 
      "16": [
        0, 
        0, 
        0, 
        0
      ], 
      "17": [
        0, 
        0, 
        0, 
        0
      ], 
      "18": [
        0, 
        0, 
        0, 
        0
      ], 
      "19": [
        0, 
        0, 
        0, 
        0
      ], 
      "2": [
        65535, 
        65535, 
        65535, 
        65535
      ], 
      "20": [
        0, 
        0, 
        0, 
        0
      ], 
      "21": [
        0, 
        0, 
        0, 
        0
      ], 
      "22": [
        1925266, 
        1922265, 
        1922793, 
        1923807
      ], 
      "23": [
        510, 
        512, 
        508, 
        518
      ], 
      "24": [
        65280, 
        65536, 
        65024, 
        66304
      ], 
      "25": [
        4998, 
        4959, 
        5647, 
        5528
      ], 
      "26": [
        1924766, 
        1921754, 
        1922284, 
        1923303
      ], 
      "27": [
        1154240, 
        1147860, 
        1156980, 
        1152430
      ], 
      "28": [
        30571, 
        30154, 
        30421, 
        30159
      ], 
      "29": [
        723210, 
        721314, 
        716703, 
        720749
      ], 
      "3": [
        0, 
        0, 
        0, 
        0
      ], 
      "30": [
        0, 
        0, 
        0, 
        0
      ], 
      "31": [
        440053, 
        437122, 
        440949, 
        439279
      ], 
      "32": [
        1065391, 
        1092004, 
        1065929, 
        1089264
      ], 
      "33": [
        0, 
        0, 
        0, 
        0
      ], 
      "34": [
        625338, 
        654882, 
        624980, 
        649985
      ], 
      "35": [
        0, 
        0, 
        0, 
        0
      ], 
      "36": [
        0, 
        0, 
        0, 
        0
      ], 
      "37": [
        0, 
        0, 
        0, 
        0
      ], 
      "38": [
        0, 
        0, 
        0, 
        0
      ], 
      "39": [
        0, 
        0, 
        0, 
        0
      ], 
      "4": [
        0, 
        0, 
        0, 
        0
      ], 
      "40": [
        0, 
        0, 
        0, 
        0
      ], 
      "41": [
        0, 
        0, 
        0, 
        0
      ], 
      "42": [
        0, 
        0, 
        0, 
        0
      ], 
      "43": [
        0, 
        0, 
        0, 
        0
      ], 
      "44": [
        0, 
        0, 
        0, 
        0
      ], 
      "45": [
        0, 
        0, 
        0, 
        0
      ], 
      "46": [
        0, 
        0, 
        0, 
        0
      ], 
      "47": [
        0, 
        0, 
        0, 
        0
      ], 
      "48": [
        110271, 
        108879, 
        110570, 
        108818
      ], 
      "49": [
        36632, 
        38971, 
        35977, 
        37762
      ], 
      "5": [
        0, 
        0, 
        0, 
        0
      ], 
      "50": [
        0, 
        0, 
        0, 
        0
      ], 
      "51": [
        0, 
        0, 
        0, 
        0
      ], 
      "52": [
        97738, 
        97493, 
        98098, 
        98395
      ], 
      "53": [
        265004, 
        277750, 
        265420, 
        276061
      ], 
      "54": [
        34717, 
        34469, 
        34692, 
        34639
      ], 
      "55": [
        26451, 
        26175, 
        26500, 
        26544
      ], 
      "56": [
        26556, 
        26302, 
        26606, 
        26668
      ], 
      "57": [
        1, 
        1, 
        1, 
        1
      ], 
      "58": [
        4, 
        4, 
        4, 
        4
      ], 
      "59": [
        43, 
        42, 
        42, 
        42
      ], 
      "6": [
        0, 
        0, 
        0, 
        0
      ], 
      "60": [
        15, 
        15, 
        18, 
        15
      ], 
      "61": [
        225250, 
        223397, 
        225794, 
        224291
      ], 
      "62": [
        332, 
        332, 
        332, 
        332
      ], 
      "63": [
        16, 
        0, 
        0, 
        8
      ], 
      "7": [
        0, 
        0, 
        0, 
        0
      ], 
      "8": [
        0, 
        0, 
        0, 
        0
      ], 
      "9": [
        0, 
        0, 
        0, 
        0
      ]
    }
  }, 
  "features": {
    "GWS": [
      64, 
      64, 
      64
    ], 
    "LWS": [
      4, 
      1, 
      64
    ], 
    "OFFSET": [
      0, 
      0, 
      0
    ], 
    "compiler name": "ARM Mali OpenCL", 
    "compiler version": "5.0", 
    "cpu_freq": 800, 
    "gpu_freq": 533, 
    "image cols": 816, 
    "image rows": 612, 
    "pool_dir": "pool.21", 
    "program version": "c597087", 
    "size": 64
  }, 
  "meta": {
    "device name": "Mali-T628", 
    "device type": "GPU", 
    "device vendor": "ARM", 
    "experiment type": "benchmarking", 
    "kernel name": "calc_histogram", 
    "program name": "Realeyes HOG"
  }, 
  "tags": [
    "demo", 
    "arm", 
    "codegen15"
  ], 
  "work": {
    "repl": 0, 
    "timestamp": "2015-02-22T02:19:34.467342"
  }
}