{
  "characteristics": {
    "cpu": 0.017982, 
    "gpu_copy": 0.015886, 
    "gpu_only": 0.013532, 
    "is_gpu_better": true, 
    "l2 cache and mmu counters": {
      "0": 1938937130, 
      "1": 13, 
      "10": 0, 
      "11": 0, 
      "12": 0, 
      "13": 0, 
      "14": 0, 
      "15": 0, 
      "16": 9, 
      "17": 3, 
      "18": 252, 
      "19": 7, 
      "2": 65535, 
      "20": 0, 
      "21": 0, 
      "22": 0, 
      "23": 0, 
      "24": 0, 
      "25": 0, 
      "26": 0, 
      "27": 0, 
      "28": 0, 
      "29": 0, 
      "3": 0, 
      "30": 172, 
      "31": 35542, 
      "32": 5207036, 
      "33": 4293682, 
      "34": 4292461, 
      "35": 357020, 
      "36": 399452, 
      "37": 4165216, 
      "38": 0, 
      "39": 508193, 
      "4": 816, 
      "40": 508182, 
      "41": 1024, 
      "42": 0, 
      "43": 507854, 
      "44": 0, 
      "45": 101, 
      "46": 0, 
      "47": 0, 
      "48": 8885, 
      "49": 8885, 
      "5": 56, 
      "50": 48, 
      "51": 42, 
      "52": 6, 
      "53": 2, 
      "54": 0, 
      "55": 0, 
      "56": 0, 
      "57": 431, 
      "58": 0, 
      "59": 0, 
      "6": 60, 
      "60": 0, 
      "61": 113566, 
      "62": 4529816, 
      "63": 2856641, 
      "7": 102, 
      "8": 29, 
      "9": 0
    }, 
    "shader core counters": {
      "0": [
        1938937130, 
        1938937130, 
        1938937130, 
        1938937130
      ], 
      "1": [
        13, 
        13, 
        13, 
        13
      ], 
      "10": [
        0, 
        0, 
        0, 
        0
      ], 
      "11": [
        0, 
        0, 
        0, 
        0
      ], 
      "12": [
        0, 
        0, 
        0, 
        0
      ], 
      "13": [
        0, 
        0, 
        0, 
        0
      ], 
      "14": [
        0, 
        0, 
        0, 
        0
      ], 
      "15": [
        0, 
        0, 
        0, 
        0
      ], 
      "16": [
        0, 
        0, 
        0, 
        0
      ], 
      "17": [
        0, 
        0, 
        0, 
        0
      ], 
      "18": [
        0, 
        0, 
        0, 
        0
      ], 
      "19": [
        0, 
        0, 
        0, 
        0
      ], 
      "2": [
        65535, 
        65535, 
        65535, 
        65535
      ], 
      "20": [
        0, 
        0, 
        0, 
        0
      ], 
      "21": [
        0, 
        0, 
        0, 
        0
      ], 
      "22": [
        7198160, 
        7198410, 
        7198534, 
        7197796
      ], 
      "23": [
        2081, 
        1991, 
        2085, 
        2035
      ], 
      "24": [
        266368, 
        254848, 
        266880, 
        260480
      ], 
      "25": [
        309426, 
        467472, 
        300485, 
        342525
      ], 
      "26": [
        7197697, 
        7197936, 
        7198065, 
        7197332
      ], 
      "27": [
        4023524, 
        3868108, 
        4052376, 
        3948994
      ], 
      "28": [
        93519, 
        88282, 
        94728, 
        90907
      ], 
      "29": [
        2932275, 
        3001918, 
        2927055, 
        2993223
      ], 
      "3": [
        0, 
        0, 
        0, 
        0
      ], 
      "30": [
        0, 
        0, 
        0, 
        0
      ], 
      "31": [
        1623837, 
        1566302, 
        1635861, 
        1598020
      ], 
      "32": [
        4542022, 
        4739291, 
        4507579, 
        4693382
      ], 
      "33": [
        0, 
        0, 
        0, 
        0
      ], 
      "34": [
        2918185, 
        3172989, 
        2871718, 
        3095362
      ], 
      "35": [
        0, 
        0, 
        0, 
        0
      ], 
      "36": [
        0, 
        0, 
        0, 
        0
      ], 
      "37": [
        0, 
        0, 
        0, 
        0
      ], 
      "38": [
        0, 
        0, 
        0, 
        0
      ], 
      "39": [
        0, 
        0, 
        0, 
        0
      ], 
      "4": [
        0, 
        0, 
        0, 
        0
      ], 
      "40": [
        0, 
        0, 
        0, 
        0
      ], 
      "41": [
        0, 
        0, 
        0, 
        0
      ], 
      "42": [
        0, 
        0, 
        0, 
        0
      ], 
      "43": [
        0, 
        0, 
        0, 
        0
      ], 
      "44": [
        0, 
        0, 
        0, 
        0
      ], 
      "45": [
        0, 
        0, 
        0, 
        0
      ], 
      "46": [
        0, 
        0, 
        0, 
        0
      ], 
      "47": [
        0, 
        0, 
        0, 
        0
      ], 
      "48": [
        398971, 
        384057, 
        404827, 
        392060
      ], 
      "49": [
        173865, 
        202431, 
        173002, 
        191996
      ], 
      "5": [
        0, 
        0, 
        0, 
        0
      ], 
      "50": [
        0, 
        0, 
        0, 
        0
      ], 
      "51": [
        0, 
        0, 
        0, 
        0
      ], 
      "52": [
        348002, 
        337075, 
        348186, 
        343482
      ], 
      "53": [
        1265486, 
        1368671, 
        1242464, 
        1337471
      ], 
      "54": [
        127702, 
        125236, 
        127785, 
        127935
      ], 
      "55": [
        99875, 
        97880, 
        100095, 
        100291
      ], 
      "56": [
        100598, 
        98559, 
        100813, 
        101004
      ], 
      "57": [
        1, 
        1, 
        1, 
        1
      ], 
      "58": [
        3, 
        3, 
        3, 
        3
      ], 
      "59": [
        42, 
        42, 
        42, 
        42
      ], 
      "6": [
        0, 
        0, 
        0, 
        0
      ], 
      "60": [
        79, 
        96, 
        109, 
        109
      ], 
      "61": [
        803522, 
        775363, 
        809802, 
        790810
      ], 
      "62": [
        332, 
        332, 
        332, 
        332
      ], 
      "63": [
        0, 
        8, 
        0, 
        0
      ], 
      "7": [
        0, 
        0, 
        0, 
        0
      ], 
      "8": [
        0, 
        0, 
        0, 
        0
      ], 
      "9": [
        0, 
        0, 
        0, 
        0
      ]
    }
  }, 
  "features": {
    "GWS": [
      12, 
      12, 
      64
    ], 
    "LWS": [
      4, 
      1, 
      64
    ], 
    "OFFSET": [
      0, 
      0, 
      0
    ], 
    "compiler name": "ARM Mali OpenCL", 
    "compiler version": "5.0", 
    "cpu_freq": 1600, 
    "gpu_freq": 533, 
    "image cols": 1064, 
    "image rows": 629, 
    "pool_dir": "pool.07", 
    "program version": "c597087", 
    "size": 128
  }, 
  "meta": {
    "device name": "Mali-T628", 
    "device type": "GPU", 
    "device vendor": "ARM", 
    "experiment type": "benchmarking", 
    "kernel name": "calc_histogram", 
    "program name": "Realeyes HOG"
  }, 
  "tags": [
    "demo", 
    "arm", 
    "codegen15"
  ], 
  "work": {
    "repl": 0, 
    "timestamp": "2015-02-22T01:51:55.067788"
  }
}