{
  "characteristics": {
    "cpu": 0.000686, 
    "gpu_copy": 0.011472, 
    "gpu_only": 0.000508, 
    "is_gpu_better": false, 
    "l2 cache and mmu counters": {
      "0": 408470971, 
      "1": 15, 
      "10": 0, 
      "11": 0, 
      "12": 0, 
      "13": 0, 
      "14": 0, 
      "15": 0, 
      "16": 8, 
      "17": 3, 
      "18": 160, 
      "19": 4, 
      "2": 65535, 
      "20": 0, 
      "21": 0, 
      "22": 0, 
      "23": 0, 
      "24": 0, 
      "25": 0, 
      "26": 0, 
      "27": 0, 
      "28": 0, 
      "29": 0, 
      "3": 0, 
      "30": 94, 
      "31": 3790, 
      "32": 96373, 
      "33": 74901, 
      "34": 73955, 
      "35": 6521, 
      "36": 6985, 
      "37": 71874, 
      "38": 0, 
      "39": 10306, 
      "4": 2128, 
      "40": 10301, 
      "41": 83, 
      "42": 0, 
      "43": 10275, 
      "44": 0, 
      "45": 54, 
      "46": 0, 
      "47": 0, 
      "48": 947, 
      "49": 947, 
      "5": 126, 
      "50": 27, 
      "51": 23, 
      "52": 4, 
      "53": 2, 
      "54": 0, 
      "55": 0, 
      "56": 0, 
      "57": 0, 
      "58": 3, 
      "59": 0, 
      "6": 116, 
      "60": 0, 
      "61": 2036, 
      "62": 77590, 
      "63": 42571, 
      "7": 340, 
      "8": 94, 
      "9": 0
    }, 
    "shader core counters": {
      "0": [
        408470971, 
        408470971, 
        408470971, 
        408470971
      ], 
      "1": [
        15, 
        15, 
        15, 
        15
      ], 
      "10": [
        0, 
        0, 
        0, 
        0
      ], 
      "11": [
        0, 
        0, 
        0, 
        0
      ], 
      "12": [
        0, 
        0, 
        0, 
        0
      ], 
      "13": [
        0, 
        0, 
        0, 
        0
      ], 
      "14": [
        0, 
        0, 
        0, 
        0
      ], 
      "15": [
        0, 
        0, 
        0, 
        0
      ], 
      "16": [
        0, 
        0, 
        0, 
        0
      ], 
      "17": [
        0, 
        0, 
        0, 
        0
      ], 
      "18": [
        0, 
        0, 
        0, 
        0
      ], 
      "19": [
        0, 
        0, 
        0, 
        0
      ], 
      "2": [
        65535, 
        65535, 
        65535, 
        65535
      ], 
      "20": [
        0, 
        0, 
        0, 
        0
      ], 
      "21": [
        0, 
        0, 
        0, 
        0
      ], 
      "22": [
        134598, 
        132753, 
        132909, 
        134820
      ], 
      "23": [
        33, 
        30, 
        33, 
        32
      ], 
      "24": [
        4224, 
        3840, 
        4224, 
        4096
      ], 
      "25": [
        3779, 
        11978, 
        6086, 
        7949
      ], 
      "26": [
        134252, 
        132401, 
        132562, 
        134478
      ], 
      "27": [
        73738, 
        65022, 
        73052, 
        72354
      ], 
      "28": [
        1857, 
        1593, 
        1852, 
        1755
      ], 
      "29": [
        53347, 
        51978, 
        50626, 
        53015
      ], 
      "3": [
        0, 
        0, 
        0, 
        0
      ], 
      "30": [
        0, 
        0, 
        0, 
        0
      ], 
      "31": [
        28926, 
        26223, 
        28599, 
        28258
      ], 
      "32": [
        83533, 
        88485, 
        80478, 
        83629
      ], 
      "33": [
        0, 
        0, 
        0, 
        0
      ], 
      "34": [
        54607, 
        62262, 
        51879, 
        55371
      ], 
      "35": [
        0, 
        0, 
        0, 
        0
      ], 
      "36": [
        0, 
        0, 
        0, 
        0
      ], 
      "37": [
        0, 
        0, 
        0, 
        0
      ], 
      "38": [
        0, 
        0, 
        0, 
        0
      ], 
      "39": [
        0, 
        0, 
        0, 
        0
      ], 
      "4": [
        0, 
        0, 
        0, 
        0
      ], 
      "40": [
        0, 
        0, 
        0, 
        0
      ], 
      "41": [
        0, 
        0, 
        0, 
        0
      ], 
      "42": [
        0, 
        0, 
        0, 
        0
      ], 
      "43": [
        0, 
        0, 
        0, 
        0
      ], 
      "44": [
        0, 
        0, 
        0, 
        0
      ], 
      "45": [
        0, 
        0, 
        0, 
        0
      ], 
      "46": [
        0, 
        0, 
        0, 
        0
      ], 
      "47": [
        0, 
        0, 
        0, 
        0
      ], 
      "48": [
        6997, 
        6035, 
        6910, 
        6734
      ], 
      "49": [
        3949, 
        4104, 
        3991, 
        3635
      ], 
      "5": [
        0, 
        0, 
        0, 
        0
      ], 
      "50": [
        0, 
        0, 
        0, 
        0
      ], 
      "51": [
        0, 
        0, 
        0, 
        0
      ], 
      "52": [
        6639, 
        6295, 
        6543, 
        6573
      ], 
      "53": [
        21380, 
        25097, 
        19933, 
        22132
      ], 
      "54": [
        2591, 
        2622, 
        2533, 
        2470
      ], 
      "55": [
        1802, 
        1792, 
        1725, 
        1675
      ], 
      "56": [
        1796, 
        1797, 
        1730, 
        1668
      ], 
      "57": [
        1, 
        1, 
        1, 
        1
      ], 
      "58": [
        3, 
        3, 
        3, 
        3
      ], 
      "59": [
        42, 
        42, 
        42, 
        42
      ], 
      "6": [
        0, 
        0, 
        0, 
        0
      ], 
      "60": [
        209, 
        238, 
        226, 
        201
      ], 
      "61": [
        14679, 
        13255, 
        14503, 
        14333
      ], 
      "62": [
        332, 
        332, 
        332, 
        332
      ], 
      "63": [
        8, 
        0, 
        0, 
        0
      ], 
      "7": [
        0, 
        0, 
        0, 
        0
      ], 
      "8": [
        0, 
        0, 
        0, 
        0
      ], 
      "9": [
        0, 
        0, 
        0, 
        0
      ]
    }
  }, 
  "features": {
    "GWS": [
      16, 
      16, 
      64
    ], 
    "LWS": [
      4, 
      1, 
      64
    ], 
    "OFFSET": [
      0, 
      0, 
      0
    ], 
    "compiler name": "ARM Mali OpenCL", 
    "compiler version": "5.0", 
    "cpu_freq": 1600, 
    "gpu_freq": 266, 
    "image cols": 3074, 
    "image rows": 2185, 
    "pool_dir": "pool.14", 
    "program version": "c597087", 
    "size": 16
  }, 
  "meta": {
    "device name": "Mali-T628", 
    "device type": "GPU", 
    "device vendor": "ARM", 
    "experiment type": "benchmarking", 
    "kernel name": "calc_histogram", 
    "program name": "Realeyes HOG"
  }, 
  "tags": [
    "demo", 
    "arm", 
    "codegen15"
  ], 
  "work": {
    "repl": 4, 
    "timestamp": "2015-02-22T01:56:49.166596"
  }
}