{
  "characteristics": {
    "cpu": 0.002769, 
    "gpu_copy": 0.015473, 
    "gpu_only": 0.000777, 
    "is_gpu_better": false, 
    "l2 cache and mmu counters": {
      "0": 743286972, 
      "1": 15, 
      "10": 0, 
      "11": 0, 
      "12": 0, 
      "13": 0, 
      "14": 0, 
      "15": 0, 
      "16": 8, 
      "17": 2, 
      "18": 244, 
      "19": 4, 
      "2": 65535, 
      "20": 0, 
      "21": 0, 
      "22": 0, 
      "23": 0, 
      "24": 0, 
      "25": 0, 
      "26": 0, 
      "27": 0, 
      "28": 0, 
      "29": 0, 
      "3": 0, 
      "30": 107, 
      "31": 6654, 
      "32": 287685, 
      "33": 231345, 
      "34": 230046, 
      "35": 20258, 
      "36": 22513, 
      "37": 223660, 
      "38": 0, 
      "39": 29563, 
      "4": 4083, 
      "40": 29558, 
      "41": 173, 
      "42": 0, 
      "43": 29520, 
      "44": 0, 
      "45": 52, 
      "46": 0, 
      "47": 0, 
      "48": 1663, 
      "49": 1663, 
      "5": 124, 
      "50": 31, 
      "51": 26, 
      "52": 5, 
      "53": 2, 
      "54": 0, 
      "55": 0, 
      "56": 0, 
      "57": 45, 
      "58": 2, 
      "59": 0, 
      "6": 148, 
      "60": 0, 
      "61": 5797, 
      "62": 243738, 
      "63": 129020, 
      "7": 310, 
      "8": 100, 
      "9": 0
    }, 
    "shader core counters": {
      "0": [
        743286972, 
        743286972, 
        743286972, 
        743286972
      ], 
      "1": [
        15, 
        15, 
        15, 
        15
      ], 
      "10": [
        0, 
        0, 
        0, 
        0
      ], 
      "11": [
        0, 
        0, 
        0, 
        0
      ], 
      "12": [
        0, 
        0, 
        0, 
        0
      ], 
      "13": [
        0, 
        0, 
        0, 
        0
      ], 
      "14": [
        0, 
        0, 
        0, 
        0
      ], 
      "15": [
        0, 
        0, 
        0, 
        0
      ], 
      "16": [
        0, 
        0, 
        0, 
        0
      ], 
      "17": [
        0, 
        0, 
        0, 
        0
      ], 
      "18": [
        0, 
        0, 
        0, 
        0
      ], 
      "19": [
        0, 
        0, 
        0, 
        0
      ], 
      "2": [
        65535, 
        65535, 
        65535, 
        65535
      ], 
      "20": [
        0, 
        0, 
        0, 
        0
      ], 
      "21": [
        0, 
        0, 
        0, 
        0
      ], 
      "22": [
        411077, 
        413549, 
        413114, 
        413090
      ], 
      "23": [
        129, 
        126, 
        130, 
        127
      ], 
      "24": [
        16512, 
        16128, 
        16640, 
        16256
      ], 
      "25": [
        6306, 
        6202, 
        4743, 
        4709
      ], 
      "26": [
        410621, 
        413086, 
        412656, 
        412637
      ], 
      "27": [
        240912, 
        234424, 
        241146, 
        239624
      ], 
      "28": [
        5856, 
        5598, 
        5773, 
        5590
      ], 
      "29": [
        156666, 
        163126, 
        158141, 
        158878
      ], 
      "3": [
        0, 
        0, 
        0, 
        0
      ], 
      "30": [
        0, 
        0, 
        0, 
        0
      ], 
      "31": [
        96036, 
        93931, 
        96653, 
        95622
      ], 
      "32": [
        240353, 
        246468, 
        241831, 
        239574
      ], 
      "33": [
        0, 
        0, 
        0, 
        0
      ], 
      "34": [
        144317, 
        152537, 
        145178, 
        143952
      ], 
      "35": [
        0, 
        0, 
        0, 
        0
      ], 
      "36": [
        0, 
        0, 
        0, 
        0
      ], 
      "37": [
        0, 
        0, 
        0, 
        0
      ], 
      "38": [
        0, 
        0, 
        0, 
        0
      ], 
      "39": [
        0, 
        0, 
        0, 
        0
      ], 
      "4": [
        0, 
        0, 
        0, 
        0
      ], 
      "40": [
        0, 
        0, 
        0, 
        0
      ], 
      "41": [
        0, 
        0, 
        0, 
        0
      ], 
      "42": [
        0, 
        0, 
        0, 
        0
      ], 
      "43": [
        0, 
        0, 
        0, 
        0
      ], 
      "44": [
        0, 
        0, 
        0, 
        0
      ], 
      "45": [
        0, 
        0, 
        0, 
        0
      ], 
      "46": [
        0, 
        0, 
        0, 
        0
      ], 
      "47": [
        0, 
        0, 
        0, 
        0
      ], 
      "48": [
        24381, 
        23797, 
        24482, 
        24476
      ], 
      "49": [
        7904, 
        9508, 
        8187, 
        8475
      ], 
      "5": [
        0, 
        0, 
        0, 
        0
      ], 
      "50": [
        0, 
        0, 
        0, 
        0
      ], 
      "51": [
        0, 
        0, 
        0, 
        0
      ], 
      "52": [
        19470, 
        19113, 
        19646, 
        19227
      ], 
      "53": [
        59416, 
        62022, 
        59518, 
        58950
      ], 
      "54": [
        7335, 
        7477, 
        7387, 
        7246
      ], 
      "55": [
        5599, 
        5693, 
        5644, 
        5531
      ], 
      "56": [
        5629, 
        5714, 
        5673, 
        5561
      ], 
      "57": [
        1, 
        1, 
        1, 
        1
      ], 
      "58": [
        3, 
        3, 
        3, 
        3
      ], 
      "59": [
        42, 
        42, 
        42, 
        42
      ], 
      "6": [
        0, 
        0, 
        0, 
        0
      ], 
      "60": [
        440, 
        453, 
        433, 
        389
      ], 
      "61": [
        47238, 
        46201, 
        47534, 
        47075
      ], 
      "62": [
        332, 
        332, 
        332, 
        332
      ], 
      "63": [
        0, 
        0, 
        0, 
        8
      ], 
      "7": [
        0, 
        0, 
        0, 
        0
      ], 
      "8": [
        0, 
        0, 
        0, 
        0
      ], 
      "9": [
        0, 
        0, 
        0, 
        0
      ]
    }
  }, 
  "features": {
    "GWS": [
      32, 
      32, 
      64
    ], 
    "LWS": [
      4, 
      1, 
      64
    ], 
    "OFFSET": [
      0, 
      0, 
      0
    ], 
    "compiler name": "ARM Mali OpenCL", 
    "compiler version": "5.0", 
    "cpu_freq": 800, 
    "gpu_freq": 533, 
    "image cols": 2868, 
    "image rows": 1607, 
    "pool_dir": "pool.13", 
    "program version": "c597087", 
    "size": 32
  }, 
  "meta": {
    "device name": "Mali-T628", 
    "device type": "GPU", 
    "device vendor": "ARM", 
    "experiment type": "benchmarking", 
    "kernel name": "calc_histogram", 
    "program name": "Realeyes HOG"
  }, 
  "tags": [
    "demo", 
    "arm", 
    "codegen15"
  ], 
  "work": {
    "repl": 1, 
    "timestamp": "2015-02-25T13:06:06.705362"
  }
}