{
  "characteristics": {
    "cpu": 0.000689, 
    "gpu_copy": 0.002098, 
    "gpu_only": 0.000253, 
    "is_gpu_better": false, 
    "l2 cache and mmu counters": {
      "0": 3693080315, 
      "1": 20, 
      "10": 0, 
      "11": 0, 
      "12": 0, 
      "13": 0, 
      "14": 0, 
      "15": 0, 
      "16": 8, 
      "17": 2, 
      "18": 240, 
      "19": 4, 
      "2": 65535, 
      "20": 0, 
      "21": 0, 
      "22": 0, 
      "23": 0, 
      "24": 0, 
      "25": 0, 
      "26": 0, 
      "27": 0, 
      "28": 0, 
      "29": 0, 
      "3": 0, 
      "30": 110, 
      "31": 3514, 
      "32": 92743, 
      "33": 71746, 
      "34": 70539, 
      "35": 6233, 
      "36": 6757, 
      "37": 68918, 
      "38": 0, 
      "39": 10066, 
      "4": 119, 
      "40": 10061, 
      "41": 72, 
      "42": 0, 
      "43": 10041, 
      "44": 0, 
      "45": 46, 
      "46": 0, 
      "47": 0, 
      "48": 878, 
      "49": 878, 
      "5": 50, 
      "50": 31, 
      "51": 27, 
      "52": 4, 
      "53": 2, 
      "54": 0, 
      "55": 0, 
      "56": 0, 
      "57": 0, 
      "58": 1, 
      "59": 0, 
      "6": 86, 
      "60": 0, 
      "61": 1815, 
      "62": 73472, 
      "63": 39956, 
      "7": 92, 
      "8": 25, 
      "9": 0
    }, 
    "shader core counters": {
      "0": [
        3693080315, 
        3693080315, 
        3693080315, 
        3693080315
      ], 
      "1": [
        20, 
        20, 
        20, 
        20
      ], 
      "10": [
        0, 
        0, 
        0, 
        0
      ], 
      "11": [
        0, 
        0, 
        0, 
        0
      ], 
      "12": [
        0, 
        0, 
        0, 
        0
      ], 
      "13": [
        0, 
        0, 
        0, 
        0
      ], 
      "14": [
        0, 
        0, 
        0, 
        0
      ], 
      "15": [
        0, 
        0, 
        0, 
        0
      ], 
      "16": [
        0, 
        0, 
        0, 
        0
      ], 
      "17": [
        0, 
        0, 
        0, 
        0
      ], 
      "18": [
        0, 
        0, 
        0, 
        0
      ], 
      "19": [
        0, 
        0, 
        0, 
        0
      ], 
      "2": [
        65535, 
        65535, 
        65535, 
        65535
      ], 
      "20": [
        0, 
        0, 
        0, 
        0
      ], 
      "21": [
        0, 
        0, 
        0, 
        0
      ], 
      "22": [
        129416, 
        128970, 
        131769, 
        133975
      ], 
      "23": [
        32, 
        32, 
        34, 
        30
      ], 
      "24": [
        4096, 
        4096, 
        4352, 
        3840
      ], 
      "25": [
        5126, 
        7943, 
        5112, 
        6207
      ], 
      "26": [
        128959, 
        128507, 
        131311, 
        133522
      ], 
      "27": [
        68406, 
        65096, 
        71182, 
        68154
      ], 
      "28": [
        1738, 
        1560, 
        1776, 
        1616
      ], 
      "29": [
        48997, 
        52196, 
        50551, 
        55552
      ], 
      "3": [
        0, 
        0, 
        0, 
        0
      ], 
      "30": [
        0, 
        0, 
        0, 
        0
      ], 
      "31": [
        26661, 
        26129, 
        27664, 
        26470
      ], 
      "32": [
        78741, 
        83929, 
        80461, 
        84717
      ], 
      "33": [
        0, 
        0, 
        0, 
        0
      ], 
      "34": [
        52080, 
        57800, 
        52797, 
        58247
      ], 
      "35": [
        0, 
        0, 
        0, 
        0
      ], 
      "36": [
        0, 
        0, 
        0, 
        0
      ], 
      "37": [
        0, 
        0, 
        0, 
        0
      ], 
      "38": [
        0, 
        0, 
        0, 
        0
      ], 
      "39": [
        0, 
        0, 
        0, 
        0
      ], 
      "4": [
        0, 
        0, 
        0, 
        0
      ], 
      "40": [
        0, 
        0, 
        0, 
        0
      ], 
      "41": [
        0, 
        0, 
        0, 
        0
      ], 
      "42": [
        0, 
        0, 
        0, 
        0
      ], 
      "43": [
        0, 
        0, 
        0, 
        0
      ], 
      "44": [
        0, 
        0, 
        0, 
        0
      ], 
      "45": [
        0, 
        0, 
        0, 
        0
      ], 
      "46": [
        0, 
        0, 
        0, 
        0
      ], 
      "47": [
        0, 
        0, 
        0, 
        0
      ], 
      "48": [
        6602, 
        6304, 
        6857, 
        6574
      ], 
      "49": [
        5217, 
        5730, 
        5042, 
        4994
      ], 
      "5": [
        0, 
        0, 
        0, 
        0
      ], 
      "50": [
        0, 
        0, 
        0, 
        0
      ], 
      "51": [
        0, 
        0, 
        0, 
        0
      ], 
      "52": [
        5874, 
        5852, 
        6043, 
        5948
      ], 
      "53": [
        19759, 
        22237, 
        20264, 
        23091
      ], 
      "54": [
        2492, 
        2412, 
        2540, 
        2563
      ], 
      "55": [
        1658, 
        1578, 
        1711, 
        1801
      ], 
      "56": [
        1670, 
        1597, 
        1718, 
        1792
      ], 
      "57": [
        1, 
        1, 
        1, 
        1
      ], 
      "58": [
        3, 
        3, 
        3, 
        3
      ], 
      "59": [
        44, 
        42, 
        42, 
        44
      ], 
      "6": [
        0, 
        0, 
        0, 
        0
      ], 
      "60": [
        14, 
        12, 
        14, 
        12
      ], 
      "61": [
        13490, 
        13092, 
        13925, 
        13514
      ], 
      "62": [
        332, 
        332, 
        332, 
        0
      ], 
      "63": [
        16, 
        0, 
        8, 
        24
      ], 
      "7": [
        0, 
        0, 
        0, 
        0
      ], 
      "8": [
        0, 
        0, 
        0, 
        0
      ], 
      "9": [
        0, 
        0, 
        0, 
        0
      ]
    }
  }, 
  "features": {
    "GWS": [
      16, 
      16, 
      64
    ], 
    "LWS": [
      4, 
      1, 
      64
    ], 
    "OFFSET": [
      0, 
      0, 
      0
    ], 
    "compiler name": "ARM Mali OpenCL", 
    "compiler version": "5.0", 
    "cpu_freq": 1600, 
    "gpu_freq": 533, 
    "image cols": 633, 
    "image rows": 921, 
    "pool_dir": "pool.01", 
    "program version": "c597087", 
    "size": 16
  }, 
  "meta": {
    "device name": "Mali-T628", 
    "device type": "GPU", 
    "device vendor": "ARM", 
    "experiment type": "benchmarking", 
    "kernel name": "calc_histogram", 
    "program name": "Realeyes HOG"
  }, 
  "tags": [
    "demo", 
    "arm", 
    "codegen15"
  ], 
  "work": {
    "repl": 1, 
    "timestamp": "2015-02-22T02:14:00.921559"
  }
}