{
  "characteristics": {
    "cpu": 0.00174, 
    "gpu_copy": 0.010253, 
    "gpu_only": 0.001958, 
    "is_gpu_better": false, 
    "l2 cache and mmu counters": {
      "0": 1009533096, 
      "1": 14, 
      "10": 0, 
      "11": 0, 
      "12": 0, 
      "13": 0, 
      "14": 0, 
      "15": 0, 
      "16": 8, 
      "17": 2, 
      "18": 215, 
      "19": 4, 
      "2": 65535, 
      "20": 0, 
      "21": 0, 
      "22": 0, 
      "23": 0, 
      "24": 0, 
      "25": 0, 
      "26": 0, 
      "27": 0, 
      "28": 0, 
      "29": 0, 
      "3": 0, 
      "30": 130, 
      "31": 9566, 
      "32": 329348, 
      "33": 256977, 
      "34": 256080, 
      "35": 24545, 
      "36": 27849, 
      "37": 246842, 
      "38": 0, 
      "39": 40088, 
      "4": 8598, 
      "40": 40083, 
      "41": 195, 
      "42": 0, 
      "43": 40041, 
      "44": 0, 
      "45": 83, 
      "46": 0, 
      "47": 0, 
      "48": 2391, 
      "49": 2391, 
      "5": 175, 
      "50": 36, 
      "51": 32, 
      "52": 4, 
      "53": 2, 
      "54": 0, 
      "55": 0, 
      "56": 0, 
      "57": 53, 
      "58": 7, 
      "59": 0, 
      "6": 44, 
      "60": 0, 
      "61": 6999, 
      "62": 274214, 
      "63": 103778, 
      "7": 280, 
      "8": 132, 
      "9": 0
    }, 
    "shader core counters": {
      "0": [
        1009533096, 
        1009533096, 
        1009533096, 
        1009533096
      ], 
      "1": [
        14, 
        14, 
        14, 
        14
      ], 
      "10": [
        0, 
        0, 
        0, 
        0
      ], 
      "11": [
        0, 
        0, 
        0, 
        0
      ], 
      "12": [
        0, 
        0, 
        0, 
        0
      ], 
      "13": [
        0, 
        0, 
        0, 
        0
      ], 
      "14": [
        0, 
        0, 
        0, 
        0
      ], 
      "15": [
        0, 
        0, 
        0, 
        0
      ], 
      "16": [
        0, 
        0, 
        0, 
        0
      ], 
      "17": [
        0, 
        0, 
        0, 
        0
      ], 
      "18": [
        0, 
        0, 
        0, 
        0
      ], 
      "19": [
        0, 
        0, 
        0, 
        0
      ], 
      "2": [
        65535, 
        65535, 
        65535, 
        65535
      ], 
      "20": [
        0, 
        0, 
        0, 
        0
      ], 
      "21": [
        0, 
        0, 
        0, 
        0
      ], 
      "22": [
        520622, 
        516500, 
        516210, 
        517600
      ], 
      "23": [
        129, 
        124, 
        132, 
        127
      ], 
      "24": [
        16512, 
        15872, 
        16896, 
        16256
      ], 
      "25": [
        3934, 
        5263, 
        4589, 
        3228
      ], 
      "26": [
        520277, 
        516150, 
        515865, 
        517257
      ], 
      "27": [
        318060, 
        310166, 
        316782, 
        314460
      ], 
      "28": [
        9095, 
        8551, 
        9009, 
        8972
      ], 
      "29": [
        186420, 
        186224, 
        182596, 
        185788
      ], 
      "3": [
        0, 
        0, 
        0, 
        0
      ], 
      "30": [
        0, 
        0, 
        0, 
        0
      ], 
      "31": [
        115805, 
        112587, 
        115520, 
        114325
      ], 
      "32": [
        284639, 
        291305, 
        284226, 
        284424
      ], 
      "33": [
        0, 
        0, 
        0, 
        0
      ], 
      "34": [
        168834, 
        178718, 
        168706, 
        170099
      ], 
      "35": [
        0, 
        0, 
        0, 
        0
      ], 
      "36": [
        0, 
        0, 
        0, 
        0
      ], 
      "37": [
        0, 
        0, 
        0, 
        0
      ], 
      "38": [
        0, 
        0, 
        0, 
        0
      ], 
      "39": [
        0, 
        0, 
        0, 
        0
      ], 
      "4": [
        0, 
        0, 
        0, 
        0
      ], 
      "40": [
        0, 
        0, 
        0, 
        0
      ], 
      "41": [
        0, 
        0, 
        0, 
        0
      ], 
      "42": [
        0, 
        0, 
        0, 
        0
      ], 
      "43": [
        0, 
        0, 
        0, 
        0
      ], 
      "44": [
        0, 
        0, 
        0, 
        0
      ], 
      "45": [
        0, 
        0, 
        0, 
        0
      ], 
      "46": [
        0, 
        0, 
        0, 
        0
      ], 
      "47": [
        0, 
        0, 
        0, 
        0
      ], 
      "48": [
        29711, 
        29049, 
        29505, 
        29462
      ], 
      "49": [
        10354, 
        12222, 
        10641, 
        11045
      ], 
      "5": [
        0, 
        0, 
        0, 
        0
      ], 
      "50": [
        0, 
        0, 
        0, 
        0
      ], 
      "51": [
        0, 
        0, 
        0, 
        0
      ], 
      "52": [
        25866, 
        25101, 
        25728, 
        25446
      ], 
      "53": [
        66463, 
        69660, 
        66020, 
        66311
      ], 
      "54": [
        9953, 
        10122, 
        9977, 
        10013
      ], 
      "55": [
        6917, 
        7022, 
        6857, 
        6920
      ], 
      "56": [
        6983, 
        7102, 
        6930, 
        6989
      ], 
      "57": [
        1, 
        1, 
        1, 
        1
      ], 
      "58": [
        3, 
        3, 
        3, 
        3
      ], 
      "59": [
        42, 
        42, 
        42, 
        44
      ], 
      "6": [
        0, 
        0, 
        0, 
        0
      ], 
      "60": [
        849, 
        884, 
        873, 
        894
      ], 
      "61": [
        60498, 
        58933, 
        60144, 
        59782
      ], 
      "62": [
        332, 
        332, 
        332, 
        332
      ], 
      "63": [
        0, 
        0, 
        8, 
        16
      ], 
      "7": [
        0, 
        0, 
        0, 
        0
      ], 
      "8": [
        0, 
        0, 
        0, 
        0
      ], 
      "9": [
        0, 
        0, 
        0, 
        0
      ]
    }
  }, 
  "features": {
    "GWS": [
      32, 
      32, 
      64
    ], 
    "LWS": [
      4, 
      1, 
      64
    ], 
    "OFFSET": [
      0, 
      0, 
      0
    ], 
    "compiler name": "ARM Mali OpenCL", 
    "compiler version": "5.0", 
    "cpu_freq": 1600, 
    "gpu_freq": 266, 
    "image cols": 2422, 
    "image rows": 2066, 
    "pool_dir": "pool.15", 
    "program version": "c597087", 
    "size": 32
  }, 
  "meta": {
    "device name": "Mali-T628", 
    "device type": "GPU", 
    "device vendor": "ARM", 
    "experiment type": "benchmarking", 
    "kernel name": "calc_histogram", 
    "program name": "Realeyes HOG"
  }, 
  "tags": [
    "demo", 
    "arm", 
    "codegen15"
  ], 
  "work": {
    "repl": 1, 
    "timestamp": "2015-02-25T13:03:18.596912"
  }
}