{
  "characteristics": {
    "cpu": 0.007045, 
    "gpu_copy": 0.018121, 
    "gpu_only": 0.008609, 
    "is_gpu_better": false, 
    "l2 cache and mmu counters": {
      "0": 2773864493, 
      "1": 21, 
      "10": 0, 
      "11": 0, 
      "12": 0, 
      "13": 0, 
      "14": 0, 
      "15": 0, 
      "16": 8, 
      "17": 3, 
      "18": 172, 
      "19": 4, 
      "2": 65535, 
      "20": 0, 
      "21": 0, 
      "22": 0, 
      "23": 0, 
      "24": 0, 
      "25": 0, 
      "26": 0, 
      "27": 0, 
      "28": 0, 
      "29": 0, 
      "3": 0, 
      "30": 340, 
      "31": 29610, 
      "32": 1336785, 
      "33": 1027536, 
      "34": 1025955, 
      "35": 102752, 
      "36": 119516, 
      "37": 986101, 
      "38": 0, 
      "39": 184083, 
      "4": 53137, 
      "40": 184078, 
      "41": 943, 
      "42": 0, 
      "43": 183803, 
      "44": 0, 
      "45": 153, 
      "46": 0, 
      "47": 0, 
      "48": 7402, 
      "49": 7402, 
      "5": 938, 
      "50": 90, 
      "51": 84, 
      "52": 6, 
      "53": 2, 
      "54": 0, 
      "55": 0, 
      "56": 0, 
      "57": 289, 
      "58": 0, 
      "59": 0, 
      "6": 76, 
      "60": 0, 
      "61": 31336, 
      "62": 1097894, 
      "63": 346971, 
      "7": 496, 
      "8": 764, 
      "9": 0
    }, 
    "shader core counters": {
      "0": [
        2773864493, 
        2773864493, 
        2773864493, 
        2773864493
      ], 
      "1": [
        21, 
        21, 
        21, 
        21
      ], 
      "10": [
        0, 
        0, 
        0, 
        0
      ], 
      "11": [
        0, 
        0, 
        0, 
        0
      ], 
      "12": [
        0, 
        0, 
        0, 
        0
      ], 
      "13": [
        0, 
        0, 
        0, 
        0
      ], 
      "14": [
        0, 
        0, 
        0, 
        0
      ], 
      "15": [
        0, 
        0, 
        0, 
        0
      ], 
      "16": [
        0, 
        0, 
        0, 
        0
      ], 
      "17": [
        0, 
        0, 
        0, 
        0
      ], 
      "18": [
        0, 
        0, 
        0, 
        0
      ], 
      "19": [
        0, 
        0, 
        0, 
        0
      ], 
      "2": [
        65535, 
        65535, 
        65535, 
        65535
      ], 
      "20": [
        0, 
        0, 
        0, 
        0
      ], 
      "21": [
        0, 
        0, 
        0, 
        0
      ], 
      "22": [
        2288114, 
        2289772, 
        2285636, 
        2287598
      ], 
      "23": [
        517, 
        506, 
        504, 
        521
      ], 
      "24": [
        66176, 
        64768, 
        64512, 
        66688
      ], 
      "25": [
        4280, 
        4526, 
        5512, 
        4584
      ], 
      "26": [
        2287762, 
        2289407, 
        2285276, 
        2287251
      ], 
      "27": [
        1454316, 
        1441234, 
        1449996, 
        1444614
      ], 
      "28": [
        44377, 
        43694, 
        44251, 
        43944
      ], 
      "29": [
        769460, 
        779894, 
        769946, 
        775120
      ], 
      "3": [
        0, 
        0, 
        0, 
        0
      ], 
      "30": [
        0, 
        0, 
        0, 
        0
      ], 
      "31": [
        510293, 
        504440, 
        506927, 
        507203
      ], 
      "32": [
        1226213, 
        1247400, 
        1236610, 
        1250897
      ], 
      "33": [
        0, 
        0, 
        0, 
        0
      ], 
      "34": [
        715920, 
        742960, 
        729683, 
        743694
      ], 
      "35": [
        0, 
        0, 
        0, 
        0
      ], 
      "36": [
        0, 
        0, 
        0, 
        0
      ], 
      "37": [
        0, 
        0, 
        0, 
        0
      ], 
      "38": [
        0, 
        0, 
        0, 
        0
      ], 
      "39": [
        0, 
        0, 
        0, 
        0
      ], 
      "4": [
        0, 
        0, 
        0, 
        0
      ], 
      "40": [
        0, 
        0, 
        0, 
        0
      ], 
      "41": [
        0, 
        0, 
        0, 
        0
      ], 
      "42": [
        0, 
        0, 
        0, 
        0
      ], 
      "43": [
        0, 
        0, 
        0, 
        0
      ], 
      "44": [
        0, 
        0, 
        0, 
        0
      ], 
      "45": [
        0, 
        0, 
        0, 
        0
      ], 
      "46": [
        0, 
        0, 
        0, 
        0
      ], 
      "47": [
        0, 
        0, 
        0, 
        0
      ], 
      "48": [
        131332, 
        129686, 
        130630, 
        129951
      ], 
      "49": [
        57936, 
        60398, 
        58593, 
        59754
      ], 
      "5": [
        0, 
        0, 
        0, 
        0
      ], 
      "50": [
        0, 
        0, 
        0, 
        0
      ], 
      "51": [
        0, 
        0, 
        0, 
        0
      ], 
      "52": [
        118938, 
        117964, 
        118615, 
        118241
      ], 
      "53": [
        270516, 
        282115, 
        277044, 
        283884
      ], 
      "54": [
        45848, 
        46066, 
        46234, 
        46093
      ], 
      "55": [
        29338, 
        29578, 
        29683, 
        30103
      ], 
      "56": [
        29746, 
        29993, 
        30118, 
        30514
      ], 
      "57": [
        1, 
        1, 
        1, 
        1
      ], 
      "58": [
        3, 
        3, 
        3, 
        3
      ], 
      "59": [
        42, 
        42, 
        42, 
        42
      ], 
      "6": [
        0, 
        0, 
        0, 
        0
      ], 
      "60": [
        5263, 
        5286, 
        5220, 
        5063
      ], 
      "61": [
        273618, 
        270772, 
        272503, 
        271265
      ], 
      "62": [
        332, 
        332, 
        332, 
        332
      ], 
      "63": [
        0, 
        8, 
        0, 
        0
      ], 
      "7": [
        0, 
        0, 
        0, 
        0
      ], 
      "8": [
        0, 
        0, 
        0, 
        0
      ], 
      "9": [
        0, 
        0, 
        0, 
        0
      ]
    }
  }, 
  "features": {
    "GWS": [
      64, 
      64, 
      64
    ], 
    "LWS": [
      4, 
      1, 
      64
    ], 
    "OFFSET": [
      0, 
      0, 
      0
    ], 
    "compiler name": "ARM Mali OpenCL", 
    "compiler version": "5.0", 
    "cpu_freq": 1600, 
    "gpu_freq": 266, 
    "image cols": 2400, 
    "image rows": 2400, 
    "pool_dir": "pool.19", 
    "program version": "c597087", 
    "size": 64
  }, 
  "meta": {
    "device name": "Mali-T628", 
    "device type": "GPU", 
    "device vendor": "ARM", 
    "experiment type": "benchmarking", 
    "kernel name": "calc_histogram", 
    "program name": "Realeyes HOG"
  }, 
  "tags": [
    "demo", 
    "arm", 
    "codegen15"
  ], 
  "work": {
    "repl": 1, 
    "timestamp": "2015-02-22T02:16:21.489904"
  }
}