{
  "characteristics": {
    "cpu": 0.001523, 
    "gpu_copy": 0.013001, 
    "gpu_only": 0.000293, 
    "is_gpu_better": false, 
    "l2 cache and mmu counters": {
      "0": 3674329229, 
      "1": 17, 
      "10": 0, 
      "11": 0, 
      "12": 0, 
      "13": 0, 
      "14": 0, 
      "15": 0, 
      "16": 9, 
      "17": 3, 
      "18": 263, 
      "19": 7, 
      "2": 65535, 
      "20": 0, 
      "21": 0, 
      "22": 0, 
      "23": 0, 
      "24": 0, 
      "25": 0, 
      "26": 0, 
      "27": 0, 
      "28": 0, 
      "29": 0, 
      "3": 0, 
      "30": 114, 
      "31": 5214, 
      "32": 96267, 
      "33": 71584, 
      "34": 70250, 
      "35": 6993, 
      "36": 7584, 
      "37": 68270, 
      "38": 0, 
      "39": 12869, 
      "4": 3105, 
      "40": 12858, 
      "41": 136, 
      "42": 0, 
      "43": 12817, 
      "44": 0, 
      "45": 56, 
      "46": 0, 
      "47": 0, 
      "48": 1303, 
      "49": 1303, 
      "5": 167, 
      "50": 32, 
      "51": 28, 
      "52": 4, 
      "53": 2, 
      "54": 0, 
      "55": 0, 
      "56": 0, 
      "57": 0, 
      "58": 4, 
      "59": 0, 
      "6": 101, 
      "60": 0, 
      "61": 1935, 
      "62": 74144, 
      "63": 23362, 
      "7": 553, 
      "8": 110, 
      "9": 0
    }, 
    "shader core counters": {
      "0": [
        3674329229, 
        3674329229, 
        3674329229, 
        3674329229
      ], 
      "1": [
        17, 
        17, 
        17, 
        17
      ], 
      "10": [
        0, 
        0, 
        0, 
        0
      ], 
      "11": [
        0, 
        0, 
        0, 
        0
      ], 
      "12": [
        0, 
        0, 
        0, 
        0
      ], 
      "13": [
        0, 
        0, 
        0, 
        0
      ], 
      "14": [
        0, 
        0, 
        0, 
        0
      ], 
      "15": [
        0, 
        0, 
        0, 
        0
      ], 
      "16": [
        0, 
        0, 
        0, 
        0
      ], 
      "17": [
        0, 
        0, 
        0, 
        0
      ], 
      "18": [
        0, 
        0, 
        0, 
        0
      ], 
      "19": [
        0, 
        0, 
        0, 
        0
      ], 
      "2": [
        65535, 
        65535, 
        65535, 
        65535
      ], 
      "20": [
        0, 
        0, 
        0, 
        0
      ], 
      "21": [
        0, 
        0, 
        0, 
        0
      ], 
      "22": [
        156220, 
        153624, 
        155651, 
        152777
      ], 
      "23": [
        28, 
        33, 
        33, 
        34
      ], 
      "24": [
        3584, 
        4224, 
        4224, 
        4352
      ], 
      "25": [
        4830, 
        4626, 
        3342, 
        4486
      ], 
      "26": [
        155748, 
        153139, 
        155171, 
        152302
      ], 
      "27": [
        90312, 
        89384, 
        92054, 
        90194
      ], 
      "28": [
        2629, 
        2600, 
        2717, 
        2663
      ], 
      "29": [
        55012, 
        52217, 
        51864, 
        51707
      ], 
      "3": [
        0, 
        0, 
        0, 
        0
      ], 
      "30": [
        0, 
        0, 
        0, 
        0
      ], 
      "31": [
        32184, 
        32531, 
        33081, 
        32528
      ], 
      "32": [
        84346, 
        82349, 
        79920, 
        80909
      ], 
      "33": [
        0, 
        0, 
        0, 
        0
      ], 
      "34": [
        52162, 
        49818, 
        46839, 
        48381
      ], 
      "35": [
        0, 
        0, 
        0, 
        0
      ], 
      "36": [
        0, 
        0, 
        0, 
        0
      ], 
      "37": [
        0, 
        0, 
        0, 
        0
      ], 
      "38": [
        0, 
        0, 
        0, 
        0
      ], 
      "39": [
        0, 
        0, 
        0, 
        0
      ], 
      "4": [
        0, 
        0, 
        0, 
        0
      ], 
      "40": [
        0, 
        0, 
        0, 
        0
      ], 
      "41": [
        0, 
        0, 
        0, 
        0
      ], 
      "42": [
        0, 
        0, 
        0, 
        0
      ], 
      "43": [
        0, 
        0, 
        0, 
        0
      ], 
      "44": [
        0, 
        0, 
        0, 
        0
      ], 
      "45": [
        0, 
        0, 
        0, 
        0
      ], 
      "46": [
        0, 
        0, 
        0, 
        0
      ], 
      "47": [
        0, 
        0, 
        0, 
        0
      ], 
      "48": [
        8099, 
        7940, 
        8226, 
        7946
      ], 
      "49": [
        4028, 
        3722, 
        3938, 
        4494
      ], 
      "5": [
        0, 
        0, 
        0, 
        0
      ], 
      "50": [
        0, 
        0, 
        0, 
        0
      ], 
      "51": [
        0, 
        0, 
        0, 
        0
      ], 
      "52": [
        7944, 
        7909, 
        7952, 
        7820
      ], 
      "53": [
        19098, 
        18351, 
        16440, 
        16695
      ], 
      "54": [
        3435, 
        3144, 
        3091, 
        3051
      ], 
      "55": [
        2157, 
        1881, 
        1767, 
        1780
      ], 
      "56": [
        2150, 
        1890, 
        1767, 
        1790
      ], 
      "57": [
        1, 
        1, 
        1, 
        1
      ], 
      "58": [
        3, 
        3, 
        3, 
        3
      ], 
      "59": [
        42, 
        42, 
        42, 
        42
      ], 
      "6": [
        0, 
        0, 
        0, 
        0
      ], 
      "60": [
        319, 
        282, 
        340, 
        334
      ], 
      "61": [
        17464, 
        17237, 
        17632, 
        17180
      ], 
      "62": [
        332, 
        332, 
        332, 
        332
      ], 
      "63": [
        0, 
        8, 
        0, 
        0
      ], 
      "7": [
        0, 
        0, 
        0, 
        0
      ], 
      "8": [
        0, 
        0, 
        0, 
        0
      ], 
      "9": [
        0, 
        0, 
        0, 
        0
      ]
    }
  }, 
  "features": {
    "GWS": [
      16, 
      16, 
      64
    ], 
    "LWS": [
      4, 
      1, 
      64
    ], 
    "OFFSET": [
      0, 
      0, 
      0
    ], 
    "compiler name": "ARM Mali OpenCL", 
    "compiler version": "5.0", 
    "cpu_freq": 800, 
    "gpu_freq": 533, 
    "image cols": 2174, 
    "image rows": 2215, 
    "pool_dir": "pool.00", 
    "program version": "c597087", 
    "size": 16
  }, 
  "meta": {
    "device name": "Mali-T628", 
    "device type": "GPU", 
    "device vendor": "ARM", 
    "experiment type": "benchmarking", 
    "kernel name": "calc_histogram", 
    "program name": "Realeyes HOG"
  }, 
  "tags": [
    "demo", 
    "arm", 
    "codegen15"
  ], 
  "work": {
    "repl": 2, 
    "timestamp": "2015-02-22T02:05:03.366057"
  }
}