{
  "characteristics": {
    "cpu": 0.008474, 
    "gpu_copy": 0.017026, 
    "gpu_only": 0.005175, 
    "is_gpu_better": false, 
    "l2 cache and mmu counters": {
      "0": 2223161533, 
      "1": 16, 
      "10": 0, 
      "11": 0, 
      "12": 0, 
      "13": 0, 
      "14": 0, 
      "15": 0, 
      "16": 9, 
      "17": 0, 
      "18": 164, 
      "19": 4, 
      "2": 65535, 
      "20": 0, 
      "21": 0, 
      "22": 0, 
      "23": 0, 
      "24": 0, 
      "25": 0, 
      "26": 0, 
      "27": 0, 
      "28": 0, 
      "29": 0, 
      "3": 0, 
      "30": 344, 
      "31": 20610, 
      "32": 893119, 
      "33": 705702, 
      "34": 704716, 
      "35": 65583, 
      "36": 73427, 
      "37": 676334, 
      "38": 0, 
      "39": 109097, 
      "4": 26820, 
      "40": 109092, 
      "41": 582, 
      "42": 0, 
      "43": 108929, 
      "44": 0, 
      "45": 95, 
      "46": 0, 
      "47": 0, 
      "48": 5152, 
      "49": 5152, 
      "5": 174, 
      "50": 91, 
      "51": 85, 
      "52": 6, 
      "53": 2, 
      "54": 0, 
      "55": 0, 
      "56": 0, 
      "57": 109, 
      "58": 7, 
      "59": 0, 
      "6": 65, 
      "60": 0, 
      "61": 19085, 
      "62": 755565, 
      "63": 308104, 
      "7": 347, 
      "8": 119, 
      "9": 0
    }, 
    "shader core counters": {
      "0": [
        2223161533, 
        2223161533, 
        2223161533, 
        2223161533
      ], 
      "1": [
        16, 
        16, 
        16, 
        16
      ], 
      "10": [
        0, 
        0, 
        0, 
        0
      ], 
      "11": [
        0, 
        0, 
        0, 
        0
      ], 
      "12": [
        0, 
        0, 
        0, 
        0
      ], 
      "13": [
        0, 
        0, 
        0, 
        0
      ], 
      "14": [
        0, 
        0, 
        0, 
        0
      ], 
      "15": [
        0, 
        0, 
        0, 
        0
      ], 
      "16": [
        0, 
        0, 
        0, 
        0
      ], 
      "17": [
        0, 
        0, 
        0, 
        0
      ], 
      "18": [
        0, 
        0, 
        0, 
        0
      ], 
      "19": [
        0, 
        0, 
        0, 
        0
      ], 
      "2": [
        65535, 
        65535, 
        65535, 
        65535
      ], 
      "20": [
        0, 
        0, 
        0, 
        0
      ], 
      "21": [
        0, 
        0, 
        0, 
        0
      ], 
      "22": [
        1371814, 
        1370829, 
        1371011, 
        1376297
      ], 
      "23": [
        293, 
        282, 
        286, 
        291
      ], 
      "24": [
        37504, 
        36096, 
        36608, 
        37248
      ], 
      "25": [
        3402, 
        4980, 
        5375, 
        4258
      ], 
      "26": [
        1371464, 
        1370466, 
        1370653, 
        1375944
      ], 
      "27": [
        825872, 
        805248, 
        824552, 
        819544
      ], 
      "28": [
        23635, 
        22513, 
        23802, 
        23395
      ], 
      "29": [
        502191, 
        520029, 
        500702, 
        512441
      ], 
      "3": [
        0, 
        0, 
        0, 
        0
      ], 
      "30": [
        0, 
        0, 
        0, 
        0
      ], 
      "31": [
        300264, 
        293753, 
        298807, 
        298089
      ], 
      "32": [
        778055, 
        806216, 
        782536, 
        800709
      ], 
      "33": [
        0, 
        0, 
        0, 
        0
      ], 
      "34": [
        477791, 
        512463, 
        483729, 
        502620
      ], 
      "35": [
        0, 
        0, 
        0, 
        0
      ], 
      "36": [
        0, 
        0, 
        0, 
        0
      ], 
      "37": [
        0, 
        0, 
        0, 
        0
      ], 
      "38": [
        0, 
        0, 
        0, 
        0
      ], 
      "39": [
        0, 
        0, 
        0, 
        0
      ], 
      "4": [
        0, 
        0, 
        0, 
        0
      ], 
      "40": [
        0, 
        0, 
        0, 
        0
      ], 
      "41": [
        0, 
        0, 
        0, 
        0
      ], 
      "42": [
        0, 
        0, 
        0, 
        0
      ], 
      "43": [
        0, 
        0, 
        0, 
        0
      ], 
      "44": [
        0, 
        0, 
        0, 
        0
      ], 
      "45": [
        0, 
        0, 
        0, 
        0
      ], 
      "46": [
        0, 
        0, 
        0, 
        0
      ], 
      "47": [
        0, 
        0, 
        0, 
        0
      ], 
      "48": [
        73291, 
        71631, 
        73208, 
        72748
      ], 
      "49": [
        32297, 
        35359, 
        31933, 
        35578
      ], 
      "5": [
        0, 
        0, 
        0, 
        0
      ], 
      "50": [
        0, 
        0, 
        0, 
        0
      ], 
      "51": [
        0, 
        0, 
        0, 
        0
      ], 
      "52": [
        73716, 
        72496, 
        73507, 
        73240
      ], 
      "53": [
        185665, 
        200327, 
        188983, 
        194609
      ], 
      "54": [
        26776, 
        27793, 
        27664, 
        27758
      ], 
      "55": [
        17739, 
        18537, 
        18175, 
        18161
      ], 
      "56": [
        18168, 
        18990, 
        18642, 
        18604
      ], 
      "57": [
        1, 
        1, 
        1, 
        1
      ], 
      "58": [
        3, 
        3, 
        3, 
        3
      ], 
      "59": [
        42, 
        42, 
        43, 
        43
      ], 
      "6": [
        0, 
        0, 
        0, 
        0
      ], 
      "60": [
        2683, 
        2668, 
        2667, 
        2750
      ], 
      "61": [
        159996, 
        156792, 
        159699, 
        158808
      ], 
      "62": [
        332, 
        332, 
        332, 
        332
      ], 
      "63": [
        0, 
        0, 
        16, 
        8
      ], 
      "7": [
        0, 
        0, 
        0, 
        0
      ], 
      "8": [
        0, 
        0, 
        0, 
        0
      ], 
      "9": [
        0, 
        0, 
        0, 
        0
      ]
    }
  }, 
  "features": {
    "GWS": [
      48, 
      48, 
      64
    ], 
    "LWS": [
      4, 
      1, 
      64
    ], 
    "OFFSET": [
      0, 
      0, 
      0
    ], 
    "compiler name": "ARM Mali OpenCL", 
    "compiler version": "5.0", 
    "cpu_freq": 800, 
    "gpu_freq": 266, 
    "image cols": 2103, 
    "image rows": 2082, 
    "pool_dir": "pool.18", 
    "program version": "c597087", 
    "size": 48
  }, 
  "meta": {
    "device name": "Mali-T628", 
    "device type": "GPU", 
    "device vendor": "ARM", 
    "experiment type": "benchmarking", 
    "kernel name": "calc_histogram", 
    "program name": "Realeyes HOG"
  }, 
  "tags": [
    "demo", 
    "arm", 
    "codegen15"
  ], 
  "work": {
    "repl": 0, 
    "timestamp": "2015-02-25T13:10:07.301326"
  }
}