{
  "characteristics": {
    "cpu": 0.011111, 
    "gpu_copy": 0.007751, 
    "gpu_only": 0.003774, 
    "is_gpu_better": true, 
    "l2 cache and mmu counters": {
      "0": 2954283563, 
      "1": 25, 
      "10": 0, 
      "11": 0, 
      "12": 0, 
      "13": 0, 
      "14": 0, 
      "15": 0, 
      "16": 8, 
      "17": 3, 
      "18": 239, 
      "19": 4, 
      "2": 65535, 
      "20": 0, 
      "21": 0, 
      "22": 0, 
      "23": 0, 
      "24": 0, 
      "25": 0, 
      "26": 0, 
      "27": 0, 
      "28": 0, 
      "29": 0, 
      "3": 0, 
      "30": 180, 
      "31": 16494, 
      "32": 1420667, 
      "33": 1157207, 
      "34": 1155982, 
      "35": 99709, 
      "36": 111390, 
      "37": 1124051, 
      "38": 0, 
      "39": 147387, 
      "4": 642, 
      "40": 147382, 
      "41": 449, 
      "42": 0, 
      "43": 147248, 
      "44": 0, 
      "45": 74, 
      "46": 0, 
      "47": 0, 
      "48": 4123, 
      "49": 4123, 
      "5": 56, 
      "50": 50, 
      "51": 44, 
      "52": 6, 
      "53": 2, 
      "54": 0, 
      "55": 0, 
      "56": 0, 
      "57": 104, 
      "58": 1, 
      "59": 0, 
      "6": 83, 
      "60": 0, 
      "61": 27583, 
      "62": 1231412, 
      "63": 671229, 
      "7": 113, 
      "8": 30, 
      "9": 0
    }, 
    "shader core counters": {
      "0": [
        2954283563, 
        2954283563, 
        2954283563, 
        2954283563
      ], 
      "1": [
        25, 
        25, 
        25, 
        25
      ], 
      "10": [
        0, 
        0, 
        0, 
        0
      ], 
      "11": [
        0, 
        0, 
        0, 
        0
      ], 
      "12": [
        0, 
        0, 
        0, 
        0
      ], 
      "13": [
        0, 
        0, 
        0, 
        0
      ], 
      "14": [
        0, 
        0, 
        0, 
        0
      ], 
      "15": [
        0, 
        0, 
        0, 
        0
      ], 
      "16": [
        0, 
        0, 
        0, 
        0
      ], 
      "17": [
        0, 
        0, 
        0, 
        0
      ], 
      "18": [
        0, 
        0, 
        0, 
        0
      ], 
      "19": [
        0, 
        0, 
        0, 
        0
      ], 
      "2": [
        65535, 
        65535, 
        65535, 
        65535
      ], 
      "20": [
        0, 
        0, 
        0, 
        0
      ], 
      "21": [
        0, 
        0, 
        0, 
        0
      ], 
      "22": [
        2007607, 
        2007490, 
        2007247, 
        2006712
      ], 
      "23": [
        517, 
        498, 
        519, 
        514
      ], 
      "24": [
        66176, 
        63744, 
        66432, 
        65792
      ], 
      "25": [
        7569, 
        9827, 
        6784, 
        8146
      ], 
      "26": [
        2007151, 
        2007026, 
        2006790, 
        2006259
      ], 
      "27": [
        1165730, 
        1139582, 
        1171108, 
        1151808
      ], 
      "28": [
        29488, 
        28427, 
        30076, 
        28680
      ], 
      "29": [
        785886, 
        805030, 
        780984, 
        798642
      ], 
      "3": [
        0, 
        0, 
        0, 
        0
      ], 
      "30": [
        0, 
        0, 
        0, 
        0
      ], 
      "31": [
        452214, 
        442862, 
        455088, 
        447980
      ], 
      "32": [
        1189096, 
        1230791, 
        1175080, 
        1212894
      ], 
      "33": [
        0, 
        0, 
        0, 
        0
      ], 
      "34": [
        736882, 
        787929, 
        719992, 
        764914
      ], 
      "35": [
        0, 
        0, 
        0, 
        0
      ], 
      "36": [
        0, 
        0, 
        0, 
        0
      ], 
      "37": [
        0, 
        0, 
        0, 
        0
      ], 
      "38": [
        0, 
        0, 
        0, 
        0
      ], 
      "39": [
        0, 
        0, 
        0, 
        0
      ], 
      "4": [
        0, 
        0, 
        0, 
        0
      ], 
      "40": [
        0, 
        0, 
        0, 
        0
      ], 
      "41": [
        0, 
        0, 
        0, 
        0
      ], 
      "42": [
        0, 
        0, 
        0, 
        0
      ], 
      "43": [
        0, 
        0, 
        0, 
        0
      ], 
      "44": [
        0, 
        0, 
        0, 
        0
      ], 
      "45": [
        0, 
        0, 
        0, 
        0
      ], 
      "46": [
        0, 
        0, 
        0, 
        0
      ], 
      "47": [
        0, 
        0, 
        0, 
        0
      ], 
      "48": [
        109826, 
        107903, 
        110972, 
        108451
      ], 
      "49": [
        45950, 
        50796, 
        43574, 
        49349
      ], 
      "5": [
        0, 
        0, 
        0, 
        0
      ], 
      "50": [
        0, 
        0, 
        0, 
        0
      ], 
      "51": [
        0, 
        0, 
        0, 
        0
      ], 
      "52": [
        103859, 
        101791, 
        104184, 
        103158
      ], 
      "53": [
        311424, 
        332446, 
        305097, 
        322531
      ], 
      "54": [
        36783, 
        36887, 
        36726, 
        36731
      ], 
      "55": [
        27708, 
        27972, 
        27655, 
        27714
      ], 
      "56": [
        27837, 
        28138, 
        27808, 
        27881
      ], 
      "57": [
        1, 
        1, 
        1, 
        1
      ], 
      "58": [
        3, 
        3, 
        3, 
        3
      ], 
      "59": [
        42, 
        42, 
        44, 
        42
      ], 
      "6": [
        0, 
        0, 
        0, 
        0
      ], 
      "60": [
        85, 
        74, 
        70, 
        73
      ], 
      "61": [
        230843, 
        226407, 
        232432, 
        228526
      ], 
      "62": [
        332, 
        332, 
        332, 
        332
      ], 
      "63": [
        0, 
        8, 
        16, 
        0
      ], 
      "7": [
        0, 
        0, 
        0, 
        0
      ], 
      "8": [
        0, 
        0, 
        0, 
        0
      ], 
      "9": [
        0, 
        0, 
        0, 
        0
      ]
    }
  }, 
  "features": {
    "GWS": [
      64, 
      64, 
      64
    ], 
    "LWS": [
      4, 
      1, 
      64
    ], 
    "OFFSET": [
      0, 
      0, 
      0
    ], 
    "compiler name": "ARM Mali OpenCL", 
    "compiler version": "5.0", 
    "cpu_freq": 800, 
    "gpu_freq": 533, 
    "image cols": 944, 
    "image rows": 708, 
    "pool_dir": "pool.05", 
    "program version": "c597087", 
    "size": 64
  }, 
  "meta": {
    "device name": "Mali-T628", 
    "device type": "GPU", 
    "device vendor": "ARM", 
    "experiment type": "benchmarking", 
    "kernel name": "calc_histogram", 
    "program name": "Realeyes HOG"
  }, 
  "tags": [
    "demo", 
    "arm", 
    "codegen15"
  ], 
  "work": {
    "repl": 3, 
    "timestamp": "2015-02-22T02:28:24.977591"
  }
}