{
  "characteristics": {
    "cpu": 0.00118, 
    "gpu_copy": 0.011277, 
    "gpu_only": 0.000268, 
    "is_gpu_better": false, 
    "l2 cache and mmu counters": {
      "0": 3150653244, 
      "1": 14, 
      "10": 0, 
      "11": 0, 
      "12": 0, 
      "13": 0, 
      "14": 0, 
      "15": 0, 
      "16": 8, 
      "17": 3, 
      "18": 256, 
      "19": 4, 
      "2": 65535, 
      "20": 0, 
      "21": 0, 
      "22": 0, 
      "23": 0, 
      "24": 0, 
      "25": 0, 
      "26": 0, 
      "27": 0, 
      "28": 0, 
      "29": 0, 
      "3": 0, 
      "30": 103, 
      "31": 4062, 
      "32": 94263, 
      "33": 72359, 
      "34": 71117, 
      "35": 6418, 
      "36": 6968, 
      "37": 69246, 
      "38": 0, 
      "39": 10757, 
      "4": 1744, 
      "40": 10752, 
      "41": 107, 
      "42": 0, 
      "43": 10732, 
      "44": 0, 
      "45": 41, 
      "46": 0, 
      "47": 0, 
      "48": 1015, 
      "49": 1015, 
      "5": 99, 
      "50": 30, 
      "51": 25, 
      "52": 5, 
      "53": 2, 
      "54": 0, 
      "55": 0, 
      "56": 0, 
      "57": 0, 
      "58": 4, 
      "59": 0, 
      "6": 94, 
      "60": 0, 
      "61": 1983, 
      "62": 74501, 
      "63": 36570, 
      "7": 379, 
      "8": 66, 
      "9": 0
    }, 
    "shader core counters": {
      "0": [
        3150653244, 
        3150653244, 
        3150653244, 
        3150653244
      ], 
      "1": [
        14, 
        14, 
        14, 
        14
      ], 
      "10": [
        0, 
        0, 
        0, 
        0
      ], 
      "11": [
        0, 
        0, 
        0, 
        0
      ], 
      "12": [
        0, 
        0, 
        0, 
        0
      ], 
      "13": [
        0, 
        0, 
        0, 
        0
      ], 
      "14": [
        0, 
        0, 
        0, 
        0
      ], 
      "15": [
        0, 
        0, 
        0, 
        0
      ], 
      "16": [
        0, 
        0, 
        0, 
        0
      ], 
      "17": [
        0, 
        0, 
        0, 
        0
      ], 
      "18": [
        0, 
        0, 
        0, 
        0
      ], 
      "19": [
        0, 
        0, 
        0, 
        0
      ], 
      "2": [
        65535, 
        65535, 
        65535, 
        65535
      ], 
      "20": [
        0, 
        0, 
        0, 
        0
      ], 
      "21": [
        0, 
        0, 
        0, 
        0
      ], 
      "22": [
        142777, 
        135654, 
        139080, 
        132571
      ], 
      "23": [
        34, 
        31, 
        28, 
        35
      ], 
      "24": [
        4352, 
        3968, 
        3584, 
        4480
      ], 
      "25": [
        3888, 
        4835, 
        4827, 
        6005
      ], 
      "26": [
        142293, 
        135164, 
        138593, 
        132087
      ], 
      "27": [
        78928, 
        72492, 
        74682, 
        73120
      ], 
      "28": [
        2093, 
        1845, 
        1909, 
        1931
      ], 
      "29": [
        53515, 
        52373, 
        52660, 
        49634
      ], 
      "3": [
        0, 
        0, 
        0, 
        0
      ], 
      "30": [
        0, 
        0, 
        0, 
        0
      ], 
      "31": [
        29760, 
        27637, 
        28000, 
        28409
      ], 
      "32": [
        84162, 
        82729, 
        82585, 
        77406
      ], 
      "33": [
        0, 
        0, 
        0, 
        0
      ], 
      "34": [
        54402, 
        55092, 
        54585, 
        48997
      ], 
      "35": [
        0, 
        0, 
        0, 
        0
      ], 
      "36": [
        0, 
        0, 
        0, 
        0
      ], 
      "37": [
        0, 
        0, 
        0, 
        0
      ], 
      "38": [
        0, 
        0, 
        0, 
        0
      ], 
      "39": [
        0, 
        0, 
        0, 
        0
      ], 
      "4": [
        0, 
        0, 
        0, 
        0
      ], 
      "40": [
        0, 
        0, 
        0, 
        0
      ], 
      "41": [
        0, 
        0, 
        0, 
        0
      ], 
      "42": [
        0, 
        0, 
        0, 
        0
      ], 
      "43": [
        0, 
        0, 
        0, 
        0
      ], 
      "44": [
        0, 
        0, 
        0, 
        0
      ], 
      "45": [
        0, 
        0, 
        0, 
        0
      ], 
      "46": [
        0, 
        0, 
        0, 
        0
      ], 
      "47": [
        0, 
        0, 
        0, 
        0
      ], 
      "48": [
        7426, 
        6726, 
        6982, 
        6908
      ], 
      "49": [
        5494, 
        4733, 
        4155, 
        4623
      ], 
      "5": [
        0, 
        0, 
        0, 
        0
      ], 
      "50": [
        0, 
        0, 
        0, 
        0
      ], 
      "51": [
        0, 
        0, 
        0, 
        0
      ], 
      "52": [
        6692, 
        6392, 
        6592, 
        6378
      ], 
      "53": [
        20145, 
        21435, 
        21643, 
        18424
      ], 
      "54": [
        2823, 
        2724, 
        2713, 
        2405
      ], 
      "55": [
        1803, 
        1780, 
        1847, 
        1526
      ], 
      "56": [
        1795, 
        1795, 
        1861, 
        1543
      ], 
      "57": [
        1, 
        1, 
        1, 
        1
      ], 
      "58": [
        4, 
        4, 
        4, 
        4
      ], 
      "59": [
        42, 
        42, 
        42, 
        42
      ], 
      "6": [
        0, 
        0, 
        0, 
        0
      ], 
      "60": [
        192, 
        184, 
        179, 
        183
      ], 
      "61": [
        15316, 
        14204, 
        14688, 
        14358
      ], 
      "62": [
        332, 
        332, 
        332, 
        332
      ], 
      "63": [
        0, 
        0, 
        0, 
        0
      ], 
      "7": [
        0, 
        0, 
        0, 
        0
      ], 
      "8": [
        0, 
        0, 
        0, 
        0
      ], 
      "9": [
        0, 
        0, 
        0, 
        0
      ]
    }
  }, 
  "features": {
    "GWS": [
      16, 
      16, 
      64
    ], 
    "LWS": [
      4, 
      1, 
      64
    ], 
    "OFFSET": [
      0, 
      0, 
      0
    ], 
    "compiler name": "ARM Mali OpenCL", 
    "compiler version": "5.0", 
    "cpu_freq": 800, 
    "gpu_freq": 533, 
    "image cols": 1683, 
    "image rows": 2246, 
    "pool_dir": "pool.10", 
    "program version": "c597087", 
    "size": 16
  }, 
  "meta": {
    "device name": "Mali-T628", 
    "device type": "GPU", 
    "device vendor": "ARM", 
    "experiment type": "benchmarking", 
    "kernel name": "calc_histogram", 
    "program name": "Realeyes HOG"
  }, 
  "tags": [
    "demo", 
    "arm", 
    "codegen15"
  ], 
  "work": {
    "repl": 1, 
    "timestamp": "2015-02-22T01:55:44.700098"
  }
}