{
  "characteristics": {
    "cpu": 0.00407, 
    "gpu_copy": 0.01587, 
    "gpu_only": 0.001089, 
    "is_gpu_better": false, 
    "l2 cache and mmu counters": {
      "0": 2004560438, 
      "1": 9, 
      "10": 0, 
      "11": 0, 
      "12": 0, 
      "13": 0, 
      "14": 0, 
      "15": 0, 
      "16": 8, 
      "17": 2, 
      "18": 245, 
      "19": 4, 
      "2": 65535, 
      "20": 0, 
      "21": 0, 
      "22": 0, 
      "23": 0, 
      "24": 0, 
      "25": 0, 
      "26": 0, 
      "27": 0, 
      "28": 0, 
      "29": 0, 
      "3": 0, 
      "30": 128, 
      "31": 11366, 
      "32": 328044, 
      "33": 247896, 
      "34": 246614, 
      "35": 25409, 
      "36": 29604, 
      "37": 236772, 
      "38": 0, 
      "39": 46006, 
      "4": 13341, 
      "40": 46001, 
      "41": 272, 
      "42": 0, 
      "43": 45942, 
      "44": 0, 
      "45": 108, 
      "46": 0, 
      "47": 0, 
      "48": 2841, 
      "49": 2841, 
      "5": 199, 
      "50": 37, 
      "51": 31, 
      "52": 6, 
      "53": 2, 
      "54": 0, 
      "55": 0, 
      "56": 0, 
      "57": 147, 
      "58": 8, 
      "59": 0, 
      "6": 119, 
      "60": 0, 
      "61": 7709, 
      "62": 262700, 
      "63": 69948, 
      "7": 587, 
      "8": 136, 
      "9": 0
    }, 
    "shader core counters": {
      "0": [
        2004560438, 
        2004560438, 
        2004560438, 
        2004560438
      ], 
      "1": [
        9, 
        9, 
        9, 
        9
      ], 
      "10": [
        0, 
        0, 
        0, 
        0
      ], 
      "11": [
        0, 
        0, 
        0, 
        0
      ], 
      "12": [
        0, 
        0, 
        0, 
        0
      ], 
      "13": [
        0, 
        0, 
        0, 
        0
      ], 
      "14": [
        0, 
        0, 
        0, 
        0
      ], 
      "15": [
        0, 
        0, 
        0, 
        0
      ], 
      "16": [
        0, 
        0, 
        0, 
        0
      ], 
      "17": [
        0, 
        0, 
        0, 
        0
      ], 
      "18": [
        0, 
        0, 
        0, 
        0
      ], 
      "19": [
        0, 
        0, 
        0, 
        0
      ], 
      "2": [
        65535, 
        65535, 
        65535, 
        65535
      ], 
      "20": [
        0, 
        0, 
        0, 
        0
      ], 
      "21": [
        0, 
        0, 
        0, 
        0
      ], 
      "22": [
        571540, 
        578369, 
        579058, 
        571558
      ], 
      "23": [
        125, 
        128, 
        132, 
        127
      ], 
      "24": [
        16000, 
        16384, 
        16896, 
        16256
      ], 
      "25": [
        4553, 
        7186, 
        5888, 
        4910
      ], 
      "26": [
        571083, 
        577904, 
        578595, 
        571100
      ], 
      "27": [
        361994, 
        364524, 
        364396, 
        358672
      ], 
      "28": [
        11107, 
        11212, 
        11089, 
        10940
      ], 
      "29": [
        186958, 
        189972, 
        192320, 
        190231
      ], 
      "3": [
        0, 
        0, 
        0, 
        0
      ], 
      "30": [
        0, 
        0, 
        0, 
        0
      ], 
      "31": [
        126297, 
        126906, 
        127969, 
        125646
      ], 
      "32": [
        301320, 
        302307, 
        299436, 
        302547
      ], 
      "33": [
        0, 
        0, 
        0, 
        0
      ], 
      "34": [
        175023, 
        175401, 
        171467, 
        176901
      ], 
      "35": [
        0, 
        0, 
        0, 
        0
      ], 
      "36": [
        0, 
        0, 
        0, 
        0
      ], 
      "37": [
        0, 
        0, 
        0, 
        0
      ], 
      "38": [
        0, 
        0, 
        0, 
        0
      ], 
      "39": [
        0, 
        0, 
        0, 
        0
      ], 
      "4": [
        0, 
        0, 
        0, 
        0
      ], 
      "40": [
        0, 
        0, 
        0, 
        0
      ], 
      "41": [
        0, 
        0, 
        0, 
        0
      ], 
      "42": [
        0, 
        0, 
        0, 
        0
      ], 
      "43": [
        0, 
        0, 
        0, 
        0
      ], 
      "44": [
        0, 
        0, 
        0, 
        0
      ], 
      "45": [
        0, 
        0, 
        0, 
        0
      ], 
      "46": [
        0, 
        0, 
        0, 
        0
      ], 
      "47": [
        0, 
        0, 
        0, 
        0
      ], 
      "48": [
        32585, 
        32776, 
        32768, 
        32270
      ], 
      "49": [
        13764, 
        15931, 
        13893, 
        14833
      ], 
      "5": [
        0, 
        0, 
        0, 
        0
      ], 
      "50": [
        0, 
        0, 
        0, 
        0
      ], 
      "51": [
        0, 
        0, 
        0, 
        0
      ], 
      "52": [
        29532, 
        29549, 
        29808, 
        29351
      ], 
      "53": [
        65941, 
        64251, 
        64044, 
        66045
      ], 
      "54": [
        11349, 
        11484, 
        11500, 
        11671
      ], 
      "55": [
        7411, 
        7193, 
        7414, 
        7413
      ], 
      "56": [
        7498, 
        7294, 
        7502, 
        7513
      ], 
      "57": [
        1, 
        1, 
        1, 
        1
      ], 
      "58": [
        3, 
        3, 
        3, 
        3
      ], 
      "59": [
        42, 
        42, 
        42, 
        42
      ], 
      "6": [
        0, 
        0, 
        0, 
        0
      ], 
      "60": [
        1329, 
        1336, 
        1276, 
        1296
      ], 
      "61": [
        67956, 
        68117, 
        68400, 
        67367
      ], 
      "62": [
        332, 
        332, 
        332, 
        332
      ], 
      "63": [
        0, 
        0, 
        0, 
        0
      ], 
      "7": [
        0, 
        0, 
        0, 
        0
      ], 
      "8": [
        0, 
        0, 
        0, 
        0
      ], 
      "9": [
        0, 
        0, 
        0, 
        0
      ]
    }
  }, 
  "features": {
    "GWS": [
      32, 
      32, 
      64
    ], 
    "LWS": [
      4, 
      1, 
      64
    ], 
    "OFFSET": [
      0, 
      0, 
      0
    ], 
    "compiler name": "ARM Mali OpenCL", 
    "compiler version": "5.0", 
    "cpu_freq": 800, 
    "gpu_freq": 533, 
    "image cols": 2400, 
    "image rows": 2400, 
    "pool_dir": "pool.19", 
    "program version": "c597087", 
    "size": 32
  }, 
  "meta": {
    "device name": "Mali-T628", 
    "device type": "GPU", 
    "device vendor": "ARM", 
    "experiment type": "benchmarking", 
    "kernel name": "calc_histogram", 
    "program name": "Realeyes HOG"
  }, 
  "tags": [
    "demo", 
    "arm", 
    "codegen15"
  ], 
  "work": {
    "repl": 1, 
    "timestamp": "2015-02-25T12:49:05.479083"
  }
}