{
  "characteristics": {
    "cpu": 0.003185, 
    "gpu_copy": 0.004392, 
    "gpu_only": 0.000946, 
    "is_gpu_better": false, 
    "l2 cache and mmu counters": {
      "0": 85381181, 
      "1": 10, 
      "10": 0, 
      "11": 0, 
      "12": 0, 
      "13": 0, 
      "14": 0, 
      "15": 0, 
      "16": 9, 
      "17": 3, 
      "18": 255, 
      "19": 7, 
      "2": 65535, 
      "20": 0, 
      "21": 0, 
      "22": 0, 
      "23": 0, 
      "24": 0, 
      "25": 0, 
      "26": 0, 
      "27": 0, 
      "28": 0, 
      "29": 0, 
      "3": 0, 
      "30": 150, 
      "31": 7146, 
      "32": 353924, 
      "33": 285435, 
      "34": 284222, 
      "35": 24649, 
      "36": 27364, 
      "37": 275881, 
      "38": 0, 
      "39": 36852, 
      "4": 284, 
      "40": 36847, 
      "41": 175, 
      "42": 0, 
      "43": 36805, 
      "44": 0, 
      "45": 63, 
      "46": 0, 
      "47": 0, 
      "48": 1786, 
      "49": 1786, 
      "5": 61, 
      "50": 41, 
      "51": 37, 
      "52": 4, 
      "53": 2, 
      "54": 0, 
      "55": 16, 
      "56": 0, 
      "57": 107, 
      "58": 3, 
      "59": 0, 
      "6": 87, 
      "60": 0, 
      "61": 7070, 
      "62": 301381, 
      "63": 164036, 
      "7": 93, 
      "8": 28, 
      "9": 0
    }, 
    "shader core counters": {
      "0": [
        85381181, 
        85381181, 
        85381181, 
        85381181
      ], 
      "1": [
        10, 
        10, 
        10, 
        10
      ], 
      "10": [
        0, 
        0, 
        0, 
        0
      ], 
      "11": [
        0, 
        0, 
        0, 
        0
      ], 
      "12": [
        0, 
        0, 
        0, 
        0
      ], 
      "13": [
        0, 
        0, 
        0, 
        0
      ], 
      "14": [
        0, 
        0, 
        0, 
        0
      ], 
      "15": [
        0, 
        0, 
        0, 
        0
      ], 
      "16": [
        0, 
        0, 
        0, 
        0
      ], 
      "17": [
        0, 
        0, 
        0, 
        0
      ], 
      "18": [
        0, 
        0, 
        0, 
        0
      ], 
      "19": [
        0, 
        0, 
        0, 
        0
      ], 
      "2": [
        65535, 
        65535, 
        65535, 
        65535
      ], 
      "20": [
        0, 
        0, 
        0, 
        0
      ], 
      "21": [
        0, 
        0, 
        0, 
        0
      ], 
      "22": [
        503267, 
        500634, 
        502926, 
        501707
      ], 
      "23": [
        127, 
        126, 
        128, 
        131
      ], 
      "24": [
        16256, 
        16128, 
        16384, 
        16768
      ], 
      "25": [
        8702, 
        4379, 
        6967, 
        4252
      ], 
      "26": [
        502808, 
        500164, 
        502458, 
        501244
      ], 
      "27": [
        286242, 
        280998, 
        287328, 
        287184
      ], 
      "28": [
        7211, 
        6969, 
        7198, 
        7141
      ], 
      "29": [
        194751, 
        199508, 
        197591, 
        197528
      ], 
      "3": [
        0, 
        0, 
        0, 
        0
      ], 
      "30": [
        0, 
        0, 
        0, 
        0
      ], 
      "31": [
        110962, 
        109099, 
        111545, 
        111678
      ], 
      "32": [
        300415, 
        303382, 
        295009, 
        303970
      ], 
      "33": [
        0, 
        0, 
        0, 
        0
      ], 
      "34": [
        189453, 
        194283, 
        183464, 
        192292
      ], 
      "35": [
        0, 
        0, 
        0, 
        0
      ], 
      "36": [
        0, 
        0, 
        0, 
        0
      ], 
      "37": [
        0, 
        0, 
        0, 
        0
      ], 
      "38": [
        0, 
        0, 
        0, 
        0
      ], 
      "39": [
        0, 
        0, 
        0, 
        0
      ], 
      "4": [
        0, 
        0, 
        0, 
        0
      ], 
      "40": [
        0, 
        0, 
        0, 
        0
      ], 
      "41": [
        0, 
        0, 
        0, 
        0
      ], 
      "42": [
        0, 
        0, 
        0, 
        0
      ], 
      "43": [
        0, 
        0, 
        0, 
        0
      ], 
      "44": [
        0, 
        0, 
        0, 
        0
      ], 
      "45": [
        0, 
        0, 
        0, 
        0
      ], 
      "46": [
        0, 
        0, 
        0, 
        0
      ], 
      "47": [
        0, 
        0, 
        0, 
        0
      ], 
      "48": [
        27104, 
        26637, 
        27471, 
        27011
      ], 
      "49": [
        12882, 
        14058, 
        13265, 
        13348
      ], 
      "5": [
        0, 
        0, 
        0, 
        0
      ], 
      "50": [
        0, 
        0, 
        0, 
        0
      ], 
      "51": [
        0, 
        0, 
        0, 
        0
      ], 
      "52": [
        25257, 
        24813, 
        25204, 
        25535
      ], 
      "53": [
        78945, 
        80393, 
        75735, 
        79995
      ], 
      "54": [
        9378, 
        9073, 
        9250, 
        9084
      ], 
      "55": [
        6973, 
        6716, 
        6837, 
        6761
      ], 
      "56": [
        7029, 
        6758, 
        6880, 
        6801
      ], 
      "57": [
        1, 
        1, 
        1, 
        1
      ], 
      "58": [
        3, 
        3, 
        3, 
        3
      ], 
      "59": [
        42, 
        42, 
        42, 
        42
      ], 
      "6": [
        0, 
        0, 
        0, 
        0
      ], 
      "60": [
        43, 
        24, 
        32, 
        30
      ], 
      "61": [
        56553, 
        55557, 
        56876, 
        56751
      ], 
      "62": [
        332, 
        332, 
        332, 
        332
      ], 
      "63": [
        0, 
        0, 
        0, 
        0
      ], 
      "7": [
        0, 
        0, 
        0, 
        0
      ], 
      "8": [
        0, 
        0, 
        0, 
        0
      ], 
      "9": [
        0, 
        0, 
        0, 
        0
      ]
    }
  }, 
  "features": {
    "GWS": [
      32, 
      32, 
      64
    ], 
    "LWS": [
      4, 
      1, 
      64
    ], 
    "OFFSET": [
      0, 
      0, 
      0
    ], 
    "compiler name": "ARM Mali OpenCL", 
    "compiler version": "5.0", 
    "cpu_freq": 800, 
    "gpu_freq": 533, 
    "image cols": 944, 
    "image rows": 708, 
    "pool_dir": "pool.05", 
    "program version": "c597087", 
    "size": 32
  }, 
  "meta": {
    "device name": "Mali-T628", 
    "device type": "GPU", 
    "device vendor": "ARM", 
    "experiment type": "benchmarking", 
    "kernel name": "calc_histogram", 
    "program name": "Realeyes HOG"
  }, 
  "tags": [
    "demo", 
    "arm", 
    "codegen15"
  ], 
  "work": {
    "repl": 4, 
    "timestamp": "2015-02-25T12:50:44.412690"
  }
}