{
  "characteristics": {
    "cpu": 0.008408, 
    "gpu_copy": 0.021925, 
    "gpu_only": 0.005335, 
    "is_gpu_better": false, 
    "l2 cache and mmu counters": {
      "0": 2121961064, 
      "1": 14, 
      "10": 0, 
      "11": 0, 
      "12": 0, 
      "13": 0, 
      "14": 0, 
      "15": 0, 
      "16": 9, 
      "17": 2, 
      "18": 177, 
      "19": 7, 
      "2": 65535, 
      "20": 0, 
      "21": 0, 
      "22": 0, 
      "23": 0, 
      "24": 0, 
      "25": 0, 
      "26": 0, 
      "27": 0, 
      "28": 0, 
      "29": 0, 
      "3": 0, 
      "30": 203, 
      "31": 19318, 
      "32": 925598, 
      "33": 730434, 
      "34": 729199, 
      "35": 67558, 
      "36": 75691, 
      "37": 704961, 
      "38": 0, 
      "39": 114568, 
      "4": 32589, 
      "40": 114563, 
      "41": 534, 
      "42": 0, 
      "43": 114412, 
      "44": 0, 
      "45": 109, 
      "46": 0, 
      "47": 0, 
      "48": 4829, 
      "49": 4829, 
      "5": 536, 
      "50": 55, 
      "51": 50, 
      "52": 5, 
      "53": 2, 
      "54": 0, 
      "55": 0, 
      "56": 0, 
      "57": 86, 
      "58": 2, 
      "59": 0, 
      "6": 80, 
      "60": 0, 
      "61": 19347, 
      "62": 784303, 
      "63": 320779, 
      "7": 432, 
      "8": 445, 
      "9": 0
    }, 
    "shader core counters": {
      "0": [
        2121961064, 
        2121961064, 
        2121961064, 
        2121961064
      ], 
      "1": [
        14, 
        14, 
        14, 
        14
      ], 
      "10": [
        0, 
        0, 
        0, 
        0
      ], 
      "11": [
        0, 
        0, 
        0, 
        0
      ], 
      "12": [
        0, 
        0, 
        0, 
        0
      ], 
      "13": [
        0, 
        0, 
        0, 
        0
      ], 
      "14": [
        0, 
        0, 
        0, 
        0
      ], 
      "15": [
        0, 
        0, 
        0, 
        0
      ], 
      "16": [
        0, 
        0, 
        0, 
        0
      ], 
      "17": [
        0, 
        0, 
        0, 
        0
      ], 
      "18": [
        0, 
        0, 
        0, 
        0
      ], 
      "19": [
        0, 
        0, 
        0, 
        0
      ], 
      "2": [
        65535, 
        65535, 
        65535, 
        65535
      ], 
      "20": [
        0, 
        0, 
        0, 
        0
      ], 
      "21": [
        0, 
        0, 
        0, 
        0
      ], 
      "22": [
        1406448, 
        1409333, 
        1406932, 
        1405604
      ], 
      "23": [
        285, 
        292, 
        284, 
        291
      ], 
      "24": [
        36480, 
        37376, 
        36352, 
        37248
      ], 
      "25": [
        4021, 
        3409, 
        6583, 
        5237
      ], 
      "26": [
        1406101, 
        1408981, 
        1406585, 
        1405262
      ], 
      "27": [
        838716, 
        822430, 
        837480, 
        836876
      ], 
      "28": [
        23739, 
        22694, 
        23528, 
        23644
      ], 
      "29": [
        525128, 
        541098, 
        525403, 
        522541
      ], 
      "3": [
        0, 
        0, 
        0, 
        0
      ], 
      "30": [
        0, 
        0, 
        0, 
        0
      ], 
      "31": [
        307351, 
        302914, 
        307099, 
        305634
      ], 
      "32": [
        813383, 
        822357, 
        813467, 
        816891
      ], 
      "33": [
        0, 
        0, 
        0, 
        0
      ], 
      "34": [
        506032, 
        519443, 
        506368, 
        511257
      ], 
      "35": [
        0, 
        0, 
        0, 
        0
      ], 
      "36": [
        0, 
        0, 
        0, 
        0
      ], 
      "37": [
        0, 
        0, 
        0, 
        0
      ], 
      "38": [
        0, 
        0, 
        0, 
        0
      ], 
      "39": [
        0, 
        0, 
        0, 
        0
      ], 
      "4": [
        0, 
        0, 
        0, 
        0
      ], 
      "40": [
        0, 
        0, 
        0, 
        0
      ], 
      "41": [
        0, 
        0, 
        0, 
        0
      ], 
      "42": [
        0, 
        0, 
        0, 
        0
      ], 
      "43": [
        0, 
        0, 
        0, 
        0
      ], 
      "44": [
        0, 
        0, 
        0, 
        0
      ], 
      "45": [
        0, 
        0, 
        0, 
        0
      ], 
      "46": [
        0, 
        0, 
        0, 
        0
      ], 
      "47": [
        0, 
        0, 
        0, 
        0
      ], 
      "48": [
        73795, 
        72376, 
        73600, 
        73611
      ], 
      "49": [
        39036, 
        42954, 
        39083, 
        43825
      ], 
      "5": [
        0, 
        0, 
        0, 
        0
      ], 
      "50": [
        0, 
        0, 
        0, 
        0
      ], 
      "51": [
        0, 
        0, 
        0, 
        0
      ], 
      "52": [
        77483, 
        75937, 
        77565, 
        76385
      ], 
      "53": [
        197322, 
        202120, 
        197615, 
        195971
      ], 
      "54": [
        29000, 
        28114, 
        28861, 
        28340
      ], 
      "55": [
        19082, 
        18758, 
        19133, 
        18394
      ], 
      "56": [
        19251, 
        18891, 
        19288, 
        18544
      ], 
      "57": [
        1, 
        1, 
        1, 
        1
      ], 
      "58": [
        3, 
        3, 
        3, 
        3
      ], 
      "59": [
        44, 
        42, 
        42, 
        42
      ], 
      "6": [
        0, 
        0, 
        0, 
        0
      ], 
      "60": [
        3299, 
        2981, 
        3210, 
        3259
      ], 
      "61": [
        164411, 
        161185, 
        164277, 
        163097
      ], 
      "62": [
        0, 
        332, 
        332, 
        332
      ], 
      "63": [
        24, 
        8, 
        0, 
        8
      ], 
      "7": [
        0, 
        0, 
        0, 
        0
      ], 
      "8": [
        0, 
        0, 
        0, 
        0
      ], 
      "9": [
        0, 
        0, 
        0, 
        0
      ]
    }
  }, 
  "features": {
    "GWS": [
      48, 
      48, 
      64
    ], 
    "LWS": [
      4, 
      1, 
      64
    ], 
    "OFFSET": [
      0, 
      0, 
      0
    ], 
    "compiler name": "ARM Mali OpenCL", 
    "compiler version": "5.0", 
    "cpu_freq": 800, 
    "gpu_freq": 266, 
    "image cols": 2593, 
    "image rows": 2593, 
    "pool_dir": "pool.02", 
    "program version": "c597087", 
    "size": 48
  }, 
  "meta": {
    "device name": "Mali-T628", 
    "device type": "GPU", 
    "device vendor": "ARM", 
    "experiment type": "benchmarking", 
    "kernel name": "calc_histogram", 
    "program name": "Realeyes HOG"
  }, 
  "tags": [
    "demo", 
    "arm", 
    "codegen15"
  ], 
  "work": {
    "repl": 0, 
    "timestamp": "2015-02-25T13:04:05.160951"
  }
}