{
  "characteristics": {
    "cpu": 0.0034, 
    "gpu_copy": 0.012618, 
    "gpu_only": 0.001974, 
    "is_gpu_better": false, 
    "l2 cache and mmu counters": {
      "0": 527871521, 
      "1": 14, 
      "10": 0, 
      "11": 0, 
      "12": 0, 
      "13": 0, 
      "14": 0, 
      "15": 0, 
      "16": 8, 
      "17": 3, 
      "18": 163, 
      "19": 4, 
      "2": 65535, 
      "20": 0, 
      "21": 0, 
      "22": 0, 
      "23": 0, 
      "24": 0, 
      "25": 0, 
      "26": 0, 
      "27": 0, 
      "28": 0, 
      "29": 0, 
      "3": 0, 
      "30": 154, 
      "31": 8666, 
      "32": 371538, 
      "33": 299798, 
      "34": 298982, 
      "35": 25702, 
      "36": 28401, 
      "37": 289250, 
      "38": 0, 
      "39": 38996, 
      "4": 6432, 
      "40": 38991, 
      "41": 198, 
      "42": 0, 
      "43": 38951, 
      "44": 0, 
      "45": 59, 
      "46": 0, 
      "47": 0, 
      "48": 2166, 
      "49": 2166, 
      "5": 98, 
      "50": 42, 
      "51": 38, 
      "52": 4, 
      "53": 2, 
      "54": 0, 
      "55": 0, 
      "56": 0, 
      "57": 46, 
      "58": 3, 
      "59": 0, 
      "6": 71, 
      "60": 0, 
      "61": 7777, 
      "62": 316846, 
      "63": 172632, 
      "7": 215, 
      "8": 74, 
      "9": 0
    }, 
    "shader core counters": {
      "0": [
        527871521, 
        527871521, 
        527871521, 
        527871521
      ], 
      "1": [
        14, 
        14, 
        14, 
        14
      ], 
      "10": [
        0, 
        0, 
        0, 
        0
      ], 
      "11": [
        0, 
        0, 
        0, 
        0
      ], 
      "12": [
        0, 
        0, 
        0, 
        0
      ], 
      "13": [
        0, 
        0, 
        0, 
        0
      ], 
      "14": [
        0, 
        0, 
        0, 
        0
      ], 
      "15": [
        0, 
        0, 
        0, 
        0
      ], 
      "16": [
        0, 
        0, 
        0, 
        0
      ], 
      "17": [
        0, 
        0, 
        0, 
        0
      ], 
      "18": [
        0, 
        0, 
        0, 
        0
      ], 
      "19": [
        0, 
        0, 
        0, 
        0
      ], 
      "2": [
        65535, 
        65535, 
        65535, 
        65535
      ], 
      "20": [
        0, 
        0, 
        0, 
        0
      ], 
      "21": [
        0, 
        0, 
        0, 
        0
      ], 
      "22": [
        524305, 
        523502, 
        524709, 
        522177
      ], 
      "23": [
        125, 
        126, 
        128, 
        133
      ], 
      "24": [
        16000, 
        16128, 
        16384, 
        17024
      ], 
      "25": [
        7482, 
        11148, 
        4325, 
        6613
      ], 
      "26": [
        523931, 
        523116, 
        524328, 
        521801
      ], 
      "27": [
        299342, 
        291784, 
        306782, 
        294308
      ], 
      "28": [
        7764, 
        7530, 
        7995, 
        7499
      ], 
      "29": [
        206477, 
        208213, 
        201494, 
        209590
      ], 
      "3": [
        0, 
        0, 
        0, 
        0
      ], 
      "30": [
        0, 
        0, 
        0, 
        0
      ], 
      "31": [
        113836, 
        110790, 
        115203, 
        112854
      ], 
      "32": [
        321204, 
        325366, 
        309150, 
        322561
      ], 
      "33": [
        0, 
        0, 
        0, 
        0
      ], 
      "34": [
        207368, 
        214576, 
        193947, 
        209707
      ], 
      "35": [
        0, 
        0, 
        0, 
        0
      ], 
      "36": [
        0, 
        0, 
        0, 
        0
      ], 
      "37": [
        0, 
        0, 
        0, 
        0
      ], 
      "38": [
        0, 
        0, 
        0, 
        0
      ], 
      "39": [
        0, 
        0, 
        0, 
        0
      ], 
      "4": [
        0, 
        0, 
        0, 
        0
      ], 
      "40": [
        0, 
        0, 
        0, 
        0
      ], 
      "41": [
        0, 
        0, 
        0, 
        0
      ], 
      "42": [
        0, 
        0, 
        0, 
        0
      ], 
      "43": [
        0, 
        0, 
        0, 
        0
      ], 
      "44": [
        0, 
        0, 
        0, 
        0
      ], 
      "45": [
        0, 
        0, 
        0, 
        0
      ], 
      "46": [
        0, 
        0, 
        0, 
        0
      ], 
      "47": [
        0, 
        0, 
        0, 
        0
      ], 
      "48": [
        28311, 
        27329, 
        28760, 
        27780
      ], 
      "49": [
        12880, 
        13909, 
        12217, 
        14876
      ], 
      "5": [
        0, 
        0, 
        0, 
        0
      ], 
      "50": [
        0, 
        0, 
        0, 
        0
      ], 
      "51": [
        0, 
        0, 
        0, 
        0
      ], 
      "52": [
        26092, 
        25245, 
        26165, 
        25447
      ], 
      "53": [
        85477, 
        88308, 
        79116, 
        84806
      ], 
      "54": [
        9865, 
        9746, 
        9580, 
        9673
      ], 
      "55": [
        7258, 
        7178, 
        6964, 
        6903
      ], 
      "56": [
        7301, 
        7241, 
        6993, 
        6952
      ], 
      "57": [
        1, 
        1, 
        1, 
        1
      ], 
      "58": [
        4, 
        4, 
        4, 
        4
      ], 
      "59": [
        42, 
        42, 
        42, 
        43
      ], 
      "6": [
        0, 
        0, 
        0, 
        0
      ], 
      "60": [
        665, 
        681, 
        716, 
        689
      ], 
      "61": [
        58880, 
        56929, 
        59573, 
        57615
      ], 
      "62": [
        332, 
        332, 
        332, 
        332
      ], 
      "63": [
        0, 
        8, 
        0, 
        8
      ], 
      "7": [
        0, 
        0, 
        0, 
        0
      ], 
      "8": [
        0, 
        0, 
        0, 
        0
      ], 
      "9": [
        0, 
        0, 
        0, 
        0
      ]
    }
  }, 
  "features": {
    "GWS": [
      32, 
      32, 
      64
    ], 
    "LWS": [
      4, 
      1, 
      64
    ], 
    "OFFSET": [
      0, 
      0, 
      0
    ], 
    "compiler name": "ARM Mali OpenCL", 
    "compiler version": "5.0", 
    "cpu_freq": 800, 
    "gpu_freq": 266, 
    "image cols": 1683, 
    "image rows": 2246, 
    "pool_dir": "pool.10", 
    "program version": "c597087", 
    "size": 32
  }, 
  "meta": {
    "device name": "Mali-T628", 
    "device type": "GPU", 
    "device vendor": "ARM", 
    "experiment type": "benchmarking", 
    "kernel name": "calc_histogram", 
    "program name": "Realeyes HOG"
  }, 
  "tags": [
    "demo", 
    "arm", 
    "codegen15"
  ], 
  "work": {
    "repl": 2, 
    "timestamp": "2015-02-25T13:02:58.758438"
  }
}