{
  "characteristics": {
    "cpu": 0.021324, 
    "gpu_copy": 0.018343, 
    "gpu_only": 0.015459, 
    "is_gpu_better": true, 
    "l2 cache and mmu counters": {
      "0": 1892952608, 
      "1": 17, 
      "10": 0, 
      "11": 0, 
      "12": 0, 
      "13": 0, 
      "14": 0, 
      "15": 0, 
      "16": 8, 
      "17": 2, 
      "18": 253, 
      "19": 4, 
      "2": 65535, 
      "20": 0, 
      "21": 0, 
      "22": 0, 
      "23": 0, 
      "24": 0, 
      "25": 0, 
      "26": 0, 
      "27": 0, 
      "28": 0, 
      "29": 0, 
      "3": 0, 
      "30": 356, 
      "31": 50386, 
      "32": 5961915, 
      "33": 4875477, 
      "34": 4874312, 
      "35": 411099, 
      "36": 456461, 
      "37": 4731814, 
      "38": 0, 
      "39": 623175, 
      "4": 728, 
      "40": 623170, 
      "41": 1642, 
      "42": 0, 
      "43": 622593, 
      "44": 0, 
      "45": 118, 
      "46": 0, 
      "47": 0, 
      "48": 12596, 
      "49": 12596, 
      "5": 56, 
      "50": 99, 
      "51": 88, 
      "52": 6, 
      "53": 2, 
      "54": 0, 
      "55": 0, 
      "56": 0, 
      "57": 382, 
      "58": 2, 
      "59": 0, 
      "6": 96, 
      "60": 0, 
      "61": 126260, 
      "62": 5183844, 
      "63": 3032121, 
      "7": 77, 
      "8": 29, 
      "9": 0
    }, 
    "shader core counters": {
      "0": [
        1892952608, 
        1892952608, 
        1892952608, 
        1892952608
      ], 
      "1": [
        17, 
        17, 
        17, 
        17
      ], 
      "10": [
        0, 
        0, 
        0, 
        0
      ], 
      "11": [
        0, 
        0, 
        0, 
        0
      ], 
      "12": [
        0, 
        0, 
        0, 
        0
      ], 
      "13": [
        0, 
        0, 
        0, 
        0
      ], 
      "14": [
        0, 
        0, 
        0, 
        0
      ], 
      "15": [
        0, 
        0, 
        0, 
        0
      ], 
      "16": [
        0, 
        0, 
        0, 
        0
      ], 
      "17": [
        0, 
        0, 
        0, 
        0
      ], 
      "18": [
        0, 
        0, 
        0, 
        0
      ], 
      "19": [
        0, 
        0, 
        0, 
        0
      ], 
      "2": [
        65535, 
        65535, 
        65535, 
        65535
      ], 
      "20": [
        0, 
        0, 
        0, 
        0
      ], 
      "21": [
        0, 
        0, 
        0, 
        0
      ], 
      "22": [
        8221992, 
        8221538, 
        8218812, 
        8224601
      ], 
      "23": [
        2057, 
        2024, 
        2074, 
        2037
      ], 
      "24": [
        263296, 
        259072, 
        265472, 
        260736
      ], 
      "25": [
        124823, 
        177109, 
        112774, 
        156192
      ], 
      "26": [
        8221535, 
        8221075, 
        8218354, 
        8224148
      ], 
      "27": [
        4671490, 
        4528564, 
        4690124, 
        4593340
      ], 
      "28": [
        117553, 
        110377, 
        118202, 
        113131
      ], 
      "29": [
        3328519, 
        3418772, 
        3312000, 
        3392139
      ], 
      "3": [
        0, 
        0, 
        0, 
        0
      ], 
      "30": [
        0, 
        0, 
        0, 
        0
      ], 
      "31": [
        1796314, 
        1753839, 
        1805041, 
        1773556
      ], 
      "32": [
        5135049, 
        5366254, 
        5120055, 
        5268788
      ], 
      "33": [
        0, 
        0, 
        0, 
        0
      ], 
      "34": [
        3338735, 
        3612415, 
        3315014, 
        3495232
      ], 
      "35": [
        0, 
        0, 
        0, 
        0
      ], 
      "36": [
        0, 
        0, 
        0, 
        0
      ], 
      "37": [
        0, 
        0, 
        0, 
        0
      ], 
      "38": [
        0, 
        0, 
        0, 
        0
      ], 
      "39": [
        0, 
        0, 
        0, 
        0
      ], 
      "4": [
        0, 
        0, 
        0, 
        0
      ], 
      "40": [
        0, 
        0, 
        0, 
        0
      ], 
      "41": [
        0, 
        0, 
        0, 
        0
      ], 
      "42": [
        0, 
        0, 
        0, 
        0
      ], 
      "43": [
        0, 
        0, 
        0, 
        0
      ], 
      "44": [
        0, 
        0, 
        0, 
        0
      ], 
      "45": [
        0, 
        0, 
        0, 
        0
      ], 
      "46": [
        0, 
        0, 
        0, 
        0
      ], 
      "47": [
        0, 
        0, 
        0, 
        0
      ], 
      "48": [
        442312, 
        428627, 
        444388, 
        435263
      ], 
      "49": [
        249130, 
        279971, 
        249888, 
        271833
      ], 
      "5": [
        0, 
        0, 
        0, 
        0
      ], 
      "50": [
        0, 
        0, 
        0, 
        0
      ], 
      "51": [
        0, 
        0, 
        0, 
        0
      ], 
      "52": [
        407477, 
        399256, 
        408972, 
        403069
      ], 
      "53": [
        1413192, 
        1523699, 
        1400368, 
        1472709
      ], 
      "54": [
        156329, 
        153009, 
        157681, 
        155027
      ], 
      "55": [
        114835, 
        111716, 
        114870, 
        113678
      ], 
      "56": [
        115459, 
        112317, 
        115456, 
        114233
      ], 
      "57": [
        1, 
        1, 
        1, 
        1
      ], 
      "58": [
        3, 
        3, 
        3, 
        3
      ], 
      "59": [
        42, 
        42, 
        42, 
        42
      ], 
      "6": [
        0, 
        0, 
        0, 
        0
      ], 
      "60": [
        84, 
        98, 
        98, 
        69
      ], 
      "61": [
        918693, 
        894622, 
        922692, 
        906191
      ], 
      "62": [
        332, 
        332, 
        332, 
        332
      ], 
      "63": [
        0, 
        0, 
        0, 
        0
      ], 
      "7": [
        0, 
        0, 
        0, 
        0
      ], 
      "8": [
        0, 
        0, 
        0, 
        0
      ], 
      "9": [
        0, 
        0, 
        0, 
        0
      ]
    }
  }, 
  "features": {
    "GWS": [
      12, 
      12, 
      64
    ], 
    "LWS": [
      4, 
      1, 
      64
    ], 
    "OFFSET": [
      0, 
      0, 
      0
    ], 
    "compiler name": "ARM Mali OpenCL", 
    "compiler version": "5.0", 
    "cpu_freq": 1600, 
    "gpu_freq": 533, 
    "image cols": 807, 
    "image rows": 1142, 
    "pool_dir": "pool.08", 
    "program version": "c597087", 
    "size": 128
  }, 
  "meta": {
    "device name": "Mali-T628", 
    "device type": "GPU", 
    "device vendor": "ARM", 
    "experiment type": "benchmarking", 
    "kernel name": "calc_histogram", 
    "program name": "Realeyes HOG"
  }, 
  "tags": [
    "demo", 
    "arm", 
    "codegen15"
  ], 
  "work": {
    "repl": 4, 
    "timestamp": "2015-02-22T02:03:49.063276"
  }
}