{
  "characteristics": {
    "cpu": 0.01212, 
    "gpu_copy": 0.022598, 
    "gpu_only": 0.008232, 
    "is_gpu_better": false, 
    "l2 cache and mmu counters": {
      "0": 950944221, 
      "1": 19, 
      "10": 0, 
      "11": 0, 
      "12": 0, 
      "13": 0, 
      "14": 0, 
      "15": 0, 
      "16": 9, 
      "17": 0, 
      "18": 156, 
      "19": 4, 
      "2": 65535, 
      "20": 0, 
      "21": 0, 
      "22": 0, 
      "23": 0, 
      "24": 0, 
      "25": 0, 
      "26": 0, 
      "27": 0, 
      "28": 0, 
      "29": 0, 
      "3": 0, 
      "30": 236, 
      "31": 24254, 
      "32": 1552783, 
      "33": 1258585, 
      "34": 1257648, 
      "35": 109351, 
      "36": 121351, 
      "37": 1217111, 
      "38": 0, 
      "39": 167914, 
      "4": 32295, 
      "40": 167909, 
      "41": 599, 
      "42": 0, 
      "43": 167771, 
      "44": 0, 
      "45": 83, 
      "46": 0, 
      "47": 0, 
      "48": 6063, 
      "49": 6063, 
      "5": 160, 
      "50": 64, 
      "51": 58, 
      "52": 6, 
      "53": 2, 
      "54": 0, 
      "55": 0, 
      "56": 0, 
      "57": 139, 
      "58": 1, 
      "59": 0, 
      "6": 77, 
      "60": 0, 
      "61": 31124, 
      "62": 1345285, 
      "63": 704987, 
      "7": 320, 
      "8": 132, 
      "9": 0
    }, 
    "shader core counters": {
      "0": [
        950944221, 
        950944221, 
        950944221, 
        950944221
      ], 
      "1": [
        19, 
        19, 
        19, 
        19
      ], 
      "10": [
        0, 
        0, 
        0, 
        0
      ], 
      "11": [
        0, 
        0, 
        0, 
        0
      ], 
      "12": [
        0, 
        0, 
        0, 
        0
      ], 
      "13": [
        0, 
        0, 
        0, 
        0
      ], 
      "14": [
        0, 
        0, 
        0, 
        0
      ], 
      "15": [
        0, 
        0, 
        0, 
        0
      ], 
      "16": [
        0, 
        0, 
        0, 
        0
      ], 
      "17": [
        0, 
        0, 
        0, 
        0
      ], 
      "18": [
        0, 
        0, 
        0, 
        0
      ], 
      "19": [
        0, 
        0, 
        0, 
        0
      ], 
      "2": [
        65535, 
        65535, 
        65535, 
        65535
      ], 
      "20": [
        0, 
        0, 
        0, 
        0
      ], 
      "21": [
        0, 
        0, 
        0, 
        0
      ], 
      "22": [
        2184508, 
        2189750, 
        2184256, 
        2181738
      ], 
      "23": [
        527, 
        516, 
        497, 
        508
      ], 
      "24": [
        67456, 
        66048, 
        63616, 
        65024
      ], 
      "25": [
        6571, 
        6541, 
        9938, 
        7475
      ], 
      "26": [
        2184132, 
        2189365, 
        2183876, 
        2181363
      ], 
      "27": [
        1261080, 
        1244458, 
        1261686, 
        1247354
      ], 
      "28": [
        33074, 
        32259, 
        33577, 
        32418
      ], 
      "29": [
        865815, 
        878897, 
        863331, 
        873246
      ], 
      "3": [
        0, 
        0, 
        0, 
        0
      ], 
      "30": [
        0, 
        0, 
        0, 
        0
      ], 
      "31": [
        478038, 
        472699, 
        473023, 
        470978
      ], 
      "32": [
        1320551, 
        1368653, 
        1320245, 
        1356641
      ], 
      "33": [
        0, 
        0, 
        0, 
        0
      ], 
      "34": [
        842513, 
        895954, 
        847222, 
        885663
      ], 
      "35": [
        0, 
        0, 
        0, 
        0
      ], 
      "36": [
        0, 
        0, 
        0, 
        0
      ], 
      "37": [
        0, 
        0, 
        0, 
        0
      ], 
      "38": [
        0, 
        0, 
        0, 
        0
      ], 
      "39": [
        0, 
        0, 
        0, 
        0
      ], 
      "4": [
        0, 
        0, 
        0, 
        0
      ], 
      "40": [
        0, 
        0, 
        0, 
        0
      ], 
      "41": [
        0, 
        0, 
        0, 
        0
      ], 
      "42": [
        0, 
        0, 
        0, 
        0
      ], 
      "43": [
        0, 
        0, 
        0, 
        0
      ], 
      "44": [
        0, 
        0, 
        0, 
        0
      ], 
      "45": [
        0, 
        0, 
        0, 
        0
      ], 
      "46": [
        0, 
        0, 
        0, 
        0
      ], 
      "47": [
        0, 
        0, 
        0, 
        0
      ], 
      "48": [
        116467, 
        115173, 
        116342, 
        115108
      ], 
      "49": [
        55954, 
        62116, 
        54582, 
        61788
      ], 
      "5": [
        0, 
        0, 
        0, 
        0
      ], 
      "50": [
        0, 
        0, 
        0, 
        0
      ], 
      "51": [
        0, 
        0, 
        0, 
        0
      ], 
      "52": [
        111788, 
        110850, 
        111323, 
        110559
      ], 
      "53": [
        339840, 
        361099, 
        342949, 
        356604
      ], 
      "54": [
        42056, 
        40862, 
        42828, 
        42537
      ], 
      "55": [
        30274, 
        29150, 
        30826, 
        30367
      ], 
      "56": [
        30642, 
        29496, 
        31204, 
        30755
      ], 
      "57": [
        1, 
        1, 
        1, 
        1
      ], 
      "58": [
        4, 
        4, 
        4, 
        4
      ], 
      "59": [
        42, 
        42, 
        42, 
        42
      ], 
      "6": [
        0, 
        0, 
        0, 
        0
      ], 
      "60": [
        3276, 
        3288, 
        3459, 
        3365
      ], 
      "61": [
        247242, 
        244816, 
        246731, 
        244483
      ], 
      "62": [
        332, 
        332, 
        332, 
        332
      ], 
      "63": [
        0, 
        0, 
        8, 
        0
      ], 
      "7": [
        0, 
        0, 
        0, 
        0
      ], 
      "8": [
        0, 
        0, 
        0, 
        0
      ], 
      "9": [
        0, 
        0, 
        0, 
        0
      ]
    }
  }, 
  "features": {
    "GWS": [
      64, 
      64, 
      64
    ], 
    "LWS": [
      4, 
      1, 
      64
    ], 
    "OFFSET": [
      0, 
      0, 
      0
    ], 
    "compiler name": "ARM Mali OpenCL", 
    "compiler version": "5.0", 
    "cpu_freq": 800, 
    "gpu_freq": 266, 
    "image cols": 2126, 
    "image rows": 2658, 
    "pool_dir": "pool.04", 
    "program version": "c597087", 
    "size": 64
  }, 
  "meta": {
    "device name": "Mali-T628", 
    "device type": "GPU", 
    "device vendor": "ARM", 
    "experiment type": "benchmarking", 
    "kernel name": "calc_histogram", 
    "program name": "Realeyes HOG"
  }, 
  "tags": [
    "demo", 
    "arm", 
    "codegen15"
  ], 
  "work": {
    "repl": 0, 
    "timestamp": "2015-02-22T02:09:07.835475"
  }
}