{
  "characteristics": {
    "cpu": 0.015646, 
    "gpu_copy": 0.019307, 
    "gpu_only": 0.011106, 
    "is_gpu_better": false, 
    "l2 cache and mmu counters": {
      "0": 216065711, 
      "1": 18, 
      "10": 0, 
      "11": 0, 
      "12": 0, 
      "13": 0, 
      "14": 0, 
      "15": 0, 
      "16": 9, 
      "17": 3, 
      "18": 387, 
      "19": 7, 
      "2": 65535, 
      "20": 0, 
      "21": 0, 
      "22": 0, 
      "23": 0, 
      "24": 0, 
      "25": 0, 
      "26": 0, 
      "27": 0, 
      "28": 0, 
      "29": 0, 
      "3": 0, 
      "30": 204, 
      "31": 45546, 
      "32": 3635294, 
      "33": 2893592, 
      "34": 2892278, 
      "35": 271571, 
      "36": 316750, 
      "37": 2786777, 
      "38": 0, 
      "39": 418957, 
      "4": 53166, 
      "40": 418946, 
      "41": 1262, 
      "42": 0, 
      "43": 418589, 
      "44": 2, 
      "45": 126, 
      "46": 0, 
      "47": 0, 
      "48": 11386, 
      "49": 11386, 
      "5": 186, 
      "50": 56, 
      "51": 50, 
      "52": 6, 
      "53": 2, 
      "54": 0, 
      "55": 0, 
      "56": 0, 
      "57": 325, 
      "58": 0, 
      "59": 0, 
      "6": 121, 
      "60": 0, 
      "61": 92851, 
      "62": 3049991, 
      "63": 1249442, 
      "7": 410, 
      "8": 154, 
      "9": 0
    }, 
    "shader core counters": {
      "0": [
        216065711, 
        216065711, 
        216065711, 
        216065711
      ], 
      "1": [
        18, 
        18, 
        18, 
        18
      ], 
      "10": [
        0, 
        0, 
        0, 
        0
      ], 
      "11": [
        0, 
        0, 
        0, 
        0
      ], 
      "12": [
        0, 
        0, 
        0, 
        0
      ], 
      "13": [
        0, 
        0, 
        0, 
        0
      ], 
      "14": [
        0, 
        0, 
        0, 
        0
      ], 
      "15": [
        0, 
        0, 
        0, 
        0
      ], 
      "16": [
        0, 
        0, 
        0, 
        0
      ], 
      "17": [
        0, 
        0, 
        0, 
        0
      ], 
      "18": [
        0, 
        0, 
        0, 
        0
      ], 
      "19": [
        0, 
        0, 
        0, 
        0
      ], 
      "2": [
        65535, 
        65535, 
        65535, 
        65535
      ], 
      "20": [
        0, 
        0, 
        0, 
        0
      ], 
      "21": [
        0, 
        0, 
        0, 
        0
      ], 
      "22": [
        5908087, 
        5907033, 
        5907195, 
        5907800
      ], 
      "23": [
        2062, 
        2040, 
        2046, 
        2044
      ], 
      "24": [
        263936, 
        261120, 
        261888, 
        261632
      ], 
      "25": [
        41292, 
        72544, 
        63526, 
        79940
      ], 
      "26": [
        5907619, 
        5906561, 
        5906725, 
        5907335
      ], 
      "27": [
        3741364, 
        3705614, 
        3726348, 
        3707252
      ], 
      "28": [
        100090, 
        98039, 
        99100, 
        98720
      ], 
      "29": [
        2030265, 
        2047631, 
        2028730, 
        2042387
      ], 
      "3": [
        0, 
        0, 
        0, 
        0
      ], 
      "30": [
        0, 
        0, 
        0, 
        0
      ], 
      "31": [
        1441481, 
        1427475, 
        1435613, 
        1429781
      ], 
      "32": [
        3201629, 
        3249448, 
        3196531, 
        3231609
      ], 
      "33": [
        0, 
        0, 
        0, 
        0
      ], 
      "34": [
        1760148, 
        1821973, 
        1760918, 
        1801828
      ], 
      "35": [
        0, 
        0, 
        0, 
        0
      ], 
      "36": [
        0, 
        0, 
        0, 
        0
      ], 
      "37": [
        0, 
        0, 
        0, 
        0
      ], 
      "38": [
        0, 
        0, 
        0, 
        0
      ], 
      "39": [
        0, 
        0, 
        0, 
        0
      ], 
      "4": [
        0, 
        0, 
        0, 
        0
      ], 
      "40": [
        0, 
        0, 
        0, 
        0
      ], 
      "41": [
        0, 
        0, 
        0, 
        0
      ], 
      "42": [
        0, 
        0, 
        0, 
        0
      ], 
      "43": [
        0, 
        0, 
        0, 
        0
      ], 
      "44": [
        0, 
        0, 
        0, 
        0
      ], 
      "45": [
        0, 
        0, 
        0, 
        0
      ], 
      "46": [
        0, 
        0, 
        0, 
        0
      ], 
      "47": [
        0, 
        0, 
        0, 
        0
      ], 
      "48": [
        389147, 
        385361, 
        388772, 
        385945
      ], 
      "49": [
        93242, 
        99139, 
        92278, 
        96128
      ], 
      "5": [
        0, 
        0, 
        0, 
        0
      ], 
      "50": [
        0, 
        0, 
        0, 
        0
      ], 
      "51": [
        0, 
        0, 
        0, 
        0
      ], 
      "52": [
        264592, 
        262193, 
        262458, 
        262506
      ], 
      "53": [
        716556, 
        742374, 
        718087, 
        734995
      ], 
      "54": [
        104701, 
        105033, 
        104870, 
        104151
      ], 
      "55": [
        78782, 
        79101, 
        79128, 
        78663
      ], 
      "56": [
        79335, 
        79612, 
        79678, 
        79190
      ], 
      "57": [
        1, 
        1, 
        1, 
        1
      ], 
      "58": [
        3, 
        3, 
        3, 
        3
      ], 
      "59": [
        42, 
        44, 
        42, 
        42
      ], 
      "6": [
        0, 
        0, 
        0, 
        0
      ], 
      "60": [
        5552, 
        5692, 
        5653, 
        5583
      ], 
      "61": [
        707592, 
        700721, 
        704762, 
        701746
      ], 
      "62": [
        332, 
        332, 
        332, 
        332
      ], 
      "63": [
        0, 
        24, 
        0, 
        0
      ], 
      "7": [
        0, 
        0, 
        0, 
        0
      ], 
      "8": [
        0, 
        0, 
        0, 
        0
      ], 
      "9": [
        0, 
        0, 
        0, 
        0
      ]
    }
  }, 
  "features": {
    "GWS": [
      12, 
      12, 
      64
    ], 
    "LWS": [
      4, 
      1, 
      64
    ], 
    "OFFSET": [
      0, 
      0, 
      0
    ], 
    "compiler name": "ARM Mali OpenCL", 
    "compiler version": "5.0", 
    "cpu_freq": 1600, 
    "gpu_freq": 533, 
    "image cols": 3000, 
    "image rows": 1639, 
    "pool_dir": "pool.11", 
    "program version": "c597087", 
    "size": 128
  }, 
  "meta": {
    "device name": "Mali-T628", 
    "device type": "GPU", 
    "device vendor": "ARM", 
    "experiment type": "benchmarking", 
    "kernel name": "calc_histogram", 
    "program name": "Realeyes HOG"
  }, 
  "tags": [
    "demo", 
    "arm", 
    "codegen15"
  ], 
  "work": {
    "repl": 0, 
    "timestamp": "2015-02-22T02:05:38.037658"
  }
}