{
  "characteristics": {
    "cpu": 0.000946, 
    "gpu_copy": 0.017328, 
    "gpu_only": 0.000401, 
    "is_gpu_better": false, 
    "l2 cache and mmu counters": {
      "0": 2451865209, 
      "1": 13, 
      "10": 0, 
      "11": 0, 
      "12": 0, 
      "13": 0, 
      "14": 0, 
      "15": 0, 
      "16": 9, 
      "17": 3, 
      "18": 181, 
      "19": 7, 
      "2": 65535, 
      "20": 0, 
      "21": 0, 
      "22": 0, 
      "23": 0, 
      "24": 0, 
      "25": 0, 
      "26": 0, 
      "27": 0, 
      "28": 0, 
      "29": 0, 
      "3": 0, 
      "30": 90, 
      "31": 2910, 
      "32": 75206, 
      "33": 58070, 
      "34": 57195, 
      "35": 5058, 
      "36": 5443, 
      "37": 55730, 
      "38": 0, 
      "39": 7548, 
      "4": 1257, 
      "40": 7543, 
      "41": 63, 
      "42": 0, 
      "43": 7522, 
      "44": 0, 
      "45": 38, 
      "46": 0, 
      "47": 0, 
      "48": 727, 
      "49": 727, 
      "5": 110, 
      "50": 26, 
      "51": 22, 
      "52": 4, 
      "53": 2, 
      "54": 0, 
      "55": 0, 
      "56": 0, 
      "57": 0, 
      "58": 4, 
      "59": 0, 
      "6": 73, 
      "60": 0, 
      "61": 1573, 
      "62": 59424, 
      "63": 34969, 
      "7": 221, 
      "8": 84, 
      "9": 0
    }, 
    "shader core counters": {
      "0": [
        2451865209, 
        2451865209, 
        2451865209, 
        2451865209
      ], 
      "1": [
        13, 
        13, 
        13, 
        13
      ], 
      "10": [
        0, 
        0, 
        0, 
        0
      ], 
      "11": [
        0, 
        0, 
        0, 
        0
      ], 
      "12": [
        0, 
        0, 
        0, 
        0
      ], 
      "13": [
        0, 
        0, 
        0, 
        0
      ], 
      "14": [
        0, 
        0, 
        0, 
        0
      ], 
      "15": [
        0, 
        0, 
        0, 
        0
      ], 
      "16": [
        0, 
        0, 
        0, 
        0
      ], 
      "17": [
        0, 
        0, 
        0, 
        0
      ], 
      "18": [
        0, 
        0, 
        0, 
        0
      ], 
      "19": [
        0, 
        0, 
        0, 
        0
      ], 
      "2": [
        65535, 
        65535, 
        65535, 
        65535
      ], 
      "20": [
        0, 
        0, 
        0, 
        0
      ], 
      "21": [
        0, 
        0, 
        0, 
        0
      ], 
      "22": [
        106219, 
        105745, 
        106510, 
        104415
      ], 
      "23": [
        32, 
        32, 
        34, 
        30
      ], 
      "24": [
        4096, 
        4096, 
        4352, 
        3840
      ], 
      "25": [
        12880, 
        19440, 
        6790, 
        14197
      ], 
      "26": [
        105847, 
        105361, 
        106131, 
        104041
      ], 
      "27": [
        54862, 
        53534, 
        59294, 
        49972
      ], 
      "28": [
        1175, 
        1217, 
        1321, 
        1123
      ], 
      "29": [
        42631, 
        39990, 
        40663, 
        42330
      ], 
      "3": [
        0, 
        0, 
        0, 
        0
      ], 
      "30": [
        0, 
        0, 
        0, 
        0
      ], 
      "31": [
        23253, 
        22638, 
        24933, 
        21291
      ], 
      "32": [
        65728, 
        65763, 
        61040, 
        67514
      ], 
      "33": [
        0, 
        0, 
        0, 
        0
      ], 
      "34": [
        42475, 
        43125, 
        36107, 
        46223
      ], 
      "35": [
        0, 
        0, 
        0, 
        0
      ], 
      "36": [
        0, 
        0, 
        0, 
        0
      ], 
      "37": [
        0, 
        0, 
        0, 
        0
      ], 
      "38": [
        0, 
        0, 
        0, 
        0
      ], 
      "39": [
        0, 
        0, 
        0, 
        0
      ], 
      "4": [
        0, 
        0, 
        0, 
        0
      ], 
      "40": [
        0, 
        0, 
        0, 
        0
      ], 
      "41": [
        0, 
        0, 
        0, 
        0
      ], 
      "42": [
        0, 
        0, 
        0, 
        0
      ], 
      "43": [
        0, 
        0, 
        0, 
        0
      ], 
      "44": [
        0, 
        0, 
        0, 
        0
      ], 
      "45": [
        0, 
        0, 
        0, 
        0
      ], 
      "46": [
        0, 
        0, 
        0, 
        0
      ], 
      "47": [
        0, 
        0, 
        0, 
        0
      ], 
      "48": [
        5726, 
        5375, 
        6532, 
        5066
      ], 
      "49": [
        2953, 
        3122, 
        2854, 
        3690
      ], 
      "5": [
        0, 
        0, 
        0, 
        0
      ], 
      "50": [
        0, 
        0, 
        0, 
        0
      ], 
      "51": [
        0, 
        0, 
        0, 
        0
      ], 
      "52": [
        4726, 
        4783, 
        4670, 
        4485
      ], 
      "53": [
        17137, 
        17324, 
        14140, 
        18404
      ], 
      "54": [
        1893, 
        1900, 
        1719, 
        1965
      ], 
      "55": [
        1393, 
        1385, 
        1237, 
        1433
      ], 
      "56": [
        1392, 
        1389, 
        1233, 
        1436
      ], 
      "57": [
        1, 
        1, 
        1, 
        1
      ], 
      "58": [
        4, 
        4, 
        4, 
        4
      ], 
      "59": [
        44, 
        43, 
        42, 
        42
      ], 
      "6": [
        0, 
        0, 
        0, 
        0
      ], 
      "60": [
        131, 
        129, 
        108, 
        126
      ], 
      "61": [
        11174, 
        10895, 
        11950, 
        10245
      ], 
      "62": [
        332, 
        332, 
        332, 
        332
      ], 
      "63": [
        24, 
        16, 
        0, 
        0
      ], 
      "7": [
        0, 
        0, 
        0, 
        0
      ], 
      "8": [
        0, 
        0, 
        0, 
        0
      ], 
      "9": [
        0, 
        0, 
        0, 
        0
      ]
    }
  }, 
  "features": {
    "GWS": [
      16, 
      16, 
      64
    ], 
    "LWS": [
      4, 
      1, 
      64
    ], 
    "OFFSET": [
      0, 
      0, 
      0
    ], 
    "compiler name": "ARM Mali OpenCL", 
    "compiler version": "5.0", 
    "cpu_freq": 800, 
    "gpu_freq": 266, 
    "image cols": 3600, 
    "image rows": 1800, 
    "pool_dir": "pool.17", 
    "program version": "c597087", 
    "size": 16
  }, 
  "meta": {
    "device name": "Mali-T628", 
    "device type": "GPU", 
    "device vendor": "ARM", 
    "experiment type": "benchmarking", 
    "kernel name": "calc_histogram", 
    "program name": "Realeyes HOG"
  }, 
  "tags": [
    "demo", 
    "arm", 
    "codegen15"
  ], 
  "work": {
    "repl": 1, 
    "timestamp": "2015-02-22T01:52:16.601303"
  }
}