{
  "characteristics": {
    "cpu": 0.003485, 
    "gpu_copy": 0.014586, 
    "gpu_only": 0.004655, 
    "is_gpu_better": false, 
    "l2 cache and mmu counters": {
      "0": 434680889, 
      "1": 11, 
      "10": 0, 
      "11": 0, 
      "12": 0, 
      "13": 0, 
      "14": 0, 
      "15": 0, 
      "16": 9, 
      "17": 3, 
      "18": 184, 
      "19": 7, 
      "2": 65535, 
      "20": 0, 
      "21": 0, 
      "22": 0, 
      "23": 0, 
      "24": 0, 
      "25": 0, 
      "26": 0, 
      "27": 0, 
      "28": 0, 
      "29": 0, 
      "3": 0, 
      "30": 120, 
      "31": 15630, 
      "32": 874353, 
      "33": 708617, 
      "34": 707745, 
      "35": 60882, 
      "36": 67731, 
      "37": 685441, 
      "38": 0, 
      "39": 93422, 
      "4": 18967, 
      "40": 93417, 
      "41": 404, 
      "42": 0, 
      "43": 93308, 
      "44": 0, 
      "45": 83, 
      "46": 0, 
      "47": 0, 
      "48": 3907, 
      "49": 3907, 
      "5": 146, 
      "50": 35, 
      "51": 29, 
      "52": 6, 
      "53": 2, 
      "54": 0, 
      "55": 0, 
      "56": 0, 
      "57": 30, 
      "58": 3, 
      "59": 0, 
      "6": 65, 
      "60": 0, 
      "61": 17592, 
      "62": 754397, 
      "63": 405967, 
      "7": 265, 
      "8": 115, 
      "9": 0
    }, 
    "shader core counters": {
      "0": [
        434680889, 
        434680889, 
        434680889, 
        434680889
      ], 
      "1": [
        11, 
        11, 
        11, 
        11
      ], 
      "10": [
        0, 
        0, 
        0, 
        0
      ], 
      "11": [
        0, 
        0, 
        0, 
        0
      ], 
      "12": [
        0, 
        0, 
        0, 
        0
      ], 
      "13": [
        0, 
        0, 
        0, 
        0
      ], 
      "14": [
        0, 
        0, 
        0, 
        0
      ], 
      "15": [
        0, 
        0, 
        0, 
        0
      ], 
      "16": [
        0, 
        0, 
        0, 
        0
      ], 
      "17": [
        0, 
        0, 
        0, 
        0
      ], 
      "18": [
        0, 
        0, 
        0, 
        0
      ], 
      "19": [
        0, 
        0, 
        0, 
        0
      ], 
      "2": [
        65535, 
        65535, 
        65535, 
        65535
      ], 
      "20": [
        0, 
        0, 
        0, 
        0
      ], 
      "21": [
        0, 
        0, 
        0, 
        0
      ], 
      "22": [
        1237409, 
        1233229, 
        1233749, 
        1238077
      ], 
      "23": [
        288, 
        291, 
        279, 
        294
      ], 
      "24": [
        36864, 
        37248, 
        35712, 
        37632
      ], 
      "25": [
        6171, 
        5253, 
        8062, 
        3980
      ], 
      "26": [
        1237029, 
        1232845, 
        1233370, 
        1237692
      ], 
      "27": [
        708058, 
        699978, 
        706770, 
        703352
      ], 
      "28": [
        18502, 
        18105, 
        18454, 
        18289
      ], 
      "29": [
        490190, 
        492629, 
        488975, 
        495288
      ], 
      "3": [
        0, 
        0, 
        0, 
        0
      ], 
      "30": [
        0, 
        0, 
        0, 
        0
      ], 
      "31": [
        267551, 
        265145, 
        266193, 
        267628
      ], 
      "32": [
        755593, 
        773392, 
        748444, 
        775033
      ], 
      "33": [
        0, 
        0, 
        0, 
        0
      ], 
      "34": [
        488042, 
        508247, 
        482251, 
        507405
      ], 
      "35": [
        0, 
        0, 
        0, 
        0
      ], 
      "36": [
        0, 
        0, 
        0, 
        0
      ], 
      "37": [
        0, 
        0, 
        0, 
        0
      ], 
      "38": [
        0, 
        0, 
        0, 
        0
      ], 
      "39": [
        0, 
        0, 
        0, 
        0
      ], 
      "4": [
        0, 
        0, 
        0, 
        0
      ], 
      "40": [
        0, 
        0, 
        0, 
        0
      ], 
      "41": [
        0, 
        0, 
        0, 
        0
      ], 
      "42": [
        0, 
        0, 
        0, 
        0
      ], 
      "43": [
        0, 
        0, 
        0, 
        0
      ], 
      "44": [
        0, 
        0, 
        0, 
        0
      ], 
      "45": [
        0, 
        0, 
        0, 
        0
      ], 
      "46": [
        0, 
        0, 
        0, 
        0
      ], 
      "47": [
        0, 
        0, 
        0, 
        0
      ], 
      "48": [
        65431, 
        64586, 
        65335, 
        65078
      ], 
      "49": [
        32111, 
        36477, 
        31139, 
        35404
      ], 
      "5": [
        0, 
        0, 
        0, 
        0
      ], 
      "50": [
        0, 
        0, 
        0, 
        0
      ], 
      "51": [
        0, 
        0, 
        0, 
        0
      ], 
      "52": [
        62839, 
        62068, 
        62832, 
        62702
      ], 
      "53": [
        196945, 
        203499, 
        195304, 
        203843
      ], 
      "54": [
        23424, 
        22888, 
        23740, 
        23378
      ], 
      "55": [
        17050, 
        16387, 
        17184, 
        16787
      ], 
      "56": [
        17207, 
        16554, 
        17379, 
        16945
      ], 
      "57": [
        1, 
        1, 
        1, 
        1
      ], 
      "58": [
        4, 
        4, 
        4, 
        4
      ], 
      "59": [
        42, 
        42, 
        42, 
        42
      ], 
      "6": [
        0, 
        0, 
        0, 
        0
      ], 
      "60": [
        1998, 
        1949, 
        1912, 
        1974
      ], 
      "61": [
        138935, 
        137204, 
        138824, 
        138454
      ], 
      "62": [
        332, 
        332, 
        332, 
        332
      ], 
      "63": [
        0, 
        0, 
        0, 
        0
      ], 
      "7": [
        0, 
        0, 
        0, 
        0
      ], 
      "8": [
        0, 
        0, 
        0, 
        0
      ], 
      "9": [
        0, 
        0, 
        0, 
        0
      ]
    }
  }, 
  "features": {
    "GWS": [
      48, 
      48, 
      64
    ], 
    "LWS": [
      4, 
      1, 
      64
    ], 
    "OFFSET": [
      0, 
      0, 
      0
    ], 
    "compiler name": "ARM Mali OpenCL", 
    "compiler version": "5.0", 
    "cpu_freq": 1600, 
    "gpu_freq": 266, 
    "image cols": 2126, 
    "image rows": 2658, 
    "pool_dir": "pool.04", 
    "program version": "c597087", 
    "size": 48
  }, 
  "meta": {
    "device name": "Mali-T628", 
    "device type": "GPU", 
    "device vendor": "ARM", 
    "experiment type": "benchmarking", 
    "kernel name": "calc_histogram", 
    "program name": "Realeyes HOG"
  }, 
  "tags": [
    "demo", 
    "arm", 
    "codegen15"
  ], 
  "work": {
    "repl": 1, 
    "timestamp": "2015-02-25T12:53:57.773120"
  }
}