{
  "characteristics": {
    "cpu": 0.004035, 
    "gpu_copy": 0.013723, 
    "gpu_only": 0.004465, 
    "is_gpu_better": false, 
    "l2 cache and mmu counters": {
      "0": 618405252, 
      "1": 14, 
      "10": 0, 
      "11": 0, 
      "12": 0, 
      "13": 0, 
      "14": 0, 
      "15": 0, 
      "16": 9, 
      "17": 3, 
      "18": 185, 
      "19": 7, 
      "2": 65535, 
      "20": 0, 
      "21": 0, 
      "22": 0, 
      "23": 0, 
      "24": 0, 
      "25": 0, 
      "26": 0, 
      "27": 0, 
      "28": 0, 
      "29": 0, 
      "3": 0, 
      "30": 136, 
      "31": 16154, 
      "32": 740125, 
      "33": 579967, 
      "34": 579032, 
      "35": 55239, 
      "36": 63343, 
      "37": 560084, 
      "38": 0, 
      "39": 92086, 
      "4": 21454, 
      "40": 92075, 
      "41": 449, 
      "42": 0, 
      "43": 91948, 
      "44": 0, 
      "45": 77, 
      "46": 0, 
      "47": 0, 
      "48": 4038, 
      "49": 4038, 
      "5": 183, 
      "50": 39, 
      "51": 33, 
      "52": 6, 
      "53": 2, 
      "54": 0, 
      "55": 0, 
      "56": 0, 
      "57": 103, 
      "58": 2, 
      "59": 0, 
      "6": 78, 
      "60": 0, 
      "61": 15164, 
      "62": 620604, 
      "63": 241421, 
      "7": 380, 
      "8": 140, 
      "9": 0
    }, 
    "shader core counters": {
      "0": [
        618405252, 
        618405252, 
        618405252, 
        618405252
      ], 
      "1": [
        14, 
        14, 
        14, 
        14
      ], 
      "10": [
        0, 
        0, 
        0, 
        0
      ], 
      "11": [
        0, 
        0, 
        0, 
        0
      ], 
      "12": [
        0, 
        0, 
        0, 
        0
      ], 
      "13": [
        0, 
        0, 
        0, 
        0
      ], 
      "14": [
        0, 
        0, 
        0, 
        0
      ], 
      "15": [
        0, 
        0, 
        0, 
        0
      ], 
      "16": [
        0, 
        0, 
        0, 
        0
      ], 
      "17": [
        0, 
        0, 
        0, 
        0
      ], 
      "18": [
        0, 
        0, 
        0, 
        0
      ], 
      "19": [
        0, 
        0, 
        0, 
        0
      ], 
      "2": [
        65535, 
        65535, 
        65535, 
        65535
      ], 
      "20": [
        0, 
        0, 
        0, 
        0
      ], 
      "21": [
        0, 
        0, 
        0, 
        0
      ], 
      "22": [
        1185380, 
        1184357, 
        1187449, 
        1187306
      ], 
      "23": [
        291, 
        280, 
        292, 
        289
      ], 
      "24": [
        37248, 
        35840, 
        37376, 
        36992
      ], 
      "25": [
        4553, 
        5390, 
        5437, 
        4960
      ], 
      "26": [
        1185008, 
        1183972, 
        1187069, 
        1186931
      ], 
      "27": [
        730392, 
        718382, 
        731290, 
        725214
      ], 
      "28": [
        20578, 
        20178, 
        20702, 
        20479
      ], 
      "29": [
        420852, 
        424648, 
        421742, 
        424249
      ], 
      "3": [
        0, 
        0, 
        0, 
        0
      ], 
      "30": [
        0, 
        0, 
        0, 
        0
      ], 
      "31": [
        267293, 
        262348, 
        267600, 
        265563
      ], 
      "32": [
        651067, 
        664042, 
        648725, 
        661437
      ], 
      "33": [
        0, 
        0, 
        0, 
        0
      ], 
      "34": [
        383774, 
        401694, 
        381125, 
        395874
      ], 
      "35": [
        0, 
        0, 
        0, 
        0
      ], 
      "36": [
        0, 
        0, 
        0, 
        0
      ], 
      "37": [
        0, 
        0, 
        0, 
        0
      ], 
      "38": [
        0, 
        0, 
        0, 
        0
      ], 
      "39": [
        0, 
        0, 
        0, 
        0
      ], 
      "4": [
        0, 
        0, 
        0, 
        0
      ], 
      "40": [
        0, 
        0, 
        0, 
        0
      ], 
      "41": [
        0, 
        0, 
        0, 
        0
      ], 
      "42": [
        0, 
        0, 
        0, 
        0
      ], 
      "43": [
        0, 
        0, 
        0, 
        0
      ], 
      "44": [
        0, 
        0, 
        0, 
        0
      ], 
      "45": [
        0, 
        0, 
        0, 
        0
      ], 
      "46": [
        0, 
        0, 
        0, 
        0
      ], 
      "47": [
        0, 
        0, 
        0, 
        0
      ], 
      "48": [
        67578, 
        66202, 
        67424, 
        67018
      ], 
      "49": [
        25556, 
        27551, 
        25451, 
        26560
      ], 
      "5": [
        0, 
        0, 
        0, 
        0
      ], 
      "50": [
        0, 
        0, 
        0, 
        0
      ], 
      "51": [
        0, 
        0, 
        0, 
        0
      ], 
      "52": [
        61066, 
        60374, 
        61304, 
        60801
      ], 
      "53": [
        151670, 
        159708, 
        150511, 
        156694
      ], 
      "54": [
        22905, 
        22843, 
        23169, 
        22852
      ], 
      "55": [
        15743, 
        15930, 
        15718, 
        15731
      ], 
      "56": [
        15846, 
        16030, 
        15811, 
        15840
      ], 
      "57": [
        1, 
        1, 
        1, 
        1
      ], 
      "58": [
        4, 
        4, 
        4, 
        4
      ], 
      "59": [
        42, 
        42, 
        42, 
        42
      ], 
      "6": [
        0, 
        0, 
        0, 
        0
      ], 
      "60": [
        2174, 
        2052, 
        2156, 
        2192
      ], 
      "61": [
        139962, 
        137630, 
        140000, 
        139009
      ], 
      "62": [
        332, 
        332, 
        332, 
        332
      ], 
      "63": [
        0, 
        0, 
        0, 
        0
      ], 
      "7": [
        0, 
        0, 
        0, 
        0
      ], 
      "8": [
        0, 
        0, 
        0, 
        0
      ], 
      "9": [
        0, 
        0, 
        0, 
        0
      ]
    }
  }, 
  "features": {
    "GWS": [
      48, 
      48, 
      64
    ], 
    "LWS": [
      4, 
      1, 
      64
    ], 
    "OFFSET": [
      0, 
      0, 
      0
    ], 
    "compiler name": "ARM Mali OpenCL", 
    "compiler version": "5.0", 
    "cpu_freq": 1600, 
    "gpu_freq": 266, 
    "image cols": 2521, 
    "image rows": 2184, 
    "pool_dir": "pool.20", 
    "program version": "c597087", 
    "size": 48
  }, 
  "meta": {
    "device name": "Mali-T628", 
    "device type": "GPU", 
    "device vendor": "ARM", 
    "experiment type": "benchmarking", 
    "kernel name": "calc_histogram", 
    "program name": "Realeyes HOG"
  }, 
  "tags": [
    "demo", 
    "arm", 
    "codegen15"
  ], 
  "work": {
    "repl": 2, 
    "timestamp": "2015-02-25T13:03:02.319171"
  }
}