{
  "characteristics": {
    "cpu": 0.005737, 
    "gpu_copy": 0.011903, 
    "gpu_only": 0.002458, 
    "is_gpu_better": false, 
    "l2 cache and mmu counters": {
      "0": 3230953139, 
      "1": 12, 
      "10": 0, 
      "11": 0, 
      "12": 0, 
      "13": 0, 
      "14": 0, 
      "15": 0, 
      "16": 8, 
      "17": 3, 
      "18": 253, 
      "19": 4, 
      "2": 65535, 
      "20": 0, 
      "21": 0, 
      "22": 0, 
      "23": 0, 
      "24": 0, 
      "25": 0, 
      "26": 0, 
      "27": 0, 
      "28": 0, 
      "29": 0, 
      "3": 0, 
      "30": 207, 
      "31": 19662, 
      "32": 777066, 
      "33": 598041, 
      "34": 596394, 
      "35": 59246, 
      "36": 68262, 
      "37": 573483, 
      "38": 0, 
      "39": 105802, 
      "4": 30047, 
      "40": 105797, 
      "41": 589, 
      "42": 0, 
      "43": 105623, 
      "44": 0, 
      "45": 105, 
      "46": 0, 
      "47": 0, 
      "48": 4915, 
      "49": 4915, 
      "5": 614, 
      "50": 65, 
      "51": 51, 
      "52": 5, 
      "53": 2, 
      "54": 0, 
      "55": 0, 
      "56": 0, 
      "57": 210, 
      "58": 3, 
      "59": 0, 
      "6": 105, 
      "60": 0, 
      "61": 17977, 
      "62": 638575, 
      "63": 204241, 
      "7": 586, 
      "8": 481, 
      "9": 0
    }, 
    "shader core counters": {
      "0": [
        3230953139, 
        3230953139, 
        3230953139, 
        3230953139
      ], 
      "1": [
        12, 
        12, 
        12, 
        12
      ], 
      "10": [
        0, 
        0, 
        0, 
        0
      ], 
      "11": [
        0, 
        0, 
        0, 
        0
      ], 
      "12": [
        0, 
        0, 
        0, 
        0
      ], 
      "13": [
        0, 
        0, 
        0, 
        0
      ], 
      "14": [
        0, 
        0, 
        0, 
        0
      ], 
      "15": [
        0, 
        0, 
        0, 
        0
      ], 
      "16": [
        0, 
        0, 
        0, 
        0
      ], 
      "17": [
        0, 
        0, 
        0, 
        0
      ], 
      "18": [
        0, 
        0, 
        0, 
        0
      ], 
      "19": [
        0, 
        0, 
        0, 
        0
      ], 
      "2": [
        65535, 
        65535, 
        65535, 
        65535
      ], 
      "20": [
        0, 
        0, 
        0, 
        0
      ], 
      "21": [
        0, 
        0, 
        0, 
        0
      ], 
      "22": [
        1307317, 
        1299888, 
        1305039, 
        1300265
      ], 
      "23": [
        283, 
        287, 
        295, 
        287
      ], 
      "24": [
        36224, 
        36736, 
        37760, 
        36736
      ], 
      "25": [
        3629, 
        5152, 
        5066, 
        3450
      ], 
      "26": [
        1306824, 
        1299382, 
        1304538, 
        1299769
      ], 
      "27": [
        822942, 
        806920, 
        819394, 
        809940
      ], 
      "28": [
        24832, 
        24311, 
        24919, 
        24571
      ], 
      "29": [
        444627, 
        447127, 
        445131, 
        450594
      ], 
      "3": [
        0, 
        0, 
        0, 
        0
      ], 
      "30": [
        0, 
        0, 
        0, 
        0
      ], 
      "31": [
        286866, 
        283614, 
        287732, 
        284134
      ], 
      "32": [
        695885, 
        724335, 
        700778, 
        709194
      ], 
      "33": [
        0, 
        0, 
        0, 
        0
      ], 
      "34": [
        409019, 
        440721, 
        413046, 
        425060
      ], 
      "35": [
        0, 
        0, 
        0, 
        0
      ], 
      "36": [
        0, 
        0, 
        0, 
        0
      ], 
      "37": [
        0, 
        0, 
        0, 
        0
      ], 
      "38": [
        0, 
        0, 
        0, 
        0
      ], 
      "39": [
        0, 
        0, 
        0, 
        0
      ], 
      "4": [
        0, 
        0, 
        0, 
        0
      ], 
      "40": [
        0, 
        0, 
        0, 
        0
      ], 
      "41": [
        0, 
        0, 
        0, 
        0
      ], 
      "42": [
        0, 
        0, 
        0, 
        0
      ], 
      "43": [
        0, 
        0, 
        0, 
        0
      ], 
      "44": [
        0, 
        0, 
        0, 
        0
      ], 
      "45": [
        0, 
        0, 
        0, 
        0
      ], 
      "46": [
        0, 
        0, 
        0, 
        0
      ], 
      "47": [
        0, 
        0, 
        0, 
        0
      ], 
      "48": [
        74134, 
        72587, 
        73801, 
        72877
      ], 
      "49": [
        34685, 
        37398, 
        35310, 
        35764
      ], 
      "5": [
        0, 
        0, 
        0, 
        0
      ], 
      "50": [
        0, 
        0, 
        0, 
        0
      ], 
      "51": [
        0, 
        0, 
        0, 
        0
      ], 
      "52": [
        67097, 
        66431, 
        67050, 
        66467
      ], 
      "53": [
        153261, 
        166820, 
        154492, 
        161024
      ], 
      "54": [
        25890, 
        26832, 
        26619, 
        26509
      ], 
      "55": [
        16536, 
        17275, 
        16932, 
        17077
      ], 
      "56": [
        16771, 
        17512, 
        17158, 
        17307
      ], 
      "57": [
        1, 
        1, 
        1, 
        1
      ], 
      "58": [
        4, 
        4, 
        4, 
        4
      ], 
      "59": [
        43, 
        42, 
        42, 
        44
      ], 
      "6": [
        0, 
        0, 
        0, 
        0
      ], 
      "60": [
        2899, 
        3082, 
        3025, 
        2856
      ], 
      "61": [
        154433, 
        151943, 
        153954, 
        152315
      ], 
      "62": [
        332, 
        332, 
        332, 
        332
      ], 
      "63": [
        16, 
        8, 
        0, 
        16
      ], 
      "7": [
        0, 
        0, 
        0, 
        0
      ], 
      "8": [
        0, 
        0, 
        0, 
        0
      ], 
      "9": [
        0, 
        0, 
        0, 
        0
      ]
    }
  }, 
  "features": {
    "GWS": [
      48, 
      48, 
      64
    ], 
    "LWS": [
      4, 
      1, 
      64
    ], 
    "OFFSET": [
      0, 
      0, 
      0
    ], 
    "compiler name": "ARM Mali OpenCL", 
    "compiler version": "5.0", 
    "cpu_freq": 1600, 
    "gpu_freq": 533, 
    "image cols": 2400, 
    "image rows": 2400, 
    "pool_dir": "pool.19", 
    "program version": "c597087", 
    "size": 48
  }, 
  "meta": {
    "device name": "Mali-T628", 
    "device type": "GPU", 
    "device vendor": "ARM", 
    "experiment type": "benchmarking", 
    "kernel name": "calc_histogram", 
    "program name": "Realeyes HOG"
  }, 
  "tags": [
    "demo", 
    "arm", 
    "codegen15"
  ], 
  "work": {
    "repl": 0, 
    "timestamp": "2015-02-25T12:58:53.320683"
  }
}