{
  "characteristics": {
    "cpu": 0.014499, 
    "gpu_copy": 0.021581, 
    "gpu_only": 0.004734, 
    "is_gpu_better": false, 
    "l2 cache and mmu counters": {
      "0": 2483607787, 
      "1": 25, 
      "10": 0, 
      "11": 0, 
      "12": 0, 
      "13": 0, 
      "14": 0, 
      "15": 0, 
      "16": 9, 
      "17": 3, 
      "18": 246, 
      "19": 5, 
      "2": 65535, 
      "20": 0, 
      "21": 0, 
      "22": 0, 
      "23": 0, 
      "24": 0, 
      "25": 0, 
      "26": 0, 
      "27": 0, 
      "28": 0, 
      "29": 0, 
      "3": 0, 
      "30": 168, 
      "31": 28778, 
      "32": 1663448, 
      "33": 1320259, 
      "34": 1318504, 
      "35": 121266, 
      "36": 135812, 
      "37": 1276970, 
      "38": 0, 
      "39": 201913, 
      "4": 56324, 
      "40": 201904, 
      "41": 944, 
      "42": 0, 
      "43": 201597, 
      "44": 0, 
      "45": 123, 
      "46": 0, 
      "47": 0, 
      "48": 7194, 
      "49": 7194, 
      "5": 583, 
      "50": 59, 
      "51": 41, 
      "52": 6, 
      "53": 2, 
      "54": 0, 
      "55": 0, 
      "56": 0, 
      "57": 283, 
      "58": 3, 
      "59": 0, 
      "6": 152, 
      "60": 0, 
      "61": 34208, 
      "62": 1415930, 
      "63": 608415, 
      "7": 566, 
      "8": 472, 
      "9": 0
    }, 
    "shader core counters": {
      "0": [
        2483607787, 
        2483607787, 
        2483607787, 
        2483607787
      ], 
      "1": [
        25, 
        25, 
        25, 
        25
      ], 
      "10": [
        0, 
        0, 
        0, 
        0
      ], 
      "11": [
        0, 
        0, 
        0, 
        0
      ], 
      "12": [
        0, 
        0, 
        0, 
        0
      ], 
      "13": [
        0, 
        0, 
        0, 
        0
      ], 
      "14": [
        0, 
        0, 
        0, 
        0
      ], 
      "15": [
        0, 
        0, 
        0, 
        0
      ], 
      "16": [
        0, 
        0, 
        0, 
        0
      ], 
      "17": [
        0, 
        0, 
        0, 
        0
      ], 
      "18": [
        0, 
        0, 
        0, 
        0
      ], 
      "19": [
        0, 
        0, 
        0, 
        0
      ], 
      "2": [
        65535, 
        65535, 
        65535, 
        65535
      ], 
      "20": [
        0, 
        0, 
        0, 
        0
      ], 
      "21": [
        0, 
        0, 
        0, 
        0
      ], 
      "22": [
        2515861, 
        2513669, 
        2517895, 
        2518161
      ], 
      "23": [
        515, 
        506, 
        517, 
        510
      ], 
      "24": [
        65920, 
        64768, 
        66176, 
        65280
      ], 
      "25": [
        4166, 
        4091, 
        6048, 
        4085
      ], 
      "26": [
        2515242, 
        2513042, 
        2517273, 
        2517544
      ], 
      "27": [
        1494716, 
        1463978, 
        1497776, 
        1481238
      ], 
      "28": [
        42033, 
        40675, 
        42233, 
        41018
      ], 
      "29": [
        948303, 
        962661, 
        942916, 
        962773
      ], 
      "3": [
        0, 
        0, 
        0, 
        0
      ], 
      "30": [
        0, 
        0, 
        0, 
        0
      ], 
      "31": [
        546447, 
        537279, 
        548207, 
        543553
      ], 
      "32": [
        1451314, 
        1504833, 
        1458780, 
        1478848
      ], 
      "33": [
        0, 
        0, 
        0, 
        0
      ], 
      "34": [
        904867, 
        967554, 
        910573, 
        935295
      ], 
      "35": [
        0, 
        0, 
        0, 
        0
      ], 
      "36": [
        0, 
        0, 
        0, 
        0
      ], 
      "37": [
        0, 
        0, 
        0, 
        0
      ], 
      "38": [
        0, 
        0, 
        0, 
        0
      ], 
      "39": [
        0, 
        0, 
        0, 
        0
      ], 
      "4": [
        0, 
        0, 
        0, 
        0
      ], 
      "40": [
        0, 
        0, 
        0, 
        0
      ], 
      "41": [
        0, 
        0, 
        0, 
        0
      ], 
      "42": [
        0, 
        0, 
        0, 
        0
      ], 
      "43": [
        0, 
        0, 
        0, 
        0
      ], 
      "44": [
        0, 
        0, 
        0, 
        0
      ], 
      "45": [
        0, 
        0, 
        0, 
        0
      ], 
      "46": [
        0, 
        0, 
        0, 
        0
      ], 
      "47": [
        0, 
        0, 
        0, 
        0
      ], 
      "48": [
        131386, 
        128438, 
        131713, 
        130062
      ], 
      "49": [
        70043, 
        77541, 
        70364, 
        72475
      ], 
      "5": [
        0, 
        0, 
        0, 
        0
      ], 
      "50": [
        0, 
        0, 
        0, 
        0
      ], 
      "51": [
        0, 
        0, 
        0, 
        0
      ], 
      "52": [
        137095, 
        135391, 
        137559, 
        137024
      ], 
      "53": [
        353653, 
        380167, 
        356342, 
        368175
      ], 
      "54": [
        50431, 
        50127, 
        50677, 
        50244
      ], 
      "55": [
        33449, 
        34109, 
        33737, 
        33919
      ], 
      "56": [
        33749, 
        34398, 
        34008, 
        34193
      ], 
      "57": [
        1, 
        1, 
        1, 
        1
      ], 
      "58": [
        3, 
        3, 
        3, 
        3
      ], 
      "59": [
        42, 
        42, 
        44, 
        42
      ], 
      "6": [
        0, 
        0, 
        0, 
        0
      ], 
      "60": [
        5615, 
        5419, 
        5638, 
        5439
      ], 
      "61": [
        291847, 
        286687, 
        292743, 
        290192
      ], 
      "62": [
        332, 
        332, 
        332, 
        332
      ], 
      "63": [
        0, 
        0, 
        16, 
        0
      ], 
      "7": [
        0, 
        0, 
        0, 
        0
      ], 
      "8": [
        0, 
        0, 
        0, 
        0
      ], 
      "9": [
        0, 
        0, 
        0, 
        0
      ]
    }
  }, 
  "features": {
    "GWS": [
      64, 
      64, 
      64
    ], 
    "LWS": [
      4, 
      1, 
      64
    ], 
    "OFFSET": [
      0, 
      0, 
      0
    ], 
    "compiler name": "ARM Mali OpenCL", 
    "compiler version": "5.0", 
    "cpu_freq": 800, 
    "gpu_freq": 533, 
    "image cols": 2593, 
    "image rows": 2593, 
    "pool_dir": "pool.02", 
    "program version": "c597087", 
    "size": 64
  }, 
  "meta": {
    "device name": "Mali-T628", 
    "device type": "GPU", 
    "device vendor": "ARM", 
    "experiment type": "benchmarking", 
    "kernel name": "calc_histogram", 
    "program name": "Realeyes HOG"
  }, 
  "tags": [
    "demo", 
    "arm", 
    "codegen15"
  ], 
  "work": {
    "repl": 4, 
    "timestamp": "2015-02-22T02:28:05.423855"
  }
}