{
  "characteristics": {
    "cpu": 0.029552, 
    "gpu_copy": 0.02559, 
    "gpu_only": 0.018283, 
    "is_gpu_better": true, 
    "l2 cache and mmu counters": {
      "0": 1101875859, 
      "1": 13, 
      "10": 0, 
      "11": 0, 
      "12": 0, 
      "13": 0, 
      "14": 0, 
      "15": 0, 
      "16": 9, 
      "17": 2, 
      "18": 264, 
      "19": 6, 
      "2": 65535, 
      "20": 0, 
      "21": 0, 
      "22": 0, 
      "23": 0, 
      "24": 0, 
      "25": 0, 
      "26": 0, 
      "27": 0, 
      "28": 0, 
      "29": 0, 
      "3": 0, 
      "30": 1240, 
      "31": 106366, 
      "32": 6185364, 
      "33": 4860950, 
      "34": 4859638, 
      "35": 462787, 
      "36": 522450, 
      "37": 4670507, 
      "38": 0, 
      "39": 791987, 
      "4": 180837, 
      "40": 791977, 
      "41": 3571, 
      "42": 0, 
      "43": 790789, 
      "44": 0, 
      "45": 274, 
      "46": 0, 
      "47": 0, 
      "48": 26591, 
      "49": 26591, 
      "5": 205, 
      "50": 315, 
      "51": 309, 
      "52": 6, 
      "53": 2, 
      "54": 0, 
      "55": 0, 
      "56": 0, 
      "57": 1240, 
      "58": 1, 
      "59": 0, 
      "6": 95, 
      "60": 0, 
      "61": 130217, 
      "62": 5235755, 
      "63": 1979553, 
      "7": 439, 
      "8": 151, 
      "9": 0
    }, 
    "shader core counters": {
      "0": [
        1101875859, 
        1101875859, 
        1101875859, 
        1101875859
      ], 
      "1": [
        13, 
        13, 
        13, 
        13
      ], 
      "10": [
        0, 
        0, 
        0, 
        0
      ], 
      "11": [
        0, 
        0, 
        0, 
        0
      ], 
      "12": [
        0, 
        0, 
        0, 
        0
      ], 
      "13": [
        0, 
        0, 
        0, 
        0
      ], 
      "14": [
        0, 
        0, 
        0, 
        0
      ], 
      "15": [
        0, 
        0, 
        0, 
        0
      ], 
      "16": [
        0, 
        0, 
        0, 
        0
      ], 
      "17": [
        0, 
        0, 
        0, 
        0
      ], 
      "18": [
        0, 
        0, 
        0, 
        0
      ], 
      "19": [
        0, 
        0, 
        0, 
        0
      ], 
      "2": [
        65535, 
        65535, 
        65535, 
        65535
      ], 
      "20": [
        0, 
        0, 
        0, 
        0
      ], 
      "21": [
        0, 
        0, 
        0, 
        0
      ], 
      "22": [
        9726355, 
        9725355, 
        9716859, 
        9720799
      ], 
      "23": [
        2059, 
        2053, 
        2038, 
        2042
      ], 
      "24": [
        263552, 
        262784, 
        260864, 
        261376
      ], 
      "25": [
        4812, 
        4525, 
        4054, 
        3894
      ], 
      "26": [
        9725898, 
        9724892, 
        9716401, 
        9720346
      ], 
      "27": [
        5893832, 
        5858234, 
        5874854, 
        5856076
      ], 
      "28": [
        169229, 
        167628, 
        167057, 
        167233
      ], 
      "29": [
        3581761, 
        3588841, 
        3591638, 
        3599035
      ], 
      "3": [
        0, 
        0, 
        0, 
        0
      ], 
      "30": [
        0, 
        0, 
        0, 
        0
      ], 
      "31": [
        2136787, 
        2119932, 
        2126557, 
        2121384
      ], 
      "32": [
        5457018, 
        5537479, 
        5468634, 
        5519698
      ], 
      "33": [
        0, 
        0, 
        0, 
        0
      ], 
      "34": [
        3320231, 
        3417547, 
        3342077, 
        3398314
      ], 
      "35": [
        0, 
        0, 
        0, 
        0
      ], 
      "36": [
        0, 
        0, 
        0, 
        0
      ], 
      "37": [
        0, 
        0, 
        0, 
        0
      ], 
      "38": [
        0, 
        0, 
        0, 
        0
      ], 
      "39": [
        0, 
        0, 
        0, 
        0
      ], 
      "4": [
        0, 
        0, 
        0, 
        0
      ], 
      "40": [
        0, 
        0, 
        0, 
        0
      ], 
      "41": [
        0, 
        0, 
        0, 
        0
      ], 
      "42": [
        0, 
        0, 
        0, 
        0
      ], 
      "43": [
        0, 
        0, 
        0, 
        0
      ], 
      "44": [
        0, 
        0, 
        0, 
        0
      ], 
      "45": [
        0, 
        0, 
        0, 
        0
      ], 
      "46": [
        0, 
        0, 
        0, 
        0
      ], 
      "47": [
        0, 
        0, 
        0, 
        0
      ], 
      "48": [
        522071, 
        518749, 
        520296, 
        518551
      ], 
      "49": [
        230154, 
        254318, 
        236085, 
        245494
      ], 
      "5": [
        0, 
        0, 
        0, 
        0
      ], 
      "50": [
        0, 
        0, 
        0, 
        0
      ], 
      "51": [
        0, 
        0, 
        0, 
        0
      ], 
      "52": [
        526381, 
        520978, 
        524022, 
        522612
      ], 
      "53": [
        1285883, 
        1313068, 
        1293049, 
        1311793
      ], 
      "54": [
        199803, 
        197774, 
        201623, 
        200258
      ], 
      "55": [
        129250, 
        126803, 
        130483, 
        129675
      ], 
      "56": [
        132620, 
        130168, 
        133864, 
        133073
      ], 
      "57": [
        1, 
        1, 
        1, 
        1
      ], 
      "58": [
        3, 
        3, 
        3, 
        3
      ], 
      "59": [
        42, 
        42, 
        42, 
        43
      ], 
      "6": [
        0, 
        0, 
        0, 
        0
      ], 
      "60": [
        18296, 
        18173, 
        18118, 
        18158
      ], 
      "61": [
        1141149, 
        1131850, 
        1136694, 
        1133196
      ], 
      "62": [
        332, 
        332, 
        332, 
        332
      ], 
      "63": [
        0, 
        0, 
        8, 
        16
      ], 
      "7": [
        0, 
        0, 
        0, 
        0
      ], 
      "8": [
        0, 
        0, 
        0, 
        0
      ], 
      "9": [
        0, 
        0, 
        0, 
        0
      ]
    }
  }, 
  "features": {
    "GWS": [
      12, 
      12, 
      64
    ], 
    "LWS": [
      4, 
      1, 
      64
    ], 
    "OFFSET": [
      0, 
      0, 
      0
    ], 
    "compiler name": "ARM Mali OpenCL", 
    "compiler version": "5.0", 
    "cpu_freq": 1600, 
    "gpu_freq": 533, 
    "image cols": 2103, 
    "image rows": 2082, 
    "pool_dir": "pool.18", 
    "program version": "c597087", 
    "size": 128
  }, 
  "meta": {
    "device name": "Mali-T628", 
    "device type": "GPU", 
    "device vendor": "ARM", 
    "experiment type": "benchmarking", 
    "kernel name": "calc_histogram", 
    "program name": "Realeyes HOG"
  }, 
  "tags": [
    "demo", 
    "arm", 
    "codegen15"
  ], 
  "work": {
    "repl": 1, 
    "timestamp": "2015-02-22T01:51:20.262478"
  }
}