{
  "characteristics": {
    "cpu": 0.001839, 
    "gpu_copy": 0.002787, 
    "gpu_only": 0.000903, 
    "is_gpu_better": false, 
    "l2 cache and mmu counters": {
      "0": 1407252412, 
      "1": 9, 
      "10": 0, 
      "11": 0, 
      "12": 0, 
      "13": 0, 
      "14": 0, 
      "15": 0, 
      "16": 9, 
      "17": 3, 
      "18": 258, 
      "19": 7, 
      "2": 65535, 
      "20": 0, 
      "21": 0, 
      "22": 0, 
      "23": 0, 
      "24": 0, 
      "25": 0, 
      "26": 0, 
      "27": 0, 
      "28": 0, 
      "29": 0, 
      "3": 0, 
      "30": 107, 
      "31": 6678, 
      "32": 316018, 
      "33": 250683, 
      "34": 249513, 
      "35": 22986, 
      "36": 25847, 
      "37": 242471, 
      "38": 0, 
      "39": 35188, 
      "4": 147, 
      "40": 35183, 
      "41": 168, 
      "42": 0, 
      "43": 35136, 
      "44": 0, 
      "45": 44, 
      "46": 0, 
      "47": 0, 
      "48": 1669, 
      "49": 1669, 
      "5": 59, 
      "50": 31, 
      "51": 26, 
      "52": 5, 
      "53": 2, 
      "54": 0, 
      "55": 0, 
      "56": 0, 
      "57": 0, 
      "58": 7, 
      "59": 0, 
      "6": 75, 
      "60": 0, 
      "61": 6474, 
      "62": 265676, 
      "63": 116539, 
      "7": 98, 
      "8": 26, 
      "9": 0
    }, 
    "shader core counters": {
      "0": [
        1407252412, 
        1407252412, 
        1407252412, 
        1407252412
      ], 
      "1": [
        9, 
        9, 
        9, 
        9
      ], 
      "10": [
        0, 
        0, 
        0, 
        0
      ], 
      "11": [
        0, 
        0, 
        0, 
        0
      ], 
      "12": [
        0, 
        0, 
        0, 
        0
      ], 
      "13": [
        0, 
        0, 
        0, 
        0
      ], 
      "14": [
        0, 
        0, 
        0, 
        0
      ], 
      "15": [
        0, 
        0, 
        0, 
        0
      ], 
      "16": [
        0, 
        0, 
        0, 
        0
      ], 
      "17": [
        0, 
        0, 
        0, 
        0
      ], 
      "18": [
        0, 
        0, 
        0, 
        0
      ], 
      "19": [
        0, 
        0, 
        0, 
        0
      ], 
      "2": [
        65535, 
        65535, 
        65535, 
        65535
      ], 
      "20": [
        0, 
        0, 
        0, 
        0
      ], 
      "21": [
        0, 
        0, 
        0, 
        0
      ], 
      "22": [
        479683, 
        478197, 
        479167, 
        477377
      ], 
      "23": [
        126, 
        130, 
        129, 
        127
      ], 
      "24": [
        16128, 
        16640, 
        16512, 
        16256
      ], 
      "25": [
        3002, 
        6788, 
        7289, 
        3623
      ], 
      "26": [
        479226, 
        477734, 
        478709, 
        476924
      ], 
      "27": [
        284622, 
        282356, 
        283218, 
        283156
      ], 
      "28": [
        7411, 
        7576, 
        7173, 
        7218
      ], 
      "29": [
        176860, 
        175774, 
        177911, 
        177209
      ], 
      "3": [
        0, 
        0, 
        0, 
        0
      ], 
      "30": [
        0, 
        0, 
        0, 
        0
      ], 
      "31": [
        109035, 
        108173, 
        108735, 
        108388
      ], 
      "32": [
        257722, 
        269019, 
        263036, 
        265113
      ], 
      "33": [
        0, 
        0, 
        0, 
        0
      ], 
      "34": [
        148687, 
        160846, 
        154301, 
        156725
      ], 
      "35": [
        0, 
        0, 
        0, 
        0
      ], 
      "36": [
        0, 
        0, 
        0, 
        0
      ], 
      "37": [
        0, 
        0, 
        0, 
        0
      ], 
      "38": [
        0, 
        0, 
        0, 
        0
      ], 
      "39": [
        0, 
        0, 
        0, 
        0
      ], 
      "4": [
        0, 
        0, 
        0, 
        0
      ], 
      "40": [
        0, 
        0, 
        0, 
        0
      ], 
      "41": [
        0, 
        0, 
        0, 
        0
      ], 
      "42": [
        0, 
        0, 
        0, 
        0
      ], 
      "43": [
        0, 
        0, 
        0, 
        0
      ], 
      "44": [
        0, 
        0, 
        0, 
        0
      ], 
      "45": [
        0, 
        0, 
        0, 
        0
      ], 
      "46": [
        0, 
        0, 
        0, 
        0
      ], 
      "47": [
        0, 
        0, 
        0, 
        0
      ], 
      "48": [
        27467, 
        26768, 
        26945, 
        27142
      ], 
      "49": [
        9729, 
        10826, 
        9879, 
        10429
      ], 
      "5": [
        0, 
        0, 
        0, 
        0
      ], 
      "50": [
        0, 
        0, 
        0, 
        0
      ], 
      "51": [
        0, 
        0, 
        0, 
        0
      ], 
      "52": [
        24037, 
        24050, 
        24223, 
        23958
      ], 
      "53": [
        61823, 
        66875, 
        64517, 
        65079
      ], 
      "54": [
        8577, 
        8685, 
        8787, 
        8937
      ], 
      "55": [
        6320, 
        6404, 
        6505, 
        6573
      ], 
      "56": [
        6327, 
        6426, 
        6519, 
        6597
      ], 
      "57": [
        1, 
        1, 
        1, 
        1
      ], 
      "58": [
        3, 
        3, 
        3, 
        3
      ], 
      "59": [
        43, 
        42, 
        42, 
        42
      ], 
      "6": [
        0, 
        0, 
        0, 
        0
      ], 
      "60": [
        16, 
        16, 
        16, 
        18
      ], 
      "61": [
        55709, 
        54986, 
        55351, 
        55278
      ], 
      "62": [
        332, 
        332, 
        332, 
        332
      ], 
      "63": [
        8, 
        0, 
        0, 
        0
      ], 
      "7": [
        0, 
        0, 
        0, 
        0
      ], 
      "8": [
        0, 
        0, 
        0, 
        0
      ], 
      "9": [
        0, 
        0, 
        0, 
        0
      ]
    }
  }, 
  "features": {
    "GWS": [
      32, 
      32, 
      64
    ], 
    "LWS": [
      4, 
      1, 
      64
    ], 
    "OFFSET": [
      0, 
      0, 
      0
    ], 
    "compiler name": "ARM Mali OpenCL", 
    "compiler version": "5.0", 
    "cpu_freq": 1600, 
    "gpu_freq": 533, 
    "image cols": 816, 
    "image rows": 612, 
    "pool_dir": "pool.21", 
    "program version": "c597087", 
    "size": 32
  }, 
  "meta": {
    "device name": "Mali-T628", 
    "device type": "GPU", 
    "device vendor": "ARM", 
    "experiment type": "benchmarking", 
    "kernel name": "calc_histogram", 
    "program name": "Realeyes HOG"
  }, 
  "tags": [
    "demo", 
    "arm", 
    "codegen15"
  ], 
  "work": {
    "repl": 4, 
    "timestamp": "2015-02-25T12:48:40.391396"
  }
}