{
  "characteristics": {
    "cpu": 0.000563, 
    "gpu_copy": 0.010818, 
    "gpu_only": 0.00021, 
    "is_gpu_better": false, 
    "l2 cache and mmu counters": {
      "0": 3689852959, 
      "1": 16, 
      "10": 0, 
      "11": 0, 
      "12": 0, 
      "13": 0, 
      "14": 0, 
      "15": 0, 
      "16": 9, 
      "17": 3, 
      "18": 240, 
      "19": 5, 
      "2": 65535, 
      "20": 0, 
      "21": 0, 
      "22": 0, 
      "23": 0, 
      "24": 0, 
      "25": 0, 
      "26": 0, 
      "27": 0, 
      "28": 0, 
      "29": 0, 
      "3": 0, 
      "30": 86, 
      "31": 2898, 
      "32": 76814, 
      "33": 59741, 
      "34": 58457, 
      "35": 4980, 
      "36": 5403, 
      "37": 57224, 
      "38": 0, 
      "39": 7536, 
      "4": 1321, 
      "40": 7527, 
      "41": 65, 
      "42": 0, 
      "43": 7504, 
      "44": 0, 
      "45": 33, 
      "46": 0, 
      "47": 0, 
      "48": 724, 
      "49": 724, 
      "5": 107, 
      "50": 36, 
      "51": 21, 
      "52": 4, 
      "53": 2, 
      "54": 0, 
      "55": 0, 
      "56": 0, 
      "57": 0, 
      "58": 3, 
      "59": 0, 
      "6": 121, 
      "60": 0, 
      "61": 1792, 
      "62": 59399, 
      "63": 36561, 
      "7": 284, 
      "8": 80, 
      "9": 0
    }, 
    "shader core counters": {
      "0": [
        3689852959, 
        3689852959, 
        3689852959, 
        3689852959
      ], 
      "1": [
        16, 
        16, 
        16, 
        16
      ], 
      "10": [
        0, 
        0, 
        0, 
        0
      ], 
      "11": [
        0, 
        0, 
        0, 
        0
      ], 
      "12": [
        0, 
        0, 
        0, 
        0
      ], 
      "13": [
        0, 
        0, 
        0, 
        0
      ], 
      "14": [
        0, 
        0, 
        0, 
        0
      ], 
      "15": [
        0, 
        0, 
        0, 
        0
      ], 
      "16": [
        0, 
        0, 
        0, 
        0
      ], 
      "17": [
        0, 
        0, 
        0, 
        0
      ], 
      "18": [
        0, 
        0, 
        0, 
        0
      ], 
      "19": [
        0, 
        0, 
        0, 
        0
      ], 
      "2": [
        65535, 
        65535, 
        65535, 
        65535
      ], 
      "20": [
        0, 
        0, 
        0, 
        0
      ], 
      "21": [
        0, 
        0, 
        0, 
        0
      ], 
      "22": [
        110893, 
        110695, 
        111368, 
        110054
      ], 
      "23": [
        32, 
        31, 
        34, 
        31
      ], 
      "24": [
        4096, 
        3968, 
        4352, 
        3968
      ], 
      "25": [
        15760, 
        11396, 
        10938, 
        19671
      ], 
      "26": [
        110410, 
        110199, 
        110877, 
        109568
      ], 
      "27": [
        55586, 
        52396, 
        58806, 
        52908
      ], 
      "28": [
        1326, 
        1144, 
        1326, 
        1125
      ], 
      "29": [
        40930, 
        44369, 
        43660, 
        42139
      ], 
      "3": [
        0, 
        0, 
        0, 
        0
      ], 
      "30": [
        0, 
        0, 
        0, 
        0
      ], 
      "31": [
        23269, 
        22389, 
        24199, 
        22246
      ], 
      "32": [
        64555, 
        70295, 
        67541, 
        65760
      ], 
      "33": [
        0, 
        0, 
        0, 
        0
      ], 
      "34": [
        41286, 
        47906, 
        43342, 
        43514
      ], 
      "35": [
        0, 
        0, 
        0, 
        0
      ], 
      "36": [
        0, 
        0, 
        0, 
        0
      ], 
      "37": [
        0, 
        0, 
        0, 
        0
      ], 
      "38": [
        0, 
        0, 
        0, 
        0
      ], 
      "39": [
        0, 
        0, 
        0, 
        0
      ], 
      "4": [
        0, 
        0, 
        0, 
        0
      ], 
      "40": [
        0, 
        0, 
        0, 
        0
      ], 
      "41": [
        0, 
        0, 
        0, 
        0
      ], 
      "42": [
        0, 
        0, 
        0, 
        0
      ], 
      "43": [
        0, 
        0, 
        0, 
        0
      ], 
      "44": [
        0, 
        0, 
        0, 
        0
      ], 
      "45": [
        0, 
        0, 
        0, 
        0
      ], 
      "46": [
        0, 
        0, 
        0, 
        0
      ], 
      "47": [
        0, 
        0, 
        0, 
        0
      ], 
      "48": [
        5884, 
        5413, 
        5974, 
        5428
      ], 
      "49": [
        3048, 
        3705, 
        3269, 
        3042
      ], 
      "5": [
        0, 
        0, 
        0, 
        0
      ], 
      "50": [
        0, 
        0, 
        0, 
        0
      ], 
      "51": [
        0, 
        0, 
        0, 
        0
      ], 
      "52": [
        4578, 
        4638, 
        4875, 
        4567
      ], 
      "53": [
        16483, 
        19009, 
        17109, 
        17446
      ], 
      "54": [
        1793, 
        1860, 
        1945, 
        1853
      ], 
      "55": [
        1313, 
        1338, 
        1417, 
        1343
      ], 
      "56": [
        1315, 
        1341, 
        1406, 
        1344
      ], 
      "57": [
        1, 
        1, 
        1, 
        1
      ], 
      "58": [
        4, 
        4, 
        4, 
        4
      ], 
      "59": [
        42, 
        42, 
        44, 
        42
      ], 
      "6": [
        0, 
        0, 
        0, 
        0
      ], 
      "60": [
        107, 
        151, 
        142, 
        127
      ], 
      "61": [
        11170, 
        10766, 
        11627, 
        10695
      ], 
      "62": [
        332, 
        332, 
        0, 
        332
      ], 
      "63": [
        0, 
        0, 
        24, 
        0
      ], 
      "7": [
        0, 
        0, 
        0, 
        0
      ], 
      "8": [
        0, 
        0, 
        0, 
        0
      ], 
      "9": [
        0, 
        0, 
        0, 
        0
      ]
    }
  }, 
  "features": {
    "GWS": [
      16, 
      16, 
      64
    ], 
    "LWS": [
      4, 
      1, 
      64
    ], 
    "OFFSET": [
      0, 
      0, 
      0
    ], 
    "compiler name": "ARM Mali OpenCL", 
    "compiler version": "5.0", 
    "cpu_freq": 1600, 
    "gpu_freq": 533, 
    "image cols": 3600, 
    "image rows": 1800, 
    "pool_dir": "pool.17", 
    "program version": "c597087", 
    "size": 16
  }, 
  "meta": {
    "device name": "Mali-T628", 
    "device type": "GPU", 
    "device vendor": "ARM", 
    "experiment type": "benchmarking", 
    "kernel name": "calc_histogram", 
    "program name": "Realeyes HOG"
  }, 
  "tags": [
    "demo", 
    "arm", 
    "codegen15"
  ], 
  "work": {
    "repl": 3, 
    "timestamp": "2015-02-22T02:02:04.863469"
  }
}