{
  "characteristics": {
    "cpu": 0.029043, 
    "gpu_copy": 0.040888, 
    "gpu_only": 0.02401, 
    "is_gpu_better": false, 
    "l2 cache and mmu counters": {
      "0": 210015106, 
      "1": 17, 
      "10": 0, 
      "11": 0, 
      "12": 0, 
      "13": 0, 
      "14": 0, 
      "15": 0, 
      "16": 9, 
      "17": 3, 
      "18": 175, 
      "19": 7, 
      "2": 65535, 
      "20": 0, 
      "21": 0, 
      "22": 0, 
      "23": 0, 
      "24": 0, 
      "25": 0, 
      "26": 0, 
      "27": 0, 
      "28": 0, 
      "29": 0, 
      "3": 0, 
      "30": 212, 
      "31": 40974, 
      "32": 4658178, 
      "33": 0, 
      "34": 3862656, 
      "35": 317775, 
      "36": 357483, 
      "37": 3752092, 
      "38": 0, 
      "39": 431707, 
      "4": 43973, 
      "40": 431702, 
      "41": 985, 
      "42": 0, 
      "43": 431398, 
      "44": 0, 
      "45": 93, 
      "46": 0, 
      "47": 0, 
      "48": 10243, 
      "49": 10243, 
      "5": 258, 
      "50": 58, 
      "51": 52, 
      "52": 6, 
      "53": 2, 
      "54": 0, 
      "55": 0, 
      "56": 0, 
      "57": 118, 
      "58": 1, 
      "59": 0, 
      "6": 106, 
      "60": 0, 
      "61": 97835, 
      "62": 4069734, 
      "63": 2731340, 
      "7": 257, 
      "8": 228, 
      "9": 0
    }, 
    "shader core counters": {
      "0": [
        210015106, 
        210015106, 
        210015106, 
        210015106
      ], 
      "1": [
        17, 
        17, 
        17, 
        17
      ], 
      "10": [
        0, 
        0, 
        0, 
        0
      ], 
      "11": [
        0, 
        0, 
        0, 
        0
      ], 
      "12": [
        0, 
        0, 
        0, 
        0
      ], 
      "13": [
        0, 
        0, 
        0, 
        0
      ], 
      "14": [
        0, 
        0, 
        0, 
        0
      ], 
      "15": [
        0, 
        0, 
        0, 
        0
      ], 
      "16": [
        0, 
        0, 
        0, 
        0
      ], 
      "17": [
        0, 
        0, 
        0, 
        0
      ], 
      "18": [
        0, 
        0, 
        0, 
        0
      ], 
      "19": [
        0, 
        0, 
        0, 
        0
      ], 
      "2": [
        65535, 
        65535, 
        65535, 
        65535
      ], 
      "20": [
        0, 
        0, 
        0, 
        0
      ], 
      "21": [
        0, 
        0, 
        0, 
        0
      ], 
      "22": [
        6383870, 
        6385989, 
        6386264, 
        6386551
      ], 
      "23": [
        2085, 
        1984, 
        2094, 
        2029
      ], 
      "24": [
        266880, 
        253952, 
        268032, 
        259712
      ], 
      "25": [
        218087, 
        342959, 
        219699, 
        314639
      ], 
      "26": [
        6383494, 
        6385605, 
        6385885, 
        6386177
      ], 
      "27": [
        3542344, 
        3383724, 
        3556290, 
        3448904
      ], 
      "28": [
        76636, 
        70542, 
        76592, 
        72758
      ], 
      "29": [
        2661393, 
        2754673, 
        2664942, 
        2735073
      ], 
      "3": [
        0, 
        0, 
        0, 
        0
      ], 
      "30": [
        0, 
        0, 
        0, 
        0
      ], 
      "31": [
        1483831, 
        1424462, 
        1491948, 
        1450973
      ], 
      "32": [
        4159874, 
        4368775, 
        4129379, 
        4282043
      ], 
      "33": [
        0, 
        0, 
        0, 
        0
      ], 
      "34": [
        2676043, 
        2944313, 
        2637431, 
        2831070
      ], 
      "35": [
        0, 
        0, 
        0, 
        0
      ], 
      "36": [
        0, 
        0, 
        0, 
        0
      ], 
      "37": [
        0, 
        0, 
        0, 
        0
      ], 
      "38": [
        0, 
        0, 
        0, 
        0
      ], 
      "39": [
        0, 
        0, 
        0, 
        0
      ], 
      "4": [
        0, 
        0, 
        0, 
        0
      ], 
      "40": [
        0, 
        0, 
        0, 
        0
      ], 
      "41": [
        0, 
        0, 
        0, 
        0
      ], 
      "42": [
        0, 
        0, 
        0, 
        0
      ], 
      "43": [
        0, 
        0, 
        0, 
        0
      ], 
      "44": [
        0, 
        0, 
        0, 
        0
      ], 
      "45": [
        0, 
        0, 
        0, 
        0
      ], 
      "46": [
        0, 
        0, 
        0, 
        0
      ], 
      "47": [
        0, 
        0, 
        0, 
        0
      ], 
      "48": [
        369303, 
        352890, 
        371363, 
        359243
      ], 
      "49": [
        134403, 
        152450, 
        130255, 
        143206
      ], 
      "5": [
        0, 
        0, 
        0, 
        0
      ], 
      "50": [
        0, 
        0, 
        0, 
        0
      ], 
      "51": [
        0, 
        0, 
        0, 
        0
      ], 
      "52": [
        296167, 
        286563, 
        297858, 
        291930
      ], 
      "53": [
        1152653, 
        1272532, 
        1137112, 
        1223159
      ], 
      "54": [
        108908, 
        105962, 
        108890, 
        107584
      ], 
      "55": [
        90082, 
        87462, 
        90096, 
        88986
      ], 
      "56": [
        90504, 
        87889, 
        90522, 
        89369
      ], 
      "57": [
        1, 
        1, 
        1, 
        1
      ], 
      "58": [
        4, 
        4, 
        4, 
        4
      ], 
      "59": [
        42, 
        44, 
        43, 
        42
      ], 
      "6": [
        0, 
        0, 
        0, 
        0
      ], 
      "60": [
        4882, 
        4643, 
        4712, 
        4679
      ], 
      "61": [
        712759, 
        684371, 
        716658, 
        697130
      ], 
      "62": [
        332, 
        332, 
        332, 
        332
      ], 
      "63": [
        0, 
        24, 
        8, 
        0
      ], 
      "7": [
        0, 
        0, 
        0, 
        0
      ], 
      "8": [
        0, 
        0, 
        0, 
        0
      ], 
      "9": [
        0, 
        0, 
        0, 
        0
      ]
    }
  }, 
  "features": {
    "GWS": [
      12, 
      12, 
      64
    ], 
    "LWS": [
      4, 
      1, 
      64
    ], 
    "OFFSET": [
      0, 
      0, 
      0
    ], 
    "compiler name": "ARM Mali OpenCL", 
    "compiler version": "5.0", 
    "cpu_freq": 800, 
    "gpu_freq": 266, 
    "image cols": 3600, 
    "image rows": 1800, 
    "pool_dir": "pool.17", 
    "program version": "c597087", 
    "size": 128
  }, 
  "meta": {
    "device name": "Mali-T628", 
    "device type": "GPU", 
    "device vendor": "ARM", 
    "experiment type": "benchmarking", 
    "kernel name": "calc_histogram", 
    "program name": "Realeyes HOG"
  }, 
  "tags": [
    "demo", 
    "arm", 
    "codegen15"
  ], 
  "work": {
    "repl": 4, 
    "timestamp": "2015-02-22T02:02:39.015507"
  }
}