{
  "characteristics": {
    "cpu": 0.005569, 
    "gpu_copy": 0.009131, 
    "gpu_only": 0.007241, 
    "is_gpu_better": false, 
    "l2 cache and mmu counters": {
      "0": 631086294, 
      "1": 13, 
      "10": 0, 
      "11": 0, 
      "12": 0, 
      "13": 0, 
      "14": 0, 
      "15": 0, 
      "16": 8, 
      "17": 2, 
      "18": 161, 
      "19": 4, 
      "2": 65535, 
      "20": 0, 
      "21": 0, 
      "22": 0, 
      "23": 0, 
      "24": 0, 
      "25": 0, 
      "26": 0, 
      "27": 0, 
      "28": 0, 
      "29": 0, 
      "3": 0, 
      "30": 140, 
      "31": 15270, 
      "32": 1289508, 
      "33": 1038482, 
      "34": 1037598, 
      "35": 93732, 
      "36": 106126, 
      "37": 1007248, 
      "38": 0, 
      "39": 140229, 
      "4": 151, 
      "40": 140224, 
      "41": 389, 
      "42": 0, 
      "43": 140091, 
      "44": 0, 
      "45": 58, 
      "46": 0, 
      "47": 0, 
      "48": 3817, 
      "49": 3817, 
      "5": 50, 
      "50": 40, 
      "51": 34, 
      "52": 6, 
      "53": 2, 
      "54": 0, 
      "55": 0, 
      "56": 0, 
      "57": 0, 
      "58": 4, 
      "59": 0, 
      "6": 49, 
      "60": 0, 
      "61": 26296, 
      "62": 1108535, 
      "63": 512797, 
      "7": 88, 
      "8": 27, 
      "9": 0
    }, 
    "shader core counters": {
      "0": [
        631086294, 
        631086294, 
        631086294, 
        631086294
      ], 
      "1": [
        13, 
        13, 
        13, 
        13
      ], 
      "10": [
        0, 
        0, 
        0, 
        0
      ], 
      "11": [
        0, 
        0, 
        0, 
        0
      ], 
      "12": [
        0, 
        0, 
        0, 
        0
      ], 
      "13": [
        0, 
        0, 
        0, 
        0
      ], 
      "14": [
        0, 
        0, 
        0, 
        0
      ], 
      "15": [
        0, 
        0, 
        0, 
        0
      ], 
      "16": [
        0, 
        0, 
        0, 
        0
      ], 
      "17": [
        0, 
        0, 
        0, 
        0
      ], 
      "18": [
        0, 
        0, 
        0, 
        0
      ], 
      "19": [
        0, 
        0, 
        0, 
        0
      ], 
      "2": [
        65535, 
        65535, 
        65535, 
        65535
      ], 
      "20": [
        0, 
        0, 
        0, 
        0
      ], 
      "21": [
        0, 
        0, 
        0, 
        0
      ], 
      "22": [
        1924814, 
        1924142, 
        1924486, 
        1925855
      ], 
      "23": [
        517, 
        511, 
        514, 
        506
      ], 
      "24": [
        66176, 
        65408, 
        65792, 
        64768
      ], 
      "25": [
        5602, 
        6346, 
        4311, 
        5014
      ], 
      "26": [
        1924440, 
        1923756, 
        1924105, 
        1925479
      ], 
      "27": [
        1163960, 
        1142346, 
        1155078, 
        1144520
      ], 
      "28": [
        30753, 
        29811, 
        30282, 
        29684
      ], 
      "29": [
        712713, 
        727212, 
        722443, 
        730948
      ], 
      "3": [
        0, 
        0, 
        0, 
        0
      ], 
      "30": [
        0, 
        0, 
        0, 
        0
      ], 
      "31": [
        442910, 
        436327, 
        440886, 
        437576
      ], 
      "32": [
        1057532, 
        1105427, 
        1076836, 
        1091857
      ], 
      "33": [
        0, 
        0, 
        0, 
        0
      ], 
      "34": [
        614622, 
        669100, 
        635950, 
        654281
      ], 
      "35": [
        0, 
        0, 
        0, 
        0
      ], 
      "36": [
        0, 
        0, 
        0, 
        0
      ], 
      "37": [
        0, 
        0, 
        0, 
        0
      ], 
      "38": [
        0, 
        0, 
        0, 
        0
      ], 
      "39": [
        0, 
        0, 
        0, 
        0
      ], 
      "4": [
        0, 
        0, 
        0, 
        0
      ], 
      "40": [
        0, 
        0, 
        0, 
        0
      ], 
      "41": [
        0, 
        0, 
        0, 
        0
      ], 
      "42": [
        0, 
        0, 
        0, 
        0
      ], 
      "43": [
        0, 
        0, 
        0, 
        0
      ], 
      "44": [
        0, 
        0, 
        0, 
        0
      ], 
      "45": [
        0, 
        0, 
        0, 
        0
      ], 
      "46": [
        0, 
        0, 
        0, 
        0
      ], 
      "47": [
        0, 
        0, 
        0, 
        0
      ], 
      "48": [
        110859, 
        108354, 
        109836, 
        109489
      ], 
      "49": [
        35994, 
        40397, 
        36303, 
        40520
      ], 
      "5": [
        0, 
        0, 
        0, 
        0
      ], 
      "50": [
        0, 
        0, 
        0, 
        0
      ], 
      "51": [
        0, 
        0, 
        0, 
        0
      ], 
      "52": [
        98419, 
        97643, 
        98435, 
        97376
      ], 
      "53": [
        260102, 
        283634, 
        270769, 
        276025
      ], 
      "54": [
        34166, 
        35183, 
        35397, 
        35186
      ], 
      "55": [
        25791, 
        26533, 
        26884, 
        26649
      ], 
      "56": [
        25903, 
        26639, 
        27009, 
        26767
      ], 
      "57": [
        1, 
        1, 
        1, 
        1
      ], 
      "58": [
        3, 
        3, 
        3, 
        3
      ], 
      "59": [
        42, 
        42, 
        42, 
        43
      ], 
      "6": [
        0, 
        0, 
        0, 
        0
      ], 
      "60": [
        16, 
        17, 
        17, 
        16
      ], 
      "61": [
        226531, 
        222931, 
        225427, 
        223992
      ], 
      "62": [
        332, 
        332, 
        332, 
        332
      ], 
      "63": [
        0, 
        0, 
        0, 
        8
      ], 
      "7": [
        0, 
        0, 
        0, 
        0
      ], 
      "8": [
        0, 
        0, 
        0, 
        0
      ], 
      "9": [
        0, 
        0, 
        0, 
        0
      ]
    }
  }, 
  "features": {
    "GWS": [
      64, 
      64, 
      64
    ], 
    "LWS": [
      4, 
      1, 
      64
    ], 
    "OFFSET": [
      0, 
      0, 
      0
    ], 
    "compiler name": "ARM Mali OpenCL", 
    "compiler version": "5.0", 
    "cpu_freq": 1600, 
    "gpu_freq": 266, 
    "image cols": 816, 
    "image rows": 612, 
    "pool_dir": "pool.21", 
    "program version": "c597087", 
    "size": 64
  }, 
  "meta": {
    "device name": "Mali-T628", 
    "device type": "GPU", 
    "device vendor": "ARM", 
    "experiment type": "benchmarking", 
    "kernel name": "calc_histogram", 
    "program name": "Realeyes HOG"
  }, 
  "tags": [
    "demo", 
    "arm", 
    "codegen15"
  ], 
  "work": {
    "repl": 2, 
    "timestamp": "2015-02-22T01:51:00.531041"
  }
}