{
  "characteristics": {
    "cpu": 0.005257, 
    "gpu_copy": 0.006549, 
    "gpu_only": 0.003521, 
    "is_gpu_better": false, 
    "l2 cache and mmu counters": {
      "0": 1548917719, 
      "1": 16, 
      "10": 0, 
      "11": 0, 
      "12": 0, 
      "13": 0, 
      "14": 0, 
      "15": 0, 
      "16": 8, 
      "17": 3, 
      "18": 241, 
      "19": 4, 
      "2": 65535, 
      "20": 0, 
      "21": 0, 
      "22": 0, 
      "23": 0, 
      "24": 0, 
      "25": 0, 
      "26": 0, 
      "27": 0, 
      "28": 0, 
      "29": 0, 
      "3": 0, 
      "30": 111, 
      "31": 15662, 
      "32": 1327512, 
      "33": 1086602, 
      "34": 1085347, 
      "35": 92271, 
      "36": 103326, 
      "37": 1053279, 
      "38": 0, 
      "39": 133007, 
      "4": 3339, 
      "40": 133002, 
      "41": 381, 
      "42": 0, 
      "43": 132908, 
      "44": 0, 
      "45": 76, 
      "46": 0, 
      "47": 0, 
      "48": 3915, 
      "49": 3915, 
      "5": 78, 
      "50": 35, 
      "51": 27, 
      "52": 5, 
      "53": 2, 
      "54": 0, 
      "55": 0, 
      "56": 0, 
      "57": 147, 
      "58": 3, 
      "59": 0, 
      "6": 79, 
      "60": 0, 
      "61": 28713, 
      "62": 1147639, 
      "63": 665742, 
      "7": 140, 
      "8": 42, 
      "9": 0
    }, 
    "shader core counters": {
      "0": [
        1548917719, 
        1548917719, 
        1548917719, 
        1548917719
      ], 
      "1": [
        16, 
        16, 
        16, 
        16
      ], 
      "10": [
        0, 
        0, 
        0, 
        0
      ], 
      "11": [
        0, 
        0, 
        0, 
        0
      ], 
      "12": [
        0, 
        0, 
        0, 
        0
      ], 
      "13": [
        0, 
        0, 
        0, 
        0
      ], 
      "14": [
        0, 
        0, 
        0, 
        0
      ], 
      "15": [
        0, 
        0, 
        0, 
        0
      ], 
      "16": [
        0, 
        0, 
        0, 
        0
      ], 
      "17": [
        0, 
        0, 
        0, 
        0
      ], 
      "18": [
        0, 
        0, 
        0, 
        0
      ], 
      "19": [
        0, 
        0, 
        0, 
        0
      ], 
      "2": [
        65535, 
        65535, 
        65535, 
        65535
      ], 
      "20": [
        0, 
        0, 
        0, 
        0
      ], 
      "21": [
        0, 
        0, 
        0, 
        0
      ], 
      "22": [
        1870335, 
        1872424, 
        1872206, 
        1870538
      ], 
      "23": [
        521, 
        506, 
        513, 
        508
      ], 
      "24": [
        66688, 
        64768, 
        65664, 
        65024
      ], 
      "25": [
        32660, 
        54271, 
        25166, 
        29636
      ], 
      "26": [
        1869876, 
        1871961, 
        1871748, 
        1870074
      ], 
      "27": [
        1088032, 
        1061976, 
        1084146, 
        1065228
      ], 
      "28": [
        27590, 
        26403, 
        26854, 
        25971
      ], 
      "29": [
        726690, 
        740663, 
        736159, 
        750055
      ], 
      "3": [
        0, 
        0, 
        0, 
        0
      ], 
      "30": [
        0, 
        0, 
        0, 
        0
      ], 
      "31": [
        425322, 
        416015, 
        423951, 
        418836
      ], 
      "32": [
        1132948, 
        1167915, 
        1132874, 
        1163824
      ], 
      "33": [
        0, 
        0, 
        0, 
        0
      ], 
      "34": [
        707626, 
        751900, 
        708923, 
        744988
      ], 
      "35": [
        0, 
        0, 
        0, 
        0
      ], 
      "36": [
        0, 
        0, 
        0, 
        0
      ], 
      "37": [
        0, 
        0, 
        0, 
        0
      ], 
      "38": [
        0, 
        0, 
        0, 
        0
      ], 
      "39": [
        0, 
        0, 
        0, 
        0
      ], 
      "4": [
        0, 
        0, 
        0, 
        0
      ], 
      "40": [
        0, 
        0, 
        0, 
        0
      ], 
      "41": [
        0, 
        0, 
        0, 
        0
      ], 
      "42": [
        0, 
        0, 
        0, 
        0
      ], 
      "43": [
        0, 
        0, 
        0, 
        0
      ], 
      "44": [
        0, 
        0, 
        0, 
        0
      ], 
      "45": [
        0, 
        0, 
        0, 
        0
      ], 
      "46": [
        0, 
        0, 
        0, 
        0
      ], 
      "47": [
        0, 
        0, 
        0, 
        0
      ], 
      "48": [
        105089, 
        102869, 
        105354, 
        103347
      ], 
      "49": [
        40101, 
        45232, 
        40260, 
        42925
      ], 
      "5": [
        0, 
        0, 
        0, 
        0
      ], 
      "50": [
        0, 
        0, 
        0, 
        0
      ], 
      "51": [
        0, 
        0, 
        0, 
        0
      ], 
      "52": [
        93337, 
        91227, 
        92535, 
        92130
      ], 
      "53": [
        302154, 
        319823, 
        302804, 
        318555
      ], 
      "54": [
        32669, 
        32793, 
        33505, 
        33739
      ], 
      "55": [
        25447, 
        25245, 
        26108, 
        26269
      ], 
      "56": [
        25548, 
        25349, 
        26220, 
        26384
      ], 
      "57": [
        1, 
        1, 
        1, 
        1
      ], 
      "58": [
        3, 
        3, 
        3, 
        3
      ], 
      "59": [
        42, 
        44, 
        42, 
        42
      ], 
      "6": [
        0, 
        0, 
        0, 
        0
      ], 
      "60": [
        396, 
        401, 
        401, 
        389
      ], 
      "61": [
        214121, 
        209363, 
        213583, 
        210882
      ], 
      "62": [
        332, 
        0, 
        332, 
        332
      ], 
      "63": [
        0, 
        24, 
        0, 
        8
      ], 
      "7": [
        0, 
        0, 
        0, 
        0
      ], 
      "8": [
        0, 
        0, 
        0, 
        0
      ], 
      "9": [
        0, 
        0, 
        0, 
        0
      ]
    }
  }, 
  "features": {
    "GWS": [
      64, 
      64, 
      64
    ], 
    "LWS": [
      4, 
      1, 
      64
    ], 
    "OFFSET": [
      0, 
      0, 
      0
    ], 
    "compiler name": "ARM Mali OpenCL", 
    "compiler version": "5.0", 
    "cpu_freq": 1600, 
    "gpu_freq": 533, 
    "image cols": 1232, 
    "image rows": 820, 
    "pool_dir": "pool.09", 
    "program version": "c597087", 
    "size": 64
  }, 
  "meta": {
    "device name": "Mali-T628", 
    "device type": "GPU", 
    "device vendor": "ARM", 
    "experiment type": "benchmarking", 
    "kernel name": "calc_histogram", 
    "program name": "Realeyes HOG"
  }, 
  "tags": [
    "demo", 
    "arm", 
    "codegen15"
  ], 
  "work": {
    "repl": 4, 
    "timestamp": "2015-02-22T02:00:35.672390"
  }
}