{
  "characteristics": {
    "cpu": 0.001661, 
    "gpu_copy": 0.003836, 
    "gpu_only": 0.00181, 
    "is_gpu_better": false, 
    "l2 cache and mmu counters": {
      "0": 627283208, 
      "1": 11, 
      "10": 0, 
      "11": 0, 
      "12": 0, 
      "13": 0, 
      "14": 0, 
      "15": 0, 
      "16": 8, 
      "17": 3, 
      "18": 162, 
      "19": 4, 
      "2": 65535, 
      "20": 0, 
      "21": 0, 
      "22": 0, 
      "23": 0, 
      "24": 0, 
      "25": 0, 
      "26": 0, 
      "27": 0, 
      "28": 0, 
      "29": 0, 
      "3": 0, 
      "30": 111, 
      "31": 6722, 
      "32": 326833, 
      "33": 260547, 
      "34": 259763, 
      "35": 23296, 
      "36": 26257, 
      "37": 251833, 
      "38": 0, 
      "39": 35747, 
      "4": 146, 
      "40": 35742, 
      "41": 167, 
      "42": 0, 
      "43": 35700, 
      "44": 0, 
      "45": 67, 
      "46": 0, 
      "47": 0, 
      "48": 1680, 
      "49": 1680, 
      "5": 56, 
      "50": 32, 
      "51": 27, 
      "52": 5, 
      "53": 2, 
      "54": 0, 
      "55": 28, 
      "56": 0, 
      "57": 0, 
      "58": 1, 
      "59": 0, 
      "6": 44, 
      "60": 0, 
      "61": 6775, 
      "62": 276540, 
      "63": 130499, 
      "7": 74, 
      "8": 26, 
      "9": 0
    }, 
    "shader core counters": {
      "0": [
        627283208, 
        627283208, 
        627283208, 
        627283208
      ], 
      "1": [
        11, 
        11, 
        11, 
        11
      ], 
      "10": [
        0, 
        0, 
        0, 
        0
      ], 
      "11": [
        0, 
        0, 
        0, 
        0
      ], 
      "12": [
        0, 
        0, 
        0, 
        0
      ], 
      "13": [
        0, 
        0, 
        0, 
        0
      ], 
      "14": [
        0, 
        0, 
        0, 
        0
      ], 
      "15": [
        0, 
        0, 
        0, 
        0
      ], 
      "16": [
        0, 
        0, 
        0, 
        0
      ], 
      "17": [
        0, 
        0, 
        0, 
        0
      ], 
      "18": [
        0, 
        0, 
        0, 
        0
      ], 
      "19": [
        0, 
        0, 
        0, 
        0
      ], 
      "2": [
        65535, 
        65535, 
        65535, 
        65535
      ], 
      "20": [
        0, 
        0, 
        0, 
        0
      ], 
      "21": [
        0, 
        0, 
        0, 
        0
      ], 
      "22": [
        480736, 
        479926, 
        480080, 
        481173
      ], 
      "23": [
        126, 
        127, 
        128, 
        131
      ], 
      "24": [
        16128, 
        16256, 
        16384, 
        16768
      ], 
      "25": [
        7050, 
        5159, 
        4615, 
        5441
      ], 
      "26": [
        480390, 
        479574, 
        479733, 
        480831
      ], 
      "27": [
        283030, 
        279672, 
        283530, 
        285556
      ], 
      "28": [
        7170, 
        7298, 
        7285, 
        7416
      ], 
      "29": [
        183634, 
        181102, 
        181549, 
        179650
      ], 
      "3": [
        0, 
        0, 
        0, 
        0
      ], 
      "30": [
        0, 
        0, 
        0, 
        0
      ], 
      "31": [
        108773, 
        107364, 
        108638, 
        109145
      ], 
      "32": [
        269814, 
        275431, 
        271323, 
        271605
      ], 
      "33": [
        0, 
        0, 
        0, 
        0
      ], 
      "34": [
        161041, 
        168067, 
        162685, 
        162460
      ], 
      "35": [
        0, 
        0, 
        0, 
        0
      ], 
      "36": [
        0, 
        0, 
        0, 
        0
      ], 
      "37": [
        0, 
        0, 
        0, 
        0
      ], 
      "38": [
        0, 
        0, 
        0, 
        0
      ], 
      "39": [
        0, 
        0, 
        0, 
        0
      ], 
      "4": [
        0, 
        0, 
        0, 
        0
      ], 
      "40": [
        0, 
        0, 
        0, 
        0
      ], 
      "41": [
        0, 
        0, 
        0, 
        0
      ], 
      "42": [
        0, 
        0, 
        0, 
        0
      ], 
      "43": [
        0, 
        0, 
        0, 
        0
      ], 
      "44": [
        0, 
        0, 
        0, 
        0
      ], 
      "45": [
        0, 
        0, 
        0, 
        0
      ], 
      "46": [
        0, 
        0, 
        0, 
        0
      ], 
      "47": [
        0, 
        0, 
        0, 
        0
      ], 
      "48": [
        27316, 
        26700, 
        27100, 
        27205
      ], 
      "49": [
        10521, 
        11484, 
        10752, 
        10666
      ], 
      "5": [
        0, 
        0, 
        0, 
        0
      ], 
      "50": [
        0, 
        0, 
        0, 
        0
      ], 
      "51": [
        0, 
        0, 
        0, 
        0
      ], 
      "52": [
        24050, 
        23810, 
        24091, 
        24112
      ], 
      "53": [
        67367, 
        69824, 
        67877, 
        67690
      ], 
      "54": [
        9106, 
        8856, 
        8979, 
        8638
      ], 
      "55": [
        6686, 
        6558, 
        6628, 
        6331
      ], 
      "56": [
        6700, 
        6585, 
        6657, 
        6343
      ], 
      "57": [
        1, 
        1, 
        1, 
        1
      ], 
      "58": [
        3, 
        3, 
        3, 
        3
      ], 
      "59": [
        42, 
        42, 
        42, 
        42
      ], 
      "6": [
        0, 
        0, 
        0, 
        0
      ], 
      "60": [
        16, 
        18, 
        16, 
        17
      ], 
      "61": [
        55546, 
        54682, 
        55363, 
        55528
      ], 
      "62": [
        332, 
        332, 
        332, 
        332
      ], 
      "63": [
        0, 
        0, 
        0, 
        0
      ], 
      "7": [
        0, 
        0, 
        0, 
        0
      ], 
      "8": [
        0, 
        0, 
        0, 
        0
      ], 
      "9": [
        0, 
        0, 
        0, 
        0
      ]
    }
  }, 
  "features": {
    "GWS": [
      32, 
      32, 
      64
    ], 
    "LWS": [
      4, 
      1, 
      64
    ], 
    "OFFSET": [
      0, 
      0, 
      0
    ], 
    "compiler name": "ARM Mali OpenCL", 
    "compiler version": "5.0", 
    "cpu_freq": 1600, 
    "gpu_freq": 266, 
    "image cols": 816, 
    "image rows": 612, 
    "pool_dir": "pool.21", 
    "program version": "c597087", 
    "size": 32
  }, 
  "meta": {
    "device name": "Mali-T628", 
    "device type": "GPU", 
    "device vendor": "ARM", 
    "experiment type": "benchmarking", 
    "kernel name": "calc_histogram", 
    "program name": "Realeyes HOG"
  }, 
  "tags": [
    "demo", 
    "arm", 
    "codegen15"
  ], 
  "work": {
    "repl": 3, 
    "timestamp": "2015-02-25T12:54:05.807052"
  }
}