{
  "characteristics": {
    "cpu": 0.004777, 
    "gpu_copy": 0.01559, 
    "gpu_only": 0.001585, 
    "is_gpu_better": false, 
    "l2 cache and mmu counters": {
      "0": 1243575056, 
      "1": 14, 
      "10": 0, 
      "11": 0, 
      "12": 0, 
      "13": 0, 
      "14": 0, 
      "15": 0, 
      "16": 9, 
      "17": 2, 
      "18": 254, 
      "19": 7, 
      "2": 65535, 
      "20": 0, 
      "21": 0, 
      "22": 0, 
      "23": 0, 
      "24": 0, 
      "25": 0, 
      "26": 0, 
      "27": 0, 
      "28": 0, 
      "29": 0, 
      "3": 0, 
      "30": 96, 
      "31": 11002, 
      "32": 512394, 
      "33": 404705, 
      "34": 403400, 
      "35": 37985, 
      "36": 44435, 
      "37": 388197, 
      "38": 0, 
      "39": 58849, 
      "4": 9766, 
      "40": 58844, 
      "41": 284, 
      "42": 0, 
      "43": 58748, 
      "44": 0, 
      "45": 64, 
      "46": 0, 
      "47": 0, 
      "48": 2750, 
      "49": 2750, 
      "5": 162, 
      "50": 29, 
      "51": 23, 
      "52": 6, 
      "53": 2, 
      "54": 0, 
      "55": 0, 
      "56": 0, 
      "57": 65, 
      "58": 3, 
      "59": 0, 
      "6": 114, 
      "60": 0, 
      "61": 13503, 
      "62": 420265, 
      "63": 164413, 
      "7": 341, 
      "8": 120, 
      "9": 0
    }, 
    "shader core counters": {
      "0": [
        1243575056, 
        1243575056, 
        1243575056, 
        1243575056
      ], 
      "1": [
        14, 
        14, 
        14, 
        14
      ], 
      "10": [
        0, 
        0, 
        0, 
        0
      ], 
      "11": [
        0, 
        0, 
        0, 
        0
      ], 
      "12": [
        0, 
        0, 
        0, 
        0
      ], 
      "13": [
        0, 
        0, 
        0, 
        0
      ], 
      "14": [
        0, 
        0, 
        0, 
        0
      ], 
      "15": [
        0, 
        0, 
        0, 
        0
      ], 
      "16": [
        0, 
        0, 
        0, 
        0
      ], 
      "17": [
        0, 
        0, 
        0, 
        0
      ], 
      "18": [
        0, 
        0, 
        0, 
        0
      ], 
      "19": [
        0, 
        0, 
        0, 
        0
      ], 
      "2": [
        65535, 
        65535, 
        65535, 
        65535
      ], 
      "20": [
        0, 
        0, 
        0, 
        0
      ], 
      "21": [
        0, 
        0, 
        0, 
        0
      ], 
      "22": [
        841652, 
        842214, 
        842835, 
        843106
      ], 
      "23": [
        288, 
        289, 
        287, 
        288
      ], 
      "24": [
        36864, 
        36992, 
        36736, 
        36864
      ], 
      "25": [
        20371, 
        25101, 
        33724, 
        16346
      ], 
      "26": [
        841187, 
        841740, 
        842366, 
        842642
      ], 
      "27": [
        527110, 
        522350, 
        523588, 
        526036
      ], 
      "28": [
        14351, 
        14106, 
        14192, 
        14048
      ], 
      "29": [
        283179, 
        286809, 
        285781, 
        289422
      ], 
      "3": [
        0, 
        0, 
        0, 
        0
      ], 
      "30": [
        0, 
        0, 
        0, 
        0
      ], 
      "31": [
        202841, 
        201084, 
        201171, 
        202768
      ], 
      "32": [
        445470, 
        457068, 
        450803, 
        456910
      ], 
      "33": [
        0, 
        0, 
        0, 
        0
      ], 
      "34": [
        242629, 
        255984, 
        249632, 
        254142
      ], 
      "35": [
        0, 
        0, 
        0, 
        0
      ], 
      "36": [
        0, 
        0, 
        0, 
        0
      ], 
      "37": [
        0, 
        0, 
        0, 
        0
      ], 
      "38": [
        0, 
        0, 
        0, 
        0
      ], 
      "39": [
        0, 
        0, 
        0, 
        0
      ], 
      "4": [
        0, 
        0, 
        0, 
        0
      ], 
      "40": [
        0, 
        0, 
        0, 
        0
      ], 
      "41": [
        0, 
        0, 
        0, 
        0
      ], 
      "42": [
        0, 
        0, 
        0, 
        0
      ], 
      "43": [
        0, 
        0, 
        0, 
        0
      ], 
      "44": [
        0, 
        0, 
        0, 
        0
      ], 
      "45": [
        0, 
        0, 
        0, 
        0
      ], 
      "46": [
        0, 
        0, 
        0, 
        0
      ], 
      "47": [
        0, 
        0, 
        0, 
        0
      ], 
      "48": [
        55071, 
        54125, 
        54324, 
        55035
      ], 
      "49": [
        13477, 
        14140, 
        13349, 
        13879
      ], 
      "5": [
        0, 
        0, 
        0, 
        0
      ], 
      "50": [
        0, 
        0, 
        0, 
        0
      ], 
      "51": [
        0, 
        0, 
        0, 
        0
      ], 
      "52": [
        37064, 
        37074, 
        37021, 
        37028
      ], 
      "53": [
        96980, 
        102779, 
        100355, 
        102199
      ], 
      "54": [
        14169, 
        14865, 
        14920, 
        14762
      ], 
      "55": [
        10611, 
        11162, 
        11275, 
        11234
      ], 
      "56": [
        10694, 
        11223, 
        11348, 
        11306
      ], 
      "57": [
        1, 
        1, 
        1, 
        1
      ], 
      "58": [
        3, 
        3, 
        3, 
        3
      ], 
      "59": [
        42, 
        42, 
        42, 
        42
      ], 
      "6": [
        0, 
        0, 
        0, 
        0
      ], 
      "60": [
        981, 
        1046, 
        1048, 
        1004
      ], 
      "61": [
        99720, 
        98762, 
        98853, 
        99684
      ], 
      "62": [
        332, 
        332, 
        332, 
        332
      ], 
      "63": [
        0, 
        0, 
        8, 
        0
      ], 
      "7": [
        0, 
        0, 
        0, 
        0
      ], 
      "8": [
        0, 
        0, 
        0, 
        0
      ], 
      "9": [
        0, 
        0, 
        0, 
        0
      ]
    }
  }, 
  "features": {
    "GWS": [
      48, 
      48, 
      64
    ], 
    "LWS": [
      4, 
      1, 
      64
    ], 
    "OFFSET": [
      0, 
      0, 
      0
    ], 
    "compiler name": "ARM Mali OpenCL", 
    "compiler version": "5.0", 
    "cpu_freq": 800, 
    "gpu_freq": 533, 
    "image cols": 3000, 
    "image rows": 1639, 
    "pool_dir": "pool.11", 
    "program version": "c597087", 
    "size": 48
  }, 
  "meta": {
    "device name": "Mali-T628", 
    "device type": "GPU", 
    "device vendor": "ARM", 
    "experiment type": "benchmarking", 
    "kernel name": "calc_histogram", 
    "program name": "Realeyes HOG"
  }, 
  "tags": [
    "demo", 
    "arm", 
    "codegen15"
  ], 
  "work": {
    "repl": 4, 
    "timestamp": "2015-02-25T13:03:28.573161"
  }
}