{
  "characteristics": {
    "cpu": 0.005106, 
    "gpu_copy": 0.00636, 
    "gpu_only": 0.003505, 
    "is_gpu_better": false, 
    "l2 cache and mmu counters": {
      "0": 3691148824, 
      "1": 19, 
      "10": 0, 
      "11": 0, 
      "12": 0, 
      "13": 0, 
      "14": 0, 
      "15": 0, 
      "16": 9, 
      "17": 3, 
      "18": 272, 
      "19": 7, 
      "2": 65535, 
      "20": 0, 
      "21": 0, 
      "22": 0, 
      "23": 0, 
      "24": 0, 
      "25": 0, 
      "26": 0, 
      "27": 0, 
      "28": 0, 
      "29": 0, 
      "3": 0, 
      "30": 123, 
      "31": 15594, 
      "32": 1329271, 
      "33": 1088532, 
      "34": 1087266, 
      "35": 92344, 
      "36": 103182, 
      "37": 1056226, 
      "38": 0, 
      "39": 132954, 
      "4": 3520, 
      "40": 132949, 
      "41": 422, 
      "42": 0, 
      "43": 132835, 
      "44": 0, 
      "45": 72, 
      "46": 0, 
      "47": 0, 
      "48": 3898, 
      "49": 3898, 
      "5": 77, 
      "50": 35, 
      "51": 30, 
      "52": 5, 
      "53": 2, 
      "54": 0, 
      "55": 0, 
      "56": 0, 
      "57": 167, 
      "58": 4, 
      "59": 0, 
      "6": 98, 
      "60": 0, 
      "61": 27887, 
      "62": 1151903, 
      "63": 660818, 
      "7": 152, 
      "8": 41, 
      "9": 0
    }, 
    "shader core counters": {
      "0": [
        3691148824, 
        3691148824, 
        3691148824, 
        3691148824
      ], 
      "1": [
        19, 
        19, 
        19, 
        19
      ], 
      "10": [
        0, 
        0, 
        0, 
        0
      ], 
      "11": [
        0, 
        0, 
        0, 
        0
      ], 
      "12": [
        0, 
        0, 
        0, 
        0
      ], 
      "13": [
        0, 
        0, 
        0, 
        0
      ], 
      "14": [
        0, 
        0, 
        0, 
        0
      ], 
      "15": [
        0, 
        0, 
        0, 
        0
      ], 
      "16": [
        0, 
        0, 
        0, 
        0
      ], 
      "17": [
        0, 
        0, 
        0, 
        0
      ], 
      "18": [
        0, 
        0, 
        0, 
        0
      ], 
      "19": [
        0, 
        0, 
        0, 
        0
      ], 
      "2": [
        65535, 
        65535, 
        65535, 
        65535
      ], 
      "20": [
        0, 
        0, 
        0, 
        0
      ], 
      "21": [
        0, 
        0, 
        0, 
        0
      ], 
      "22": [
        1863986, 
        1864656, 
        1862366, 
        1864242
      ], 
      "23": [
        518, 
        508, 
        518, 
        504
      ], 
      "24": [
        66304, 
        65024, 
        66304, 
        64512
      ], 
      "25": [
        24710, 
        31216, 
        21270, 
        19175
      ], 
      "26": [
        1863378, 
        1864042, 
        1861757, 
        1863638
      ], 
      "27": [
        1077622, 
        1065066, 
        1084484, 
        1061080
      ], 
      "28": [
        26889, 
        26173, 
        26872, 
        25776
      ], 
      "29": [
        732604, 
        738056, 
        725740, 
        748434
      ], 
      "3": [
        0, 
        0, 
        0, 
        0
      ], 
      "30": [
        0, 
        0, 
        0, 
        0
      ], 
      "31": [
        422925, 
        418160, 
        424319, 
        417396
      ], 
      "32": [
        1127995, 
        1160671, 
        1123188, 
        1161416
      ], 
      "33": [
        0, 
        0, 
        0, 
        0
      ], 
      "34": [
        705070, 
        742511, 
        698869, 
        744020
      ], 
      "35": [
        0, 
        0, 
        0, 
        0
      ], 
      "36": [
        0, 
        0, 
        0, 
        0
      ], 
      "37": [
        0, 
        0, 
        0, 
        0
      ], 
      "38": [
        0, 
        0, 
        0, 
        0
      ], 
      "39": [
        0, 
        0, 
        0, 
        0
      ], 
      "4": [
        0, 
        0, 
        0, 
        0
      ], 
      "40": [
        0, 
        0, 
        0, 
        0
      ], 
      "41": [
        0, 
        0, 
        0, 
        0
      ], 
      "42": [
        0, 
        0, 
        0, 
        0
      ], 
      "43": [
        0, 
        0, 
        0, 
        0
      ], 
      "44": [
        0, 
        0, 
        0, 
        0
      ], 
      "45": [
        0, 
        0, 
        0, 
        0
      ], 
      "46": [
        0, 
        0, 
        0, 
        0
      ], 
      "47": [
        0, 
        0, 
        0, 
        0
      ], 
      "48": [
        104606, 
        103491, 
        105228, 
        103335
      ], 
      "49": [
        40688, 
        44676, 
        39699, 
        41937
      ], 
      "5": [
        0, 
        0, 
        0, 
        0
      ], 
      "50": [
        0, 
        0, 
        0, 
        0
      ], 
      "51": [
        0, 
        0, 
        0, 
        0
      ], 
      "52": [
        92602, 
        91664, 
        92699, 
        91602
      ], 
      "53": [
        300460, 
        315190, 
        298118, 
        318715
      ], 
      "54": [
        33211, 
        32851, 
        33249, 
        33258
      ], 
      "55": [
        25742, 
        25427, 
        25762, 
        26034
      ], 
      "56": [
        25844, 
        25512, 
        25870, 
        26123
      ], 
      "57": [
        1, 
        1, 
        1, 
        1
      ], 
      "58": [
        3, 
        3, 
        3, 
        3
      ], 
      "59": [
        42, 
        43, 
        42, 
        42
      ], 
      "6": [
        0, 
        0, 
        0, 
        0
      ], 
      "60": [
        425, 
        455, 
        395, 
        390
      ], 
      "61": [
        212834, 
        210560, 
        213627, 
        210266
      ], 
      "62": [
        332, 
        332, 
        332, 
        332
      ], 
      "63": [
        0, 
        16, 
        0, 
        0
      ], 
      "7": [
        0, 
        0, 
        0, 
        0
      ], 
      "8": [
        0, 
        0, 
        0, 
        0
      ], 
      "9": [
        0, 
        0, 
        0, 
        0
      ]
    }
  }, 
  "features": {
    "GWS": [
      64, 
      64, 
      64
    ], 
    "LWS": [
      4, 
      1, 
      64
    ], 
    "OFFSET": [
      0, 
      0, 
      0
    ], 
    "compiler name": "ARM Mali OpenCL", 
    "compiler version": "5.0", 
    "cpu_freq": 1600, 
    "gpu_freq": 533, 
    "image cols": 1232, 
    "image rows": 820, 
    "pool_dir": "pool.09", 
    "program version": "c597087", 
    "size": 64
  }, 
  "meta": {
    "device name": "Mali-T628", 
    "device type": "GPU", 
    "device vendor": "ARM", 
    "experiment type": "benchmarking", 
    "kernel name": "calc_histogram", 
    "program name": "Realeyes HOG"
  }, 
  "tags": [
    "demo", 
    "arm", 
    "codegen15"
  ], 
  "work": {
    "repl": 0, 
    "timestamp": "2015-02-22T02:11:01.785981"
  }
}