{
  "characteristics": {
    "cpu": 0.004146, 
    "gpu_copy": 0.010264, 
    "gpu_only": 0.002582, 
    "is_gpu_better": false, 
    "l2 cache and mmu counters": {
      "0": 2602678544, 
      "1": 16, 
      "10": 0, 
      "11": 0, 
      "12": 0, 
      "13": 0, 
      "14": 0, 
      "15": 0, 
      "16": 9, 
      "17": 3, 
      "18": 269, 
      "19": 7, 
      "2": 65535, 
      "20": 0, 
      "21": 0, 
      "22": 0, 
      "23": 0, 
      "24": 0, 
      "25": 0, 
      "26": 0, 
      "27": 0, 
      "28": 0, 
      "29": 0, 
      "3": 0, 
      "30": 307, 
      "31": 20814, 
      "32": 887315, 
      "33": 700956, 
      "34": 699658, 
      "35": 65287, 
      "36": 73447, 
      "37": 671540, 
      "38": 0, 
      "39": 108024, 
      "4": 26238, 
      "40": 108013, 
      "41": 567, 
      "42": 0, 
      "43": 107864, 
      "44": 0, 
      "45": 102, 
      "46": 0, 
      "47": 0, 
      "48": 5203, 
      "49": 5203, 
      "5": 182, 
      "50": 81, 
      "51": 76, 
      "52": 5, 
      "53": 2, 
      "54": 0, 
      "55": 0, 
      "56": 0, 
      "57": 335, 
      "58": 1, 
      "59": 0, 
      "6": 97, 
      "60": 0, 
      "61": 18897, 
      "62": 749032, 
      "63": 309221, 
      "7": 545, 
      "8": 126, 
      "9": 0
    }, 
    "shader core counters": {
      "0": [
        2602678544, 
        2602678544, 
        2602678544, 
        2602678544
      ], 
      "1": [
        16, 
        16, 
        16, 
        16
      ], 
      "10": [
        0, 
        0, 
        0, 
        0
      ], 
      "11": [
        0, 
        0, 
        0, 
        0
      ], 
      "12": [
        0, 
        0, 
        0, 
        0
      ], 
      "13": [
        0, 
        0, 
        0, 
        0
      ], 
      "14": [
        0, 
        0, 
        0, 
        0
      ], 
      "15": [
        0, 
        0, 
        0, 
        0
      ], 
      "16": [
        0, 
        0, 
        0, 
        0
      ], 
      "17": [
        0, 
        0, 
        0, 
        0
      ], 
      "18": [
        0, 
        0, 
        0, 
        0
      ], 
      "19": [
        0, 
        0, 
        0, 
        0
      ], 
      "2": [
        65535, 
        65535, 
        65535, 
        65535
      ], 
      "20": [
        0, 
        0, 
        0, 
        0
      ], 
      "21": [
        0, 
        0, 
        0, 
        0
      ], 
      "22": [
        1372249, 
        1372092, 
        1373303, 
        1370824
      ], 
      "23": [
        291, 
        282, 
        297, 
        282
      ], 
      "24": [
        37248, 
        36096, 
        38016, 
        36096
      ], 
      "25": [
        3594, 
        8331, 
        4010, 
        8225
      ], 
      "26": [
        1371794, 
        1371629, 
        1372846, 
        1370370
      ], 
      "27": [
        823356, 
        815320, 
        826928, 
        813342
      ], 
      "28": [
        23654, 
        23414, 
        23648, 
        23152
      ], 
      "29": [
        505599, 
        508641, 
        502225, 
        509986
      ], 
      "3": [
        0, 
        0, 
        0, 
        0
      ], 
      "30": [
        0, 
        0, 
        0, 
        0
      ], 
      "31": [
        298898, 
        295727, 
        299951, 
        294757
      ], 
      "32": [
        776726, 
        786343, 
        774324, 
        793636
      ], 
      "33": [
        0, 
        0, 
        0, 
        0
      ], 
      "34": [
        477828, 
        490616, 
        474373, 
        498879
      ], 
      "35": [
        0, 
        0, 
        0, 
        0
      ], 
      "36": [
        0, 
        0, 
        0, 
        0
      ], 
      "37": [
        0, 
        0, 
        0, 
        0
      ], 
      "38": [
        0, 
        0, 
        0, 
        0
      ], 
      "39": [
        0, 
        0, 
        0, 
        0
      ], 
      "4": [
        0, 
        0, 
        0, 
        0
      ], 
      "40": [
        0, 
        0, 
        0, 
        0
      ], 
      "41": [
        0, 
        0, 
        0, 
        0
      ], 
      "42": [
        0, 
        0, 
        0, 
        0
      ], 
      "43": [
        0, 
        0, 
        0, 
        0
      ], 
      "44": [
        0, 
        0, 
        0, 
        0
      ], 
      "45": [
        0, 
        0, 
        0, 
        0
      ], 
      "46": [
        0, 
        0, 
        0, 
        0
      ], 
      "47": [
        0, 
        0, 
        0, 
        0
      ], 
      "48": [
        72993, 
        72442, 
        73230, 
        72214
      ], 
      "49": [
        33743, 
        34312, 
        33609, 
        34308
      ], 
      "5": [
        0, 
        0, 
        0, 
        0
      ], 
      "50": [
        0, 
        0, 
        0, 
        0
      ], 
      "51": [
        0, 
        0, 
        0, 
        0
      ], 
      "52": [
        73425, 
        72855, 
        73355, 
        72534
      ], 
      "53": [
        184462, 
        190165, 
        182267, 
        194226
      ], 
      "54": [
        27158, 
        26859, 
        27156, 
        27894
      ], 
      "55": [
        18193, 
        17832, 
        17926, 
        18609
      ], 
      "56": [
        18677, 
        18320, 
        18397, 
        19106
      ], 
      "57": [
        1, 
        1, 
        1, 
        1
      ], 
      "58": [
        3, 
        3, 
        3, 
        3
      ], 
      "59": [
        42, 
        42, 
        42, 
        42
      ], 
      "6": [
        0, 
        0, 
        0, 
        0
      ], 
      "60": [
        2592, 
        2583, 
        2641, 
        2727
      ], 
      "61": [
        159321, 
        158071, 
        159579, 
        157534
      ], 
      "62": [
        332, 
        332, 
        332, 
        332
      ], 
      "63": [
        0, 
        0, 
        0, 
        0
      ], 
      "7": [
        0, 
        0, 
        0, 
        0
      ], 
      "8": [
        0, 
        0, 
        0, 
        0
      ], 
      "9": [
        0, 
        0, 
        0, 
        0
      ]
    }
  }, 
  "features": {
    "GWS": [
      48, 
      48, 
      64
    ], 
    "LWS": [
      4, 
      1, 
      64
    ], 
    "OFFSET": [
      0, 
      0, 
      0
    ], 
    "compiler name": "ARM Mali OpenCL", 
    "compiler version": "5.0", 
    "cpu_freq": 1600, 
    "gpu_freq": 533, 
    "image cols": 2103, 
    "image rows": 2082, 
    "pool_dir": "pool.18", 
    "program version": "c597087", 
    "size": 48
  }, 
  "meta": {
    "device name": "Mali-T628", 
    "device type": "GPU", 
    "device vendor": "ARM", 
    "experiment type": "benchmarking", 
    "kernel name": "calc_histogram", 
    "program name": "Realeyes HOG"
  }, 
  "tags": [
    "demo", 
    "arm", 
    "codegen15"
  ], 
  "work": {
    "repl": 1, 
    "timestamp": "2015-02-25T13:10:22.895699"
  }
}