{
  "characteristics": {
    "cpu": 0.003193, 
    "gpu_copy": 0.004064, 
    "gpu_only": 0.001895, 
    "is_gpu_better": false, 
    "l2 cache and mmu counters": {
      "0": 2714972826, 
      "1": 14, 
      "10": 0, 
      "11": 0, 
      "12": 0, 
      "13": 0, 
      "14": 0, 
      "15": 0, 
      "16": 8, 
      "17": 2, 
      "18": 247, 
      "19": 4, 
      "2": 65535, 
      "20": 0, 
      "21": 0, 
      "22": 0, 
      "23": 0, 
      "24": 0, 
      "25": 0, 
      "26": 0, 
      "27": 0, 
      "28": 0, 
      "29": 0, 
      "3": 0, 
      "30": 163, 
      "31": 9198, 
      "32": 714494, 
      "33": 586586, 
      "34": 585363, 
      "35": 48821, 
      "36": 54766, 
      "37": 566005, 
      "38": 0, 
      "39": 68797, 
      "4": 376, 
      "40": 68792, 
      "41": 193, 
      "42": 0, 
      "43": 68745, 
      "44": 0, 
      "45": 47, 
      "46": 0, 
      "47": 0, 
      "48": 2299, 
      "49": 2299, 
      "5": 57, 
      "50": 55, 
      "51": 40, 
      "52": 5, 
      "53": 2, 
      "54": 0, 
      "55": 0, 
      "56": 0, 
      "57": 57, 
      "58": 9, 
      "59": 0, 
      "6": 69, 
      "60": 0, 
      "61": 16978, 
      "62": 612381, 
      "63": 381855, 
      "7": 91, 
      "8": 30, 
      "9": 0
    }, 
    "shader core counters": {
      "0": [
        2714972826, 
        2714972826, 
        2714972826, 
        2714972826
      ], 
      "1": [
        14, 
        14, 
        14, 
        14
      ], 
      "10": [
        0, 
        0, 
        0, 
        0
      ], 
      "11": [
        0, 
        0, 
        0, 
        0
      ], 
      "12": [
        0, 
        0, 
        0, 
        0
      ], 
      "13": [
        0, 
        0, 
        0, 
        0
      ], 
      "14": [
        0, 
        0, 
        0, 
        0
      ], 
      "15": [
        0, 
        0, 
        0, 
        0
      ], 
      "16": [
        0, 
        0, 
        0, 
        0
      ], 
      "17": [
        0, 
        0, 
        0, 
        0
      ], 
      "18": [
        0, 
        0, 
        0, 
        0
      ], 
      "19": [
        0, 
        0, 
        0, 
        0
      ], 
      "2": [
        65535, 
        65535, 
        65535, 
        65535
      ], 
      "20": [
        0, 
        0, 
        0, 
        0
      ], 
      "21": [
        0, 
        0, 
        0, 
        0
      ], 
      "22": [
        1004249, 
        1007745, 
        1006516, 
        1008224
      ], 
      "23": [
        296, 
        282, 
        293, 
        281
      ], 
      "24": [
        37888, 
        36096, 
        37504, 
        35968
      ], 
      "25": [
        47068, 
        86873, 
        54724, 
        104777
      ], 
      "26": [
        1003792, 
        1007282, 
        1006058, 
        1007771
      ], 
      "27": [
        566944, 
        537884, 
        564334, 
        537782
      ], 
      "28": [
        13419, 
        12496, 
        13229, 
        12288
      ], 
      "29": [
        399629, 
        409734, 
        402921, 
        407854
      ], 
      "3": [
        0, 
        0, 
        0, 
        0
      ], 
      "30": [
        0, 
        0, 
        0, 
        0
      ], 
      "31": [
        228247, 
        218283, 
        227986, 
        217439
      ], 
      "32": [
        620077, 
        656085, 
        624477, 
        640479
      ], 
      "33": [
        0, 
        0, 
        0, 
        0
      ], 
      "34": [
        391830, 
        437802, 
        396491, 
        423040
      ], 
      "35": [
        0, 
        0, 
        0, 
        0
      ], 
      "36": [
        0, 
        0, 
        0, 
        0
      ], 
      "37": [
        0, 
        0, 
        0, 
        0
      ], 
      "38": [
        0, 
        0, 
        0, 
        0
      ], 
      "39": [
        0, 
        0, 
        0, 
        0
      ], 
      "4": [
        0, 
        0, 
        0, 
        0
      ], 
      "40": [
        0, 
        0, 
        0, 
        0
      ], 
      "41": [
        0, 
        0, 
        0, 
        0
      ], 
      "42": [
        0, 
        0, 
        0, 
        0
      ], 
      "43": [
        0, 
        0, 
        0, 
        0
      ], 
      "44": [
        0, 
        0, 
        0, 
        0
      ], 
      "45": [
        0, 
        0, 
        0, 
        0
      ], 
      "46": [
        0, 
        0, 
        0, 
        0
      ], 
      "47": [
        0, 
        0, 
        0, 
        0
      ], 
      "48": [
        56514, 
        53598, 
        56894, 
        53480
      ], 
      "49": [
        22139, 
        25590, 
        22469, 
        25152
      ], 
      "5": [
        0, 
        0, 
        0, 
        0
      ], 
      "50": [
        0, 
        0, 
        0, 
        0
      ], 
      "51": [
        0, 
        0, 
        0, 
        0
      ], 
      "52": [
        48219, 
        46557, 
        47893, 
        46315
      ], 
      "53": [
        170002, 
        189906, 
        171870, 
        182804
      ], 
      "54": [
        17291, 
        17141, 
        17326, 
        17064
      ], 
      "55": [
        13699, 
        13538, 
        13806, 
        13525
      ], 
      "56": [
        13815, 
        13633, 
        13913, 
        13621
      ], 
      "57": [
        1, 
        1, 
        1, 
        1
      ], 
      "58": [
        3, 
        3, 
        3, 
        3
      ], 
      "59": [
        42, 
        43, 
        42, 
        43
      ], 
      "6": [
        0, 
        0, 
        0, 
        0
      ], 
      "60": [
        46, 
        37, 
        49, 
        41
      ], 
      "61": [
        112651, 
        107709, 
        112645, 
        107307
      ], 
      "62": [
        332, 
        332, 
        332, 
        332
      ], 
      "63": [
        0, 
        8, 
        0, 
        8
      ], 
      "7": [
        0, 
        0, 
        0, 
        0
      ], 
      "8": [
        0, 
        0, 
        0, 
        0
      ], 
      "9": [
        0, 
        0, 
        0, 
        0
      ]
    }
  }, 
  "features": {
    "GWS": [
      48, 
      48, 
      64
    ], 
    "LWS": [
      4, 
      1, 
      64
    ], 
    "OFFSET": [
      0, 
      0, 
      0
    ], 
    "compiler name": "ARM Mali OpenCL", 
    "compiler version": "5.0", 
    "cpu_freq": 1600, 
    "gpu_freq": 533, 
    "image cols": 1064, 
    "image rows": 629, 
    "pool_dir": "pool.07", 
    "program version": "c597087", 
    "size": 48
  }, 
  "meta": {
    "device name": "Mali-T628", 
    "device type": "GPU", 
    "device vendor": "ARM", 
    "experiment type": "benchmarking", 
    "kernel name": "calc_histogram", 
    "program name": "Realeyes HOG"
  }, 
  "tags": [
    "demo", 
    "arm", 
    "codegen15"
  ], 
  "work": {
    "repl": 0, 
    "timestamp": "2015-02-25T13:04:29.680960"
  }
}