{
  "characteristics": {
    "cpu": 0.000778, 
    "gpu_copy": 0.008726, 
    "gpu_only": 0.000617, 
    "is_gpu_better": false, 
    "l2 cache and mmu counters": {
      "0": 3724654107, 
      "1": 19, 
      "10": 0, 
      "11": 0, 
      "12": 0, 
      "13": 0, 
      "14": 0, 
      "15": 0, 
      "16": 9, 
      "17": 3, 
      "18": 180, 
      "19": 7, 
      "2": 65535, 
      "20": 0, 
      "21": 0, 
      "22": 0, 
      "23": 0, 
      "24": 0, 
      "25": 0, 
      "26": 0, 
      "27": 0, 
      "28": 0, 
      "29": 0, 
      "3": 0, 
      "30": 114, 
      "31": 5234, 
      "32": 104130, 
      "33": 78661, 
      "34": 77789, 
      "35": 7370, 
      "36": 8114, 
      "37": 75053, 
      "38": 0, 
      "39": 13117, 
      "4": 2813, 
      "40": 13112, 
      "41": 121, 
      "42": 0, 
      "43": 13080, 
      "44": 0, 
      "45": 59, 
      "46": 0, 
      "47": 0, 
      "48": 1308, 
      "49": 1308, 
      "5": 152, 
      "50": 32, 
      "51": 28, 
      "52": 4, 
      "53": 2, 
      "54": 0, 
      "55": 0, 
      "56": 0, 
      "57": 0, 
      "58": 3, 
      "59": 0, 
      "6": 81, 
      "60": 0, 
      "61": 2161, 
      "62": 82245, 
      "63": 35037, 
      "7": 352, 
      "8": 111, 
      "9": 0
    }, 
    "shader core counters": {
      "0": [
        3724654107, 
        3724654107, 
        3724654107, 
        3724654107
      ], 
      "1": [
        19, 
        19, 
        19, 
        19
      ], 
      "10": [
        0, 
        0, 
        0, 
        0
      ], 
      "11": [
        0, 
        0, 
        0, 
        0
      ], 
      "12": [
        0, 
        0, 
        0, 
        0
      ], 
      "13": [
        0, 
        0, 
        0, 
        0
      ], 
      "14": [
        0, 
        0, 
        0, 
        0
      ], 
      "15": [
        0, 
        0, 
        0, 
        0
      ], 
      "16": [
        0, 
        0, 
        0, 
        0
      ], 
      "17": [
        0, 
        0, 
        0, 
        0
      ], 
      "18": [
        0, 
        0, 
        0, 
        0
      ], 
      "19": [
        0, 
        0, 
        0, 
        0
      ], 
      "2": [
        65535, 
        65535, 
        65535, 
        65535
      ], 
      "20": [
        0, 
        0, 
        0, 
        0
      ], 
      "21": [
        0, 
        0, 
        0, 
        0
      ], 
      "22": [
        151916, 
        161187, 
        163816, 
        160897
      ], 
      "23": [
        30, 
        32, 
        32, 
        34
      ], 
      "24": [
        3840, 
        4096, 
        4096, 
        4352
      ], 
      "25": [
        3973, 
        4207, 
        4538, 
        4508
      ], 
      "26": [
        151546, 
        160813, 
        163447, 
        160522
      ], 
      "27": [
        88536, 
        91504, 
        92650, 
        90700
      ], 
      "28": [
        2575, 
        2585, 
        2542, 
        2570
      ], 
      "29": [
        53669, 
        58852, 
        61781, 
        59473
      ], 
      "3": [
        0, 
        0, 
        0, 
        0
      ], 
      "30": [
        0, 
        0, 
        0, 
        0
      ], 
      "31": [
        31693, 
        33121, 
        33415, 
        33189
      ], 
      "32": [
        85345, 
        97218, 
        93999, 
        92596
      ], 
      "33": [
        0, 
        0, 
        0, 
        0
      ], 
      "34": [
        53652, 
        64097, 
        60584, 
        59407
      ], 
      "35": [
        0, 
        0, 
        0, 
        0
      ], 
      "36": [
        0, 
        0, 
        0, 
        0
      ], 
      "37": [
        0, 
        0, 
        0, 
        0
      ], 
      "38": [
        0, 
        0, 
        0, 
        0
      ], 
      "39": [
        0, 
        0, 
        0, 
        0
      ], 
      "4": [
        0, 
        0, 
        0, 
        0
      ], 
      "40": [
        0, 
        0, 
        0, 
        0
      ], 
      "41": [
        0, 
        0, 
        0, 
        0
      ], 
      "42": [
        0, 
        0, 
        0, 
        0
      ], 
      "43": [
        0, 
        0, 
        0, 
        0
      ], 
      "44": [
        0, 
        0, 
        0, 
        0
      ], 
      "45": [
        0, 
        0, 
        0, 
        0
      ], 
      "46": [
        0, 
        0, 
        0, 
        0
      ], 
      "47": [
        0, 
        0, 
        0, 
        0
      ], 
      "48": [
        7837, 
        8061, 
        8210, 
        8103
      ], 
      "49": [
        4053, 
        5149, 
        4512, 
        4640
      ], 
      "5": [
        0, 
        0, 
        0, 
        0
      ], 
      "50": [
        0, 
        0, 
        0, 
        0
      ], 
      "51": [
        0, 
        0, 
        0, 
        0
      ], 
      "52": [
        7754, 
        8176, 
        8207, 
        8034
      ], 
      "53": [
        20189, 
        24226, 
        23026, 
        22329
      ], 
      "54": [
        2922, 
        3239, 
        3486, 
        3378
      ], 
      "55": [
        1810, 
        2011, 
        2173, 
        2107
      ], 
      "56": [
        1827, 
        2018, 
        2172, 
        2120
      ], 
      "57": [
        1, 
        1, 
        1, 
        1
      ], 
      "58": [
        3, 
        3, 
        3, 
        3
      ], 
      "59": [
        42, 
        43, 
        43, 
        42
      ], 
      "6": [
        0, 
        0, 
        0, 
        0
      ], 
      "60": [
        254, 
        307, 
        297, 
        298
      ], 
      "61": [
        16986, 
        17648, 
        17855, 
        17570
      ], 
      "62": [
        332, 
        332, 
        332, 
        332
      ], 
      "63": [
        0, 
        8, 
        8, 
        0
      ], 
      "7": [
        0, 
        0, 
        0, 
        0
      ], 
      "8": [
        0, 
        0, 
        0, 
        0
      ], 
      "9": [
        0, 
        0, 
        0, 
        0
      ]
    }
  }, 
  "features": {
    "GWS": [
      16, 
      16, 
      64
    ], 
    "LWS": [
      4, 
      1, 
      64
    ], 
    "OFFSET": [
      0, 
      0, 
      0
    ], 
    "compiler name": "ARM Mali OpenCL", 
    "compiler version": "5.0", 
    "cpu_freq": 1600, 
    "gpu_freq": 266, 
    "image cols": 2174, 
    "image rows": 2215, 
    "pool_dir": "pool.00", 
    "program version": "c597087", 
    "size": 16
  }, 
  "meta": {
    "device name": "Mali-T628", 
    "device type": "GPU", 
    "device vendor": "ARM", 
    "experiment type": "benchmarking", 
    "kernel name": "calc_histogram", 
    "program name": "Realeyes HOG"
  }, 
  "tags": [
    "demo", 
    "arm", 
    "codegen15"
  ], 
  "work": {
    "repl": 2, 
    "timestamp": "2015-02-22T02:11:03.187342"
  }
}