{
  "characteristics": {
    "cpu": 0.013887, 
    "gpu_copy": 0.021667, 
    "gpu_only": 0.00912, 
    "is_gpu_better": false, 
    "l2 cache and mmu counters": {
      "0": 3986994008, 
      "1": 26, 
      "10": 0, 
      "11": 0, 
      "12": 0, 
      "13": 0, 
      "14": 0, 
      "15": 0, 
      "16": 8, 
      "17": 3, 
      "18": 167, 
      "19": 4, 
      "2": 65535, 
      "20": 0, 
      "21": 0, 
      "22": 0, 
      "23": 0, 
      "24": 0, 
      "25": 0, 
      "26": 0, 
      "27": 0, 
      "28": 0, 
      "29": 0, 
      "3": 0, 
      "30": 180, 
      "31": 28574, 
      "32": 1517726, 
      "33": 1184466, 
      "34": 1183486, 
      "35": 113678, 
      "36": 129186, 
      "37": 1142519, 
      "38": 0, 
      "39": 198573, 
      "4": 47777, 
      "40": 198568, 
      "41": 955, 
      "42": 0, 
      "43": 198261, 
      "44": 0, 
      "45": 118, 
      "46": 0, 
      "47": 0, 
      "48": 7143, 
      "49": 7143, 
      "5": 208, 
      "50": 50, 
      "51": 44, 
      "52": 6, 
      "53": 2, 
      "54": 0, 
      "55": 0, 
      "56": 0, 
      "57": 198, 
      "58": 1, 
      "59": 0, 
      "6": 54, 
      "60": 0, 
      "61": 32983, 
      "62": 1274139, 
      "63": 466674, 
      "7": 352, 
      "8": 148, 
      "9": 0
    }, 
    "shader core counters": {
      "0": [
        3986994008, 
        3986994008, 
        3986994008, 
        3986994008
      ], 
      "1": [
        26, 
        26, 
        26, 
        26
      ], 
      "10": [
        0, 
        0, 
        0, 
        0
      ], 
      "11": [
        0, 
        0, 
        0, 
        0
      ], 
      "12": [
        0, 
        0, 
        0, 
        0
      ], 
      "13": [
        0, 
        0, 
        0, 
        0
      ], 
      "14": [
        0, 
        0, 
        0, 
        0
      ], 
      "15": [
        0, 
        0, 
        0, 
        0
      ], 
      "16": [
        0, 
        0, 
        0, 
        0
      ], 
      "17": [
        0, 
        0, 
        0, 
        0
      ], 
      "18": [
        0, 
        0, 
        0, 
        0
      ], 
      "19": [
        0, 
        0, 
        0, 
        0
      ], 
      "2": [
        65535, 
        65535, 
        65535, 
        65535
      ], 
      "20": [
        0, 
        0, 
        0, 
        0
      ], 
      "21": [
        0, 
        0, 
        0, 
        0
      ], 
      "22": [
        2425850, 
        2425496, 
        2425221, 
        2424831
      ], 
      "23": [
        510, 
        527, 
        502, 
        509
      ], 
      "24": [
        65280, 
        67456, 
        64256, 
        65152
      ], 
      "25": [
        4751, 
        4911, 
        5365, 
        4866
      ], 
      "26": [
        2425503, 
        2425144, 
        2424874, 
        2424489
      ], 
      "27": [
        1461986, 
        1464632, 
        1469680, 
        1462052
      ], 
      "28": [
        41714, 
        41717, 
        42062, 
        41887
      ], 
      "29": [
        896957, 
        893477, 
        891009, 
        896247
      ], 
      "3": [
        0, 
        0, 
        0, 
        0
      ], 
      "30": [
        0, 
        0, 
        0, 
        0
      ], 
      "31": [
        528969, 
        529879, 
        528279, 
        528047
      ], 
      "32": [
        1355452, 
        1348571, 
        1341082, 
        1354459
      ], 
      "33": [
        0, 
        0, 
        0, 
        0
      ], 
      "34": [
        826483, 
        818692, 
        812803, 
        826412
      ], 
      "35": [
        0, 
        0, 
        0, 
        0
      ], 
      "36": [
        0, 
        0, 
        0, 
        0
      ], 
      "37": [
        0, 
        0, 
        0, 
        0
      ], 
      "38": [
        0, 
        0, 
        0, 
        0
      ], 
      "39": [
        0, 
        0, 
        0, 
        0
      ], 
      "4": [
        0, 
        0, 
        0, 
        0
      ], 
      "40": [
        0, 
        0, 
        0, 
        0
      ], 
      "41": [
        0, 
        0, 
        0, 
        0
      ], 
      "42": [
        0, 
        0, 
        0, 
        0
      ], 
      "43": [
        0, 
        0, 
        0, 
        0
      ], 
      "44": [
        0, 
        0, 
        0, 
        0
      ], 
      "45": [
        0, 
        0, 
        0, 
        0
      ], 
      "46": [
        0, 
        0, 
        0, 
        0
      ], 
      "47": [
        0, 
        0, 
        0, 
        0
      ], 
      "48": [
        129761, 
        130171, 
        130364, 
        129620
      ], 
      "49": [
        51723, 
        56815, 
        51647, 
        53645
      ], 
      "5": [
        0, 
        0, 
        0, 
        0
      ], 
      "50": [
        0, 
        0, 
        0, 
        0
      ], 
      "51": [
        0, 
        0, 
        0, 
        0
      ], 
      "52": [
        129878, 
        128956, 
        129621, 
        129546
      ], 
      "53": [
        321101, 
        311453, 
        313968, 
        319497
      ], 
      "54": [
        50199, 
        48802, 
        49949, 
        49225
      ], 
      "55": [
        32997, 
        31030, 
        32305, 
        32264
      ], 
      "56": [
        33270, 
        31315, 
        32597, 
        32572
      ], 
      "57": [
        1, 
        1, 
        1, 
        1
      ], 
      "58": [
        3, 
        3, 
        3, 
        3
      ], 
      "59": [
        42, 
        42, 
        43, 
        42
      ], 
      "6": [
        0, 
        0, 
        0, 
        0
      ], 
      "60": [
        4708, 
        4879, 
        4814, 
        4705
      ], 
      "61": [
        282698, 
        282194, 
        283081, 
        282252
      ], 
      "62": [
        332, 
        332, 
        332, 
        332
      ], 
      "63": [
        0, 
        0, 
        16, 
        0
      ], 
      "7": [
        0, 
        0, 
        0, 
        0
      ], 
      "8": [
        0, 
        0, 
        0, 
        0
      ], 
      "9": [
        0, 
        0, 
        0, 
        0
      ]
    }
  }, 
  "features": {
    "GWS": [
      64, 
      64, 
      64
    ], 
    "LWS": [
      4, 
      1, 
      64
    ], 
    "OFFSET": [
      0, 
      0, 
      0
    ], 
    "compiler name": "ARM Mali OpenCL", 
    "compiler version": "5.0", 
    "cpu_freq": 800, 
    "gpu_freq": 266, 
    "image cols": 2174, 
    "image rows": 2215, 
    "pool_dir": "pool.00", 
    "program version": "c597087", 
    "size": 64
  }, 
  "meta": {
    "device name": "Mali-T628", 
    "device type": "GPU", 
    "device vendor": "ARM", 
    "experiment type": "benchmarking", 
    "kernel name": "calc_histogram", 
    "program name": "Realeyes HOG"
  }, 
  "tags": [
    "demo", 
    "arm", 
    "codegen15"
  ], 
  "work": {
    "repl": 0, 
    "timestamp": "2015-02-22T02:32:07.019973"
  }
}