{
  "characteristics": {
    "cpu": 0.000811, 
    "gpu_copy": 0.010505, 
    "gpu_only": 0.000578, 
    "is_gpu_better": false, 
    "l2 cache and mmu counters": {
      "0": 1542760024, 
      "1": 26, 
      "10": 0, 
      "11": 0, 
      "12": 0, 
      "13": 0, 
      "14": 0, 
      "15": 0, 
      "16": 8, 
      "17": 3, 
      "18": 161, 
      "19": 4, 
      "2": 65535, 
      "20": 0, 
      "21": 0, 
      "22": 0, 
      "23": 0, 
      "24": 0, 
      "25": 0, 
      "26": 0, 
      "27": 0, 
      "28": 0, 
      "29": 0, 
      "3": 0, 
      "30": 138, 
      "31": 5426, 
      "32": 91220, 
      "33": 66686, 
      "34": 65746, 
      "35": 6696, 
      "36": 7470, 
      "37": 63153, 
      "38": 0, 
      "39": 12810, 
      "4": 3449, 
      "40": 12805, 
      "41": 131, 
      "42": 0, 
      "43": 12773, 
      "44": 0, 
      "45": 66, 
      "46": 0, 
      "47": 0, 
      "48": 1356, 
      "49": 1356, 
      "5": 165, 
      "50": 38, 
      "51": 34, 
      "52": 4, 
      "53": 2, 
      "54": 0, 
      "55": 0, 
      "56": 0, 
      "57": 8, 
      "58": 7, 
      "59": 0, 
      "6": 68, 
      "60": 0, 
      "61": 1956, 
      "62": 69514, 
      "63": 19688, 
      "7": 395, 
      "8": 113, 
      "9": 0
    }, 
    "shader core counters": {
      "0": [
        1542760024, 
        1542760024, 
        1542760024, 
        1542760024
      ], 
      "1": [
        26, 
        26, 
        26, 
        26
      ], 
      "10": [
        0, 
        0, 
        0, 
        0
      ], 
      "11": [
        0, 
        0, 
        0, 
        0
      ], 
      "12": [
        0, 
        0, 
        0, 
        0
      ], 
      "13": [
        0, 
        0, 
        0, 
        0
      ], 
      "14": [
        0, 
        0, 
        0, 
        0
      ], 
      "15": [
        0, 
        0, 
        0, 
        0
      ], 
      "16": [
        0, 
        0, 
        0, 
        0
      ], 
      "17": [
        0, 
        0, 
        0, 
        0
      ], 
      "18": [
        0, 
        0, 
        0, 
        0
      ], 
      "19": [
        0, 
        0, 
        0, 
        0
      ], 
      "2": [
        65535, 
        65535, 
        65535, 
        65535
      ], 
      "20": [
        0, 
        0, 
        0, 
        0
      ], 
      "21": [
        0, 
        0, 
        0, 
        0
      ], 
      "22": [
        153476, 
        149227, 
        144179, 
        151830
      ], 
      "23": [
        31, 
        35, 
        29, 
        33
      ], 
      "24": [
        3968, 
        4480, 
        3712, 
        4224
      ], 
      "25": [
        4187, 
        4912, 
        4317, 
        4020
      ], 
      "26": [
        153097, 
        148845, 
        143792, 
        151446
      ], 
      "27": [
        93684, 
        91262, 
        85874, 
        92612
      ], 
      "28": [
        2912, 
        2762, 
        2567, 
        2809
      ], 
      "29": [
        49898, 
        48021, 
        48593, 
        50129
      ], 
      "3": [
        0, 
        0, 
        0, 
        0
      ], 
      "30": [
        0, 
        0, 
        0, 
        0
      ], 
      "31": [
        32603, 
        32228, 
        29946, 
        32518
      ], 
      "32": [
        82389, 
        80929, 
        79025, 
        79684
      ], 
      "33": [
        0, 
        0, 
        0, 
        0
      ], 
      "34": [
        49786, 
        48701, 
        49079, 
        47166
      ], 
      "35": [
        0, 
        0, 
        0, 
        0
      ], 
      "36": [
        0, 
        0, 
        0, 
        0
      ], 
      "37": [
        0, 
        0, 
        0, 
        0
      ], 
      "38": [
        0, 
        0, 
        0, 
        0
      ], 
      "39": [
        0, 
        0, 
        0, 
        0
      ], 
      "4": [
        0, 
        0, 
        0, 
        0
      ], 
      "40": [
        0, 
        0, 
        0, 
        0
      ], 
      "41": [
        0, 
        0, 
        0, 
        0
      ], 
      "42": [
        0, 
        0, 
        0, 
        0
      ], 
      "43": [
        0, 
        0, 
        0, 
        0
      ], 
      "44": [
        0, 
        0, 
        0, 
        0
      ], 
      "45": [
        0, 
        0, 
        0, 
        0
      ], 
      "46": [
        0, 
        0, 
        0, 
        0
      ], 
      "47": [
        0, 
        0, 
        0, 
        0
      ], 
      "48": [
        8386, 
        8152, 
        7738, 
        8343
      ], 
      "49": [
        4739, 
        4522, 
        5187, 
        4896
      ], 
      "5": [
        0, 
        0, 
        0, 
        0
      ], 
      "50": [
        0, 
        0, 
        0, 
        0
      ], 
      "51": [
        0, 
        0, 
        0, 
        0
      ], 
      "52": [
        7725, 
        7490, 
        7037, 
        7603
      ], 
      "53": [
        18094, 
        18068, 
        17485, 
        16771
      ], 
      "54": [
        3297, 
        2959, 
        3352, 
        3128
      ], 
      "55": [
        1929, 
        1775, 
        1945, 
        1793
      ], 
      "56": [
        1934, 
        1801, 
        1971, 
        1815
      ], 
      "57": [
        1, 
        1, 
        1, 
        1
      ], 
      "58": [
        3, 
        3, 
        3, 
        3
      ], 
      "59": [
        43, 
        42, 
        42, 
        44
      ], 
      "6": [
        0, 
        0, 
        0, 
        0
      ], 
      "60": [
        382, 
        278, 
        371, 
        353
      ], 
      "61": [
        17613, 
        17066, 
        16157, 
        17419
      ], 
      "62": [
        332, 
        332, 
        332, 
        332
      ], 
      "63": [
        8, 
        8, 
        8, 
        16
      ], 
      "7": [
        0, 
        0, 
        0, 
        0
      ], 
      "8": [
        0, 
        0, 
        0, 
        0
      ], 
      "9": [
        0, 
        0, 
        0, 
        0
      ]
    }
  }, 
  "features": {
    "GWS": [
      16, 
      16, 
      64
    ], 
    "LWS": [
      4, 
      1, 
      64
    ], 
    "OFFSET": [
      0, 
      0, 
      0
    ], 
    "compiler name": "ARM Mali OpenCL", 
    "compiler version": "5.0", 
    "cpu_freq": 1600, 
    "gpu_freq": 266, 
    "image cols": 2400, 
    "image rows": 2400, 
    "pool_dir": "pool.19", 
    "program version": "c597087", 
    "size": 16
  }, 
  "meta": {
    "device name": "Mali-T628", 
    "device type": "GPU", 
    "device vendor": "ARM", 
    "experiment type": "benchmarking", 
    "kernel name": "calc_histogram", 
    "program name": "Realeyes HOG"
  }, 
  "tags": [
    "demo", 
    "arm", 
    "codegen15"
  ], 
  "work": {
    "repl": 2, 
    "timestamp": "2015-02-22T02:30:24.984079"
  }
}