{
  "characteristics": {
    "cpu": 0.059571, 
    "gpu_copy": 0.04847, 
    "gpu_only": 0.036556, 
    "is_gpu_better": true, 
    "l2 cache and mmu counters": {
      "0": 2967194045, 
      "1": 23, 
      "10": 0, 
      "11": 0, 
      "12": 0, 
      "13": 0, 
      "14": 0, 
      "15": 0, 
      "16": 9, 
      "17": 3, 
      "18": 197, 
      "19": 7, 
      "2": 65535, 
      "20": 0, 
      "21": 0, 
      "22": 0, 
      "23": 0, 
      "24": 0, 
      "25": 0, 
      "26": 0, 
      "27": 0, 
      "28": 0, 
      "29": 0, 
      "3": 0, 
      "30": 1512, 
      "31": 107318, 
      "32": 6185200, 
      "33": 4862280, 
      "34": 4861286, 
      "35": 462835, 
      "36": 521823, 
      "37": 4670147, 
      "38": 0, 
      "39": 791100, 
      "4": 179841, 
      "40": 791095, 
      "41": 3706, 
      "42": 0, 
      "43": 789814, 
      "44": 0, 
      "45": 287, 
      "46": 0, 
      "47": 0, 
      "48": 26829, 
      "49": 26829, 
      "5": 189, 
      "50": 383, 
      "51": 377, 
      "52": 6, 
      "53": 2, 
      "54": 0, 
      "55": 0, 
      "56": 0, 
      "57": 564, 
      "58": 0, 
      "59": 0, 
      "6": 85, 
      "60": 0, 
      "61": 131547, 
      "62": 5238672, 
      "63": 1975851, 
      "7": 340, 
      "8": 151, 
      "9": 0
    }, 
    "shader core counters": {
      "0": [
        2967194045, 
        2967194045, 
        2967194045, 
        2967194045
      ], 
      "1": [
        23, 
        23, 
        23, 
        23
      ], 
      "10": [
        0, 
        0, 
        0, 
        0
      ], 
      "11": [
        0, 
        0, 
        0, 
        0
      ], 
      "12": [
        0, 
        0, 
        0, 
        0
      ], 
      "13": [
        0, 
        0, 
        0, 
        0
      ], 
      "14": [
        0, 
        0, 
        0, 
        0
      ], 
      "15": [
        0, 
        0, 
        0, 
        0
      ], 
      "16": [
        0, 
        0, 
        0, 
        0
      ], 
      "17": [
        0, 
        0, 
        0, 
        0
      ], 
      "18": [
        0, 
        0, 
        0, 
        0
      ], 
      "19": [
        0, 
        0, 
        0, 
        0
      ], 
      "2": [
        65535, 
        65535, 
        65535, 
        65535
      ], 
      "20": [
        0, 
        0, 
        0, 
        0
      ], 
      "21": [
        0, 
        0, 
        0, 
        0
      ], 
      "22": [
        9721436, 
        9723430, 
        9718556, 
        9723629
      ], 
      "23": [
        2052, 
        2019, 
        2034, 
        2087
      ], 
      "24": [
        262656, 
        258432, 
        260352, 
        267136
      ], 
      "25": [
        4715, 
        5151, 
        6952, 
        4754
      ], 
      "26": [
        9721076, 
        9723067, 
        9718187, 
        9723265
      ], 
      "27": [
        5884948, 
        5828942, 
        5877682, 
        5890758
      ], 
      "28": [
        168390, 
        166405, 
        167902, 
        168474
      ], 
      "29": [
        3581284, 
        3618174, 
        3583521, 
        3573487
      ], 
      "3": [
        0, 
        0, 
        0, 
        0
      ], 
      "30": [
        0, 
        0, 
        0, 
        0
      ], 
      "31": [
        2130304, 
        2112941, 
        2127688, 
        2134597
      ], 
      "32": [
        5455768, 
        5539742, 
        5461398, 
        5471721
      ], 
      "33": [
        0, 
        0, 
        0, 
        0
      ], 
      "34": [
        3325464, 
        3426801, 
        3333710, 
        3337124
      ], 
      "35": [
        0, 
        0, 
        0, 
        0
      ], 
      "36": [
        0, 
        0, 
        0, 
        0
      ], 
      "37": [
        0, 
        0, 
        0, 
        0
      ], 
      "38": [
        0, 
        0, 
        0, 
        0
      ], 
      "39": [
        0, 
        0, 
        0, 
        0
      ], 
      "4": [
        0, 
        0, 
        0, 
        0
      ], 
      "40": [
        0, 
        0, 
        0, 
        0
      ], 
      "41": [
        0, 
        0, 
        0, 
        0
      ], 
      "42": [
        0, 
        0, 
        0, 
        0
      ], 
      "43": [
        0, 
        0, 
        0, 
        0
      ], 
      "44": [
        0, 
        0, 
        0, 
        0
      ], 
      "45": [
        0, 
        0, 
        0, 
        0
      ], 
      "46": [
        0, 
        0, 
        0, 
        0
      ], 
      "47": [
        0, 
        0, 
        0, 
        0
      ], 
      "48": [
        520995, 
        516513, 
        520842, 
        521316
      ], 
      "49": [
        231873, 
        243481, 
        226900, 
        239636
      ], 
      "5": [
        0, 
        0, 
        0, 
        0
      ], 
      "50": [
        0, 
        0, 
        0, 
        0
      ], 
      "51": [
        0, 
        0, 
        0, 
        0
      ], 
      "52": [
        524548, 
        521386, 
        524360, 
        524134
      ], 
      "53": [
        1288428, 
        1329809, 
        1296427, 
        1286300
      ], 
      "54": [
        201631, 
        198237, 
        201994, 
        196626
      ], 
      "55": [
        130248, 
        128164, 
        130848, 
        126198
      ], 
      "56": [
        133654, 
        131624, 
        134220, 
        129572
      ], 
      "57": [
        1, 
        1, 
        1, 
        1
      ], 
      "58": [
        3, 
        3, 
        3, 
        3
      ], 
      "59": [
        42, 
        42, 
        42, 
        42
      ], 
      "6": [
        0, 
        0, 
        0, 
        0
      ], 
      "60": [
        18209, 
        17957, 
        18277, 
        18031
      ], 
      "61": [
        1137956, 
        1129626, 
        1137728, 
        1138014
      ], 
      "62": [
        332, 
        332, 
        332, 
        332
      ], 
      "63": [
        0, 
        0, 
        0, 
        0
      ], 
      "7": [
        0, 
        0, 
        0, 
        0
      ], 
      "8": [
        0, 
        0, 
        0, 
        0
      ], 
      "9": [
        0, 
        0, 
        0, 
        0
      ]
    }
  }, 
  "features": {
    "GWS": [
      12, 
      12, 
      64
    ], 
    "LWS": [
      4, 
      1, 
      64
    ], 
    "OFFSET": [
      0, 
      0, 
      0
    ], 
    "compiler name": "ARM Mali OpenCL", 
    "compiler version": "5.0", 
    "cpu_freq": 800, 
    "gpu_freq": 266, 
    "image cols": 2103, 
    "image rows": 2082, 
    "pool_dir": "pool.18", 
    "program version": "c597087", 
    "size": 128
  }, 
  "meta": {
    "device name": "Mali-T628", 
    "device type": "GPU", 
    "device vendor": "ARM", 
    "experiment type": "benchmarking", 
    "kernel name": "calc_histogram", 
    "program name": "Realeyes HOG"
  }, 
  "tags": [
    "demo", 
    "arm", 
    "codegen15"
  ], 
  "work": {
    "repl": 3, 
    "timestamp": "2015-02-22T02:22:27.655003"
  }
}