{
  "characteristics": {
    "cpu": 0.042293, 
    "gpu_copy": 0.03324, 
    "gpu_only": 0.029607, 
    "is_gpu_better": true, 
    "l2 cache and mmu counters": {
      "0": 583561275, 
      "1": 22, 
      "10": 0, 
      "11": 0, 
      "12": 0, 
      "13": 0, 
      "14": 0, 
      "15": 0, 
      "16": 9, 
      "17": 3, 
      "18": 175, 
      "19": 7, 
      "2": 65535, 
      "20": 0, 
      "21": 0, 
      "22": 0, 
      "23": 0, 
      "24": 0, 
      "25": 0, 
      "26": 0, 
      "27": 0, 
      "28": 0, 
      "29": 0, 
      "3": 0, 
      "30": 260, 
      "31": 54410, 
      "32": 5329238, 
      "33": 4291746, 
      "34": 4290923, 
      "35": 387632, 
      "36": 435841, 
      "37": 4164272, 
      "38": 0, 
      "39": 594765, 
      "4": 5991, 
      "40": 594760, 
      "41": 1684, 
      "42": 0, 
      "43": 594216, 
      "44": 0, 
      "45": 140, 
      "46": 0, 
      "47": 0, 
      "48": 13602, 
      "49": 13602, 
      "5": 62, 
      "50": 70, 
      "51": 64, 
      "52": 6, 
      "53": 2, 
      "54": 0, 
      "55": 0, 
      "56": 0, 
      "57": 261, 
      "58": 1, 
      "59": 0, 
      "6": 50, 
      "60": 0, 
      "61": 105525, 
      "62": 4606225, 
      "63": 2123439, 
      "7": 107, 
      "8": 37, 
      "9": 0
    }, 
    "shader core counters": {
      "0": [
        583561275, 
        583561275, 
        583561275, 
        583561275
      ], 
      "1": [
        22, 
        22, 
        22, 
        22
      ], 
      "10": [
        0, 
        0, 
        0, 
        0
      ], 
      "11": [
        0, 
        0, 
        0, 
        0
      ], 
      "12": [
        0, 
        0, 
        0, 
        0
      ], 
      "13": [
        0, 
        0, 
        0, 
        0
      ], 
      "14": [
        0, 
        0, 
        0, 
        0
      ], 
      "15": [
        0, 
        0, 
        0, 
        0
      ], 
      "16": [
        0, 
        0, 
        0, 
        0
      ], 
      "17": [
        0, 
        0, 
        0, 
        0
      ], 
      "18": [
        0, 
        0, 
        0, 
        0
      ], 
      "19": [
        0, 
        0, 
        0, 
        0
      ], 
      "2": [
        65535, 
        65535, 
        65535, 
        65535
      ], 
      "20": [
        0, 
        0, 
        0, 
        0
      ], 
      "21": [
        0, 
        0, 
        0, 
        0
      ], 
      "22": [
        7874376, 
        7874594, 
        7875329, 
        7872112
      ], 
      "23": [
        2059, 
        2032, 
        2061, 
        2040
      ], 
      "24": [
        263552, 
        260096, 
        263808, 
        261120
      ], 
      "25": [
        6030, 
        6609, 
        5242, 
        5842
      ], 
      "26": [
        7874004, 
        7874210, 
        7874950, 
        7871738
      ], 
      "27": [
        4723084, 
        4661278, 
        4732792, 
        4685196
      ], 
      "28": [
        124677, 
        122325, 
        124757, 
        123133
      ], 
      "29": [
        2961661, 
        2992528, 
        2959292, 
        2991998
      ], 
      "3": [
        0, 
        0, 
        0, 
        0
      ], 
      "30": [
        0, 
        0, 
        0, 
        0
      ], 
      "31": [
        1797140, 
        1776219, 
        1800439, 
        1784615
      ], 
      "32": [
        4440298, 
        4559779, 
        4441411, 
        4522030
      ], 
      "33": [
        0, 
        0, 
        0, 
        0
      ], 
      "34": [
        2643158, 
        2783560, 
        2640972, 
        2737415
      ], 
      "35": [
        0, 
        0, 
        0, 
        0
      ], 
      "36": [
        0, 
        0, 
        0, 
        0
      ], 
      "37": [
        0, 
        0, 
        0, 
        0
      ], 
      "38": [
        0, 
        0, 
        0, 
        0
      ], 
      "39": [
        0, 
        0, 
        0, 
        0
      ], 
      "4": [
        0, 
        0, 
        0, 
        0
      ], 
      "40": [
        0, 
        0, 
        0, 
        0
      ], 
      "41": [
        0, 
        0, 
        0, 
        0
      ], 
      "42": [
        0, 
        0, 
        0, 
        0
      ], 
      "43": [
        0, 
        0, 
        0, 
        0
      ], 
      "44": [
        0, 
        0, 
        0, 
        0
      ], 
      "45": [
        0, 
        0, 
        0, 
        0
      ], 
      "46": [
        0, 
        0, 
        0, 
        0
      ], 
      "47": [
        0, 
        0, 
        0, 
        0
      ], 
      "48": [
        445832, 
        440010, 
        447478, 
        443011
      ], 
      "49": [
        168201, 
        184390, 
        169525, 
        179318
      ], 
      "5": [
        0, 
        0, 
        0, 
        0
      ], 
      "50": [
        0, 
        0, 
        0, 
        0
      ], 
      "51": [
        0, 
        0, 
        0, 
        0
      ], 
      "52": [
        406038, 
        401869, 
        406023, 
        403035
      ], 
      "53": [
        1107225, 
        1163402, 
        1104233, 
        1144549
      ], 
      "54": [
        149186, 
        148271, 
        148729, 
        149283
      ], 
      "55": [
        108950, 
        107869, 
        108419, 
        108675
      ], 
      "56": [
        109993, 
        108891, 
        109408, 
        109712
      ], 
      "57": [
        1, 
        1, 
        1, 
        1
      ], 
      "58": [
        4, 
        4, 
        4, 
        4
      ], 
      "59": [
        42, 
        42, 
        42, 
        42
      ], 
      "6": [
        0, 
        0, 
        0, 
        0
      ], 
      "60": [
        742, 
        663, 
        741, 
        735
      ], 
      "61": [
        922350, 
        911333, 
        924143, 
        915843
      ], 
      "62": [
        332, 
        332, 
        332, 
        332
      ], 
      "63": [
        0, 
        0, 
        0, 
        8
      ], 
      "7": [
        0, 
        0, 
        0, 
        0
      ], 
      "8": [
        0, 
        0, 
        0, 
        0
      ], 
      "9": [
        0, 
        0, 
        0, 
        0
      ]
    }
  }, 
  "features": {
    "GWS": [
      12, 
      12, 
      64
    ], 
    "LWS": [
      4, 
      1, 
      64
    ], 
    "OFFSET": [
      0, 
      0, 
      0
    ], 
    "compiler name": "ARM Mali OpenCL", 
    "compiler version": "5.0", 
    "cpu_freq": 800, 
    "gpu_freq": 266, 
    "image cols": 1072, 
    "image rows": 804, 
    "pool_dir": "pool.22", 
    "program version": "c597087", 
    "size": 128
  }, 
  "meta": {
    "device name": "Mali-T628", 
    "device type": "GPU", 
    "device vendor": "ARM", 
    "experiment type": "benchmarking", 
    "kernel name": "calc_histogram", 
    "program name": "Realeyes HOG"
  }, 
  "tags": [
    "demo", 
    "arm", 
    "codegen15"
  ], 
  "work": {
    "repl": 4, 
    "timestamp": "2015-02-22T02:17:49.411151"
  }
}