{
  "characteristics": {
    "cpu": 0.010548, 
    "gpu_copy": 0.016731, 
    "gpu_only": 0.003519, 
    "is_gpu_better": false, 
    "l2 cache and mmu counters": {
      "0": 3294103838, 
      "1": 21, 
      "10": 0, 
      "11": 0, 
      "12": 0, 
      "13": 0, 
      "14": 0, 
      "15": 0, 
      "16": 8, 
      "17": 3, 
      "18": 242, 
      "19": 4, 
      "2": 65535, 
      "20": 0, 
      "21": 0, 
      "22": 0, 
      "23": 0, 
      "24": 0, 
      "25": 0, 
      "26": 0, 
      "27": 0, 
      "28": 0, 
      "29": 0, 
      "3": 0, 
      "30": 156, 
      "31": 20226, 
      "32": 1241930, 
      "33": 995252, 
      "34": 993916, 
      "35": 90998, 
      "36": 103095, 
      "37": 962357, 
      "38": 0, 
      "39": 138763, 
      "4": 23998, 
      "40": 138758, 
      "41": 552, 
      "42": 0, 
      "43": 138585, 
      "44": 0, 
      "45": 66, 
      "46": 0, 
      "47": 0, 
      "48": 5056, 
      "49": 5056, 
      "5": 175, 
      "50": 44, 
      "51": 38, 
      "52": 6, 
      "53": 2, 
      "54": 0, 
      "55": 0, 
      "56": 0, 
      "57": 280, 
      "58": 2, 
      "59": 0, 
      "6": 78, 
      "60": 0, 
      "61": 26783, 
      "62": 1062295, 
      "63": 463140, 
      "7": 435, 
      "8": 137, 
      "9": 0
    }, 
    "shader core counters": {
      "0": [
        3294103838, 
        3294103838, 
        3294103838, 
        3294103838
      ], 
      "1": [
        21, 
        21, 
        21, 
        21
      ], 
      "10": [
        0, 
        0, 
        0, 
        0
      ], 
      "11": [
        0, 
        0, 
        0, 
        0
      ], 
      "12": [
        0, 
        0, 
        0, 
        0
      ], 
      "13": [
        0, 
        0, 
        0, 
        0
      ], 
      "14": [
        0, 
        0, 
        0, 
        0
      ], 
      "15": [
        0, 
        0, 
        0, 
        0
      ], 
      "16": [
        0, 
        0, 
        0, 
        0
      ], 
      "17": [
        0, 
        0, 
        0, 
        0
      ], 
      "18": [
        0, 
        0, 
        0, 
        0
      ], 
      "19": [
        0, 
        0, 
        0, 
        0
      ], 
      "2": [
        65535, 
        65535, 
        65535, 
        65535
      ], 
      "20": [
        0, 
        0, 
        0, 
        0
      ], 
      "21": [
        0, 
        0, 
        0, 
        0
      ], 
      "22": [
        1867496, 
        1871608, 
        1872299, 
        1871123
      ], 
      "23": [
        514, 
        506, 
        513, 
        515
      ], 
      "24": [
        65792, 
        64768, 
        65664, 
        65920
      ], 
      "25": [
        3847, 
        4664, 
        6236, 
        9565
      ], 
      "26": [
        1867042, 
        1871146, 
        1871842, 
        1870671
      ], 
      "27": [
        1125604, 
        1112634, 
        1132074, 
        1130004
      ], 
      "28": [
        29806, 
        28954, 
        29690, 
        30240
      ], 
      "29": [
        696291, 
        708972, 
        695997, 
        692080
      ], 
      "3": [
        0, 
        0, 
        0, 
        0
      ], 
      "30": [
        0, 
        0, 
        0, 
        0
      ], 
      "31": [
        429336, 
        424908, 
        430216, 
        428807
      ], 
      "32": [
        1040093, 
        1071137, 
        1034200, 
        1055358
      ], 
      "33": [
        0, 
        0, 
        0, 
        0
      ], 
      "34": [
        610757, 
        646229, 
        603984, 
        626551
      ], 
      "35": [
        0, 
        0, 
        0, 
        0
      ], 
      "36": [
        0, 
        0, 
        0, 
        0
      ], 
      "37": [
        0, 
        0, 
        0, 
        0
      ], 
      "38": [
        0, 
        0, 
        0, 
        0
      ], 
      "39": [
        0, 
        0, 
        0, 
        0
      ], 
      "4": [
        0, 
        0, 
        0, 
        0
      ], 
      "40": [
        0, 
        0, 
        0, 
        0
      ], 
      "41": [
        0, 
        0, 
        0, 
        0
      ], 
      "42": [
        0, 
        0, 
        0, 
        0
      ], 
      "43": [
        0, 
        0, 
        0, 
        0
      ], 
      "44": [
        0, 
        0, 
        0, 
        0
      ], 
      "45": [
        0, 
        0, 
        0, 
        0
      ], 
      "46": [
        0, 
        0, 
        0, 
        0
      ], 
      "47": [
        0, 
        0, 
        0, 
        0
      ], 
      "48": [
        108581, 
        106996, 
        109142, 
        108176
      ], 
      "49": [
        35456, 
        38643, 
        36004, 
        38429
      ], 
      "5": [
        0, 
        0, 
        0, 
        0
      ], 
      "50": [
        0, 
        0, 
        0, 
        0
      ], 
      "51": [
        0, 
        0, 
        0, 
        0
      ], 
      "52": [
        93436, 
        93038, 
        93428, 
        93403
      ], 
      "53": [
        249426, 
        264927, 
        245821, 
        254902
      ], 
      "54": [
        34660, 
        34563, 
        34667, 
        34576
      ], 
      "55": [
        25787, 
        25678, 
        25624, 
        25645
      ], 
      "56": [
        25964, 
        25837, 
        25787, 
        25813
      ], 
      "57": [
        1, 
        1, 
        1, 
        1
      ], 
      "58": [
        3, 
        3, 
        3, 
        3
      ], 
      "59": [
        42, 
        42, 
        43, 
        42
      ], 
      "6": [
        0, 
        0, 
        0, 
        0
      ], 
      "60": [
        2501, 
        2503, 
        2461, 
        2459
      ], 
      "61": [
        218764, 
        216502, 
        219348, 
        218403
      ], 
      "62": [
        332, 
        332, 
        332, 
        332
      ], 
      "63": [
        0, 
        0, 
        16, 
        0
      ], 
      "7": [
        0, 
        0, 
        0, 
        0
      ], 
      "8": [
        0, 
        0, 
        0, 
        0
      ], 
      "9": [
        0, 
        0, 
        0, 
        0
      ]
    }
  }, 
  "features": {
    "GWS": [
      64, 
      64, 
      64
    ], 
    "LWS": [
      4, 
      1, 
      64
    ], 
    "OFFSET": [
      0, 
      0, 
      0
    ], 
    "compiler name": "ARM Mali OpenCL", 
    "compiler version": "5.0", 
    "cpu_freq": 800, 
    "gpu_freq": 533, 
    "image cols": 2582, 
    "image rows": 1940, 
    "pool_dir": "pool.06", 
    "program version": "c597087", 
    "size": 64
  }, 
  "meta": {
    "device name": "Mali-T628", 
    "device type": "GPU", 
    "device vendor": "ARM", 
    "experiment type": "benchmarking", 
    "kernel name": "calc_histogram", 
    "program name": "Realeyes HOG"
  }, 
  "tags": [
    "demo", 
    "arm", 
    "codegen15"
  ], 
  "work": {
    "repl": 4, 
    "timestamp": "2015-02-22T02:16:43.383835"
  }
}