{
  "characteristics": {
    "cpu": 0.029442, 
    "gpu_copy": 0.029043, 
    "gpu_only": 0.012023, 
    "is_gpu_better": true, 
    "l2 cache and mmu counters": {
      "0": 4155436251, 
      "1": 13, 
      "10": 0, 
      "11": 0, 
      "12": 0, 
      "13": 0, 
      "14": 0, 
      "15": 0, 
      "16": 8, 
      "17": 3, 
      "18": 235, 
      "19": 4, 
      "2": 65535, 
      "20": 0, 
      "21": 0, 
      "22": 0, 
      "23": 0, 
      "24": 0, 
      "25": 0, 
      "26": 0, 
      "27": 0, 
      "28": 0, 
      "29": 0, 
      "3": 0, 
      "30": 236, 
      "31": 40794, 
      "32": 4673702, 
      "33": 3879420, 
      "34": 3877997, 
      "35": 318567, 
      "36": 357917, 
      "37": 3767317, 
      "38": 0, 
      "39": 431023, 
      "4": 44031, 
      "40": 431018, 
      "41": 1013, 
      "42": 0, 
      "43": 430761, 
      "44": 0, 
      "45": 84, 
      "46": 0, 
      "47": 0, 
      "48": 10198, 
      "49": 10198, 
      "5": 256, 
      "50": 64, 
      "51": 58, 
      "52": 6, 
      "53": 2, 
      "54": 0, 
      "55": 0, 
      "56": 0, 
      "57": 525, 
      "58": 1, 
      "59": 0, 
      "6": 79, 
      "60": 0, 
      "61": 98538, 
      "62": 4084296, 
      "63": 2752643, 
      "7": 302, 
      "8": 220, 
      "9": 0
    }, 
    "shader core counters": {
      "0": [
        4155436251, 
        4155436251, 
        4155436251, 
        4155436251
      ], 
      "1": [
        13, 
        13, 
        13, 
        13
      ], 
      "10": [
        0, 
        0, 
        0, 
        0
      ], 
      "11": [
        0, 
        0, 
        0, 
        0
      ], 
      "12": [
        0, 
        0, 
        0, 
        0
      ], 
      "13": [
        0, 
        0, 
        0, 
        0
      ], 
      "14": [
        0, 
        0, 
        0, 
        0
      ], 
      "15": [
        0, 
        0, 
        0, 
        0
      ], 
      "16": [
        0, 
        0, 
        0, 
        0
      ], 
      "17": [
        0, 
        0, 
        0, 
        0
      ], 
      "18": [
        0, 
        0, 
        0, 
        0
      ], 
      "19": [
        0, 
        0, 
        0, 
        0
      ], 
      "2": [
        65535, 
        65535, 
        65535, 
        65535
      ], 
      "20": [
        0, 
        0, 
        0, 
        0
      ], 
      "21": [
        0, 
        0, 
        0, 
        0
      ], 
      "22": [
        6396248, 
        6394571, 
        6394677, 
        6395744
      ], 
      "23": [
        2074, 
        1982, 
        2103, 
        2033
      ], 
      "24": [
        265472, 
        253696, 
        269184, 
        260224
      ], 
      "25": [
        279774, 
        395019, 
        209666, 
        346521
      ], 
      "26": [
        6395672, 
        6393990, 
        6394101, 
        6395170
      ], 
      "27": [
        3530078, 
        3384778, 
        3569372, 
        3460738
      ], 
      "28": [
        75621, 
        70991, 
        77448, 
        72776
      ], 
      "29": [
        2685196, 
        2755189, 
        2658833, 
        2737546
      ], 
      "3": [
        0, 
        0, 
        0, 
        0
      ], 
      "30": [
        0, 
        0, 
        0, 
        0
      ], 
      "31": [
        1478626, 
        1421284, 
        1496039, 
        1454948
      ], 
      "32": [
        4185338, 
        4385801, 
        4120758, 
        4282959
      ], 
      "33": [
        0, 
        0, 
        0, 
        0
      ], 
      "34": [
        2706712, 
        2964517, 
        2624719, 
        2828011
      ], 
      "35": [
        0, 
        0, 
        0, 
        0
      ], 
      "36": [
        0, 
        0, 
        0, 
        0
      ], 
      "37": [
        0, 
        0, 
        0, 
        0
      ], 
      "38": [
        0, 
        0, 
        0, 
        0
      ], 
      "39": [
        0, 
        0, 
        0, 
        0
      ], 
      "4": [
        0, 
        0, 
        0, 
        0
      ], 
      "40": [
        0, 
        0, 
        0, 
        0
      ], 
      "41": [
        0, 
        0, 
        0, 
        0
      ], 
      "42": [
        0, 
        0, 
        0, 
        0
      ], 
      "43": [
        0, 
        0, 
        0, 
        0
      ], 
      "44": [
        0, 
        0, 
        0, 
        0
      ], 
      "45": [
        0, 
        0, 
        0, 
        0
      ], 
      "46": [
        0, 
        0, 
        0, 
        0
      ], 
      "47": [
        0, 
        0, 
        0, 
        0
      ], 
      "48": [
        367381, 
        351407, 
        372684, 
        361327
      ], 
      "49": [
        133738, 
        150671, 
        127428, 
        142569
      ], 
      "5": [
        0, 
        0, 
        0, 
        0
      ], 
      "50": [
        0, 
        0, 
        0, 
        0
      ], 
      "51": [
        0, 
        0, 
        0, 
        0
      ], 
      "52": [
        295893, 
        286598, 
        298263, 
        291606
      ], 
      "53": [
        1169170, 
        1284240, 
        1132571, 
        1222802
      ], 
      "54": [
        109017, 
        106566, 
        108012, 
        106991
      ], 
      "55": [
        90409, 
        88270, 
        89564, 
        88799
      ], 
      "56": [
        90849, 
        88691, 
        89980, 
        89185
      ], 
      "57": [
        1, 
        1, 
        1, 
        1
      ], 
      "58": [
        3, 
        3, 
        3, 
        3
      ], 
      "59": [
        42, 
        42, 
        42, 
        42
      ], 
      "6": [
        0, 
        0, 
        0, 
        0
      ], 
      "60": [
        4797, 
        4670, 
        4920, 
        4530
      ], 
      "61": [
        710309, 
        682902, 
        718599, 
        698950
      ], 
      "62": [
        332, 
        332, 
        332, 
        332
      ], 
      "63": [
        0, 
        0, 
        0, 
        0
      ], 
      "7": [
        0, 
        0, 
        0, 
        0
      ], 
      "8": [
        0, 
        0, 
        0, 
        0
      ], 
      "9": [
        0, 
        0, 
        0, 
        0
      ]
    }
  }, 
  "features": {
    "GWS": [
      12, 
      12, 
      64
    ], 
    "LWS": [
      4, 
      1, 
      64
    ], 
    "OFFSET": [
      0, 
      0, 
      0
    ], 
    "compiler name": "ARM Mali OpenCL", 
    "compiler version": "5.0", 
    "cpu_freq": 800, 
    "gpu_freq": 533, 
    "image cols": 3600, 
    "image rows": 1800, 
    "pool_dir": "pool.17", 
    "program version": "c597087", 
    "size": 128
  }, 
  "meta": {
    "device name": "Mali-T628", 
    "device type": "GPU", 
    "device vendor": "ARM", 
    "experiment type": "benchmarking", 
    "kernel name": "calc_histogram", 
    "program name": "Realeyes HOG"
  }, 
  "tags": [
    "demo", 
    "arm", 
    "codegen15"
  ], 
  "work": {
    "repl": 2, 
    "timestamp": "2015-02-22T01:53:27.557855"
  }
}