{
  "characteristics": {
    "cpu": 0.008786, 
    "gpu_copy": 0.018434, 
    "gpu_only": 0.006143, 
    "is_gpu_better": false, 
    "l2 cache and mmu counters": {
      "0": 3155926547, 
      "1": 20, 
      "10": 0, 
      "11": 0, 
      "12": 0, 
      "13": 0, 
      "14": 0, 
      "15": 0, 
      "16": 8, 
      "17": 3, 
      "18": 158, 
      "19": 4, 
      "2": 65535, 
      "20": 0, 
      "21": 0, 
      "22": 0, 
      "23": 0, 
      "24": 0, 
      "25": 0, 
      "26": 0, 
      "27": 0, 
      "28": 0, 
      "29": 0, 
      "3": 0, 
      "30": 111, 
      "31": 16094, 
      "32": 1132100, 
      "33": 922715, 
      "34": 921759, 
      "35": 80348, 
      "36": 90584, 
      "37": 893495, 
      "38": 0, 
      "39": 114286, 
      "4": 14599, 
      "40": 114281, 
      "41": 404, 
      "42": 0, 
      "43": 114173, 
      "44": 0, 
      "45": 61, 
      "46": 0, 
      "47": 0, 
      "48": 4023, 
      "49": 4023, 
      "5": 141, 
      "50": 32, 
      "51": 27, 
      "52": 5, 
      "53": 2, 
      "54": 0, 
      "55": 0, 
      "56": 0, 
      "57": 35, 
      "58": 2, 
      "59": 0, 
      "6": 71, 
      "60": 0, 
      "61": 24073, 
      "62": 977814, 
      "63": 533014, 
      "7": 223, 
      "8": 120, 
      "9": 0
    }, 
    "shader core counters": {
      "0": [
        3155926547, 
        3155926547, 
        3155926547, 
        3155926547
      ], 
      "1": [
        20, 
        20, 
        20, 
        20
      ], 
      "10": [
        0, 
        0, 
        0, 
        0
      ], 
      "11": [
        0, 
        0, 
        0, 
        0
      ], 
      "12": [
        0, 
        0, 
        0, 
        0
      ], 
      "13": [
        0, 
        0, 
        0, 
        0
      ], 
      "14": [
        0, 
        0, 
        0, 
        0
      ], 
      "15": [
        0, 
        0, 
        0, 
        0
      ], 
      "16": [
        0, 
        0, 
        0, 
        0
      ], 
      "17": [
        0, 
        0, 
        0, 
        0
      ], 
      "18": [
        0, 
        0, 
        0, 
        0
      ], 
      "19": [
        0, 
        0, 
        0, 
        0
      ], 
      "2": [
        65535, 
        65535, 
        65535, 
        65535
      ], 
      "20": [
        0, 
        0, 
        0, 
        0
      ], 
      "21": [
        0, 
        0, 
        0, 
        0
      ], 
      "22": [
        1631535, 
        1632739, 
        1633784, 
        1633642
      ], 
      "23": [
        513, 
        514, 
        511, 
        510
      ], 
      "24": [
        65664, 
        65792, 
        65408, 
        65280
      ], 
      "25": [
        7438, 
        10018, 
        10292, 
        13458
      ], 
      "26": [
        1631187, 
        1632387, 
        1633437, 
        1633289
      ], 
      "27": [
        962902, 
        950058, 
        959386, 
        951446
      ], 
      "28": [
        23219, 
        22618, 
        22883, 
        22751
      ], 
      "29": [
        632646, 
        641848, 
        637403, 
        641663
      ], 
      "3": [
        0, 
        0, 
        0, 
        0
      ], 
      "30": [
        0, 
        0, 
        0, 
        0
      ], 
      "31": [
        384771, 
        380102, 
        384668, 
        381191
      ], 
      "32": [
        959958, 
        988141, 
        954455, 
        988261
      ], 
      "33": [
        0, 
        0, 
        0, 
        0
      ], 
      "34": [
        575187, 
        608039, 
        569787, 
        607070
      ], 
      "35": [
        0, 
        0, 
        0, 
        0
      ], 
      "36": [
        0, 
        0, 
        0, 
        0
      ], 
      "37": [
        0, 
        0, 
        0, 
        0
      ], 
      "38": [
        0, 
        0, 
        0, 
        0
      ], 
      "39": [
        0, 
        0, 
        0, 
        0
      ], 
      "4": [
        0, 
        0, 
        0, 
        0
      ], 
      "40": [
        0, 
        0, 
        0, 
        0
      ], 
      "41": [
        0, 
        0, 
        0, 
        0
      ], 
      "42": [
        0, 
        0, 
        0, 
        0
      ], 
      "43": [
        0, 
        0, 
        0, 
        0
      ], 
      "44": [
        0, 
        0, 
        0, 
        0
      ], 
      "45": [
        0, 
        0, 
        0, 
        0
      ], 
      "46": [
        0, 
        0, 
        0, 
        0
      ], 
      "47": [
        0, 
        0, 
        0, 
        0
      ], 
      "48": [
        98079, 
        95688, 
        98117, 
        96660
      ], 
      "49": [
        29600, 
        31411, 
        27705, 
        30830
      ], 
      "5": [
        0, 
        0, 
        0, 
        0
      ], 
      "50": [
        0, 
        0, 
        0, 
        0
      ], 
      "51": [
        0, 
        0, 
        0, 
        0
      ], 
      "52": [
        77809, 
        77683, 
        77782, 
        77435
      ], 
      "53": [
        240184, 
        255108, 
        239282, 
        255000
      ], 
      "54": [
        28578, 
        28172, 
        28587, 
        28797
      ], 
      "55": [
        22560, 
        22208, 
        22701, 
        22852
      ], 
      "56": [
        22719, 
        22325, 
        22827, 
        22995
      ], 
      "57": [
        1, 
        1, 
        1, 
        1
      ], 
      "58": [
        3, 
        3, 
        3, 
        3
      ], 
      "59": [
        42, 
        42, 
        42, 
        44
      ], 
      "6": [
        0, 
        0, 
        0, 
        0
      ], 
      "60": [
        1562, 
        1494, 
        1568, 
        1579
      ], 
      "61": [
        189353, 
        186851, 
        189342, 
        187531
      ], 
      "62": [
        332, 
        332, 
        332, 
        332
      ], 
      "63": [
        0, 
        0, 
        0, 
        16
      ], 
      "7": [
        0, 
        0, 
        0, 
        0
      ], 
      "8": [
        0, 
        0, 
        0, 
        0
      ], 
      "9": [
        0, 
        0, 
        0, 
        0
      ]
    }
  }, 
  "features": {
    "GWS": [
      64, 
      64, 
      64
    ], 
    "LWS": [
      4, 
      1, 
      64
    ], 
    "OFFSET": [
      0, 
      0, 
      0
    ], 
    "compiler name": "ARM Mali OpenCL", 
    "compiler version": "5.0", 
    "cpu_freq": 800, 
    "gpu_freq": 266, 
    "image cols": 2868, 
    "image rows": 1607, 
    "pool_dir": "pool.13", 
    "program version": "c597087", 
    "size": 64
  }, 
  "meta": {
    "device name": "Mali-T628", 
    "device type": "GPU", 
    "device vendor": "ARM", 
    "experiment type": "benchmarking", 
    "kernel name": "calc_histogram", 
    "program name": "Realeyes HOG"
  }, 
  "tags": [
    "demo", 
    "arm", 
    "codegen15"
  ], 
  "work": {
    "repl": 2, 
    "timestamp": "2015-02-22T02:13:38.656212"
  }
}