{
  "characteristics": {
    "cpu": 0.003592, 
    "gpu_copy": 0.004444, 
    "gpu_only": 0.002106, 
    "is_gpu_better": false, 
    "l2 cache and mmu counters": {
      "0": 3821269906, 
      "1": 14, 
      "10": 0, 
      "11": 0, 
      "12": 0, 
      "13": 0, 
      "14": 0, 
      "15": 0, 
      "16": 8, 
      "17": 2, 
      "18": 236, 
      "19": 4, 
      "2": 65535, 
      "20": 0, 
      "21": 0, 
      "22": 0, 
      "23": 0, 
      "24": 0, 
      "25": 0, 
      "26": 0, 
      "27": 0, 
      "28": 0, 
      "29": 0, 
      "3": 0, 
      "30": 108, 
      "31": 11162, 
      "32": 776530, 
      "33": 629367, 
      "34": 628102, 
      "35": 54864, 
      "36": 61748, 
      "37": 610859, 
      "38": 0, 
      "39": 80944, 
      "4": 421, 
      "40": 80939, 
      "41": 292, 
      "42": 0, 
      "43": 80858, 
      "44": 0, 
      "45": 48, 
      "46": 0, 
      "47": 0, 
      "48": 2790, 
      "49": 2790, 
      "5": 58, 
      "50": 32, 
      "51": 26, 
      "52": 6, 
      "53": 2, 
      "54": 0, 
      "55": 0, 
      "56": 0, 
      "57": 7, 
      "58": 3, 
      "59": 0, 
      "6": 65, 
      "60": 0, 
      "61": 15343, 
      "62": 668671, 
      "63": 354133, 
      "7": 155, 
      "8": 29, 
      "9": 0
    }, 
    "shader core counters": {
      "0": [
        3821269906, 
        3821269906, 
        3821269906, 
        3821269906
      ], 
      "1": [
        14, 
        14, 
        14, 
        14
      ], 
      "10": [
        0, 
        0, 
        0, 
        0
      ], 
      "11": [
        0, 
        0, 
        0, 
        0
      ], 
      "12": [
        0, 
        0, 
        0, 
        0
      ], 
      "13": [
        0, 
        0, 
        0, 
        0
      ], 
      "14": [
        0, 
        0, 
        0, 
        0
      ], 
      "15": [
        0, 
        0, 
        0, 
        0
      ], 
      "16": [
        0, 
        0, 
        0, 
        0
      ], 
      "17": [
        0, 
        0, 
        0, 
        0
      ], 
      "18": [
        0, 
        0, 
        0, 
        0
      ], 
      "19": [
        0, 
        0, 
        0, 
        0
      ], 
      "2": [
        65535, 
        65535, 
        65535, 
        65535
      ], 
      "20": [
        0, 
        0, 
        0, 
        0
      ], 
      "21": [
        0, 
        0, 
        0, 
        0
      ], 
      "22": [
        1118896, 
        1119920, 
        1119475, 
        1118587
      ], 
      "23": [
        292, 
        281, 
        285, 
        294
      ], 
      "24": [
        37376, 
        35968, 
        36480, 
        37632
      ], 
      "25": [
        6954, 
        13440, 
        6911, 
        5717
      ], 
      "26": [
        1118440, 
        1119461, 
        1119018, 
        1118135
      ], 
      "27": [
        649618, 
        636244, 
        649042, 
        649550
      ], 
      "28": [
        16505, 
        15844, 
        16285, 
        16812
      ], 
      "29": [
        429878, 
        442131, 
        437581, 
        432753
      ], 
      "3": [
        0, 
        0, 
        0, 
        0
      ], 
      "30": [
        0, 
        0, 
        0, 
        0
      ], 
      "31": [
        251931, 
        247635, 
        251324, 
        252730
      ], 
      "32": [
        650582, 
        670049, 
        651959, 
        663987
      ], 
      "33": [
        0, 
        0, 
        0, 
        0
      ], 
      "34": [
        398651, 
        422414, 
        400635, 
        411257
      ], 
      "35": [
        0, 
        0, 
        0, 
        0
      ], 
      "36": [
        0, 
        0, 
        0, 
        0
      ], 
      "37": [
        0, 
        0, 
        0, 
        0
      ], 
      "38": [
        0, 
        0, 
        0, 
        0
      ], 
      "39": [
        0, 
        0, 
        0, 
        0
      ], 
      "4": [
        0, 
        0, 
        0, 
        0
      ], 
      "40": [
        0, 
        0, 
        0, 
        0
      ], 
      "41": [
        0, 
        0, 
        0, 
        0
      ], 
      "42": [
        0, 
        0, 
        0, 
        0
      ], 
      "43": [
        0, 
        0, 
        0, 
        0
      ], 
      "44": [
        0, 
        0, 
        0, 
        0
      ], 
      "45": [
        0, 
        0, 
        0, 
        0
      ], 
      "46": [
        0, 
        0, 
        0, 
        0
      ], 
      "47": [
        0, 
        0, 
        0, 
        0
      ], 
      "48": [
        61312, 
        60794, 
        61519, 
        61067
      ], 
      "49": [
        24107, 
        27163, 
        23307, 
        25366
      ], 
      "5": [
        0, 
        0, 
        0, 
        0
      ], 
      "50": [
        0, 
        0, 
        0, 
        0
      ], 
      "51": [
        0, 
        0, 
        0, 
        0
      ], 
      "52": [
        57449, 
        56337, 
        57318, 
        58065
      ], 
      "53": [
        168770, 
        177824, 
        170498, 
        173533
      ], 
      "54": [
        20273, 
        19945, 
        20634, 
        19773
      ], 
      "55": [
        15346, 
        15262, 
        15900, 
        15104
      ], 
      "56": [
        15403, 
        15308, 
        15944, 
        15158
      ], 
      "57": [
        1, 
        1, 
        1, 
        1
      ], 
      "58": [
        3, 
        3, 
        3, 
        3
      ], 
      "59": [
        42, 
        44, 
        42, 
        42
      ], 
      "6": [
        0, 
        0, 
        0, 
        0
      ], 
      "60": [
        56, 
        34, 
        57, 
        53
      ], 
      "61": [
        128353, 
        126473, 
        128326, 
        128641
      ], 
      "62": [
        332, 
        0, 
        332, 
        332
      ], 
      "63": [
        0, 
        24, 
        8, 
        0
      ], 
      "7": [
        0, 
        0, 
        0, 
        0
      ], 
      "8": [
        0, 
        0, 
        0, 
        0
      ], 
      "9": [
        0, 
        0, 
        0, 
        0
      ]
    }
  }, 
  "features": {
    "GWS": [
      48, 
      48, 
      64
    ], 
    "LWS": [
      4, 
      1, 
      64
    ], 
    "OFFSET": [
      0, 
      0, 
      0
    ], 
    "compiler name": "ARM Mali OpenCL", 
    "compiler version": "5.0", 
    "cpu_freq": 1600, 
    "gpu_freq": 533, 
    "image cols": 944, 
    "image rows": 708, 
    "pool_dir": "pool.05", 
    "program version": "c597087", 
    "size": 48
  }, 
  "meta": {
    "device name": "Mali-T628", 
    "device type": "GPU", 
    "device vendor": "ARM", 
    "experiment type": "benchmarking", 
    "kernel name": "calc_histogram", 
    "program name": "Realeyes HOG"
  }, 
  "tags": [
    "demo", 
    "arm", 
    "codegen15"
  ], 
  "work": {
    "repl": 3, 
    "timestamp": "2015-02-25T13:05:15.767291"
  }
}