{
  "characteristics": {
    "cpu": 0.004552, 
    "gpu_copy": 0.018327, 
    "gpu_only": 0.001686, 
    "is_gpu_better": false, 
    "l2 cache and mmu counters": {
      "0": 898149939, 
      "1": 17, 
      "10": 0, 
      "11": 0, 
      "12": 0, 
      "13": 0, 
      "14": 0, 
      "15": 0, 
      "16": 8, 
      "17": 2, 
      "18": 254, 
      "19": 4, 
      "2": 65535, 
      "20": 0, 
      "21": 0, 
      "22": 0, 
      "23": 0, 
      "24": 0, 
      "25": 0, 
      "26": 0, 
      "27": 0, 
      "28": 0, 
      "29": 0, 
      "3": 0, 
      "30": 96, 
      "31": 9638, 
      "32": 650542, 
      "33": 536240, 
      "34": 534871, 
      "35": 44302, 
      "36": 49620, 
      "37": 520162, 
      "38": 0, 
      "39": 60390, 
      "4": 8508, 
      "40": 60385, 
      "41": 229, 
      "42": 0, 
      "43": 60324, 
      "44": 0, 
      "45": 40, 
      "46": 0, 
      "47": 0, 
      "48": 2409, 
      "49": 2409, 
      "5": 170, 
      "50": 38, 
      "51": 23, 
      "52": 6, 
      "53": 2, 
      "54": 0, 
      "55": 0, 
      "56": 0, 
      "57": 25, 
      "58": 0, 
      "59": 0, 
      "6": 108, 
      "60": 0, 
      "61": 13348, 
      "62": 563065, 
      "63": 368443, 
      "7": 295, 
      "8": 146, 
      "9": 0
    }, 
    "shader core counters": {
      "0": [
        898149939, 
        898149939, 
        898149939, 
        898149939
      ], 
      "1": [
        17, 
        17, 
        17, 
        17
      ], 
      "10": [
        0, 
        0, 
        0, 
        0
      ], 
      "11": [
        0, 
        0, 
        0, 
        0
      ], 
      "12": [
        0, 
        0, 
        0, 
        0
      ], 
      "13": [
        0, 
        0, 
        0, 
        0
      ], 
      "14": [
        0, 
        0, 
        0, 
        0
      ], 
      "15": [
        0, 
        0, 
        0, 
        0
      ], 
      "16": [
        0, 
        0, 
        0, 
        0
      ], 
      "17": [
        0, 
        0, 
        0, 
        0
      ], 
      "18": [
        0, 
        0, 
        0, 
        0
      ], 
      "19": [
        0, 
        0, 
        0, 
        0
      ], 
      "2": [
        65535, 
        65535, 
        65535, 
        65535
      ], 
      "20": [
        0, 
        0, 
        0, 
        0
      ], 
      "21": [
        0, 
        0, 
        0, 
        0
      ], 
      "22": [
        895671, 
        894878, 
        897044, 
        895545
      ], 
      "23": [
        294, 
        282, 
        293, 
        283
      ], 
      "24": [
        37632, 
        36096, 
        37504, 
        36224
      ], 
      "25": [
        38308, 
        42763, 
        18435, 
        36738
      ], 
      "26": [
        895193, 
        894397, 
        896565, 
        895071
      ], 
      "27": [
        498734, 
        478042, 
        498420, 
        482094
      ], 
      "28": [
        11151, 
        10188, 
        10809, 
        10260
      ], 
      "29": [
        362872, 
        381011, 
        371834, 
        379391
      ], 
      "3": [
        0, 
        0, 
        0, 
        0
      ], 
      "30": [
        0, 
        0, 
        0, 
        0
      ], 
      "31": [
        207364, 
        201022, 
        209450, 
        202897
      ], 
      "32": [
        569502, 
        600069, 
        571963, 
        591424
      ], 
      "33": [
        0, 
        0, 
        0, 
        0
      ], 
      "34": [
        362138, 
        399047, 
        362513, 
        388527
      ], 
      "35": [
        0, 
        0, 
        0, 
        0
      ], 
      "36": [
        0, 
        0, 
        0, 
        0
      ], 
      "37": [
        0, 
        0, 
        0, 
        0
      ], 
      "38": [
        0, 
        0, 
        0, 
        0
      ], 
      "39": [
        0, 
        0, 
        0, 
        0
      ], 
      "4": [
        0, 
        0, 
        0, 
        0
      ], 
      "40": [
        0, 
        0, 
        0, 
        0
      ], 
      "41": [
        0, 
        0, 
        0, 
        0
      ], 
      "42": [
        0, 
        0, 
        0, 
        0
      ], 
      "43": [
        0, 
        0, 
        0, 
        0
      ], 
      "44": [
        0, 
        0, 
        0, 
        0
      ], 
      "45": [
        0, 
        0, 
        0, 
        0
      ], 
      "46": [
        0, 
        0, 
        0, 
        0
      ], 
      "47": [
        0, 
        0, 
        0, 
        0
      ], 
      "48": [
        51412, 
        49701, 
        52352, 
        50834
      ], 
      "49": [
        17773, 
        21755, 
        18207, 
        20974
      ], 
      "5": [
        0, 
        0, 
        0, 
        0
      ], 
      "50": [
        0, 
        0, 
        0, 
        0
      ], 
      "51": [
        0, 
        0, 
        0, 
        0
      ], 
      "52": [
        41494, 
        40527, 
        41581, 
        40236
      ], 
      "53": [
        154815, 
        169867, 
        154951, 
        165374
      ], 
      "54": [
        15129, 
        14878, 
        15165, 
        15031
      ], 
      "55": [
        12457, 
        12239, 
        12464, 
        12369
      ], 
      "56": [
        12499, 
        12287, 
        12503, 
        12414
      ], 
      "57": [
        1, 
        1, 
        1, 
        1
      ], 
      "58": [
        3, 
        3, 
        3, 
        3
      ], 
      "59": [
        42, 
        42, 
        42, 
        42
      ], 
      "6": [
        0, 
        0, 
        0, 
        0
      ], 
      "60": [
        903, 
        873, 
        885, 
        883
      ], 
      "61": [
        99622, 
        96591, 
        100589, 
        97436
      ], 
      "62": [
        332, 
        332, 
        332, 
        332
      ], 
      "63": [
        0, 
        0, 
        0, 
        0
      ], 
      "7": [
        0, 
        0, 
        0, 
        0
      ], 
      "8": [
        0, 
        0, 
        0, 
        0
      ], 
      "9": [
        0, 
        0, 
        0, 
        0
      ]
    }
  }, 
  "features": {
    "GWS": [
      48, 
      48, 
      64
    ], 
    "LWS": [
      4, 
      1, 
      64
    ], 
    "OFFSET": [
      0, 
      0, 
      0
    ], 
    "compiler name": "ARM Mali OpenCL", 
    "compiler version": "5.0", 
    "cpu_freq": 800, 
    "gpu_freq": 533, 
    "image cols": 3600, 
    "image rows": 1800, 
    "pool_dir": "pool.17", 
    "program version": "c597087", 
    "size": 48
  }, 
  "meta": {
    "device name": "Mali-T628", 
    "device type": "GPU", 
    "device vendor": "ARM", 
    "experiment type": "benchmarking", 
    "kernel name": "calc_histogram", 
    "program name": "Realeyes HOG"
  }, 
  "tags": [
    "demo", 
    "arm", 
    "codegen15"
  ], 
  "work": {
    "repl": 2, 
    "timestamp": "2015-02-25T13:12:11.030699"
  }
}