{
  "characteristics": {
    "cpu": 0.003595, 
    "gpu_copy": 0.01212, 
    "gpu_only": 0.00233, 
    "is_gpu_better": false, 
    "l2 cache and mmu counters": {
      "0": 484041845, 
      "1": 9, 
      "10": 0, 
      "11": 0, 
      "12": 0, 
      "13": 0, 
      "14": 0, 
      "15": 0, 
      "16": 8, 
      "17": 3, 
      "18": 283, 
      "19": 4, 
      "2": 65535, 
      "20": 0, 
      "21": 0, 
      "22": 0, 
      "23": 0, 
      "24": 0, 
      "25": 0, 
      "26": 0, 
      "27": 0, 
      "28": 0, 
      "29": 0, 
      "3": 0, 
      "30": 148, 
      "31": 15738, 
      "32": 864881, 
      "33": 697534, 
      "34": 696305, 
      "35": 61007, 
      "36": 67845, 
      "37": 674247, 
      "38": 0, 
      "39": 94948, 
      "4": 19020, 
      "40": 94943, 
      "41": 428, 
      "42": 0, 
      "43": 94832, 
      "44": 0, 
      "45": 60, 
      "46": 0, 
      "47": 0, 
      "48": 3934, 
      "49": 3934, 
      "5": 146, 
      "50": 52, 
      "51": 36, 
      "52": 6, 
      "53": 2, 
      "54": 0, 
      "55": 1, 
      "56": 0, 
      "57": 28, 
      "58": 8, 
      "59": 0, 
      "6": 85, 
      "60": 0, 
      "61": 17549, 
      "62": 742728, 
      "63": 381882, 
      "7": 396, 
      "8": 115, 
      "9": 0
    }, 
    "shader core counters": {
      "0": [
        484041845, 
        484041845, 
        484041845, 
        484041845
      ], 
      "1": [
        9, 
        9, 
        9, 
        9
      ], 
      "10": [
        0, 
        0, 
        0, 
        0
      ], 
      "11": [
        0, 
        0, 
        0, 
        0
      ], 
      "12": [
        0, 
        0, 
        0, 
        0
      ], 
      "13": [
        0, 
        0, 
        0, 
        0
      ], 
      "14": [
        0, 
        0, 
        0, 
        0
      ], 
      "15": [
        0, 
        0, 
        0, 
        0
      ], 
      "16": [
        0, 
        0, 
        0, 
        0
      ], 
      "17": [
        0, 
        0, 
        0, 
        0
      ], 
      "18": [
        0, 
        0, 
        0, 
        0
      ], 
      "19": [
        0, 
        0, 
        0, 
        0
      ], 
      "2": [
        65535, 
        65535, 
        65535, 
        65535
      ], 
      "20": [
        0, 
        0, 
        0, 
        0
      ], 
      "21": [
        0, 
        0, 
        0, 
        0
      ], 
      "22": [
        1238859, 
        1233327, 
        1232324, 
        1236458
      ], 
      "23": [
        292, 
        276, 
        290, 
        294
      ], 
      "24": [
        37376, 
        35328, 
        37120, 
        37632
      ], 
      "25": [
        4659, 
        7224, 
        8484, 
        7071
      ], 
      "26": [
        1238399, 
        1232864, 
        1231866, 
        1235994
      ], 
      "27": [
        714052, 
        690034, 
        707670, 
        706492
      ], 
      "28": [
        18934, 
        17946, 
        18204, 
        18646
      ], 
      "29": [
        486777, 
        498475, 
        487815, 
        487434
      ], 
      "3": [
        0, 
        0, 
        0, 
        0
      ], 
      "30": [
        0, 
        0, 
        0, 
        0
      ], 
      "31": [
        269634, 
        260567, 
        267459, 
        267729
      ], 
      "32": [
        747784, 
        782074, 
        743143, 
        763123
      ], 
      "33": [
        0, 
        0, 
        0, 
        0
      ], 
      "34": [
        478150, 
        521507, 
        475684, 
        495394
      ], 
      "35": [
        0, 
        0, 
        0, 
        0
      ], 
      "36": [
        0, 
        0, 
        0, 
        0
      ], 
      "37": [
        0, 
        0, 
        0, 
        0
      ], 
      "38": [
        0, 
        0, 
        0, 
        0
      ], 
      "39": [
        0, 
        0, 
        0, 
        0
      ], 
      "4": [
        0, 
        0, 
        0, 
        0
      ], 
      "40": [
        0, 
        0, 
        0, 
        0
      ], 
      "41": [
        0, 
        0, 
        0, 
        0
      ], 
      "42": [
        0, 
        0, 
        0, 
        0
      ], 
      "43": [
        0, 
        0, 
        0, 
        0
      ], 
      "44": [
        0, 
        0, 
        0, 
        0
      ], 
      "45": [
        0, 
        0, 
        0, 
        0
      ], 
      "46": [
        0, 
        0, 
        0, 
        0
      ], 
      "47": [
        0, 
        0, 
        0, 
        0
      ], 
      "48": [
        66031, 
        63607, 
        65399, 
        65393
      ], 
      "49": [
        33933, 
        38429, 
        32956, 
        36228
      ], 
      "5": [
        0, 
        0, 
        0, 
        0
      ], 
      "50": [
        0, 
        0, 
        0, 
        0
      ], 
      "51": [
        0, 
        0, 
        0, 
        0
      ], 
      "52": [
        63133, 
        61559, 
        62629, 
        62556
      ], 
      "53": [
        190322, 
        208401, 
        189803, 
        197142
      ], 
      "54": [
        23634, 
        23906, 
        23982, 
        23369
      ], 
      "55": [
        16857, 
        16971, 
        17164, 
        16525
      ], 
      "56": [
        17015, 
        17135, 
        17329, 
        16691
      ], 
      "57": [
        1, 
        1, 
        1, 
        1
      ], 
      "58": [
        3, 
        3, 
        3, 
        3
      ], 
      "59": [
        42, 
        42, 
        42, 
        42
      ], 
      "6": [
        0, 
        0, 
        0, 
        0
      ], 
      "60": [
        1928, 
        1965, 
        2023, 
        1926
      ], 
      "61": [
        139925, 
        135575, 
        138765, 
        138588
      ], 
      "62": [
        332, 
        332, 
        332, 
        332
      ], 
      "63": [
        0, 
        0, 
        0, 
        0
      ], 
      "7": [
        0, 
        0, 
        0, 
        0
      ], 
      "8": [
        0, 
        0, 
        0, 
        0
      ], 
      "9": [
        0, 
        0, 
        0, 
        0
      ]
    }
  }, 
  "features": {
    "GWS": [
      48, 
      48, 
      64
    ], 
    "LWS": [
      4, 
      1, 
      64
    ], 
    "OFFSET": [
      0, 
      0, 
      0
    ], 
    "compiler name": "ARM Mali OpenCL", 
    "compiler version": "5.0", 
    "cpu_freq": 1600, 
    "gpu_freq": 533, 
    "image cols": 2126, 
    "image rows": 2658, 
    "pool_dir": "pool.04", 
    "program version": "c597087", 
    "size": 48
  }, 
  "meta": {
    "device name": "Mali-T628", 
    "device type": "GPU", 
    "device vendor": "ARM", 
    "experiment type": "benchmarking", 
    "kernel name": "calc_histogram", 
    "program name": "Realeyes HOG"
  }, 
  "tags": [
    "demo", 
    "arm", 
    "codegen15"
  ], 
  "work": {
    "repl": 3, 
    "timestamp": "2015-02-25T12:48:01.992026"
  }
}