{
  "characteristics": {
    "cpu": 0.010168, 
    "gpu_copy": 0.02054, 
    "gpu_only": 0.007044, 
    "is_gpu_better": false, 
    "l2 cache and mmu counters": {
      "0": 2770663061, 
      "1": 18, 
      "10": 0, 
      "11": 0, 
      "12": 0, 
      "13": 0, 
      "14": 0, 
      "15": 0, 
      "16": 8, 
      "17": 2, 
      "18": 174, 
      "19": 4, 
      "2": 65535, 
      "20": 0, 
      "21": 0, 
      "22": 0, 
      "23": 0, 
      "24": 0, 
      "25": 0, 
      "26": 0, 
      "27": 0, 
      "28": 0, 
      "29": 0, 
      "3": 0, 
      "30": 176, 
      "31": 20182, 
      "32": 1239246, 
      "33": 994606, 
      "34": 993640, 
      "35": 90798, 
      "36": 102778, 
      "37": 961447, 
      "38": 0, 
      "39": 137079, 
      "4": 23541, 
      "40": 137074, 
      "41": 518, 
      "42": 0, 
      "43": 136946, 
      "44": 0, 
      "45": 85, 
      "46": 0, 
      "47": 0, 
      "48": 5045, 
      "49": 5045, 
      "5": 163, 
      "50": 58, 
      "51": 43, 
      "52": 6, 
      "53": 2, 
      "54": 0, 
      "55": 0, 
      "56": 0, 
      "57": 215, 
      "58": 1, 
      "59": 0, 
      "6": 71, 
      "60": 0, 
      "61": 26835, 
      "62": 1059777, 
      "63": 470836, 
      "7": 328, 
      "8": 135, 
      "9": 0
    }, 
    "shader core counters": {
      "0": [
        2770663061, 
        2770663061, 
        2770663061, 
        2770663061
      ], 
      "1": [
        18, 
        18, 
        18, 
        18
      ], 
      "10": [
        0, 
        0, 
        0, 
        0
      ], 
      "11": [
        0, 
        0, 
        0, 
        0
      ], 
      "12": [
        0, 
        0, 
        0, 
        0
      ], 
      "13": [
        0, 
        0, 
        0, 
        0
      ], 
      "14": [
        0, 
        0, 
        0, 
        0
      ], 
      "15": [
        0, 
        0, 
        0, 
        0
      ], 
      "16": [
        0, 
        0, 
        0, 
        0
      ], 
      "17": [
        0, 
        0, 
        0, 
        0
      ], 
      "18": [
        0, 
        0, 
        0, 
        0
      ], 
      "19": [
        0, 
        0, 
        0, 
        0
      ], 
      "2": [
        65535, 
        65535, 
        65535, 
        65535
      ], 
      "20": [
        0, 
        0, 
        0, 
        0
      ], 
      "21": [
        0, 
        0, 
        0, 
        0
      ], 
      "22": [
        1873455, 
        1871027, 
        1869645, 
        1872479
      ], 
      "23": [
        523, 
        504, 
        512, 
        509
      ], 
      "24": [
        66944, 
        64512, 
        65536, 
        65152
      ], 
      "25": [
        5610, 
        6009, 
        8070, 
        6322
      ], 
      "26": [
        1873104, 
        1870673, 
        1869285, 
        1872124
      ], 
      "27": [
        1135726, 
        1117044, 
        1124530, 
        1122934
      ], 
      "28": [
        30142, 
        29069, 
        29756, 
        29534
      ], 
      "29": [
        692800, 
        706266, 
        699176, 
        702238
      ], 
      "3": [
        0, 
        0, 
        0, 
        0
      ], 
      "30": [
        0, 
        0, 
        0, 
        0
      ], 
      "31": [
        432228, 
        425228, 
        428837, 
        427776
      ], 
      "32": [
        1034605, 
        1054058, 
        1045376, 
        1055338
      ], 
      "33": [
        0, 
        0, 
        0, 
        0
      ], 
      "34": [
        602377, 
        628830, 
        616539, 
        627562
      ], 
      "35": [
        0, 
        0, 
        0, 
        0
      ], 
      "36": [
        0, 
        0, 
        0, 
        0
      ], 
      "37": [
        0, 
        0, 
        0, 
        0
      ], 
      "38": [
        0, 
        0, 
        0, 
        0
      ], 
      "39": [
        0, 
        0, 
        0, 
        0
      ], 
      "4": [
        0, 
        0, 
        0, 
        0
      ], 
      "40": [
        0, 
        0, 
        0, 
        0
      ], 
      "41": [
        0, 
        0, 
        0, 
        0
      ], 
      "42": [
        0, 
        0, 
        0, 
        0
      ], 
      "43": [
        0, 
        0, 
        0, 
        0
      ], 
      "44": [
        0, 
        0, 
        0, 
        0
      ], 
      "45": [
        0, 
        0, 
        0, 
        0
      ], 
      "46": [
        0, 
        0, 
        0, 
        0
      ], 
      "47": [
        0, 
        0, 
        0, 
        0
      ], 
      "48": [
        109070, 
        107688, 
        107873, 
        108263
      ], 
      "49": [
        34262, 
        36125, 
        32999, 
        35576
      ], 
      "5": [
        0, 
        0, 
        0, 
        0
      ], 
      "50": [
        0, 
        0, 
        0, 
        0
      ], 
      "51": [
        0, 
        0, 
        0, 
        0
      ], 
      "52": [
        94018, 
        92662, 
        93874, 
        93152
      ], 
      "53": [
        246635, 
        258332, 
        254889, 
        257964
      ], 
      "54": [
        33581, 
        34213, 
        34625, 
        34435
      ], 
      "55": [
        25108, 
        25556, 
        26027, 
        25756
      ], 
      "56": [
        25267, 
        25731, 
        26196, 
        25921
      ], 
      "57": [
        1, 
        1, 
        1, 
        1
      ], 
      "58": [
        3, 
        3, 
        3, 
        3
      ], 
      "59": [
        42, 
        42, 
        43, 
        42
      ], 
      "6": [
        0, 
        0, 
        0, 
        0
      ], 
      "60": [
        2329, 
        2462, 
        2453, 
        2481
      ], 
      "61": [
        220002, 
        216870, 
        218450, 
        218096
      ], 
      "62": [
        332, 
        332, 
        332, 
        332
      ], 
      "63": [
        8, 
        0, 
        16, 
        0
      ], 
      "7": [
        0, 
        0, 
        0, 
        0
      ], 
      "8": [
        0, 
        0, 
        0, 
        0
      ], 
      "9": [
        0, 
        0, 
        0, 
        0
      ]
    }
  }, 
  "features": {
    "GWS": [
      64, 
      64, 
      64
    ], 
    "LWS": [
      4, 
      1, 
      64
    ], 
    "OFFSET": [
      0, 
      0, 
      0
    ], 
    "compiler name": "ARM Mali OpenCL", 
    "compiler version": "5.0", 
    "cpu_freq": 800, 
    "gpu_freq": 266, 
    "image cols": 2582, 
    "image rows": 1940, 
    "pool_dir": "pool.06", 
    "program version": "c597087", 
    "size": 64
  }, 
  "meta": {
    "device name": "Mali-T628", 
    "device type": "GPU", 
    "device vendor": "ARM", 
    "experiment type": "benchmarking", 
    "kernel name": "calc_histogram", 
    "program name": "Realeyes HOG"
  }, 
  "tags": [
    "demo", 
    "arm", 
    "codegen15"
  ], 
  "work": {
    "repl": 0, 
    "timestamp": "2015-02-22T02:07:24.686475"
  }
}