{
  "characteristics": {
    "cpu": 0.004591, 
    "gpu_copy": 0.01853, 
    "gpu_only": 0.001689, 
    "is_gpu_better": false, 
    "l2 cache and mmu counters": {
      "0": 3455858958, 
      "1": 16, 
      "10": 0, 
      "11": 0, 
      "12": 0, 
      "13": 0, 
      "14": 0, 
      "15": 0, 
      "16": 8, 
      "17": 3, 
      "18": 248, 
      "19": 4, 
      "2": 65535, 
      "20": 0, 
      "21": 0, 
      "22": 0, 
      "23": 0, 
      "24": 0, 
      "25": 0, 
      "26": 0, 
      "27": 0, 
      "28": 0, 
      "29": 0, 
      "3": 0, 
      "30": 103, 
      "31": 9658, 
      "32": 651892, 
      "33": 537310, 
      "34": 536041, 
      "35": 44173, 
      "36": 49572, 
      "37": 520877, 
      "38": 0, 
      "39": 60673, 
      "4": 8764, 
      "40": 60668, 
      "41": 209, 
      "42": 0, 
      "43": 60617, 
      "44": 0, 
      "45": 55, 
      "46": 0, 
      "47": 0, 
      "48": 2414, 
      "49": 2414, 
      "5": 184, 
      "50": 41, 
      "51": 25, 
      "52": 5, 
      "53": 2, 
      "54": 0, 
      "55": 0, 
      "56": 0, 
      "57": 166, 
      "58": 0, 
      "59": 0, 
      "6": 115, 
      "60": 0, 
      "61": 13663, 
      "62": 563068, 
      "63": 376934, 
      "7": 291, 
      "8": 142, 
      "9": 0
    }, 
    "shader core counters": {
      "0": [
        3455858958, 
        3455858958, 
        3455858958, 
        3455858958
      ], 
      "1": [
        16, 
        16, 
        16, 
        16
      ], 
      "10": [
        0, 
        0, 
        0, 
        0
      ], 
      "11": [
        0, 
        0, 
        0, 
        0
      ], 
      "12": [
        0, 
        0, 
        0, 
        0
      ], 
      "13": [
        0, 
        0, 
        0, 
        0
      ], 
      "14": [
        0, 
        0, 
        0, 
        0
      ], 
      "15": [
        0, 
        0, 
        0, 
        0
      ], 
      "16": [
        0, 
        0, 
        0, 
        0
      ], 
      "17": [
        0, 
        0, 
        0, 
        0
      ], 
      "18": [
        0, 
        0, 
        0, 
        0
      ], 
      "19": [
        0, 
        0, 
        0, 
        0
      ], 
      "2": [
        65535, 
        65535, 
        65535, 
        65535
      ], 
      "20": [
        0, 
        0, 
        0, 
        0
      ], 
      "21": [
        0, 
        0, 
        0, 
        0
      ], 
      "22": [
        898561, 
        896962, 
        898770, 
        897780
      ], 
      "23": [
        292, 
        282, 
        290, 
        288
      ], 
      "24": [
        37376, 
        36096, 
        37120, 
        36864
      ], 
      "25": [
        40251, 
        43206, 
        37918, 
        37976
      ], 
      "26": [
        898080, 
        896477, 
        898290, 
        897294
      ], 
      "27": [
        496620, 
        482148, 
        494436, 
        486252
      ], 
      "28": [
        10595, 
        10159, 
        10514, 
        10486
      ], 
      "29": [
        372762, 
        379155, 
        374235, 
        379090
      ], 
      "3": [
        0, 
        0, 
        0, 
        0
      ], 
      "30": [
        0, 
        0, 
        0, 
        0
      ], 
      "31": [
        208274, 
        201052, 
        206731, 
        204732
      ], 
      "32": [
        582049, 
        605210, 
        584263, 
        596086
      ], 
      "33": [
        0, 
        0, 
        0, 
        0
      ], 
      "34": [
        373775, 
        404158, 
        377532, 
        391354
      ], 
      "35": [
        0, 
        0, 
        0, 
        0
      ], 
      "36": [
        0, 
        0, 
        0, 
        0
      ], 
      "37": [
        0, 
        0, 
        0, 
        0
      ], 
      "38": [
        0, 
        0, 
        0, 
        0
      ], 
      "39": [
        0, 
        0, 
        0, 
        0
      ], 
      "4": [
        0, 
        0, 
        0, 
        0
      ], 
      "40": [
        0, 
        0, 
        0, 
        0
      ], 
      "41": [
        0, 
        0, 
        0, 
        0
      ], 
      "42": [
        0, 
        0, 
        0, 
        0
      ], 
      "43": [
        0, 
        0, 
        0, 
        0
      ], 
      "44": [
        0, 
        0, 
        0, 
        0
      ], 
      "45": [
        0, 
        0, 
        0, 
        0
      ], 
      "46": [
        0, 
        0, 
        0, 
        0
      ], 
      "47": [
        0, 
        0, 
        0, 
        0
      ], 
      "48": [
        51949, 
        49700, 
        51682, 
        50967
      ], 
      "49": [
        18710, 
        21870, 
        19882, 
        21467
      ], 
      "5": [
        0, 
        0, 
        0, 
        0
      ], 
      "50": [
        0, 
        0, 
        0, 
        0
      ], 
      "51": [
        0, 
        0, 
        0, 
        0
      ], 
      "52": [
        41493, 
        40490, 
        41045, 
        40838
      ], 
      "53": [
        159982, 
        172221, 
        160578, 
        166268
      ], 
      "54": [
        15388, 
        14596, 
        15438, 
        15086
      ], 
      "55": [
        12649, 
        11884, 
        12611, 
        12332
      ], 
      "56": [
        12704, 
        11932, 
        12653, 
        12372
      ], 
      "57": [
        1, 
        1, 
        1, 
        1
      ], 
      "58": [
        4, 
        4, 
        4, 
        4
      ], 
      "59": [
        42, 
        42, 
        42, 
        42
      ], 
      "6": [
        0, 
        0, 
        0, 
        0
      ], 
      "60": [
        900, 
        884, 
        967, 
        866
      ], 
      "61": [
        100037, 
        96602, 
        99285, 
        98342
      ], 
      "62": [
        332, 
        332, 
        332, 
        332
      ], 
      "63": [
        0, 
        0, 
        0, 
        0
      ], 
      "7": [
        0, 
        0, 
        0, 
        0
      ], 
      "8": [
        0, 
        0, 
        0, 
        0
      ], 
      "9": [
        0, 
        0, 
        0, 
        0
      ]
    }
  }, 
  "features": {
    "GWS": [
      48, 
      48, 
      64
    ], 
    "LWS": [
      4, 
      1, 
      64
    ], 
    "OFFSET": [
      0, 
      0, 
      0
    ], 
    "compiler name": "ARM Mali OpenCL", 
    "compiler version": "5.0", 
    "cpu_freq": 800, 
    "gpu_freq": 533, 
    "image cols": 3600, 
    "image rows": 1800, 
    "pool_dir": "pool.17", 
    "program version": "c597087", 
    "size": 48
  }, 
  "meta": {
    "device name": "Mali-T628", 
    "device type": "GPU", 
    "device vendor": "ARM", 
    "experiment type": "benchmarking", 
    "kernel name": "calc_histogram", 
    "program name": "Realeyes HOG"
  }, 
  "tags": [
    "demo", 
    "arm", 
    "codegen15"
  ], 
  "work": {
    "repl": 0, 
    "timestamp": "2015-02-25T13:10:58.674293"
  }
}