{
  "characteristics": {
    "cpu": 0.001192, 
    "gpu_copy": 0.003319, 
    "gpu_only": 0.000251, 
    "is_gpu_better": false, 
    "l2 cache and mmu counters": {
      "0": 2079237439, 
      "1": 25, 
      "10": 0, 
      "11": 0, 
      "12": 0, 
      "13": 0, 
      "14": 0, 
      "15": 0, 
      "16": 8, 
      "17": 3, 
      "18": 235, 
      "19": 4, 
      "2": 65535, 
      "20": 0, 
      "21": 0, 
      "22": 0, 
      "23": 0, 
      "24": 0, 
      "25": 0, 
      "26": 0, 
      "27": 0, 
      "28": 0, 
      "29": 0, 
      "3": 0, 
      "30": 102, 
      "31": 3486, 
      "32": 95783, 
      "33": 74450, 
      "34": 73277, 
      "35": 6373, 
      "36": 6835, 
      "37": 71657, 
      "38": 0, 
      "39": 10323, 
      "4": 127, 
      "40": 10318, 
      "41": 84, 
      "42": 0, 
      "43": 10294, 
      "44": 0, 
      "45": 47, 
      "46": 0, 
      "47": 0, 
      "48": 871, 
      "49": 871, 
      "5": 58, 
      "50": 29, 
      "51": 25, 
      "52": 4, 
      "53": 2, 
      "54": 0, 
      "55": 0, 
      "56": 0, 
      "57": 0, 
      "58": 7, 
      "59": 0, 
      "6": 85, 
      "60": 0, 
      "61": 1911, 
      "62": 76352, 
      "63": 42264, 
      "7": 79, 
      "8": 24, 
      "9": 0
    }, 
    "shader core counters": {
      "0": [
        2079237439, 
        2079237439, 
        2079237439, 
        2079237439
      ], 
      "1": [
        25, 
        25, 
        25, 
        25
      ], 
      "10": [
        0, 
        0, 
        0, 
        0
      ], 
      "11": [
        0, 
        0, 
        0, 
        0
      ], 
      "12": [
        0, 
        0, 
        0, 
        0
      ], 
      "13": [
        0, 
        0, 
        0, 
        0
      ], 
      "14": [
        0, 
        0, 
        0, 
        0
      ], 
      "15": [
        0, 
        0, 
        0, 
        0
      ], 
      "16": [
        0, 
        0, 
        0, 
        0
      ], 
      "17": [
        0, 
        0, 
        0, 
        0
      ], 
      "18": [
        0, 
        0, 
        0, 
        0
      ], 
      "19": [
        0, 
        0, 
        0, 
        0
      ], 
      "2": [
        65535, 
        65535, 
        65535, 
        65535
      ], 
      "20": [
        0, 
        0, 
        0, 
        0
      ], 
      "21": [
        0, 
        0, 
        0, 
        0
      ], 
      "22": [
        133148, 
        130720, 
        132930, 
        132733
      ], 
      "23": [
        29, 
        34, 
        31, 
        34
      ], 
      "24": [
        3712, 
        4352, 
        3968, 
        4352
      ], 
      "25": [
        7546, 
        10663, 
        5842, 
        9874
      ], 
      "26": [
        132661, 
        130225, 
        132440, 
        132248
      ], 
      "27": [
        70048, 
        63236, 
        69152, 
        68628
      ], 
      "28": [
        1854, 
        1417, 
        1723, 
        1684
      ], 
      "29": [
        50386, 
        52558, 
        51301, 
        51696
      ], 
      "3": [
        0, 
        0, 
        0, 
        0
      ], 
      "30": [
        0, 
        0, 
        0, 
        0
      ], 
      "31": [
        26722, 
        26004, 
        26980, 
        27498
      ], 
      "32": [
        80125, 
        81807, 
        79766, 
        82298
      ], 
      "33": [
        0, 
        0, 
        0, 
        0
      ], 
      "34": [
        53403, 
        55803, 
        52786, 
        54800
      ], 
      "35": [
        0, 
        0, 
        0, 
        0
      ], 
      "36": [
        0, 
        0, 
        0, 
        0
      ], 
      "37": [
        0, 
        0, 
        0, 
        0
      ], 
      "38": [
        0, 
        0, 
        0, 
        0
      ], 
      "39": [
        0, 
        0, 
        0, 
        0
      ], 
      "4": [
        0, 
        0, 
        0, 
        0
      ], 
      "40": [
        0, 
        0, 
        0, 
        0
      ], 
      "41": [
        0, 
        0, 
        0, 
        0
      ], 
      "42": [
        0, 
        0, 
        0, 
        0
      ], 
      "43": [
        0, 
        0, 
        0, 
        0
      ], 
      "44": [
        0, 
        0, 
        0, 
        0
      ], 
      "45": [
        0, 
        0, 
        0, 
        0
      ], 
      "46": [
        0, 
        0, 
        0, 
        0
      ], 
      "47": [
        0, 
        0, 
        0, 
        0
      ], 
      "48": [
        6724, 
        6157, 
        6738, 
        6718
      ], 
      "49": [
        4950, 
        4774, 
        4814, 
        5688
      ], 
      "5": [
        0, 
        0, 
        0, 
        0
      ], 
      "50": [
        0, 
        0, 
        0, 
        0
      ], 
      "51": [
        0, 
        0, 
        0, 
        0
      ], 
      "52": [
        6011, 
        5763, 
        6009, 
        6075
      ], 
      "53": [
        20700, 
        22193, 
        20514, 
        20652
      ], 
      "54": [
        2617, 
        2414, 
        2633, 
        2558
      ], 
      "55": [
        1757, 
        1660, 
        1753, 
        1671
      ], 
      "56": [
        1756, 
        1662, 
        1750, 
        1667
      ], 
      "57": [
        1, 
        1, 
        1, 
        1
      ], 
      "58": [
        4, 
        4, 
        4, 
        4
      ], 
      "59": [
        42, 
        44, 
        42, 
        42
      ], 
      "6": [
        0, 
        0, 
        0, 
        0
      ], 
      "60": [
        13, 
        12, 
        14, 
        12
      ], 
      "61": [
        13791, 
        12825, 
        13763, 
        13783
      ], 
      "62": [
        332, 
        332, 
        332, 
        332
      ], 
      "63": [
        0, 
        16, 
        0, 
        0
      ], 
      "7": [
        0, 
        0, 
        0, 
        0
      ], 
      "8": [
        0, 
        0, 
        0, 
        0
      ], 
      "9": [
        0, 
        0, 
        0, 
        0
      ]
    }
  }, 
  "features": {
    "GWS": [
      16, 
      16, 
      64
    ], 
    "LWS": [
      4, 
      1, 
      64
    ], 
    "OFFSET": [
      0, 
      0, 
      0
    ], 
    "compiler name": "ARM Mali OpenCL", 
    "compiler version": "5.0", 
    "cpu_freq": 800, 
    "gpu_freq": 533, 
    "image cols": 633, 
    "image rows": 921, 
    "pool_dir": "pool.01", 
    "program version": "c597087", 
    "size": 16
  }, 
  "meta": {
    "device name": "Mali-T628", 
    "device type": "GPU", 
    "device vendor": "ARM", 
    "experiment type": "benchmarking", 
    "kernel name": "calc_histogram", 
    "program name": "Realeyes HOG"
  }, 
  "tags": [
    "demo", 
    "arm", 
    "codegen15"
  ], 
  "work": {
    "repl": 3, 
    "timestamp": "2015-02-22T02:27:48.522235"
  }
}