{
  "characteristics": {
    "cpu": 0.006415, 
    "gpu_copy": 0.005017, 
    "gpu_only": 0.002039, 
    "is_gpu_better": true, 
    "l2 cache and mmu counters": {
      "0": 166532885, 
      "1": 12, 
      "10": 0, 
      "11": 0, 
      "12": 0, 
      "13": 0, 
      "14": 0, 
      "15": 0, 
      "16": 8, 
      "17": 2, 
      "18": 231, 
      "19": 4, 
      "2": 65535, 
      "20": 0, 
      "21": 0, 
      "22": 0, 
      "23": 0, 
      "24": 0, 
      "25": 0, 
      "26": 0, 
      "27": 0, 
      "28": 0, 
      "29": 0, 
      "3": 0, 
      "30": 116, 
      "31": 10470, 
      "32": 720700, 
      "33": 579150, 
      "34": 577946, 
      "35": 51984, 
      "36": 59089, 
      "37": 561190, 
      "38": 0, 
      "39": 78012, 
      "4": 146, 
      "40": 78007, 
      "41": 261, 
      "42": 0, 
      "43": 77930, 
      "44": 0, 
      "45": 53, 
      "46": 0, 
      "47": 0, 
      "48": 2617, 
      "49": 2617, 
      "5": 53, 
      "50": 34, 
      "51": 28, 
      "52": 6, 
      "53": 2, 
      "54": 0, 
      "55": 0, 
      "56": 0, 
      "57": 59, 
      "58": 5, 
      "59": 0, 
      "6": 67, 
      "60": 0, 
      "61": 14845, 
      "62": 614622, 
      "63": 294558, 
      "7": 97, 
      "8": 26, 
      "9": 0
    }, 
    "shader core counters": {
      "0": [
        166532885, 
        166532885, 
        166532885, 
        166532885
      ], 
      "1": [
        12, 
        12, 
        12, 
        12
      ], 
      "10": [
        0, 
        0, 
        0, 
        0
      ], 
      "11": [
        0, 
        0, 
        0, 
        0
      ], 
      "12": [
        0, 
        0, 
        0, 
        0
      ], 
      "13": [
        0, 
        0, 
        0, 
        0
      ], 
      "14": [
        0, 
        0, 
        0, 
        0
      ], 
      "15": [
        0, 
        0, 
        0, 
        0
      ], 
      "16": [
        0, 
        0, 
        0, 
        0
      ], 
      "17": [
        0, 
        0, 
        0, 
        0
      ], 
      "18": [
        0, 
        0, 
        0, 
        0
      ], 
      "19": [
        0, 
        0, 
        0, 
        0
      ], 
      "2": [
        65535, 
        65535, 
        65535, 
        65535
      ], 
      "20": [
        0, 
        0, 
        0, 
        0
      ], 
      "21": [
        0, 
        0, 
        0, 
        0
      ], 
      "22": [
        1083700, 
        1083384, 
        1079290, 
        1082446
      ], 
      "23": [
        287, 
        291, 
        288, 
        286
      ], 
      "24": [
        36736, 
        37248, 
        36864, 
        36608
      ], 
      "25": [
        7856, 
        4681, 
        5211, 
        7958
      ], 
      "26": [
        1083242, 
        1082921, 
        1078832, 
        1081993
      ], 
      "27": [
        642226, 
        640396, 
        644018, 
        641566
      ], 
      "28": [
        16951, 
        16762, 
        17098, 
        16680
      ], 
      "29": [
        405286, 
        407991, 
        402813, 
        407938
      ], 
      "3": [
        0, 
        0, 
        0, 
        0
      ], 
      "30": [
        0, 
        0, 
        0, 
        0
      ], 
      "31": [
        245961, 
        245421, 
        245951, 
        245990
      ], 
      "32": [
        616066, 
        622321, 
        603276, 
        610235
      ], 
      "33": [
        0, 
        0, 
        0, 
        0
      ], 
      "34": [
        370105, 
        376900, 
        357325, 
        364245
      ], 
      "35": [
        0, 
        0, 
        0, 
        0
      ], 
      "36": [
        0, 
        0, 
        0, 
        0
      ], 
      "37": [
        0, 
        0, 
        0, 
        0
      ], 
      "38": [
        0, 
        0, 
        0, 
        0
      ], 
      "39": [
        0, 
        0, 
        0, 
        0
      ], 
      "4": [
        0, 
        0, 
        0, 
        0
      ], 
      "40": [
        0, 
        0, 
        0, 
        0
      ], 
      "41": [
        0, 
        0, 
        0, 
        0
      ], 
      "42": [
        0, 
        0, 
        0, 
        0
      ], 
      "43": [
        0, 
        0, 
        0, 
        0
      ], 
      "44": [
        0, 
        0, 
        0, 
        0
      ], 
      "45": [
        0, 
        0, 
        0, 
        0
      ], 
      "46": [
        0, 
        0, 
        0, 
        0
      ], 
      "47": [
        0, 
        0, 
        0, 
        0
      ], 
      "48": [
        61325, 
        60797, 
        61576, 
        61587
      ], 
      "49": [
        22554, 
        23580, 
        22198, 
        23012
      ], 
      "5": [
        0, 
        0, 
        0, 
        0
      ], 
      "50": [
        0, 
        0, 
        0, 
        0
      ], 
      "51": [
        0, 
        0, 
        0, 
        0
      ], 
      "52": [
        54772, 
        54778, 
        54503, 
        54583
      ], 
      "53": [
        156464, 
        158811, 
        150179, 
        152963
      ], 
      "54": [
        20056, 
        19118, 
        19674, 
        18997
      ], 
      "55": [
        15214, 
        14557, 
        14742, 
        14394
      ], 
      "56": [
        15315, 
        14633, 
        14822, 
        14471
      ], 
      "57": [
        1, 
        1, 
        1, 
        1
      ], 
      "58": [
        3, 
        3, 
        3, 
        3
      ], 
      "59": [
        42, 
        42, 
        42, 
        42
      ], 
      "6": [
        0, 
        0, 
        0, 
        0
      ], 
      "60": [
        15, 
        15, 
        16, 
        16
      ], 
      "61": [
        125612, 
        125106, 
        125615, 
        125695
      ], 
      "62": [
        332, 
        332, 
        332, 
        332
      ], 
      "63": [
        0, 
        0, 
        0, 
        0
      ], 
      "7": [
        0, 
        0, 
        0, 
        0
      ], 
      "8": [
        0, 
        0, 
        0, 
        0
      ], 
      "9": [
        0, 
        0, 
        0, 
        0
      ]
    }
  }, 
  "features": {
    "GWS": [
      48, 
      48, 
      64
    ], 
    "LWS": [
      4, 
      1, 
      64
    ], 
    "OFFSET": [
      0, 
      0, 
      0
    ], 
    "compiler name": "ARM Mali OpenCL", 
    "compiler version": "5.0", 
    "cpu_freq": 800, 
    "gpu_freq": 533, 
    "image cols": 816, 
    "image rows": 612, 
    "pool_dir": "pool.21", 
    "program version": "c597087", 
    "size": 48
  }, 
  "meta": {
    "device name": "Mali-T628", 
    "device type": "GPU", 
    "device vendor": "ARM", 
    "experiment type": "benchmarking", 
    "kernel name": "calc_histogram", 
    "program name": "Realeyes HOG"
  }, 
  "tags": [
    "demo", 
    "arm", 
    "codegen15"
  ], 
  "work": {
    "repl": 3, 
    "timestamp": "2015-02-25T12:56:45.772545"
  }
}