{
  "characteristics": {
    "cpu": 0.003119, 
    "gpu_copy": 0.005529, 
    "gpu_only": 0.000895, 
    "is_gpu_better": false, 
    "l2 cache and mmu counters": {
      "0": 189923164, 
      "1": 17, 
      "10": 0, 
      "11": 0, 
      "12": 0, 
      "13": 0, 
      "14": 0, 
      "15": 0, 
      "16": 9, 
      "17": 3, 
      "18": 271, 
      "19": 7, 
      "2": 65535, 
      "20": 0, 
      "21": 0, 
      "22": 0, 
      "23": 0, 
      "24": 0, 
      "25": 0, 
      "26": 0, 
      "27": 0, 
      "28": 0, 
      "29": 0, 
      "3": 0, 
      "30": 94, 
      "31": 6762, 
      "32": 337273, 
      "33": 273081, 
      "34": 271825, 
      "35": 23070, 
      "36": 25705, 
      "37": 263754, 
      "38": 0, 
      "39": 34230, 
      "4": 1396, 
      "40": 34219, 
      "41": 141, 
      "42": 0, 
      "43": 34186, 
      "44": 0, 
      "45": 39, 
      "46": 0, 
      "47": 0, 
      "48": 1690, 
      "49": 1690, 
      "5": 76, 
      "50": 27, 
      "51": 23, 
      "52": 4, 
      "53": 2, 
      "54": 0, 
      "55": 0, 
      "56": 0, 
      "57": 0, 
      "58": 6, 
      "59": 0, 
      "6": 100, 
      "60": 0, 
      "61": 7477, 
      "62": 285568, 
      "63": 166622, 
      "7": 150, 
      "8": 40, 
      "9": 0
    }, 
    "shader core counters": {
      "0": [
        189923164, 
        189923164, 
        189923164, 
        189923164
      ], 
      "1": [
        17, 
        17, 
        17, 
        17
      ], 
      "10": [
        0, 
        0, 
        0, 
        0
      ], 
      "11": [
        0, 
        0, 
        0, 
        0
      ], 
      "12": [
        0, 
        0, 
        0, 
        0
      ], 
      "13": [
        0, 
        0, 
        0, 
        0
      ], 
      "14": [
        0, 
        0, 
        0, 
        0
      ], 
      "15": [
        0, 
        0, 
        0, 
        0
      ], 
      "16": [
        0, 
        0, 
        0, 
        0
      ], 
      "17": [
        0, 
        0, 
        0, 
        0
      ], 
      "18": [
        0, 
        0, 
        0, 
        0
      ], 
      "19": [
        0, 
        0, 
        0, 
        0
      ], 
      "2": [
        65535, 
        65535, 
        65535, 
        65535
      ], 
      "20": [
        0, 
        0, 
        0, 
        0
      ], 
      "21": [
        0, 
        0, 
        0, 
        0
      ], 
      "22": [
        475841, 
        475231, 
        475840, 
        476107
      ], 
      "23": [
        130, 
        127, 
        128, 
        127
      ], 
      "24": [
        16640, 
        16256, 
        16384, 
        16256
      ], 
      "25": [
        17306, 
        16278, 
        15058, 
        22998
      ], 
      "26": [
        475283, 
        474669, 
        475283, 
        475544
      ], 
      "27": [
        267964, 
        264738, 
        270822, 
        265598
      ], 
      "28": [
        6723, 
        6333, 
        6643, 
        6546
      ], 
      "29": [
        186746, 
        189099, 
        186515, 
        185937
      ], 
      "3": [
        0, 
        0, 
        0, 
        0
      ], 
      "30": [
        0, 
        0, 
        0, 
        0
      ], 
      "31": [
        105767, 
        103336, 
        106185, 
        104225
      ], 
      "32": [
        287701, 
        301388, 
        292386, 
        298582
      ], 
      "33": [
        0, 
        0, 
        0, 
        0
      ], 
      "34": [
        181934, 
        198052, 
        186201, 
        194357
      ], 
      "35": [
        0, 
        0, 
        0, 
        0
      ], 
      "36": [
        0, 
        0, 
        0, 
        0
      ], 
      "37": [
        0, 
        0, 
        0, 
        0
      ], 
      "38": [
        0, 
        0, 
        0, 
        0
      ], 
      "39": [
        0, 
        0, 
        0, 
        0
      ], 
      "4": [
        0, 
        0, 
        0, 
        0
      ], 
      "40": [
        0, 
        0, 
        0, 
        0
      ], 
      "41": [
        0, 
        0, 
        0, 
        0
      ], 
      "42": [
        0, 
        0, 
        0, 
        0
      ], 
      "43": [
        0, 
        0, 
        0, 
        0
      ], 
      "44": [
        0, 
        0, 
        0, 
        0
      ], 
      "45": [
        0, 
        0, 
        0, 
        0
      ], 
      "46": [
        0, 
        0, 
        0, 
        0
      ], 
      "47": [
        0, 
        0, 
        0, 
        0
      ], 
      "48": [
        26181, 
        25451, 
        26401, 
        25833
      ], 
      "49": [
        11761, 
        13981, 
        11274, 
        12892
      ], 
      "5": [
        0, 
        0, 
        0, 
        0
      ], 
      "50": [
        0, 
        0, 
        0, 
        0
      ], 
      "51": [
        0, 
        0, 
        0, 
        0
      ], 
      "52": [
        23111, 
        22664, 
        23196, 
        22768
      ], 
      "53": [
        75850, 
        82018, 
        78432, 
        81281
      ], 
      "54": [
        8327, 
        8403, 
        8762, 
        8594
      ], 
      "55": [
        6278, 
        6322, 
        6611, 
        6460
      ], 
      "56": [
        6295, 
        6346, 
        6624, 
        6482
      ], 
      "57": [
        1, 
        1, 
        1, 
        1
      ], 
      "58": [
        3, 
        3, 
        3, 
        3
      ], 
      "59": [
        42, 
        42, 
        42, 
        43
      ], 
      "6": [
        0, 
        0, 
        0, 
        0
      ], 
      "60": [
        179, 
        155, 
        170, 
        155
      ], 
      "61": [
        53183, 
        51968, 
        53468, 
        52416
      ], 
      "62": [
        332, 
        332, 
        332, 
        332
      ], 
      "63": [
        0, 
        0, 
        0, 
        16
      ], 
      "7": [
        0, 
        0, 
        0, 
        0
      ], 
      "8": [
        0, 
        0, 
        0, 
        0
      ], 
      "9": [
        0, 
        0, 
        0, 
        0
      ]
    }
  }, 
  "features": {
    "GWS": [
      32, 
      32, 
      64
    ], 
    "LWS": [
      4, 
      1, 
      64
    ], 
    "OFFSET": [
      0, 
      0, 
      0
    ], 
    "compiler name": "ARM Mali OpenCL", 
    "compiler version": "5.0", 
    "cpu_freq": 800, 
    "gpu_freq": 533, 
    "image cols": 1232, 
    "image rows": 820, 
    "pool_dir": "pool.09", 
    "program version": "c597087", 
    "size": 32
  }, 
  "meta": {
    "device name": "Mali-T628", 
    "device type": "GPU", 
    "device vendor": "ARM", 
    "experiment type": "benchmarking", 
    "kernel name": "calc_histogram", 
    "program name": "Realeyes HOG"
  }, 
  "tags": [
    "demo", 
    "arm", 
    "codegen15"
  ], 
  "work": {
    "repl": 2, 
    "timestamp": "2015-02-25T13:11:41.510885"
  }
}