{
  "characteristics": {
    "cpu": 0.00214, 
    "gpu_copy": 0.012874, 
    "gpu_only": 0.002397, 
    "is_gpu_better": false, 
    "l2 cache and mmu counters": {
      "0": 2482627032, 
      "1": 18, 
      "10": 0, 
      "11": 0, 
      "12": 0, 
      "13": 0, 
      "14": 0, 
      "15": 0, 
      "16": 8, 
      "17": 3, 
      "18": 167, 
      "19": 4, 
      "2": 65535, 
      "20": 0, 
      "21": 0, 
      "22": 0, 
      "23": 0, 
      "24": 0, 
      "25": 0, 
      "26": 0, 
      "27": 0, 
      "28": 0, 
      "29": 0, 
      "3": 0, 
      "30": 130, 
      "31": 11314, 
      "32": 425040, 
      "33": 335737, 
      "34": 334504, 
      "35": 30409, 
      "36": 33673, 
      "37": 323124, 
      "38": 0, 
      "39": 51130, 
      "4": 14401, 
      "40": 51125, 
      "41": 281, 
      "42": 0, 
      "43": 51055, 
      "44": 0, 
      "45": 102, 
      "46": 0, 
      "47": 0, 
      "48": 2828, 
      "49": 2828, 
      "5": 475, 
      "50": 36, 
      "51": 32, 
      "52": 4, 
      "53": 2, 
      "54": 0, 
      "55": 0, 
      "56": 0, 
      "57": 0, 
      "58": 4, 
      "59": 0, 
      "6": 62, 
      "60": 0, 
      "61": 8869, 
      "62": 358603, 
      "63": 156435, 
      "7": 459, 
      "8": 389, 
      "9": 0
    }, 
    "shader core counters": {
      "0": [
        2482627032, 
        2482627032, 
        2482627032, 
        2482627032
      ], 
      "1": [
        18, 
        18, 
        18, 
        18
      ], 
      "10": [
        0, 
        0, 
        0, 
        0
      ], 
      "11": [
        0, 
        0, 
        0, 
        0
      ], 
      "12": [
        0, 
        0, 
        0, 
        0
      ], 
      "13": [
        0, 
        0, 
        0, 
        0
      ], 
      "14": [
        0, 
        0, 
        0, 
        0
      ], 
      "15": [
        0, 
        0, 
        0, 
        0
      ], 
      "16": [
        0, 
        0, 
        0, 
        0
      ], 
      "17": [
        0, 
        0, 
        0, 
        0
      ], 
      "18": [
        0, 
        0, 
        0, 
        0
      ], 
      "19": [
        0, 
        0, 
        0, 
        0
      ], 
      "2": [
        65535, 
        65535, 
        65535, 
        65535
      ], 
      "20": [
        0, 
        0, 
        0, 
        0
      ], 
      "21": [
        0, 
        0, 
        0, 
        0
      ], 
      "22": [
        631594, 
        632173, 
        637511, 
        633429
      ], 
      "23": [
        129, 
        123, 
        127, 
        133
      ], 
      "24": [
        16512, 
        15744, 
        16256, 
        17024
      ], 
      "25": [
        5582, 
        5239, 
        3398, 
        4365
      ], 
      "26": [
        631238, 
        631807, 
        637148, 
        633072
      ], 
      "27": [
        377610, 
        365270, 
        373218, 
        367796
      ], 
      "28": [
        10867, 
        10129, 
        10469, 
        10145
      ], 
      "29": [
        231472, 
        241119, 
        238975, 
        242692
      ], 
      "3": [
        0, 
        0, 
        0, 
        0
      ], 
      "30": [
        0, 
        0, 
        0, 
        0
      ], 
      "31": [
        137145, 
        134117, 
        136655, 
        136806
      ], 
      "32": [
        356630, 
        380446, 
        376838, 
        380060
      ], 
      "33": [
        0, 
        0, 
        0, 
        0
      ], 
      "34": [
        219485, 
        246329, 
        240183, 
        243254
      ], 
      "35": [
        0, 
        0, 
        0, 
        0
      ], 
      "36": [
        0, 
        0, 
        0, 
        0
      ], 
      "37": [
        0, 
        0, 
        0, 
        0
      ], 
      "38": [
        0, 
        0, 
        0, 
        0
      ], 
      "39": [
        0, 
        0, 
        0, 
        0
      ], 
      "4": [
        0, 
        0, 
        0, 
        0
      ], 
      "40": [
        0, 
        0, 
        0, 
        0
      ], 
      "41": [
        0, 
        0, 
        0, 
        0
      ], 
      "42": [
        0, 
        0, 
        0, 
        0
      ], 
      "43": [
        0, 
        0, 
        0, 
        0
      ], 
      "44": [
        0, 
        0, 
        0, 
        0
      ], 
      "45": [
        0, 
        0, 
        0, 
        0
      ], 
      "46": [
        0, 
        0, 
        0, 
        0
      ], 
      "47": [
        0, 
        0, 
        0, 
        0
      ], 
      "48": [
        33217, 
        32121, 
        32688, 
        32370
      ], 
      "49": [
        18596, 
        20328, 
        18194, 
        19937
      ], 
      "5": [
        0, 
        0, 
        0, 
        0
      ], 
      "50": [
        0, 
        0, 
        0, 
        0
      ], 
      "51": [
        0, 
        0, 
        0, 
        0
      ], 
      "52": [
        34236, 
        33970, 
        34519, 
        34467
      ], 
      "53": [
        83582, 
        96142, 
        94505, 
        94846
      ], 
      "54": [
        12303, 
        12860, 
        13182, 
        12640
      ], 
      "55": [
        7960, 
        8556, 
        8801, 
        8233
      ], 
      "56": [
        8035, 
        8617, 
        8858, 
        8296
      ], 
      "57": [
        1, 
        1, 
        1, 
        1
      ], 
      "58": [
        3, 
        3, 
        3, 
        3
      ], 
      "59": [
        42, 
        42, 
        42, 
        42
      ], 
      "6": [
        0, 
        0, 
        0, 
        0
      ], 
      "60": [
        1428, 
        1417, 
        1437, 
        1405
      ], 
      "61": [
        73356, 
        71794, 
        73039, 
        72603
      ], 
      "62": [
        332, 
        332, 
        332, 
        332
      ], 
      "63": [
        0, 
        0, 
        0, 
        0
      ], 
      "7": [
        0, 
        0, 
        0, 
        0
      ], 
      "8": [
        0, 
        0, 
        0, 
        0
      ], 
      "9": [
        0, 
        0, 
        0, 
        0
      ]
    }
  }, 
  "features": {
    "GWS": [
      32, 
      32, 
      64
    ], 
    "LWS": [
      4, 
      1, 
      64
    ], 
    "OFFSET": [
      0, 
      0, 
      0
    ], 
    "compiler name": "ARM Mali OpenCL", 
    "compiler version": "5.0", 
    "cpu_freq": 1600, 
    "gpu_freq": 266, 
    "image cols": 2593, 
    "image rows": 2593, 
    "pool_dir": "pool.02", 
    "program version": "c597087", 
    "size": 32
  }, 
  "meta": {
    "device name": "Mali-T628", 
    "device type": "GPU", 
    "device vendor": "ARM", 
    "experiment type": "benchmarking", 
    "kernel name": "calc_histogram", 
    "program name": "Realeyes HOG"
  }, 
  "tags": [
    "demo", 
    "arm", 
    "codegen15"
  ], 
  "work": {
    "repl": 4, 
    "timestamp": "2015-02-25T13:16:15.793188"
  }
}