{
  "characteristics": {
    "cpu": 0.000936, 
    "gpu_copy": 0.016405, 
    "gpu_only": 0.000209, 
    "is_gpu_better": false, 
    "l2 cache and mmu counters": {
      "0": 2942912166, 
      "1": 13, 
      "10": 0, 
      "11": 0, 
      "12": 0, 
      "13": 0, 
      "14": 0, 
      "15": 0, 
      "16": 8, 
      "17": 2, 
      "18": 237, 
      "19": 4, 
      "2": 65535, 
      "20": 0, 
      "21": 0, 
      "22": 0, 
      "23": 0, 
      "24": 0, 
      "25": 0, 
      "26": 0, 
      "27": 0, 
      "28": 0, 
      "29": 0, 
      "3": 0, 
      "30": 86, 
      "31": 2902, 
      "32": 77739, 
      "33": 60565, 
      "34": 59323, 
      "35": 5057, 
      "36": 5456, 
      "37": 57933, 
      "38": 0, 
      "39": 7569, 
      "4": 1489, 
      "40": 7564, 
      "41": 62, 
      "42": 0, 
      "43": 7536, 
      "44": 0, 
      "45": 34, 
      "46": 0, 
      "47": 0, 
      "48": 725, 
      "49": 725, 
      "5": 104, 
      "50": 25, 
      "51": 21, 
      "52": 4, 
      "53": 2, 
      "54": 0, 
      "55": 0, 
      "56": 0, 
      "57": 0, 
      "58": 3, 
      "59": 0, 
      "6": 114, 
      "60": 0, 
      "61": 1903, 
      "62": 60121, 
      "63": 37663, 
      "7": 383, 
      "8": 87, 
      "9": 0
    }, 
    "shader core counters": {
      "0": [
        2942912166, 
        2942912166, 
        2942912166, 
        2942912166
      ], 
      "1": [
        13, 
        13, 
        13, 
        13
      ], 
      "10": [
        0, 
        0, 
        0, 
        0
      ], 
      "11": [
        0, 
        0, 
        0, 
        0
      ], 
      "12": [
        0, 
        0, 
        0, 
        0
      ], 
      "13": [
        0, 
        0, 
        0, 
        0
      ], 
      "14": [
        0, 
        0, 
        0, 
        0
      ], 
      "15": [
        0, 
        0, 
        0, 
        0
      ], 
      "16": [
        0, 
        0, 
        0, 
        0
      ], 
      "17": [
        0, 
        0, 
        0, 
        0
      ], 
      "18": [
        0, 
        0, 
        0, 
        0
      ], 
      "19": [
        0, 
        0, 
        0, 
        0
      ], 
      "2": [
        65535, 
        65535, 
        65535, 
        65535
      ], 
      "20": [
        0, 
        0, 
        0, 
        0
      ], 
      "21": [
        0, 
        0, 
        0, 
        0
      ], 
      "22": [
        110365, 
        110543, 
        111308, 
        110899
      ], 
      "23": [
        33, 
        31, 
        33, 
        31
      ], 
      "24": [
        4224, 
        3968, 
        4224, 
        3968
      ], 
      "25": [
        12018, 
        23351, 
        18525, 
        28109
      ], 
      "26": [
        109908, 
        110080, 
        110850, 
        110446
      ], 
      "27": [
        55546, 
        52228, 
        56120, 
        54626
      ], 
      "28": [
        1177, 
        1246, 
        1202, 
        1252
      ], 
      "29": [
        45822, 
        39863, 
        44170, 
        39624
      ], 
      "3": [
        0, 
        0, 
        0, 
        0
      ], 
      "30": [
        0, 
        0, 
        0, 
        0
      ], 
      "31": [
        23779, 
        22101, 
        23706, 
        22503
      ], 
      "32": [
        69211, 
        68582, 
        65833, 
        64985
      ], 
      "33": [
        0, 
        0, 
        0, 
        0
      ], 
      "34": [
        45432, 
        46481, 
        42127, 
        42482
      ], 
      "35": [
        0, 
        0, 
        0, 
        0
      ], 
      "36": [
        0, 
        0, 
        0, 
        0
      ], 
      "37": [
        0, 
        0, 
        0, 
        0
      ], 
      "38": [
        0, 
        0, 
        0, 
        0
      ], 
      "39": [
        0, 
        0, 
        0, 
        0
      ], 
      "4": [
        0, 
        0, 
        0, 
        0
      ], 
      "40": [
        0, 
        0, 
        0, 
        0
      ], 
      "41": [
        0, 
        0, 
        0, 
        0
      ], 
      "42": [
        0, 
        0, 
        0, 
        0
      ], 
      "43": [
        0, 
        0, 
        0, 
        0
      ], 
      "44": [
        0, 
        0, 
        0, 
        0
      ], 
      "45": [
        0, 
        0, 
        0, 
        0
      ], 
      "46": [
        0, 
        0, 
        0, 
        0
      ], 
      "47": [
        0, 
        0, 
        0, 
        0
      ], 
      "48": [
        5831, 
        5263, 
        5976, 
        5629
      ], 
      "49": [
        2941, 
        3196, 
        3521, 
        3104
      ], 
      "5": [
        0, 
        0, 
        0, 
        0
      ], 
      "50": [
        0, 
        0, 
        0, 
        0
      ], 
      "51": [
        0, 
        0, 
        0, 
        0
      ], 
      "52": [
        4853, 
        4650, 
        4661, 
        4487
      ], 
      "53": [
        18518, 
        18748, 
        16185, 
        16856
      ], 
      "54": [
        1987, 
        1863, 
        1895, 
        1760
      ], 
      "55": [
        1455, 
        1359, 
        1365, 
        1287
      ], 
      "56": [
        1451, 
        1362, 
        1359, 
        1292
      ], 
      "57": [
        1, 
        1, 
        1, 
        1
      ], 
      "58": [
        3, 
        3, 
        3, 
        3
      ], 
      "59": [
        43, 
        42, 
        42, 
        43
      ], 
      "6": [
        0, 
        0, 
        0, 
        0
      ], 
      "60": [
        137, 
        134, 
        149, 
        135
      ], 
      "61": [
        11429, 
        10634, 
        11381, 
        10807
      ], 
      "62": [
        332, 
        332, 
        332, 
        332
      ], 
      "63": [
        16, 
        0, 
        0, 
        8
      ], 
      "7": [
        0, 
        0, 
        0, 
        0
      ], 
      "8": [
        0, 
        0, 
        0, 
        0
      ], 
      "9": [
        0, 
        0, 
        0, 
        0
      ]
    }
  }, 
  "features": {
    "GWS": [
      16, 
      16, 
      64
    ], 
    "LWS": [
      4, 
      1, 
      64
    ], 
    "OFFSET": [
      0, 
      0, 
      0
    ], 
    "compiler name": "ARM Mali OpenCL", 
    "compiler version": "5.0", 
    "cpu_freq": 800, 
    "gpu_freq": 533, 
    "image cols": 3600, 
    "image rows": 1800, 
    "pool_dir": "pool.17", 
    "program version": "c597087", 
    "size": 16
  }, 
  "meta": {
    "device name": "Mali-T628", 
    "device type": "GPU", 
    "device vendor": "ARM", 
    "experiment type": "benchmarking", 
    "kernel name": "calc_histogram", 
    "program name": "Realeyes HOG"
  }, 
  "tags": [
    "demo", 
    "arm", 
    "codegen15"
  ], 
  "work": {
    "repl": 1, 
    "timestamp": "2015-02-22T01:52:37.107884"
  }
}