{
  "characteristics": {
    "cpu": 0.045909, 
    "gpu_copy": 0.044112, 
    "gpu_only": 0.031073, 
    "is_gpu_better": true, 
    "l2 cache and mmu counters": {
      "0": 873834562, 
      "1": 20, 
      "10": 0, 
      "11": 0, 
      "12": 0, 
      "13": 0, 
      "14": 0, 
      "15": 0, 
      "16": 8, 
      "17": 3, 
      "18": 163, 
      "19": 4, 
      "2": 65535, 
      "20": 0, 
      "21": 0, 
      "22": 0, 
      "23": 0, 
      "24": 0, 
      "25": 0, 
      "26": 0, 
      "27": 0, 
      "28": 0, 
      "29": 0, 
      "3": 0, 
      "30": 300, 
      "31": 71894, 
      "32": 5369202, 
      "33": 4253951, 
      "34": 4252755, 
      "35": 397886, 
      "36": 451629, 
      "37": 4114960, 
      "38": 0, 
      "39": 655523, 
      "4": 136648, 
      "40": 655518, 
      "41": 2561, 
      "42": 0, 
      "43": 654610, 
      "44": 0, 
      "45": 200, 
      "46": 0, 
      "47": 0, 
      "48": 17973, 
      "49": 17973, 
      "5": 483, 
      "50": 80, 
      "51": 74, 
      "52": 6, 
      "53": 2, 
      "54": 0, 
      "55": 0, 
      "56": 0, 
      "57": 326, 
      "58": 0, 
      "59": 0, 
      "6": 59, 
      "60": 0, 
      "61": 115919, 
      "62": 4572508, 
      "63": 1803460, 
      "7": 362, 
      "8": 403, 
      "9": 0
    }, 
    "shader core counters": {
      "0": [
        873834562, 
        873834562, 
        873834562, 
        873834562
      ], 
      "1": [
        20, 
        20, 
        20, 
        20
      ], 
      "10": [
        0, 
        0, 
        0, 
        0
      ], 
      "11": [
        0, 
        0, 
        0, 
        0
      ], 
      "12": [
        0, 
        0, 
        0, 
        0
      ], 
      "13": [
        0, 
        0, 
        0, 
        0
      ], 
      "14": [
        0, 
        0, 
        0, 
        0
      ], 
      "15": [
        0, 
        0, 
        0, 
        0
      ], 
      "16": [
        0, 
        0, 
        0, 
        0
      ], 
      "17": [
        0, 
        0, 
        0, 
        0
      ], 
      "18": [
        0, 
        0, 
        0, 
        0
      ], 
      "19": [
        0, 
        0, 
        0, 
        0
      ], 
      "2": [
        65535, 
        65535, 
        65535, 
        65535
      ], 
      "20": [
        0, 
        0, 
        0, 
        0
      ], 
      "21": [
        0, 
        0, 
        0, 
        0
      ], 
      "22": [
        8265382, 
        8265312, 
        8263508, 
        8263927
      ], 
      "23": [
        2052, 
        2044, 
        2044, 
        2052
      ], 
      "24": [
        262656, 
        261632, 
        261632, 
        262656
      ], 
      "25": [
        6614, 
        5391, 
        6068, 
        5044
      ], 
      "26": [
        8265037, 
        8264960, 
        8263162, 
        8263584
      ], 
      "27": [
        5122754, 
        5080022, 
        5111652, 
        5095414
      ], 
      "28": [
        146790, 
        144421, 
        146371, 
        144801
      ], 
      "29": [
        2948034, 
        2983642, 
        2957154, 
        2975343
      ], 
      "3": [
        0, 
        0, 
        0, 
        0
      ], 
      "30": [
        0, 
        0, 
        0, 
        0
      ], 
      "31": [
        1859980, 
        1846330, 
        1855878, 
        1851125
      ], 
      "32": [
        4576462, 
        4642718, 
        4538673, 
        4628626
      ], 
      "33": [
        0, 
        0, 
        0, 
        0
      ], 
      "34": [
        2716482, 
        2796388, 
        2682795, 
        2777501
      ], 
      "35": [
        0, 
        0, 
        0, 
        0
      ], 
      "36": [
        0, 
        0, 
        0, 
        0
      ], 
      "37": [
        0, 
        0, 
        0, 
        0
      ], 
      "38": [
        0, 
        0, 
        0, 
        0
      ], 
      "39": [
        0, 
        0, 
        0, 
        0
      ], 
      "4": [
        0, 
        0, 
        0, 
        0
      ], 
      "40": [
        0, 
        0, 
        0, 
        0
      ], 
      "41": [
        0, 
        0, 
        0, 
        0
      ], 
      "42": [
        0, 
        0, 
        0, 
        0
      ], 
      "43": [
        0, 
        0, 
        0, 
        0
      ], 
      "44": [
        0, 
        0, 
        0, 
        0
      ], 
      "45": [
        0, 
        0, 
        0, 
        0
      ], 
      "46": [
        0, 
        0, 
        0, 
        0
      ], 
      "47": [
        0, 
        0, 
        0, 
        0
      ], 
      "48": [
        476709, 
        472387, 
        476455, 
        473739
      ], 
      "49": [
        163774, 
        177440, 
        164906, 
        173760
      ], 
      "5": [
        0, 
        0, 
        0, 
        0
      ], 
      "50": [
        0, 
        0, 
        0, 
        0
      ], 
      "51": [
        0, 
        0, 
        0, 
        0
      ], 
      "52": [
        417706, 
        415065, 
        416315, 
        415842
      ], 
      "53": [
        1076641, 
        1104587, 
        1058732, 
        1097859
      ], 
      "54": [
        164159, 
        162914, 
        162833, 
        164529
      ], 
      "55": [
        112945, 
        111910, 
        111639, 
        113153
      ], 
      "56": [
        113825, 
        112823, 
        112515, 
        114030
      ], 
      "57": [
        1, 
        1, 
        1, 
        1
      ], 
      "58": [
        3, 
        3, 
        3, 
        3
      ], 
      "59": [
        43, 
        42, 
        44, 
        42
      ], 
      "6": [
        0, 
        0, 
        0, 
        0
      ], 
      "60": [
        13850, 
        13817, 
        13776, 
        14090
      ], 
      "61": [
        973858, 
        966073, 
        972187, 
        968490
      ], 
      "62": [
        332, 
        332, 
        0, 
        332
      ], 
      "63": [
        8, 
        0, 
        24, 
        0
      ], 
      "7": [
        0, 
        0, 
        0, 
        0
      ], 
      "8": [
        0, 
        0, 
        0, 
        0
      ], 
      "9": [
        0, 
        0, 
        0, 
        0
      ]
    }
  }, 
  "features": {
    "GWS": [
      12, 
      12, 
      64
    ], 
    "LWS": [
      4, 
      1, 
      64
    ], 
    "OFFSET": [
      0, 
      0, 
      0
    ], 
    "compiler name": "ARM Mali OpenCL", 
    "compiler version": "5.0", 
    "cpu_freq": 800, 
    "gpu_freq": 266, 
    "image cols": 2422, 
    "image rows": 2066, 
    "pool_dir": "pool.15", 
    "program version": "c597087", 
    "size": 128
  }, 
  "meta": {
    "device name": "Mali-T628", 
    "device type": "GPU", 
    "device vendor": "ARM", 
    "experiment type": "benchmarking", 
    "kernel name": "calc_histogram", 
    "program name": "Realeyes HOG"
  }, 
  "tags": [
    "demo", 
    "arm", 
    "codegen15"
  ], 
  "work": {
    "repl": 0, 
    "timestamp": "2015-02-22T02:12:03.561929"
  }
}