{
  "characteristics": {
    "cpu": 0.003631, 
    "gpu_copy": 0.006656, 
    "gpu_only": 0.004102, 
    "is_gpu_better": false, 
    "l2 cache and mmu counters": {
      "0": 1213434157, 
      "1": 9, 
      "10": 0, 
      "11": 0, 
      "12": 0, 
      "13": 0, 
      "14": 0, 
      "15": 0, 
      "16": 8, 
      "17": 3, 
      "18": 195, 
      "19": 4, 
      "2": 65535, 
      "20": 0, 
      "21": 0, 
      "22": 0, 
      "23": 0, 
      "24": 0, 
      "25": 0, 
      "26": 0, 
      "27": 0, 
      "28": 0, 
      "29": 0, 
      "3": 0, 
      "30": 116, 
      "31": 11678, 
      "32": 756246, 
      "33": 612000, 
      "34": 611197, 
      "35": 53351, 
      "36": 59876, 
      "37": 593450, 
      "38": 0, 
      "39": 79901, 
      "4": 1528, 
      "40": 79896, 
      "41": 289, 
      "42": 0, 
      "43": 79827, 
      "44": 0, 
      "45": 60, 
      "46": 0, 
      "47": 0, 
      "48": 2919, 
      "49": 2919, 
      "5": 66, 
      "50": 39, 
      "51": 28, 
      "52": 6, 
      "53": 2, 
      "54": 0, 
      "55": 0, 
      "56": 0, 
      "57": 0, 
      "58": 3, 
      "59": 0, 
      "6": 44, 
      "60": 0, 
      "61": 14962, 
      "62": 650496, 
      "63": 341499, 
      "7": 111, 
      "8": 37, 
      "9": 0
    }, 
    "shader core counters": {
      "0": [
        1213434157, 
        1213434157, 
        1213434157, 
        1213434157
      ], 
      "1": [
        9, 
        9, 
        9, 
        9
      ], 
      "10": [
        0, 
        0, 
        0, 
        0
      ], 
      "11": [
        0, 
        0, 
        0, 
        0
      ], 
      "12": [
        0, 
        0, 
        0, 
        0
      ], 
      "13": [
        0, 
        0, 
        0, 
        0
      ], 
      "14": [
        0, 
        0, 
        0, 
        0
      ], 
      "15": [
        0, 
        0, 
        0, 
        0
      ], 
      "16": [
        0, 
        0, 
        0, 
        0
      ], 
      "17": [
        0, 
        0, 
        0, 
        0
      ], 
      "18": [
        0, 
        0, 
        0, 
        0
      ], 
      "19": [
        0, 
        0, 
        0, 
        0
      ], 
      "2": [
        65535, 
        65535, 
        65535, 
        65535
      ], 
      "20": [
        0, 
        0, 
        0, 
        0
      ], 
      "21": [
        0, 
        0, 
        0, 
        0
      ], 
      "22": [
        1088421, 
        1091061, 
        1089933, 
        1089094
      ], 
      "23": [
        285, 
        288, 
        289, 
        290
      ], 
      "24": [
        36480, 
        36864, 
        36992, 
        37120
      ], 
      "25": [
        4833, 
        4346, 
        3692, 
        7848
      ], 
      "26": [
        1088075, 
        1090709, 
        1089586, 
        1088752
      ], 
      "27": [
        638978, 
        638746, 
        642396, 
        639108
      ], 
      "28": [
        16339, 
        16362, 
        16510, 
        16626
      ], 
      "29": [
        420842, 
        420119, 
        416195, 
        414301
      ], 
      "3": [
        0, 
        0, 
        0, 
        0
      ], 
      "30": [
        0, 
        0, 
        0, 
        0
      ], 
      "31": [
        246067, 
        245554, 
        247830, 
        245425
      ], 
      "32": [
        629045, 
        647676, 
        632962, 
        643640
      ], 
      "33": [
        0, 
        0, 
        0, 
        0
      ], 
      "34": [
        382978, 
        402122, 
        385132, 
        398215
      ], 
      "35": [
        0, 
        0, 
        0, 
        0
      ], 
      "36": [
        0, 
        0, 
        0, 
        0
      ], 
      "37": [
        0, 
        0, 
        0, 
        0
      ], 
      "38": [
        0, 
        0, 
        0, 
        0
      ], 
      "39": [
        0, 
        0, 
        0, 
        0
      ], 
      "4": [
        0, 
        0, 
        0, 
        0
      ], 
      "40": [
        0, 
        0, 
        0, 
        0
      ], 
      "41": [
        0, 
        0, 
        0, 
        0
      ], 
      "42": [
        0, 
        0, 
        0, 
        0
      ], 
      "43": [
        0, 
        0, 
        0, 
        0
      ], 
      "44": [
        0, 
        0, 
        0, 
        0
      ], 
      "45": [
        0, 
        0, 
        0, 
        0
      ], 
      "46": [
        0, 
        0, 
        0, 
        0
      ], 
      "47": [
        0, 
        0, 
        0, 
        0
      ], 
      "48": [
        61296, 
        60820, 
        61408, 
        60648
      ], 
      "49": [
        22599, 
        26524, 
        22878, 
        25285
      ], 
      "5": [
        0, 
        0, 
        0, 
        0
      ], 
      "50": [
        0, 
        0, 
        0, 
        0
      ], 
      "51": [
        0, 
        0, 
        0, 
        0
      ], 
      "52": [
        54909, 
        54917, 
        55427, 
        54880
      ], 
      "53": [
        162009, 
        167561, 
        162672, 
        166937
      ], 
      "54": [
        20112, 
        19518, 
        20134, 
        19945
      ], 
      "55": [
        15213, 
        14546, 
        15126, 
        14806
      ], 
      "56": [
        15297, 
        14617, 
        15199, 
        14904
      ], 
      "57": [
        1, 
        1, 
        1, 
        1
      ], 
      "58": [
        3, 
        3, 
        3, 
        3
      ], 
      "59": [
        42, 
        42, 
        42, 
        42
      ], 
      "6": [
        0, 
        0, 
        0, 
        0
      ], 
      "60": [
        187, 
        186, 
        186, 
        167
      ], 
      "61": [
        125589, 
        125141, 
        126371, 
        124984
      ], 
      "62": [
        332, 
        332, 
        332, 
        332
      ], 
      "63": [
        0, 
        0, 
        0, 
        8
      ], 
      "7": [
        0, 
        0, 
        0, 
        0
      ], 
      "8": [
        0, 
        0, 
        0, 
        0
      ], 
      "9": [
        0, 
        0, 
        0, 
        0
      ]
    }
  }, 
  "features": {
    "GWS": [
      48, 
      48, 
      64
    ], 
    "LWS": [
      4, 
      1, 
      64
    ], 
    "OFFSET": [
      0, 
      0, 
      0
    ], 
    "compiler name": "ARM Mali OpenCL", 
    "compiler version": "5.0", 
    "cpu_freq": 1600, 
    "gpu_freq": 266, 
    "image cols": 1072, 
    "image rows": 804, 
    "pool_dir": "pool.22", 
    "program version": "c597087", 
    "size": 48
  }, 
  "meta": {
    "device name": "Mali-T628", 
    "device type": "GPU", 
    "device vendor": "ARM", 
    "experiment type": "benchmarking", 
    "kernel name": "calc_histogram", 
    "program name": "Realeyes HOG"
  }, 
  "tags": [
    "demo", 
    "arm", 
    "codegen15"
  ], 
  "work": {
    "repl": 1, 
    "timestamp": "2015-02-25T12:48:32.314809"
  }
}