{
  "characteristics": {
    "cpu": 0.001142, 
    "gpu_copy": 0.003903, 
    "gpu_only": 0.000482, 
    "is_gpu_better": false, 
    "l2 cache and mmu counters": {
      "0": 219958816, 
      "1": 21, 
      "10": 0, 
      "11": 0, 
      "12": 0, 
      "13": 0, 
      "14": 0, 
      "15": 0, 
      "16": 9, 
      "17": 3, 
      "18": 175, 
      "19": 5, 
      "2": 65535, 
      "20": 0, 
      "21": 0, 
      "22": 0, 
      "23": 0, 
      "24": 0, 
      "25": 0, 
      "26": 0, 
      "27": 0, 
      "28": 0, 
      "29": 0, 
      "3": 0, 
      "30": 99, 
      "31": 3490, 
      "32": 91435, 
      "33": 70838, 
      "34": 70025, 
      "35": 6073, 
      "36": 6548, 
      "37": 68226, 
      "38": 0, 
      "39": 9886, 
      "4": 114, 
      "40": 9877, 
      "41": 67, 
      "42": 0, 
      "43": 9862, 
      "44": 0, 
      "45": 46, 
      "46": 0, 
      "47": 0, 
      "48": 872, 
      "49": 872, 
      "5": 54, 
      "50": 40, 
      "51": 24, 
      "52": 5, 
      "53": 2, 
      "54": 0, 
      "55": 0, 
      "56": 0, 
      "57": 0, 
      "58": 2, 
      "59": 0, 
      "6": 56, 
      "60": 0, 
      "61": 1704, 
      "62": 73697, 
      "63": 40899, 
      "7": 71, 
      "8": 27, 
      "9": 0
    }, 
    "shader core counters": {
      "0": [
        219958816, 
        219958816, 
        219958816, 
        219958816
      ], 
      "1": [
        21, 
        21, 
        21, 
        21
      ], 
      "10": [
        0, 
        0, 
        0, 
        0
      ], 
      "11": [
        0, 
        0, 
        0, 
        0
      ], 
      "12": [
        0, 
        0, 
        0, 
        0
      ], 
      "13": [
        0, 
        0, 
        0, 
        0
      ], 
      "14": [
        0, 
        0, 
        0, 
        0
      ], 
      "15": [
        0, 
        0, 
        0, 
        0
      ], 
      "16": [
        0, 
        0, 
        0, 
        0
      ], 
      "17": [
        0, 
        0, 
        0, 
        0
      ], 
      "18": [
        0, 
        0, 
        0, 
        0
      ], 
      "19": [
        0, 
        0, 
        0, 
        0
      ], 
      "2": [
        65535, 
        65535, 
        65535, 
        65535
      ], 
      "20": [
        0, 
        0, 
        0, 
        0
      ], 
      "21": [
        0, 
        0, 
        0, 
        0
      ], 
      "22": [
        122264, 
        123811, 
        126306, 
        127906
      ], 
      "23": [
        27, 
        33, 
        31, 
        37
      ], 
      "24": [
        3456, 
        4224, 
        3968, 
        4736
      ], 
      "25": [
        3998, 
        6776, 
        3781, 
        7597
      ], 
      "26": [
        121917, 
        123459, 
        125959, 
        127564
      ], 
      "27": [
        65434, 
        66224, 
        70560, 
        70266
      ], 
      "28": [
        1659, 
        1560, 
        1838, 
        1685
      ], 
      "29": [
        48201, 
        50056, 
        48551, 
        50659
      ], 
      "3": [
        0, 
        0, 
        0, 
        0
      ], 
      "30": [
        0, 
        0, 
        0, 
        0
      ], 
      "31": [
        25071, 
        26404, 
        27162, 
        27831
      ], 
      "32": [
        75351, 
        76365, 
        74994, 
        76754
      ], 
      "33": [
        0, 
        0, 
        0, 
        0
      ], 
      "34": [
        50280, 
        49961, 
        47832, 
        48923
      ], 
      "35": [
        0, 
        0, 
        0, 
        0
      ], 
      "36": [
        0, 
        0, 
        0, 
        0
      ], 
      "37": [
        0, 
        0, 
        0, 
        0
      ], 
      "38": [
        0, 
        0, 
        0, 
        0
      ], 
      "39": [
        0, 
        0, 
        0, 
        0
      ], 
      "4": [
        0, 
        0, 
        0, 
        0
      ], 
      "40": [
        0, 
        0, 
        0, 
        0
      ], 
      "41": [
        0, 
        0, 
        0, 
        0
      ], 
      "42": [
        0, 
        0, 
        0, 
        0
      ], 
      "43": [
        0, 
        0, 
        0, 
        0
      ], 
      "44": [
        0, 
        0, 
        0, 
        0
      ], 
      "45": [
        0, 
        0, 
        0, 
        0
      ], 
      "46": [
        0, 
        0, 
        0, 
        0
      ], 
      "47": [
        0, 
        0, 
        0, 
        0
      ], 
      "48": [
        6227, 
        6425, 
        6879, 
        6806
      ], 
      "49": [
        4264, 
        4056, 
        4557, 
        4581
      ], 
      "5": [
        0, 
        0, 
        0, 
        0
      ], 
      "50": [
        0, 
        0, 
        0, 
        0
      ], 
      "51": [
        0, 
        0, 
        0, 
        0
      ], 
      "52": [
        5733, 
        5822, 
        5985, 
        5949
      ], 
      "53": [
        19960, 
        19961, 
        18327, 
        18922
      ], 
      "54": [
        2458, 
        2364, 
        2492, 
        2480
      ], 
      "55": [
        1680, 
        1601, 
        1622, 
        1656
      ], 
      "56": [
        1681, 
        1603, 
        1618, 
        1646
      ], 
      "57": [
        1, 
        1, 
        1, 
        1
      ], 
      "58": [
        3, 
        3, 
        3, 
        3
      ], 
      "59": [
        42, 
        42, 
        44, 
        42
      ], 
      "6": [
        0, 
        0, 
        0, 
        0
      ], 
      "60": [
        12, 
        12, 
        12, 
        12
      ], 
      "61": [
        12929, 
        13198, 
        13913, 
        13753
      ], 
      "62": [
        332, 
        332, 
        332, 
        332
      ], 
      "63": [
        0, 
        0, 
        24, 
        8
      ], 
      "7": [
        0, 
        0, 
        0, 
        0
      ], 
      "8": [
        0, 
        0, 
        0, 
        0
      ], 
      "9": [
        0, 
        0, 
        0, 
        0
      ]
    }
  }, 
  "features": {
    "GWS": [
      16, 
      16, 
      64
    ], 
    "LWS": [
      4, 
      1, 
      64
    ], 
    "OFFSET": [
      0, 
      0, 
      0
    ], 
    "compiler name": "ARM Mali OpenCL", 
    "compiler version": "5.0", 
    "cpu_freq": 800, 
    "gpu_freq": 266, 
    "image cols": 633, 
    "image rows": 921, 
    "pool_dir": "pool.01", 
    "program version": "c597087", 
    "size": 16
  }, 
  "meta": {
    "device name": "Mali-T628", 
    "device type": "GPU", 
    "device vendor": "ARM", 
    "experiment type": "benchmarking", 
    "kernel name": "calc_histogram", 
    "program name": "Realeyes HOG"
  }, 
  "tags": [
    "demo", 
    "arm", 
    "codegen15"
  ], 
  "work": {
    "repl": 4, 
    "timestamp": "2015-02-22T02:14:35.322015"
  }
}