{
  "characteristics": {
    "cpu": 0.006244, 
    "gpu_copy": 0.01491, 
    "gpu_only": 0.007731, 
    "is_gpu_better": false, 
    "l2 cache and mmu counters": {
      "0": 1311388712, 
      "1": 24, 
      "10": 0, 
      "11": 0, 
      "12": 0, 
      "13": 0, 
      "14": 0, 
      "15": 0, 
      "16": 8, 
      "17": 3, 
      "18": 171, 
      "19": 4, 
      "2": 65535, 
      "20": 0, 
      "21": 0, 
      "22": 0, 
      "23": 0, 
      "24": 0, 
      "25": 0, 
      "26": 0, 
      "27": 0, 
      "28": 0, 
      "29": 0, 
      "3": 0, 
      "30": 172, 
      "31": 21522, 
      "32": 1441503, 
      "33": 1166073, 
      "34": 1165210, 
      "35": 101263, 
      "36": 113231, 
      "37": 1129841, 
      "38": 0, 
      "39": 157277, 
      "4": 23111, 
      "40": 157272, 
      "41": 628, 
      "42": 0, 
      "43": 157087, 
      "44": 0, 
      "45": 88, 
      "46": 0, 
      "47": 0, 
      "48": 5380, 
      "49": 5380, 
      "5": 119, 
      "50": 48, 
      "51": 42, 
      "52": 6, 
      "53": 2, 
      "54": 0, 
      "55": 0, 
      "56": 0, 
      "57": 109, 
      "58": 5, 
      "59": 0, 
      "6": 61, 
      "60": 0, 
      "61": 29452, 
      "62": 1244060, 
      "63": 645060, 
      "7": 232, 
      "8": 93, 
      "9": 0
    }, 
    "shader core counters": {
      "0": [
        1311388712, 
        1311388712, 
        1311388712, 
        1311388712
      ], 
      "1": [
        24, 
        24, 
        24, 
        24
      ], 
      "10": [
        0, 
        0, 
        0, 
        0
      ], 
      "11": [
        0, 
        0, 
        0, 
        0
      ], 
      "12": [
        0, 
        0, 
        0, 
        0
      ], 
      "13": [
        0, 
        0, 
        0, 
        0
      ], 
      "14": [
        0, 
        0, 
        0, 
        0
      ], 
      "15": [
        0, 
        0, 
        0, 
        0
      ], 
      "16": [
        0, 
        0, 
        0, 
        0
      ], 
      "17": [
        0, 
        0, 
        0, 
        0
      ], 
      "18": [
        0, 
        0, 
        0, 
        0
      ], 
      "19": [
        0, 
        0, 
        0, 
        0
      ], 
      "2": [
        65535, 
        65535, 
        65535, 
        65535
      ], 
      "20": [
        0, 
        0, 
        0, 
        0
      ], 
      "21": [
        0, 
        0, 
        0, 
        0
      ], 
      "22": [
        2055827, 
        2056003, 
        2046848, 
        2052554
      ], 
      "23": [
        510, 
        507, 
        522, 
        509
      ], 
      "24": [
        65280, 
        64896, 
        66816, 
        65152
      ], 
      "25": [
        11914, 
        9965, 
        10830, 
        11063
      ], 
      "26": [
        2055455, 
        2055619, 
        2046469, 
        2052180
      ], 
      "27": [
        1204818, 
        1176164, 
        1195486, 
        1191608
      ], 
      "28": [
        31383, 
        30146, 
        31402, 
        30816
      ], 
      "29": [
        798896, 
        819886, 
        794178, 
        807036
      ], 
      "3": [
        0, 
        0, 
        0, 
        0
      ], 
      "30": [
        0, 
        0, 
        0, 
        0
      ], 
      "31": [
        455492, 
        446587, 
        454008, 
        451188
      ], 
      "32": [
        1228447, 
        1281191, 
        1221630, 
        1241187
      ], 
      "33": [
        0, 
        0, 
        0, 
        0
      ], 
      "34": [
        772955, 
        834604, 
        767622, 
        789999
      ], 
      "35": [
        0, 
        0, 
        0, 
        0
      ], 
      "36": [
        0, 
        0, 
        0, 
        0
      ], 
      "37": [
        0, 
        0, 
        0, 
        0
      ], 
      "38": [
        0, 
        0, 
        0, 
        0
      ], 
      "39": [
        0, 
        0, 
        0, 
        0
      ], 
      "4": [
        0, 
        0, 
        0, 
        0
      ], 
      "40": [
        0, 
        0, 
        0, 
        0
      ], 
      "41": [
        0, 
        0, 
        0, 
        0
      ], 
      "42": [
        0, 
        0, 
        0, 
        0
      ], 
      "43": [
        0, 
        0, 
        0, 
        0
      ], 
      "44": [
        0, 
        0, 
        0, 
        0
      ], 
      "45": [
        0, 
        0, 
        0, 
        0
      ], 
      "46": [
        0, 
        0, 
        0, 
        0
      ], 
      "47": [
        0, 
        0, 
        0, 
        0
      ], 
      "48": [
        113357, 
        110439, 
        112593, 
        112346
      ], 
      "49": [
        50997, 
        58244, 
        51335, 
        54575
      ], 
      "5": [
        0, 
        0, 
        0, 
        0
      ], 
      "50": [
        0, 
        0, 
        0, 
        0
      ], 
      "51": [
        0, 
        0, 
        0, 
        0
      ], 
      "52": [
        103526, 
        101615, 
        102604, 
        102324
      ], 
      "53": [
        316195, 
        340931, 
        312893, 
        321844
      ], 
      "54": [
        39753, 
        39229, 
        39385, 
        38577
      ], 
      "55": [
        28629, 
        28306, 
        28256, 
        27652
      ], 
      "56": [
        28814, 
        28490, 
        28453, 
        27830
      ], 
      "57": [
        1, 
        1, 
        1, 
        1
      ], 
      "58": [
        4, 
        4, 
        4, 
        4
      ], 
      "59": [
        42, 
        42, 
        43, 
        42
      ], 
      "6": [
        0, 
        0, 
        0, 
        0
      ], 
      "60": [
        2491, 
        2495, 
        2548, 
        2399
      ], 
      "61": [
        235014, 
        229627, 
        233116, 
        232504
      ], 
      "62": [
        332, 
        332, 
        332, 
        332
      ], 
      "63": [
        0, 
        0, 
        8, 
        0
      ], 
      "7": [
        0, 
        0, 
        0, 
        0
      ], 
      "8": [
        0, 
        0, 
        0, 
        0
      ], 
      "9": [
        0, 
        0, 
        0, 
        0
      ]
    }
  }, 
  "features": {
    "GWS": [
      64, 
      64, 
      64
    ], 
    "LWS": [
      4, 
      1, 
      64
    ], 
    "OFFSET": [
      0, 
      0, 
      0
    ], 
    "compiler name": "ARM Mali OpenCL", 
    "compiler version": "5.0", 
    "cpu_freq": 1600, 
    "gpu_freq": 266, 
    "image cols": 1683, 
    "image rows": 2246, 
    "pool_dir": "pool.10", 
    "program version": "c597087", 
    "size": 64
  }, 
  "meta": {
    "device name": "Mali-T628", 
    "device type": "GPU", 
    "device vendor": "ARM", 
    "experiment type": "benchmarking", 
    "kernel name": "calc_histogram", 
    "program name": "Realeyes HOG"
  }, 
  "tags": [
    "demo", 
    "arm", 
    "codegen15"
  ], 
  "work": {
    "repl": 2, 
    "timestamp": "2015-02-22T02:24:17.430233"
  }
}