{
  "characteristics": {
    "cpu": 0.005579, 
    "gpu_copy": 0.009623, 
    "gpu_only": 0.007523, 
    "is_gpu_better": false, 
    "l2 cache and mmu counters": {
      "0": 2789205716, 
      "1": 20, 
      "10": 0, 
      "11": 0, 
      "12": 0, 
      "13": 0, 
      "14": 0, 
      "15": 0, 
      "16": 8, 
      "17": 3, 
      "18": 160, 
      "19": 4, 
      "2": 65535, 
      "20": 0, 
      "21": 0, 
      "22": 0, 
      "23": 0, 
      "24": 0, 
      "25": 0, 
      "26": 0, 
      "27": 0, 
      "28": 0, 
      "29": 0, 
      "3": 0, 
      "30": 128, 
      "31": 16390, 
      "32": 1410968, 
      "33": 1148272, 
      "34": 1147434, 
      "35": 99369, 
      "36": 111046, 
      "37": 1115455, 
      "38": 0, 
      "39": 146900, 
      "4": 560, 
      "40": 146895, 
      "41": 436, 
      "42": 0, 
      "43": 146751, 
      "44": 0, 
      "45": 69, 
      "46": 0, 
      "47": 0, 
      "48": 4097, 
      "49": 4097, 
      "5": 62, 
      "50": 37, 
      "51": 31, 
      "52": 6, 
      "53": 2, 
      "54": 0, 
      "55": 0, 
      "56": 0, 
      "57": 38, 
      "58": 0, 
      "59": 0, 
      "6": 30, 
      "60": 0, 
      "61": 27413, 
      "62": 1224626, 
      "63": 656892, 
      "7": 105, 
      "8": 32, 
      "9": 0
    }, 
    "shader core counters": {
      "0": [
        2789205716, 
        2789205716, 
        2789205716, 
        2789205716
      ], 
      "1": [
        20, 
        20, 
        20, 
        20
      ], 
      "10": [
        0, 
        0, 
        0, 
        0
      ], 
      "11": [
        0, 
        0, 
        0, 
        0
      ], 
      "12": [
        0, 
        0, 
        0, 
        0
      ], 
      "13": [
        0, 
        0, 
        0, 
        0
      ], 
      "14": [
        0, 
        0, 
        0, 
        0
      ], 
      "15": [
        0, 
        0, 
        0, 
        0
      ], 
      "16": [
        0, 
        0, 
        0, 
        0
      ], 
      "17": [
        0, 
        0, 
        0, 
        0
      ], 
      "18": [
        0, 
        0, 
        0, 
        0
      ], 
      "19": [
        0, 
        0, 
        0, 
        0
      ], 
      "2": [
        65535, 
        65535, 
        65535, 
        65535
      ], 
      "20": [
        0, 
        0, 
        0, 
        0
      ], 
      "21": [
        0, 
        0, 
        0, 
        0
      ], 
      "22": [
        1999915, 
        2001069, 
        1994973, 
        2000730
      ], 
      "23": [
        511, 
        504, 
        517, 
        516
      ], 
      "24": [
        65408, 
        64512, 
        66176, 
        66048
      ], 
      "25": [
        7190, 
        6691, 
        8299, 
        8331
      ], 
      "26": [
        1999540, 
        2000688, 
        1994597, 
        2000356
      ], 
      "27": [
        1163458, 
        1136260, 
        1168476, 
        1159024
      ], 
      "28": [
        29482, 
        28260, 
        29952, 
        29630
      ], 
      "29": [
        783393, 
        807425, 
        774346, 
        787222
      ], 
      "3": [
        0, 
        0, 
        0, 
        0
      ], 
      "30": [
        0, 
        0, 
        0, 
        0
      ], 
      "31": [
        451895, 
        442420, 
        452784, 
        449882
      ], 
      "32": [
        1180824, 
        1223280, 
        1162552, 
        1199178
      ], 
      "33": [
        0, 
        0, 
        0, 
        0
      ], 
      "34": [
        728929, 
        780860, 
        709768, 
        749296
      ], 
      "35": [
        0, 
        0, 
        0, 
        0
      ], 
      "36": [
        0, 
        0, 
        0, 
        0
      ], 
      "37": [
        0, 
        0, 
        0, 
        0
      ], 
      "38": [
        0, 
        0, 
        0, 
        0
      ], 
      "39": [
        0, 
        0, 
        0, 
        0
      ], 
      "4": [
        0, 
        0, 
        0, 
        0
      ], 
      "40": [
        0, 
        0, 
        0, 
        0
      ], 
      "41": [
        0, 
        0, 
        0, 
        0
      ], 
      "42": [
        0, 
        0, 
        0, 
        0
      ], 
      "43": [
        0, 
        0, 
        0, 
        0
      ], 
      "44": [
        0, 
        0, 
        0, 
        0
      ], 
      "45": [
        0, 
        0, 
        0, 
        0
      ], 
      "46": [
        0, 
        0, 
        0, 
        0
      ], 
      "47": [
        0, 
        0, 
        0, 
        0
      ], 
      "48": [
        110318, 
        107206, 
        110351, 
        109277
      ], 
      "49": [
        44204, 
        49846, 
        43118, 
        46865
      ], 
      "5": [
        0, 
        0, 
        0, 
        0
      ], 
      "50": [
        0, 
        0, 
        0, 
        0
      ], 
      "51": [
        0, 
        0, 
        0, 
        0
      ], 
      "52": [
        103531, 
        101898, 
        103724, 
        103257
      ], 
      "53": [
        309456, 
        330437, 
        300497, 
        316918
      ], 
      "54": [
        37129, 
        36729, 
        36122, 
        36660
      ], 
      "55": [
        28110, 
        27717, 
        27297, 
        27586
      ], 
      "56": [
        28273, 
        27863, 
        27460, 
        27733
      ], 
      "57": [
        1, 
        1, 
        1, 
        1
      ], 
      "58": [
        4, 
        4, 
        4, 
        4
      ], 
      "59": [
        42, 
        42, 
        44, 
        43
      ], 
      "6": [
        0, 
        0, 
        0, 
        0
      ], 
      "60": [
        69, 
        61, 
        67, 
        68
      ], 
      "61": [
        230987, 
        225834, 
        231212, 
        229593
      ], 
      "62": [
        332, 
        332, 
        332, 
        332
      ], 
      "63": [
        0, 
        0, 
        16, 
        16
      ], 
      "7": [
        0, 
        0, 
        0, 
        0
      ], 
      "8": [
        0, 
        0, 
        0, 
        0
      ], 
      "9": [
        0, 
        0, 
        0, 
        0
      ]
    }
  }, 
  "features": {
    "GWS": [
      64, 
      64, 
      64
    ], 
    "LWS": [
      4, 
      1, 
      64
    ], 
    "OFFSET": [
      0, 
      0, 
      0
    ], 
    "compiler name": "ARM Mali OpenCL", 
    "compiler version": "5.0", 
    "cpu_freq": 1600, 
    "gpu_freq": 266, 
    "image cols": 944, 
    "image rows": 708, 
    "pool_dir": "pool.05", 
    "program version": "c597087", 
    "size": 64
  }, 
  "meta": {
    "device name": "Mali-T628", 
    "device type": "GPU", 
    "device vendor": "ARM", 
    "experiment type": "benchmarking", 
    "kernel name": "calc_histogram", 
    "program name": "Realeyes HOG"
  }, 
  "tags": [
    "demo", 
    "arm", 
    "codegen15"
  ], 
  "work": {
    "repl": 1, 
    "timestamp": "2015-02-22T02:13:23.164507"
  }
}