{
  "characteristics": {
    "cpu": 0.0016, 
    "gpu_copy": 0.012529, 
    "gpu_only": 0.00059, 
    "is_gpu_better": false, 
    "l2 cache and mmu counters": {
      "0": 3921192011, 
      "1": 21, 
      "10": 0, 
      "11": 0, 
      "12": 0, 
      "13": 0, 
      "14": 0, 
      "15": 0, 
      "16": 9, 
      "17": 3, 
      "18": 186, 
      "19": 5, 
      "2": 65535, 
      "20": 0, 
      "21": 0, 
      "22": 0, 
      "23": 0, 
      "24": 0, 
      "25": 0, 
      "26": 0, 
      "27": 0, 
      "28": 0, 
      "29": 0, 
      "3": 0, 
      "30": 134, 
      "31": 5278, 
      "32": 102958, 
      "33": 77894, 
      "34": 77025, 
      "35": 7374, 
      "36": 8021, 
      "37": 73883, 
      "38": 0, 
      "39": 12848, 
      "4": 2767, 
      "40": 12839, 
      "41": 140, 
      "42": 0, 
      "43": 12794, 
      "44": 0, 
      "45": 67, 
      "46": 0, 
      "47": 0, 
      "48": 1319, 
      "49": 1319, 
      "5": 133, 
      "50": 48, 
      "51": 33, 
      "52": 4, 
      "53": 2, 
      "54": 0, 
      "55": 0, 
      "56": 0, 
      "57": 0, 
      "58": 7, 
      "59": 0, 
      "6": 82, 
      "60": 0, 
      "61": 2079, 
      "62": 81344, 
      "63": 33779, 
      "7": 409, 
      "8": 94, 
      "9": 0
    }, 
    "shader core counters": {
      "0": [
        3921192011, 
        3921192011, 
        3921192011, 
        3921192011
      ], 
      "1": [
        21, 
        21, 
        21, 
        21
      ], 
      "10": [
        0, 
        0, 
        0, 
        0
      ], 
      "11": [
        0, 
        0, 
        0, 
        0
      ], 
      "12": [
        0, 
        0, 
        0, 
        0
      ], 
      "13": [
        0, 
        0, 
        0, 
        0
      ], 
      "14": [
        0, 
        0, 
        0, 
        0
      ], 
      "15": [
        0, 
        0, 
        0, 
        0
      ], 
      "16": [
        0, 
        0, 
        0, 
        0
      ], 
      "17": [
        0, 
        0, 
        0, 
        0
      ], 
      "18": [
        0, 
        0, 
        0, 
        0
      ], 
      "19": [
        0, 
        0, 
        0, 
        0
      ], 
      "2": [
        65535, 
        65535, 
        65535, 
        65535
      ], 
      "20": [
        0, 
        0, 
        0, 
        0
      ], 
      "21": [
        0, 
        0, 
        0, 
        0
      ], 
      "22": [
        158158, 
        156630, 
        156987, 
        157190
      ], 
      "23": [
        32, 
        35, 
        29, 
        32
      ], 
      "24": [
        4096, 
        4480, 
        3712, 
        4096
      ], 
      "25": [
        3485, 
        3889, 
        6753, 
        9517
      ], 
      "26": [
        157806, 
        156266, 
        156630, 
        156836
      ], 
      "27": [
        90510, 
        90872, 
        91304, 
        84786
      ], 
      "28": [
        2612, 
        2694, 
        2624, 
        2348
      ], 
      "29": [
        55584, 
        54927, 
        53795, 
        57970
      ], 
      "3": [
        0, 
        0, 
        0, 
        0
      ], 
      "30": [
        0, 
        0, 
        0, 
        0
      ], 
      "31": [
        33130, 
        33174, 
        32736, 
        31633
      ], 
      "32": [
        89025, 
        91645, 
        89328, 
        89371
      ], 
      "33": [
        0, 
        0, 
        0, 
        0
      ], 
      "34": [
        55895, 
        58471, 
        56592, 
        57738
      ], 
      "35": [
        0, 
        0, 
        0, 
        0
      ], 
      "36": [
        0, 
        0, 
        0, 
        0
      ], 
      "37": [
        0, 
        0, 
        0, 
        0
      ], 
      "38": [
        0, 
        0, 
        0, 
        0
      ], 
      "39": [
        0, 
        0, 
        0, 
        0
      ], 
      "4": [
        0, 
        0, 
        0, 
        0
      ], 
      "40": [
        0, 
        0, 
        0, 
        0
      ], 
      "41": [
        0, 
        0, 
        0, 
        0
      ], 
      "42": [
        0, 
        0, 
        0, 
        0
      ], 
      "43": [
        0, 
        0, 
        0, 
        0
      ], 
      "44": [
        0, 
        0, 
        0, 
        0
      ], 
      "45": [
        0, 
        0, 
        0, 
        0
      ], 
      "46": [
        0, 
        0, 
        0, 
        0
      ], 
      "47": [
        0, 
        0, 
        0, 
        0
      ], 
      "48": [
        8097, 
        7981, 
        8183, 
        7567
      ], 
      "49": [
        5237, 
        4734, 
        4177, 
        4553
      ], 
      "5": [
        0, 
        0, 
        0, 
        0
      ], 
      "50": [
        0, 
        0, 
        0, 
        0
      ], 
      "51": [
        0, 
        0, 
        0, 
        0
      ], 
      "52": [
        8133, 
        8059, 
        8040, 
        7808
      ], 
      "53": [
        20295, 
        22107, 
        21520, 
        22126
      ], 
      "54": [
        3181, 
        3231, 
        3209, 
        3234
      ], 
      "55": [
        1869, 
        2004, 
        1992, 
        2087
      ], 
      "56": [
        1909, 
        2060, 
        2036, 
        2128
      ], 
      "57": [
        1, 
        1, 
        1, 
        1
      ], 
      "58": [
        3, 
        3, 
        3, 
        3
      ], 
      "59": [
        42, 
        42, 
        42, 
        44
      ], 
      "6": [
        0, 
        0, 
        0, 
        0
      ], 
      "60": [
        310, 
        278, 
        310, 
        247
      ], 
      "61": [
        17645, 
        17443, 
        17664, 
        16696
      ], 
      "62": [
        332, 
        332, 
        332, 
        0
      ], 
      "63": [
        0, 
        0, 
        8, 
        24
      ], 
      "7": [
        0, 
        0, 
        0, 
        0
      ], 
      "8": [
        0, 
        0, 
        0, 
        0
      ], 
      "9": [
        0, 
        0, 
        0, 
        0
      ]
    }
  }, 
  "features": {
    "GWS": [
      16, 
      16, 
      64
    ], 
    "LWS": [
      4, 
      1, 
      64
    ], 
    "OFFSET": [
      0, 
      0, 
      0
    ], 
    "compiler name": "ARM Mali OpenCL", 
    "compiler version": "5.0", 
    "cpu_freq": 800, 
    "gpu_freq": 266, 
    "image cols": 2103, 
    "image rows": 2082, 
    "pool_dir": "pool.18", 
    "program version": "c597087", 
    "size": 16
  }, 
  "meta": {
    "device name": "Mali-T628", 
    "device type": "GPU", 
    "device vendor": "ARM", 
    "experiment type": "benchmarking", 
    "kernel name": "calc_histogram", 
    "program name": "Realeyes HOG"
  }, 
  "tags": [
    "demo", 
    "arm", 
    "codegen15"
  ], 
  "work": {
    "repl": 4, 
    "timestamp": "2015-02-22T02:17:09.517696"
  }
}