{
  "characteristics": {
    "cpu": 0.01434, 
    "gpu_copy": 0.021714, 
    "gpu_only": 0.004725, 
    "is_gpu_better": false, 
    "l2 cache and mmu counters": {
      "0": 66153011, 
      "1": 27, 
      "10": 0, 
      "11": 0, 
      "12": 0, 
      "13": 0, 
      "14": 0, 
      "15": 0, 
      "16": 8, 
      "17": 3, 
      "18": 262, 
      "19": 4, 
      "2": 65535, 
      "20": 0, 
      "21": 0, 
      "22": 0, 
      "23": 0, 
      "24": 0, 
      "25": 0, 
      "26": 0, 
      "27": 0, 
      "28": 0, 
      "29": 0, 
      "3": 0, 
      "30": 176, 
      "31": 28958, 
      "32": 1654476, 
      "33": 1310027, 
      "34": 1308431, 
      "35": 120728, 
      "36": 135272, 
      "37": 1265953, 
      "38": 0, 
      "39": 203668, 
      "4": 55801, 
      "40": 203663, 
      "41": 904, 
      "42": 0, 
      "43": 203350, 
      "44": 0, 
      "45": 131, 
      "46": 0, 
      "47": 0, 
      "48": 7239, 
      "49": 7239, 
      "5": 580, 
      "50": 59, 
      "51": 43, 
      "52": 6, 
      "53": 2, 
      "54": 0, 
      "55": 0, 
      "56": 0, 
      "57": 396, 
      "58": 1, 
      "59": 0, 
      "6": 94, 
      "60": 0, 
      "61": 34848, 
      "62": 1406998, 
      "63": 592004, 
      "7": 572, 
      "8": 458, 
      "9": 0
    }, 
    "shader core counters": {
      "0": [
        66153011, 
        66153011, 
        66153011, 
        66153011
      ], 
      "1": [
        27, 
        27, 
        27, 
        27
      ], 
      "10": [
        0, 
        0, 
        0, 
        0
      ], 
      "11": [
        0, 
        0, 
        0, 
        0
      ], 
      "12": [
        0, 
        0, 
        0, 
        0
      ], 
      "13": [
        0, 
        0, 
        0, 
        0
      ], 
      "14": [
        0, 
        0, 
        0, 
        0
      ], 
      "15": [
        0, 
        0, 
        0, 
        0
      ], 
      "16": [
        0, 
        0, 
        0, 
        0
      ], 
      "17": [
        0, 
        0, 
        0, 
        0
      ], 
      "18": [
        0, 
        0, 
        0, 
        0
      ], 
      "19": [
        0, 
        0, 
        0, 
        0
      ], 
      "2": [
        65535, 
        65535, 
        65535, 
        65535
      ], 
      "20": [
        0, 
        0, 
        0, 
        0
      ], 
      "21": [
        0, 
        0, 
        0, 
        0
      ], 
      "22": [
        2510143, 
        2513712, 
        2512102, 
        2512403
      ], 
      "23": [
        505, 
        513, 
        517, 
        513
      ], 
      "24": [
        64640, 
        65664, 
        66176, 
        65664
      ], 
      "25": [
        5842, 
        8510, 
        6942, 
        4781
      ], 
      "26": [
        2509684, 
        2513242, 
        2511634, 
        2511940
      ], 
      "27": [
        1489796, 
        1468030, 
        1499936, 
        1486970
      ], 
      "28": [
        42281, 
        40304, 
        41988, 
        41686
      ], 
      "29": [
        946554, 
        964015, 
        943180, 
        945753
      ], 
      "3": [
        0, 
        0, 
        0, 
        0
      ], 
      "30": [
        0, 
        0, 
        0, 
        0
      ], 
      "31": [
        542843, 
        539439, 
        548843, 
        544693
      ], 
      "32": [
        1451345, 
        1498139, 
        1444218, 
        1471687
      ], 
      "33": [
        0, 
        0, 
        0, 
        0
      ], 
      "34": [
        908502, 
        958700, 
        895375, 
        926994
      ], 
      "35": [
        0, 
        0, 
        0, 
        0
      ], 
      "36": [
        0, 
        0, 
        0, 
        0
      ], 
      "37": [
        0, 
        0, 
        0, 
        0
      ], 
      "38": [
        0, 
        0, 
        0, 
        0
      ], 
      "39": [
        0, 
        0, 
        0, 
        0
      ], 
      "4": [
        0, 
        0, 
        0, 
        0
      ], 
      "40": [
        0, 
        0, 
        0, 
        0
      ], 
      "41": [
        0, 
        0, 
        0, 
        0
      ], 
      "42": [
        0, 
        0, 
        0, 
        0
      ], 
      "43": [
        0, 
        0, 
        0, 
        0
      ], 
      "44": [
        0, 
        0, 
        0, 
        0
      ], 
      "45": [
        0, 
        0, 
        0, 
        0
      ], 
      "46": [
        0, 
        0, 
        0, 
        0
      ], 
      "47": [
        0, 
        0, 
        0, 
        0
      ], 
      "48": [
        130914, 
        128594, 
        131610, 
        130482
      ], 
      "49": [
        72939, 
        76399, 
        71172, 
        77129
      ], 
      "5": [
        0, 
        0, 
        0, 
        0
      ], 
      "50": [
        0, 
        0, 
        0, 
        0
      ], 
      "51": [
        0, 
        0, 
        0, 
        0
      ], 
      "52": [
        136253, 
        135911, 
        137989, 
        137082
      ], 
      "53": [
        353872, 
        376373, 
        348308, 
        358753
      ], 
      "54": [
        50522, 
        51400, 
        50675, 
        50650
      ], 
      "55": [
        33416, 
        34339, 
        33710, 
        33262
      ], 
      "56": [
        33709, 
        34583, 
        33986, 
        33523
      ], 
      "57": [
        1, 
        1, 
        1, 
        1
      ], 
      "58": [
        3, 
        3, 
        3, 
        3
      ], 
      "59": [
        42, 
        42, 
        42, 
        42
      ], 
      "6": [
        0, 
        0, 
        0, 
        0
      ], 
      "60": [
        5474, 
        5383, 
        5484, 
        5573
      ], 
      "61": [
        290525, 
        287375, 
        293005, 
        290730
      ], 
      "62": [
        332, 
        332, 
        332, 
        332
      ], 
      "63": [
        0, 
        0, 
        0, 
        0
      ], 
      "7": [
        0, 
        0, 
        0, 
        0
      ], 
      "8": [
        0, 
        0, 
        0, 
        0
      ], 
      "9": [
        0, 
        0, 
        0, 
        0
      ]
    }
  }, 
  "features": {
    "GWS": [
      64, 
      64, 
      64
    ], 
    "LWS": [
      4, 
      1, 
      64
    ], 
    "OFFSET": [
      0, 
      0, 
      0
    ], 
    "compiler name": "ARM Mali OpenCL", 
    "compiler version": "5.0", 
    "cpu_freq": 800, 
    "gpu_freq": 533, 
    "image cols": 2593, 
    "image rows": 2593, 
    "pool_dir": "pool.02", 
    "program version": "c597087", 
    "size": 64
  }, 
  "meta": {
    "device name": "Mali-T628", 
    "device type": "GPU", 
    "device vendor": "ARM", 
    "experiment type": "benchmarking", 
    "kernel name": "calc_histogram", 
    "program name": "Realeyes HOG"
  }, 
  "tags": [
    "demo", 
    "arm", 
    "codegen15"
  ], 
  "work": {
    "repl": 2, 
    "timestamp": "2015-02-22T02:32:22.610158"
  }
}