{
  "characteristics": {
    "cpu": 0.006472, 
    "gpu_copy": 0.01703, 
    "gpu_only": 0.002332, 
    "is_gpu_better": false, 
    "l2 cache and mmu counters": {
      "0": 340330031, 
      "1": 16, 
      "10": 0, 
      "11": 0, 
      "12": 0, 
      "13": 0, 
      "14": 0, 
      "15": 0, 
      "16": 8, 
      "17": 3, 
      "18": 238, 
      "19": 4, 
      "2": 65535, 
      "20": 0, 
      "21": 0, 
      "22": 0, 
      "23": 0, 
      "24": 0, 
      "25": 0, 
      "26": 0, 
      "27": 0, 
      "28": 0, 
      "29": 0, 
      "3": 0, 
      "30": 119, 
      "31": 15790, 
      "32": 876548, 
      "33": 708805, 
      "34": 707556, 
      "35": 61450, 
      "36": 68181, 
      "37": 685466, 
      "38": 0, 
      "39": 94954, 
      "4": 18690, 
      "40": 94949, 
      "41": 368, 
      "42": 0, 
      "43": 94852, 
      "44": 0, 
      "45": 69, 
      "46": 0, 
      "47": 0, 
      "48": 3947, 
      "49": 3947, 
      "5": 145, 
      "50": 34, 
      "51": 29, 
      "52": 5, 
      "53": 2, 
      "54": 0, 
      "55": 0, 
      "56": 0, 
      "57": 56, 
      "58": 5, 
      "59": 0, 
      "6": 129, 
      "60": 0, 
      "61": 17552, 
      "62": 754734, 
      "63": 402674, 
      "7": 366, 
      "8": 115, 
      "9": 0
    }, 
    "shader core counters": {
      "0": [
        340330031, 
        340330031, 
        340330031, 
        340330031
      ], 
      "1": [
        16, 
        16, 
        16, 
        16
      ], 
      "10": [
        0, 
        0, 
        0, 
        0
      ], 
      "11": [
        0, 
        0, 
        0, 
        0
      ], 
      "12": [
        0, 
        0, 
        0, 
        0
      ], 
      "13": [
        0, 
        0, 
        0, 
        0
      ], 
      "14": [
        0, 
        0, 
        0, 
        0
      ], 
      "15": [
        0, 
        0, 
        0, 
        0
      ], 
      "16": [
        0, 
        0, 
        0, 
        0
      ], 
      "17": [
        0, 
        0, 
        0, 
        0
      ], 
      "18": [
        0, 
        0, 
        0, 
        0
      ], 
      "19": [
        0, 
        0, 
        0, 
        0
      ], 
      "2": [
        65535, 
        65535, 
        65535, 
        65535
      ], 
      "20": [
        0, 
        0, 
        0, 
        0
      ], 
      "21": [
        0, 
        0, 
        0, 
        0
      ], 
      "22": [
        1240261, 
        1235893, 
        1239053, 
        1239893
      ], 
      "23": [
        284, 
        283, 
        297, 
        288
      ], 
      "24": [
        36352, 
        36224, 
        38016, 
        36864
      ], 
      "25": [
        8824, 
        5103, 
        10252, 
        9477
      ], 
      "26": [
        1239802, 
        1235430, 
        1238595, 
        1239429
      ], 
      "27": [
        714502, 
        692086, 
        709496, 
        699708
      ], 
      "28": [
        18618, 
        17737, 
        18269, 
        17998
      ], 
      "29": [
        486803, 
        500784, 
        490262, 
        498744
      ], 
      "3": [
        0, 
        0, 
        0, 
        0
      ], 
      "30": [
        0, 
        0, 
        0, 
        0
      ], 
      "31": [
        268549, 
        262267, 
        269119, 
        265758
      ], 
      "32": [
        745334, 
        779878, 
        748527, 
        768721
      ], 
      "33": [
        0, 
        0, 
        0, 
        0
      ], 
      "34": [
        476785, 
        517611, 
        479408, 
        502963
      ], 
      "35": [
        0, 
        0, 
        0, 
        0
      ], 
      "36": [
        0, 
        0, 
        0, 
        0
      ], 
      "37": [
        0, 
        0, 
        0, 
        0
      ], 
      "38": [
        0, 
        0, 
        0, 
        0
      ], 
      "39": [
        0, 
        0, 
        0, 
        0
      ], 
      "4": [
        0, 
        0, 
        0, 
        0
      ], 
      "40": [
        0, 
        0, 
        0, 
        0
      ], 
      "41": [
        0, 
        0, 
        0, 
        0
      ], 
      "42": [
        0, 
        0, 
        0, 
        0
      ], 
      "43": [
        0, 
        0, 
        0, 
        0
      ], 
      "44": [
        0, 
        0, 
        0, 
        0
      ], 
      "45": [
        0, 
        0, 
        0, 
        0
      ], 
      "46": [
        0, 
        0, 
        0, 
        0
      ], 
      "47": [
        0, 
        0, 
        0, 
        0
      ], 
      "48": [
        66091, 
        63898, 
        65540, 
        64901
      ], 
      "49": [
        32311, 
        38413, 
        32555, 
        35214
      ], 
      "5": [
        0, 
        0, 
        0, 
        0
      ], 
      "50": [
        0, 
        0, 
        0, 
        0
      ], 
      "51": [
        0, 
        0, 
        0, 
        0
      ], 
      "52": [
        63066, 
        61713, 
        62871, 
        62379
      ], 
      "53": [
        191288, 
        206381, 
        192377, 
        201912
      ], 
      "54": [
        23626, 
        23752, 
        23929, 
        23739
      ], 
      "55": [
        16775, 
        16910, 
        17092, 
        17062
      ], 
      "56": [
        16942, 
        17095, 
        17293, 
        17245
      ], 
      "57": [
        1, 
        1, 
        1, 
        1
      ], 
      "58": [
        3, 
        3, 
        3, 
        3
      ], 
      "59": [
        42, 
        42, 
        42, 
        44
      ], 
      "6": [
        0, 
        0, 
        0, 
        0
      ], 
      "60": [
        1906, 
        1932, 
        1948, 
        1933
      ], 
      "61": [
        139946, 
        136057, 
        139175, 
        137827
      ], 
      "62": [
        332, 
        332, 
        332, 
        332
      ], 
      "63": [
        0, 
        0, 
        0, 
        24
      ], 
      "7": [
        0, 
        0, 
        0, 
        0
      ], 
      "8": [
        0, 
        0, 
        0, 
        0
      ], 
      "9": [
        0, 
        0, 
        0, 
        0
      ]
    }
  }, 
  "features": {
    "GWS": [
      48, 
      48, 
      64
    ], 
    "LWS": [
      4, 
      1, 
      64
    ], 
    "OFFSET": [
      0, 
      0, 
      0
    ], 
    "compiler name": "ARM Mali OpenCL", 
    "compiler version": "5.0", 
    "cpu_freq": 800, 
    "gpu_freq": 533, 
    "image cols": 2126, 
    "image rows": 2658, 
    "pool_dir": "pool.04", 
    "program version": "c597087", 
    "size": 48
  }, 
  "meta": {
    "device name": "Mali-T628", 
    "device type": "GPU", 
    "device vendor": "ARM", 
    "experiment type": "benchmarking", 
    "kernel name": "calc_histogram", 
    "program name": "Realeyes HOG"
  }, 
  "tags": [
    "demo", 
    "arm", 
    "codegen15"
  ], 
  "work": {
    "repl": 1, 
    "timestamp": "2015-02-25T13:08:48.863753"
  }
}