{
  "characteristics": {
    "cpu": 0.017951, 
    "gpu_copy": 0.015654, 
    "gpu_only": 0.013554, 
    "is_gpu_better": true, 
    "l2 cache and mmu counters": {
      "0": 412223917, 
      "1": 21, 
      "10": 0, 
      "11": 0, 
      "12": 0, 
      "13": 0, 
      "14": 0, 
      "15": 0, 
      "16": 9, 
      "17": 3, 
      "18": 261, 
      "19": 7, 
      "2": 65535, 
      "20": 0, 
      "21": 0, 
      "22": 0, 
      "23": 0, 
      "24": 0, 
      "25": 0, 
      "26": 0, 
      "27": 0, 
      "28": 0, 
      "29": 0, 
      "3": 0, 
      "30": 164, 
      "31": 35386, 
      "32": 5210852, 
      "33": 0, 
      "34": 4295032, 
      "35": 357791, 
      "36": 399910, 
      "37": 4166439, 
      "38": 0, 
      "39": 508900, 
      "4": 696, 
      "40": 508895, 
      "41": 1024, 
      "42": 0, 
      "43": 508554, 
      "44": 0, 
      "45": 86, 
      "46": 0, 
      "47": 0, 
      "48": 8846, 
      "49": 8846, 
      "5": 64, 
      "50": 46, 
      "51": 40, 
      "52": 6, 
      "53": 2, 
      "54": 0, 
      "55": 0, 
      "56": 0, 
      "57": 75, 
      "58": 0, 
      "59": 0, 
      "6": 81, 
      "60": 0, 
      "61": 115069, 
      "62": 4528486, 
      "63": 2857652, 
      "7": 113, 
      "8": 31, 
      "9": 0
    }, 
    "shader core counters": {
      "0": [
        412223917, 
        412223917, 
        412223917, 
        412223917
      ], 
      "1": [
        21, 
        21, 
        21, 
        21
      ], 
      "10": [
        0, 
        0, 
        0, 
        0
      ], 
      "11": [
        0, 
        0, 
        0, 
        0
      ], 
      "12": [
        0, 
        0, 
        0, 
        0
      ], 
      "13": [
        0, 
        0, 
        0, 
        0
      ], 
      "14": [
        0, 
        0, 
        0, 
        0
      ], 
      "15": [
        0, 
        0, 
        0, 
        0
      ], 
      "16": [
        0, 
        0, 
        0, 
        0
      ], 
      "17": [
        0, 
        0, 
        0, 
        0
      ], 
      "18": [
        0, 
        0, 
        0, 
        0
      ], 
      "19": [
        0, 
        0, 
        0, 
        0
      ], 
      "2": [
        65535, 
        65535, 
        65535, 
        65535
      ], 
      "20": [
        0, 
        0, 
        0, 
        0
      ], 
      "21": [
        0, 
        0, 
        0, 
        0
      ], 
      "22": [
        7211167, 
        7210833, 
        7210823, 
        7207571
      ], 
      "23": [
        2090, 
        1988, 
        2072, 
        2042
      ], 
      "24": [
        267520, 
        254464, 
        265216, 
        261376
      ], 
      "25": [
        283248, 
        438440, 
        316029, 
        363178
      ], 
      "26": [
        7210686, 
        7210348, 
        7210343, 
        7207085
      ], 
      "27": [
        4040998, 
        3876964, 
        4021946, 
        3961004
      ], 
      "28": [
        94684, 
        88404, 
        93330, 
        91149
      ], 
      "29": [
        2938528, 
        3004397, 
        2950592, 
        2981020
      ], 
      "3": [
        0, 
        0, 
        0, 
        0
      ], 
      "30": [
        0, 
        0, 
        0, 
        0
      ], 
      "31": [
        1628872, 
        1567690, 
        1623697, 
        1602712
      ], 
      "32": [
        4557523, 
        4762267, 
        4575857, 
        4666589
      ], 
      "33": [
        0, 
        0, 
        0, 
        0
      ], 
      "34": [
        2928651, 
        3194577, 
        2952160, 
        3063877
      ], 
      "35": [
        0, 
        0, 
        0, 
        0
      ], 
      "36": [
        0, 
        0, 
        0, 
        0
      ], 
      "37": [
        0, 
        0, 
        0, 
        0
      ], 
      "38": [
        0, 
        0, 
        0, 
        0
      ], 
      "39": [
        0, 
        0, 
        0, 
        0
      ], 
      "4": [
        0, 
        0, 
        0, 
        0
      ], 
      "40": [
        0, 
        0, 
        0, 
        0
      ], 
      "41": [
        0, 
        0, 
        0, 
        0
      ], 
      "42": [
        0, 
        0, 
        0, 
        0
      ], 
      "43": [
        0, 
        0, 
        0, 
        0
      ], 
      "44": [
        0, 
        0, 
        0, 
        0
      ], 
      "45": [
        0, 
        0, 
        0, 
        0
      ], 
      "46": [
        0, 
        0, 
        0, 
        0
      ], 
      "47": [
        0, 
        0, 
        0, 
        0
      ], 
      "48": [
        400941, 
        384360, 
        400148, 
        394467
      ], 
      "49": [
        180194, 
        198994, 
        174645, 
        194094
      ], 
      "5": [
        0, 
        0, 
        0, 
        0
      ], 
      "50": [
        0, 
        0, 
        0, 
        0
      ], 
      "51": [
        0, 
        0, 
        0, 
        0
      ], 
      "52": [
        348292, 
        337565, 
        347204, 
        343160
      ], 
      "53": [
        1264548, 
        1382570, 
        1280984, 
        1320604
      ], 
      "54": [
        128049, 
        124595, 
        129895, 
        126865
      ], 
      "55": [
        100184, 
        97408, 
        101847, 
        99137
      ], 
      "56": [
        100900, 
        98108, 
        102566, 
        99867
      ], 
      "57": [
        1, 
        1, 
        1, 
        1
      ], 
      "58": [
        4, 
        4, 
        4, 
        4
      ], 
      "59": [
        42, 
        42, 
        42, 
        42
      ], 
      "6": [
        0, 
        0, 
        0, 
        0
      ], 
      "60": [
        80, 
        90, 
        82, 
        78
      ], 
      "61": [
        806020, 
        776021, 
        803628, 
        793304
      ], 
      "62": [
        332, 
        332, 
        332, 
        332
      ], 
      "63": [
        0, 
        0, 
        0, 
        0
      ], 
      "7": [
        0, 
        0, 
        0, 
        0
      ], 
      "8": [
        0, 
        0, 
        0, 
        0
      ], 
      "9": [
        0, 
        0, 
        0, 
        0
      ]
    }
  }, 
  "features": {
    "GWS": [
      12, 
      12, 
      64
    ], 
    "LWS": [
      4, 
      1, 
      64
    ], 
    "OFFSET": [
      0, 
      0, 
      0
    ], 
    "compiler name": "ARM Mali OpenCL", 
    "compiler version": "5.0", 
    "cpu_freq": 1600, 
    "gpu_freq": 533, 
    "image cols": 1064, 
    "image rows": 629, 
    "pool_dir": "pool.07", 
    "program version": "c597087", 
    "size": 128
  }, 
  "meta": {
    "device name": "Mali-T628", 
    "device type": "GPU", 
    "device vendor": "ARM", 
    "experiment type": "benchmarking", 
    "kernel name": "calc_histogram", 
    "program name": "Realeyes HOG"
  }, 
  "tags": [
    "demo", 
    "arm", 
    "codegen15"
  ], 
  "work": {
    "repl": 2, 
    "timestamp": "2015-02-22T02:14:43.075464"
  }
}