{
  "characteristics": {
    "cpu": 0.000683, 
    "gpu_copy": 0.008797, 
    "gpu_only": 0.000511, 
    "is_gpu_better": false, 
    "l2 cache and mmu counters": {
      "0": 1575908368, 
      "1": 17, 
      "10": 0, 
      "11": 0, 
      "12": 0, 
      "13": 0, 
      "14": 0, 
      "15": 0, 
      "16": 8, 
      "17": 3, 
      "18": 174, 
      "19": 4, 
      "2": 65535, 
      "20": 0, 
      "21": 0, 
      "22": 0, 
      "23": 0, 
      "24": 0, 
      "25": 0, 
      "26": 0, 
      "27": 0, 
      "28": 0, 
      "29": 0, 
      "3": 0, 
      "30": 110, 
      "31": 4450, 
      "32": 88321, 
      "33": 66541, 
      "34": 65633, 
      "35": 6247, 
      "36": 6769, 
      "37": 63534, 
      "38": 0, 
      "39": 10799, 
      "4": 2277, 
      "40": 10794, 
      "41": 104, 
      "42": 0, 
      "43": 10766, 
      "44": 0, 
      "45": 67, 
      "46": 0, 
      "47": 0, 
      "48": 1112, 
      "49": 1112, 
      "5": 119, 
      "50": 36, 
      "51": 27, 
      "52": 4, 
      "53": 2, 
      "54": 0, 
      "55": 0, 
      "56": 0, 
      "57": 0, 
      "58": 9, 
      "59": 0, 
      "6": 106, 
      "60": 0, 
      "61": 1788, 
      "62": 69382, 
      "63": 26384, 
      "7": 352, 
      "8": 90, 
      "9": 0
    }, 
    "shader core counters": {
      "0": [
        1575908368, 
        1575908368, 
        1575908368, 
        1575908368
      ], 
      "1": [
        17, 
        17, 
        17, 
        17
      ], 
      "10": [
        0, 
        0, 
        0, 
        0
      ], 
      "11": [
        0, 
        0, 
        0, 
        0
      ], 
      "12": [
        0, 
        0, 
        0, 
        0
      ], 
      "13": [
        0, 
        0, 
        0, 
        0
      ], 
      "14": [
        0, 
        0, 
        0, 
        0
      ], 
      "15": [
        0, 
        0, 
        0, 
        0
      ], 
      "16": [
        0, 
        0, 
        0, 
        0
      ], 
      "17": [
        0, 
        0, 
        0, 
        0
      ], 
      "18": [
        0, 
        0, 
        0, 
        0
      ], 
      "19": [
        0, 
        0, 
        0, 
        0
      ], 
      "2": [
        65535, 
        65535, 
        65535, 
        65535
      ], 
      "20": [
        0, 
        0, 
        0, 
        0
      ], 
      "21": [
        0, 
        0, 
        0, 
        0
      ], 
      "22": [
        135719, 
        135016, 
        132229, 
        130731
      ], 
      "23": [
        32, 
        32, 
        30, 
        34
      ], 
      "24": [
        4096, 
        4096, 
        3840, 
        4352
      ], 
      "25": [
        4448, 
        3234, 
        5248, 
        3844
      ], 
      "26": [
        135347, 
        134631, 
        131849, 
        130356
      ], 
      "27": [
        82294, 
        78962, 
        77398, 
        77806
      ], 
      "28": [
        2454, 
        2317, 
        2125, 
        2300
      ], 
      "29": [
        46043, 
        47721, 
        46482, 
        43640
      ], 
      "3": [
        0, 
        0, 
        0, 
        0
      ], 
      "30": [
        0, 
        0, 
        0, 
        0
      ], 
      "31": [
        29490, 
        28627, 
        27836, 
        28717
      ], 
      "32": [
        72091, 
        76399, 
        72711, 
        72622
      ], 
      "33": [
        0, 
        0, 
        0, 
        0
      ], 
      "34": [
        42601, 
        47772, 
        44875, 
        43905
      ], 
      "35": [
        0, 
        0, 
        0, 
        0
      ], 
      "36": [
        0, 
        0, 
        0, 
        0
      ], 
      "37": [
        0, 
        0, 
        0, 
        0
      ], 
      "38": [
        0, 
        0, 
        0, 
        0
      ], 
      "39": [
        0, 
        0, 
        0, 
        0
      ], 
      "4": [
        0, 
        0, 
        0, 
        0
      ], 
      "40": [
        0, 
        0, 
        0, 
        0
      ], 
      "41": [
        0, 
        0, 
        0, 
        0
      ], 
      "42": [
        0, 
        0, 
        0, 
        0
      ], 
      "43": [
        0, 
        0, 
        0, 
        0
      ], 
      "44": [
        0, 
        0, 
        0, 
        0
      ], 
      "45": [
        0, 
        0, 
        0, 
        0
      ], 
      "46": [
        0, 
        0, 
        0, 
        0
      ], 
      "47": [
        0, 
        0, 
        0, 
        0
      ], 
      "48": [
        7667, 
        7358, 
        7225, 
        7175
      ], 
      "49": [
        3470, 
        3721, 
        3468, 
        3535
      ], 
      "5": [
        0, 
        0, 
        0, 
        0
      ], 
      "50": [
        0, 
        0, 
        0, 
        0
      ], 
      "51": [
        0, 
        0, 
        0, 
        0
      ], 
      "52": [
        6545, 
        6377, 
        6214, 
        6454
      ], 
      "53": [
        15737, 
        18036, 
        16800, 
        16287
      ], 
      "54": [
        2603, 
        2729, 
        2832, 
        2531
      ], 
      "55": [
        1678, 
        1741, 
        1783, 
        1565
      ], 
      "56": [
        1673, 
        1739, 
        1797, 
        1570
      ], 
      "57": [
        1, 
        1, 
        1, 
        1
      ], 
      "58": [
        4, 
        4, 
        4, 
        4
      ], 
      "59": [
        43, 
        42, 
        42, 
        44
      ], 
      "6": [
        0, 
        0, 
        0, 
        0
      ], 
      "60": [
        219, 
        233, 
        261, 
        223
      ], 
      "61": [
        15481, 
        14953, 
        14614, 
        14846
      ], 
      "62": [
        332, 
        332, 
        332, 
        332
      ], 
      "63": [
        8, 
        0, 
        0, 
        16
      ], 
      "7": [
        0, 
        0, 
        0, 
        0
      ], 
      "8": [
        0, 
        0, 
        0, 
        0
      ], 
      "9": [
        0, 
        0, 
        0, 
        0
      ]
    }
  }, 
  "features": {
    "GWS": [
      16, 
      16, 
      64
    ], 
    "LWS": [
      4, 
      1, 
      64
    ], 
    "OFFSET": [
      0, 
      0, 
      0
    ], 
    "compiler name": "ARM Mali OpenCL", 
    "compiler version": "5.0", 
    "cpu_freq": 1600, 
    "gpu_freq": 266, 
    "image cols": 2422, 
    "image rows": 2066, 
    "pool_dir": "pool.15", 
    "program version": "c597087", 
    "size": 16
  }, 
  "meta": {
    "device name": "Mali-T628", 
    "device type": "GPU", 
    "device vendor": "ARM", 
    "experiment type": "benchmarking", 
    "kernel name": "calc_histogram", 
    "program name": "Realeyes HOG"
  }, 
  "tags": [
    "demo", 
    "arm", 
    "codegen15"
  ], 
  "work": {
    "repl": 3, 
    "timestamp": "2015-02-22T02:03:35.835787"
  }
}