{
  "characteristics": {
    "cpu": 0.005469, 
    "gpu_copy": 0.018342, 
    "gpu_only": 0.007629, 
    "is_gpu_better": false, 
    "l2 cache and mmu counters": {
      "0": 1726680998, 
      "1": 25, 
      "10": 0, 
      "11": 0, 
      "12": 0, 
      "13": 0, 
      "14": 0, 
      "15": 0, 
      "16": 9, 
      "17": 0, 
      "18": 157, 
      "19": 4, 
      "2": 65535, 
      "20": 0, 
      "21": 0, 
      "22": 0, 
      "23": 0, 
      "24": 0, 
      "25": 0, 
      "26": 0, 
      "27": 0, 
      "28": 0, 
      "29": 0, 
      "3": 0, 
      "30": 140, 
      "31": 20098, 
      "32": 1463164, 
      "33": 1198269, 
      "34": 1197252, 
      "35": 101032, 
      "36": 112388, 
      "37": 1161989, 
      "38": 0, 
      "39": 147849, 
      "4": 28862, 
      "40": 147844, 
      "41": 490, 
      "42": 0, 
      "43": 147705, 
      "44": 0, 
      "45": 85, 
      "46": 0, 
      "47": 0, 
      "48": 5024, 
      "49": 5024, 
      "5": 210, 
      "50": 40, 
      "51": 34, 
      "52": 6, 
      "53": 2, 
      "54": 0, 
      "55": 0, 
      "56": 0, 
      "57": 122, 
      "58": 1, 
      "59": 0, 
      "6": 50, 
      "60": 0, 
      "61": 29857, 
      "62": 1271668, 
      "63": 746144, 
      "7": 284, 
      "8": 174, 
      "9": 0
    }, 
    "shader core counters": {
      "0": [
        1726680998, 
        1726680998, 
        1726680998, 
        1726680998
      ], 
      "1": [
        25, 
        25, 
        25, 
        25
      ], 
      "10": [
        0, 
        0, 
        0, 
        0
      ], 
      "11": [
        0, 
        0, 
        0, 
        0
      ], 
      "12": [
        0, 
        0, 
        0, 
        0
      ], 
      "13": [
        0, 
        0, 
        0, 
        0
      ], 
      "14": [
        0, 
        0, 
        0, 
        0
      ], 
      "15": [
        0, 
        0, 
        0, 
        0
      ], 
      "16": [
        0, 
        0, 
        0, 
        0
      ], 
      "17": [
        0, 
        0, 
        0, 
        0
      ], 
      "18": [
        0, 
        0, 
        0, 
        0
      ], 
      "19": [
        0, 
        0, 
        0, 
        0
      ], 
      "2": [
        65535, 
        65535, 
        65535, 
        65535
      ], 
      "20": [
        0, 
        0, 
        0, 
        0
      ], 
      "21": [
        0, 
        0, 
        0, 
        0
      ], 
      "22": [
        2028198, 
        2028986, 
        2028396, 
        2029183
      ], 
      "23": [
        521, 
        503, 
        513, 
        511
      ], 
      "24": [
        66688, 
        64384, 
        65664, 
        65408
      ], 
      "25": [
        22397, 
        38596, 
        16874, 
        20508
      ], 
      "26": [
        2027797, 
        2028577, 
        2027994, 
        2028784
      ], 
      "27": [
        1154002, 
        1119484, 
        1146260, 
        1126630
      ], 
      "28": [
        28606, 
        26977, 
        28508, 
        27249
      ], 
      "29": [
        814291, 
        832041, 
        820807, 
        838499
      ], 
      "3": [
        0, 
        0, 
        0, 
        0
      ], 
      "30": [
        0, 
        0, 
        0, 
        0
      ], 
      "31": [
        453173, 
        440567, 
        450299, 
        445778
      ], 
      "32": [
        1262858, 
        1305421, 
        1270615, 
        1305360
      ], 
      "33": [
        0, 
        0, 
        0, 
        0
      ], 
      "34": [
        809685, 
        864854, 
        820316, 
        859582
      ], 
      "35": [
        0, 
        0, 
        0, 
        0
      ], 
      "36": [
        0, 
        0, 
        0, 
        0
      ], 
      "37": [
        0, 
        0, 
        0, 
        0
      ], 
      "38": [
        0, 
        0, 
        0, 
        0
      ], 
      "39": [
        0, 
        0, 
        0, 
        0
      ], 
      "4": [
        0, 
        0, 
        0, 
        0
      ], 
      "40": [
        0, 
        0, 
        0, 
        0
      ], 
      "41": [
        0, 
        0, 
        0, 
        0
      ], 
      "42": [
        0, 
        0, 
        0, 
        0
      ], 
      "43": [
        0, 
        0, 
        0, 
        0
      ], 
      "44": [
        0, 
        0, 
        0, 
        0
      ], 
      "45": [
        0, 
        0, 
        0, 
        0
      ], 
      "46": [
        0, 
        0, 
        0, 
        0
      ], 
      "47": [
        0, 
        0, 
        0, 
        0
      ], 
      "48": [
        109026, 
        105627, 
        108478, 
        106398
      ], 
      "49": [
        44355, 
        50851, 
        44921, 
        46236
      ], 
      "5": [
        0, 
        0, 
        0, 
        0
      ], 
      "50": [
        0, 
        0, 
        0, 
        0
      ], 
      "51": [
        0, 
        0, 
        0, 
        0
      ], 
      "52": [
        104410, 
        102011, 
        103813, 
        103521
      ], 
      "53": [
        334090, 
        356458, 
        339028, 
        357775
      ], 
      "54": [
        37127, 
        35773, 
        37621, 
        37046
      ], 
      "55": [
        27987, 
        27093, 
        28529, 
        28475
      ], 
      "56": [
        28160, 
        27234, 
        28667, 
        28606
      ], 
      "57": [
        1, 
        1, 
        1, 
        1
      ], 
      "58": [
        3, 
        3, 
        3, 
        3
      ], 
      "59": [
        42, 
        42, 
        44, 
        42
      ], 
      "6": [
        0, 
        0, 
        0, 
        0
      ], 
      "60": [
        2981, 
        2846, 
        3014, 
        2896
      ], 
      "61": [
        230170, 
        223787, 
        228877, 
        226281
      ], 
      "62": [
        332, 
        332, 
        0, 
        332
      ], 
      "63": [
        0, 
        0, 
        24, 
        0
      ], 
      "7": [
        0, 
        0, 
        0, 
        0
      ], 
      "8": [
        0, 
        0, 
        0, 
        0
      ], 
      "9": [
        0, 
        0, 
        0, 
        0
      ]
    }
  }, 
  "features": {
    "GWS": [
      64, 
      64, 
      64
    ], 
    "LWS": [
      4, 
      1, 
      64
    ], 
    "OFFSET": [
      0, 
      0, 
      0
    ], 
    "compiler name": "ARM Mali OpenCL", 
    "compiler version": "5.0", 
    "cpu_freq": 1600, 
    "gpu_freq": 266, 
    "image cols": 3074, 
    "image rows": 2185, 
    "pool_dir": "pool.14", 
    "program version": "c597087", 
    "size": 64
  }, 
  "meta": {
    "device name": "Mali-T628", 
    "device type": "GPU", 
    "device vendor": "ARM", 
    "experiment type": "benchmarking", 
    "kernel name": "calc_histogram", 
    "program name": "Realeyes HOG"
  }, 
  "tags": [
    "demo", 
    "arm", 
    "codegen15"
  ], 
  "work": {
    "repl": 1, 
    "timestamp": "2015-02-22T02:27:33.752158"
  }
}