{
  "characteristics": {
    "cpu": 0.027173, 
    "gpu_copy": 0.048251, 
    "gpu_only": 0.0375, 
    "is_gpu_better": false, 
    "l2 cache and mmu counters": {
      "0": 4116024467, 
      "1": 17, 
      "10": 0, 
      "11": 0, 
      "12": 0, 
      "13": 0, 
      "14": 0, 
      "15": 0, 
      "16": 8, 
      "17": 3, 
      "18": 172, 
      "19": 4, 
      "2": 65535, 
      "20": 0, 
      "21": 0, 
      "22": 0, 
      "23": 0, 
      "24": 0, 
      "25": 0, 
      "26": 0, 
      "27": 0, 
      "28": 0, 
      "29": 0, 
      "3": 0, 
      "30": 484, 
      "31": 88970, 
      "32": 6572451, 
      "33": 5205297, 
      "34": 5203386, 
      "35": 481818, 
      "36": 537558, 
      "37": 5035635, 
      "38": 0, 
      "39": 819859, 
      "4": 221103, 
      "40": 819854, 
      "41": 2975, 
      "42": 0, 
      "43": 818884, 
      "44": 0, 
      "45": 275, 
      "46": 0, 
      "47": 0, 
      "48": 22242, 
      "49": 22242, 
      "5": 1288, 
      "50": 131, 
      "51": 120, 
      "52": 6, 
      "53": 2, 
      "54": 0, 
      "55": 0, 
      "56": 0, 
      "57": 643, 
      "58": 2, 
      "59": 0, 
      "6": 83, 
      "60": 0, 
      "61": 137684, 
      "62": 5607109, 
      "63": 2311295, 
      "7": 490, 
      "8": 1051, 
      "9": 0
    }, 
    "shader core counters": {
      "0": [
        4116024467, 
        4116024467, 
        4116024467, 
        4116024467
      ], 
      "1": [
        17, 
        17, 
        17, 
        17
      ], 
      "10": [
        0, 
        0, 
        0, 
        0
      ], 
      "11": [
        0, 
        0, 
        0, 
        0
      ], 
      "12": [
        0, 
        0, 
        0, 
        0
      ], 
      "13": [
        0, 
        0, 
        0, 
        0
      ], 
      "14": [
        0, 
        0, 
        0, 
        0
      ], 
      "15": [
        0, 
        0, 
        0, 
        0
      ], 
      "16": [
        0, 
        0, 
        0, 
        0
      ], 
      "17": [
        0, 
        0, 
        0, 
        0
      ], 
      "18": [
        0, 
        0, 
        0, 
        0
      ], 
      "19": [
        0, 
        0, 
        0, 
        0
      ], 
      "2": [
        65535, 
        65535, 
        65535, 
        65535
      ], 
      "20": [
        0, 
        0, 
        0, 
        0
      ], 
      "21": [
        0, 
        0, 
        0, 
        0
      ], 
      "22": [
        9974886, 
        9969495, 
        9969254, 
        9969402
      ], 
      "23": [
        2025, 
        2023, 
        2077, 
        2067
      ], 
      "24": [
        259200, 
        258944, 
        265856, 
        264576
      ], 
      "25": [
        4520, 
        6527, 
        6212, 
        5138
      ], 
      "26": [
        9974541, 
        9969143, 
        9968908, 
        9969059
      ], 
      "27": [
        5953528, 
        5888274, 
        5974116, 
        5902970
      ], 
      "28": [
        167482, 
        165337, 
        169309, 
        164901
      ], 
      "29": [
        3761654, 
        3789538, 
        3731748, 
        3794200
      ], 
      "3": [
        0, 
        0, 
        0, 
        0
      ], 
      "30": [
        0, 
        0, 
        0, 
        0
      ], 
      "31": [
        2172758, 
        2153041, 
        2185101, 
        2163991
      ], 
      "32": [
        5776326, 
        5862482, 
        5727340, 
        5863308
      ], 
      "33": [
        0, 
        0, 
        0, 
        0
      ], 
      "34": [
        3603568, 
        3709441, 
        3542239, 
        3699317
      ], 
      "35": [
        0, 
        0, 
        0, 
        0
      ], 
      "36": [
        0, 
        0, 
        0, 
        0
      ], 
      "37": [
        0, 
        0, 
        0, 
        0
      ], 
      "38": [
        0, 
        0, 
        0, 
        0
      ], 
      "39": [
        0, 
        0, 
        0, 
        0
      ], 
      "4": [
        0, 
        0, 
        0, 
        0
      ], 
      "40": [
        0, 
        0, 
        0, 
        0
      ], 
      "41": [
        0, 
        0, 
        0, 
        0
      ], 
      "42": [
        0, 
        0, 
        0, 
        0
      ], 
      "43": [
        0, 
        0, 
        0, 
        0
      ], 
      "44": [
        0, 
        0, 
        0, 
        0
      ], 
      "45": [
        0, 
        0, 
        0, 
        0
      ], 
      "46": [
        0, 
        0, 
        0, 
        0
      ], 
      "47": [
        0, 
        0, 
        0, 
        0
      ], 
      "48": [
        523667, 
        517724, 
        526290, 
        518718
      ], 
      "49": [
        288424, 
        307411, 
        284188, 
        308349
      ], 
      "5": [
        0, 
        0, 
        0, 
        0
      ], 
      "50": [
        0, 
        0, 
        0, 
        0
      ], 
      "51": [
        0, 
        0, 
        0, 
        0
      ], 
      "52": [
        545563, 
        540376, 
        546406, 
        542411
      ], 
      "53": [
        1409047, 
        1450694, 
        1382796, 
        1444418
      ], 
      "54": [
        207297, 
        202960, 
        203424, 
        205800
      ], 
      "55": [
        134966, 
        132885, 
        132439, 
        134546
      ], 
      "56": [
        136234, 
        134216, 
        133678, 
        135862
      ], 
      "57": [
        1, 
        1, 
        1, 
        1
      ], 
      "58": [
        3, 
        3, 
        3, 
        3
      ], 
      "59": [
        42, 
        42, 
        42, 
        42
      ], 
      "6": [
        0, 
        0, 
        0, 
        0
      ], 
      "60": [
        22148, 
        21406, 
        21610, 
        21571
      ], 
      "61": [
        1162387, 
        1150384, 
        1166230, 
        1153355
      ], 
      "62": [
        332, 
        332, 
        332, 
        332
      ], 
      "63": [
        0, 
        0, 
        0, 
        0
      ], 
      "7": [
        0, 
        0, 
        0, 
        0
      ], 
      "8": [
        0, 
        0, 
        0, 
        0
      ], 
      "9": [
        0, 
        0, 
        0, 
        0
      ]
    }
  }, 
  "features": {
    "GWS": [
      12, 
      12, 
      64
    ], 
    "LWS": [
      4, 
      1, 
      64
    ], 
    "OFFSET": [
      0, 
      0, 
      0
    ], 
    "compiler name": "ARM Mali OpenCL", 
    "compiler version": "5.0", 
    "cpu_freq": 1600, 
    "gpu_freq": 266, 
    "image cols": 2593, 
    "image rows": 2593, 
    "pool_dir": "pool.02", 
    "program version": "c597087", 
    "size": 128
  }, 
  "meta": {
    "device name": "Mali-T628", 
    "device type": "GPU", 
    "device vendor": "ARM", 
    "experiment type": "benchmarking", 
    "kernel name": "calc_histogram", 
    "program name": "Realeyes HOG"
  }, 
  "tags": [
    "demo", 
    "arm", 
    "codegen15"
  ], 
  "work": {
    "repl": 1, 
    "timestamp": "2015-02-22T02:05:21.639789"
  }
}