{
  "characteristics": {
    "cpu": 0.007314, 
    "gpu_copy": 0.01713, 
    "gpu_only": 0.002311, 
    "is_gpu_better": false, 
    "l2 cache and mmu counters": {
      "0": 2673904834, 
      "1": 11, 
      "10": 0, 
      "11": 0, 
      "12": 0, 
      "13": 0, 
      "14": 0, 
      "15": 0, 
      "16": 9, 
      "17": 3, 
      "18": 261, 
      "19": 5, 
      "2": 65535, 
      "20": 0, 
      "21": 0, 
      "22": 0, 
      "23": 0, 
      "24": 0, 
      "25": 0, 
      "26": 0, 
      "27": 0, 
      "28": 0, 
      "29": 0, 
      "3": 0, 
      "30": 164, 
      "31": 15758, 
      "32": 864529, 
      "33": 698414, 
      "34": 697177, 
      "35": 60578, 
      "36": 67415, 
      "37": 675054, 
      "38": 0, 
      "39": 94094, 
      "4": 18646, 
      "40": 94085, 
      "41": 391, 
      "42": 0, 
      "43": 93979, 
      "44": 0, 
      "45": 78, 
      "46": 0, 
      "47": 0, 
      "48": 3939, 
      "49": 3939, 
      "5": 148, 
      "50": 57, 
      "51": 40, 
      "52": 6, 
      "53": 2, 
      "54": 0, 
      "55": 0, 
      "56": 0, 
      "57": 0, 
      "58": 7, 
      "59": 0, 
      "6": 139, 
      "60": 0, 
      "61": 17410, 
      "62": 743874, 
      "63": 387245, 
      "7": 395, 
      "8": 115, 
      "9": 0
    }, 
    "shader core counters": {
      "0": [
        2673904834, 
        2673904834, 
        2673904834, 
        2673904834
      ], 
      "1": [
        11, 
        11, 
        11, 
        11
      ], 
      "10": [
        0, 
        0, 
        0, 
        0
      ], 
      "11": [
        0, 
        0, 
        0, 
        0
      ], 
      "12": [
        0, 
        0, 
        0, 
        0
      ], 
      "13": [
        0, 
        0, 
        0, 
        0
      ], 
      "14": [
        0, 
        0, 
        0, 
        0
      ], 
      "15": [
        0, 
        0, 
        0, 
        0
      ], 
      "16": [
        0, 
        0, 
        0, 
        0
      ], 
      "17": [
        0, 
        0, 
        0, 
        0
      ], 
      "18": [
        0, 
        0, 
        0, 
        0
      ], 
      "19": [
        0, 
        0, 
        0, 
        0
      ], 
      "2": [
        65535, 
        65535, 
        65535, 
        65535
      ], 
      "20": [
        0, 
        0, 
        0, 
        0
      ], 
      "21": [
        0, 
        0, 
        0, 
        0
      ], 
      "22": [
        1229821, 
        1224132, 
        1229526, 
        1227509
      ], 
      "23": [
        278, 
        288, 
        306, 
        280
      ], 
      "24": [
        35584, 
        36864, 
        39168, 
        35840
      ], 
      "25": [
        4826, 
        5308, 
        5458, 
        8261
      ], 
      "26": [
        1229364, 
        1223669, 
        1229068, 
        1227056
      ], 
      "27": [
        705168, 
        692848, 
        718432, 
        699392
      ], 
      "28": [
        18594, 
        18089, 
        18991, 
        18018
      ], 
      "29": [
        488027, 
        487425, 
        475050, 
        488904
      ], 
      "3": [
        0, 
        0, 
        0, 
        0
      ], 
      "30": [
        0, 
        0, 
        0, 
        0
      ], 
      "31": [
        265472, 
        262377, 
        272558, 
        264688
      ], 
      "32": [
        750870, 
        763239, 
        721328, 
        760161
      ], 
      "33": [
        0, 
        0, 
        0, 
        0
      ], 
      "34": [
        485398, 
        500862, 
        448770, 
        495473
      ], 
      "35": [
        0, 
        0, 
        0, 
        0
      ], 
      "36": [
        0, 
        0, 
        0, 
        0
      ], 
      "37": [
        0, 
        0, 
        0, 
        0
      ], 
      "38": [
        0, 
        0, 
        0, 
        0
      ], 
      "39": [
        0, 
        0, 
        0, 
        0
      ], 
      "4": [
        0, 
        0, 
        0, 
        0
      ], 
      "40": [
        0, 
        0, 
        0, 
        0
      ], 
      "41": [
        0, 
        0, 
        0, 
        0
      ], 
      "42": [
        0, 
        0, 
        0, 
        0
      ], 
      "43": [
        0, 
        0, 
        0, 
        0
      ], 
      "44": [
        0, 
        0, 
        0, 
        0
      ], 
      "45": [
        0, 
        0, 
        0, 
        0
      ], 
      "46": [
        0, 
        0, 
        0, 
        0
      ], 
      "47": [
        0, 
        0, 
        0, 
        0
      ], 
      "48": [
        65172, 
        63966, 
        66642, 
        64651
      ], 
      "49": [
        33385, 
        35504, 
        30824, 
        33350
      ], 
      "5": [
        0, 
        0, 
        0, 
        0
      ], 
      "50": [
        0, 
        0, 
        0, 
        0
      ], 
      "51": [
        0, 
        0, 
        0, 
        0
      ], 
      "52": [
        62648, 
        61428, 
        63183, 
        62472
      ], 
      "53": [
        194586, 
        200516, 
        178710, 
        199593
      ], 
      "54": [
        23861, 
        23545, 
        22751, 
        23950
      ], 
      "55": [
        17133, 
        16802, 
        16117, 
        17027
      ], 
      "56": [
        17299, 
        16984, 
        16291, 
        17207
      ], 
      "57": [
        1, 
        1, 
        1, 
        1
      ], 
      "58": [
        3, 
        3, 
        3, 
        3
      ], 
      "59": [
        42, 
        43, 
        42, 
        42
      ], 
      "6": [
        0, 
        0, 
        0, 
        0
      ], 
      "60": [
        1915, 
        1948, 
        1835, 
        1969
      ], 
      "61": [
        138488, 
        135788, 
        140671, 
        137760
      ], 
      "62": [
        332, 
        332, 
        332, 
        332
      ], 
      "63": [
        0, 
        8, 
        0, 
        0
      ], 
      "7": [
        0, 
        0, 
        0, 
        0
      ], 
      "8": [
        0, 
        0, 
        0, 
        0
      ], 
      "9": [
        0, 
        0, 
        0, 
        0
      ]
    }
  }, 
  "features": {
    "GWS": [
      48, 
      48, 
      64
    ], 
    "LWS": [
      4, 
      1, 
      64
    ], 
    "OFFSET": [
      0, 
      0, 
      0
    ], 
    "compiler name": "ARM Mali OpenCL", 
    "compiler version": "5.0", 
    "cpu_freq": 800, 
    "gpu_freq": 533, 
    "image cols": 2126, 
    "image rows": 2658, 
    "pool_dir": "pool.04", 
    "program version": "c597087", 
    "size": 48
  }, 
  "meta": {
    "device name": "Mali-T628", 
    "device type": "GPU", 
    "device vendor": "ARM", 
    "experiment type": "benchmarking", 
    "kernel name": "calc_histogram", 
    "program name": "Realeyes HOG"
  }, 
  "tags": [
    "demo", 
    "arm", 
    "codegen15"
  ], 
  "work": {
    "repl": 3, 
    "timestamp": "2015-02-25T12:55:31.292690"
  }
}