{
  "characteristics": {
    "cpu": 0.00146, 
    "gpu_copy": 0.010072, 
    "gpu_only": 0.001545, 
    "is_gpu_better": false, 
    "l2 cache and mmu counters": {
      "0": 2354487002, 
      "1": 17, 
      "10": 0, 
      "11": 0, 
      "12": 0, 
      "13": 0, 
      "14": 0, 
      "15": 0, 
      "16": 8, 
      "17": 3, 
      "18": 162, 
      "19": 4, 
      "2": 65535, 
      "20": 0, 
      "21": 0, 
      "22": 0, 
      "23": 0, 
      "24": 0, 
      "25": 0, 
      "26": 0, 
      "27": 0, 
      "28": 0, 
      "29": 0, 
      "3": 0, 
      "30": 138, 
      "31": 6854, 
      "32": 281660, 
      "33": 226214, 
      "34": 225320, 
      "35": 19829, 
      "36": 22164, 
      "37": 217752, 
      "38": 0, 
      "39": 29036, 
      "4": 4460, 
      "40": 29031, 
      "41": 155, 
      "42": 0, 
      "43": 28980, 
      "44": 0, 
      "45": 57, 
      "46": 0, 
      "47": 0, 
      "48": 1713, 
      "49": 1713, 
      "5": 122, 
      "50": 38, 
      "51": 34, 
      "52": 4, 
      "53": 2, 
      "54": 0, 
      "55": 0, 
      "56": 0, 
      "57": 0, 
      "58": 3, 
      "59": 0, 
      "6": 97, 
      "60": 0, 
      "61": 5833, 
      "62": 238411, 
      "63": 125648, 
      "7": 268, 
      "8": 105, 
      "9": 0
    }, 
    "shader core counters": {
      "0": [
        2354487002, 
        2354487002, 
        2354487002, 
        2354487002
      ], 
      "1": [
        17, 
        17, 
        17, 
        17
      ], 
      "10": [
        0, 
        0, 
        0, 
        0
      ], 
      "11": [
        0, 
        0, 
        0, 
        0
      ], 
      "12": [
        0, 
        0, 
        0, 
        0
      ], 
      "13": [
        0, 
        0, 
        0, 
        0
      ], 
      "14": [
        0, 
        0, 
        0, 
        0
      ], 
      "15": [
        0, 
        0, 
        0, 
        0
      ], 
      "16": [
        0, 
        0, 
        0, 
        0
      ], 
      "17": [
        0, 
        0, 
        0, 
        0
      ], 
      "18": [
        0, 
        0, 
        0, 
        0
      ], 
      "19": [
        0, 
        0, 
        0, 
        0
      ], 
      "2": [
        65535, 
        65535, 
        65535, 
        65535
      ], 
      "20": [
        0, 
        0, 
        0, 
        0
      ], 
      "21": [
        0, 
        0, 
        0, 
        0
      ], 
      "22": [
        404553, 
        407564, 
        410585, 
        410932
      ], 
      "23": [
        127, 
        127, 
        129, 
        129
      ], 
      "24": [
        16256, 
        16256, 
        16512, 
        16512
      ], 
      "25": [
        4195, 
        5065, 
        3811, 
        3656
      ], 
      "26": [
        404211, 
        407212, 
        410236, 
        410590
      ], 
      "27": [
        236494, 
        238160, 
        241972, 
        241404
      ], 
      "28": [
        5719, 
        5669, 
        5893, 
        5905
      ], 
      "29": [
        156526, 
        156389, 
        157073, 
        156616
      ], 
      "3": [
        0, 
        0, 
        0, 
        0
      ], 
      "30": [
        0, 
        0, 
        0, 
        0
      ], 
      "31": [
        94213, 
        95112, 
        96811, 
        96354
      ], 
      "32": [
        240019, 
        243662, 
        234183, 
        244594
      ], 
      "33": [
        0, 
        0, 
        0, 
        0
      ], 
      "34": [
        145806, 
        148550, 
        137372, 
        148240
      ], 
      "35": [
        0, 
        0, 
        0, 
        0
      ], 
      "36": [
        0, 
        0, 
        0, 
        0
      ], 
      "37": [
        0, 
        0, 
        0, 
        0
      ], 
      "38": [
        0, 
        0, 
        0, 
        0
      ], 
      "39": [
        0, 
        0, 
        0, 
        0
      ], 
      "4": [
        0, 
        0, 
        0, 
        0
      ], 
      "40": [
        0, 
        0, 
        0, 
        0
      ], 
      "41": [
        0, 
        0, 
        0, 
        0
      ], 
      "42": [
        0, 
        0, 
        0, 
        0
      ], 
      "43": [
        0, 
        0, 
        0, 
        0
      ], 
      "44": [
        0, 
        0, 
        0, 
        0
      ], 
      "45": [
        0, 
        0, 
        0, 
        0
      ], 
      "46": [
        0, 
        0, 
        0, 
        0
      ], 
      "47": [
        0, 
        0, 
        0, 
        0
      ], 
      "48": [
        23743, 
        24129, 
        24775, 
        24488
      ], 
      "49": [
        8260, 
        8760, 
        7932, 
        8936
      ], 
      "5": [
        0, 
        0, 
        0, 
        0
      ], 
      "50": [
        0, 
        0, 
        0, 
        0
      ], 
      "51": [
        0, 
        0, 
        0, 
        0
      ], 
      "52": [
        19242, 
        19332, 
        19497, 
        19509
      ], 
      "53": [
        59933, 
        60777, 
        55779, 
        60416
      ], 
      "54": [
        7369, 
        7150, 
        7179, 
        7306
      ], 
      "55": [
        5667, 
        5442, 
        5436, 
        5534
      ], 
      "56": [
        5718, 
        5501, 
        5463, 
        5578
      ], 
      "57": [
        1, 
        1, 
        1, 
        1
      ], 
      "58": [
        3, 
        3, 
        3, 
        3
      ], 
      "59": [
        42, 
        43, 
        42, 
        42
      ], 
      "6": [
        0, 
        0, 
        0, 
        0
      ], 
      "60": [
        446, 
        462, 
        488, 
        459
      ], 
      "61": [
        46322, 
        46796, 
        47649, 
        47405
      ], 
      "62": [
        332, 
        332, 
        332, 
        332
      ], 
      "63": [
        0, 
        16, 
        0, 
        0
      ], 
      "7": [
        0, 
        0, 
        0, 
        0
      ], 
      "8": [
        0, 
        0, 
        0, 
        0
      ], 
      "9": [
        0, 
        0, 
        0, 
        0
      ]
    }
  }, 
  "features": {
    "GWS": [
      32, 
      32, 
      64
    ], 
    "LWS": [
      4, 
      1, 
      64
    ], 
    "OFFSET": [
      0, 
      0, 
      0
    ], 
    "compiler name": "ARM Mali OpenCL", 
    "compiler version": "5.0", 
    "cpu_freq": 1600, 
    "gpu_freq": 266, 
    "image cols": 2868, 
    "image rows": 1607, 
    "pool_dir": "pool.13", 
    "program version": "c597087", 
    "size": 32
  }, 
  "meta": {
    "device name": "Mali-T628", 
    "device type": "GPU", 
    "device vendor": "ARM", 
    "experiment type": "benchmarking", 
    "kernel name": "calc_histogram", 
    "program name": "Realeyes HOG"
  }, 
  "tags": [
    "demo", 
    "arm", 
    "codegen15"
  ], 
  "work": {
    "repl": 1, 
    "timestamp": "2015-02-25T13:13:11.588833"
  }
}