{
  "characteristics": {
    "cpu": 0.000977, 
    "gpu_copy": 0.013462, 
    "gpu_only": 0.000372, 
    "is_gpu_better": false, 
    "l2 cache and mmu counters": {
      "0": 1992625614, 
      "1": 17, 
      "10": 0, 
      "11": 0, 
      "12": 0, 
      "13": 0, 
      "14": 0, 
      "15": 0, 
      "16": 8, 
      "17": 2, 
      "18": 178, 
      "19": 4, 
      "2": 65535, 
      "20": 0, 
      "21": 0, 
      "22": 0, 
      "23": 0, 
      "24": 0, 
      "25": 0, 
      "26": 0, 
      "27": 0, 
      "28": 0, 
      "29": 0, 
      "3": 0, 
      "30": 90, 
      "31": 3234, 
      "32": 63051, 
      "33": 46558, 
      "34": 45703, 
      "35": 4393, 
      "36": 4878, 
      "37": 44182, 
      "38": 0, 
      "39": 7461, 
      "4": 1362, 
      "40": 7456, 
      "41": 67, 
      "42": 0, 
      "43": 7435, 
      "44": 0, 
      "45": 39, 
      "46": 0, 
      "47": 0, 
      "48": 808, 
      "49": 808, 
      "5": 117, 
      "50": 26, 
      "51": 22, 
      "52": 4, 
      "53": 2, 
      "54": 0, 
      "55": 0, 
      "56": 0, 
      "57": 0, 
      "58": 6, 
      "59": 0, 
      "6": 74, 
      "60": 0, 
      "61": 1566, 
      "62": 46964, 
      "63": 18608, 
      "7": 280, 
      "8": 84, 
      "9": 0
    }, 
    "shader core counters": {
      "0": [
        1992625614, 
        1992625614, 
        1992625614, 
        1992625614
      ], 
      "1": [
        17, 
        17, 
        17, 
        17
      ], 
      "10": [
        0, 
        0, 
        0, 
        0
      ], 
      "11": [
        0, 
        0, 
        0, 
        0
      ], 
      "12": [
        0, 
        0, 
        0, 
        0
      ], 
      "13": [
        0, 
        0, 
        0, 
        0
      ], 
      "14": [
        0, 
        0, 
        0, 
        0
      ], 
      "15": [
        0, 
        0, 
        0, 
        0
      ], 
      "16": [
        0, 
        0, 
        0, 
        0
      ], 
      "17": [
        0, 
        0, 
        0, 
        0
      ], 
      "18": [
        0, 
        0, 
        0, 
        0
      ], 
      "19": [
        0, 
        0, 
        0, 
        0
      ], 
      "2": [
        65535, 
        65535, 
        65535, 
        65535
      ], 
      "20": [
        0, 
        0, 
        0, 
        0
      ], 
      "21": [
        0, 
        0, 
        0, 
        0
      ], 
      "22": [
        97408, 
        98110, 
        97376, 
        98847
      ], 
      "23": [
        33, 
        31, 
        32, 
        32
      ], 
      "24": [
        4224, 
        3968, 
        4096, 
        4096
      ], 
      "25": [
        5142, 
        3404, 
        3920, 
        4256
      ], 
      "26": [
        97062, 
        97758, 
        97029, 
        98505
      ], 
      "27": [
        58876, 
        56766, 
        58636, 
        59404
      ], 
      "28": [
        1579, 
        1475, 
        1600, 
        1647
      ], 
      "29": [
        32118, 
        34917, 
        33689, 
        32703
      ], 
      "3": [
        0, 
        0, 
        0, 
        0
      ], 
      "30": [
        0, 
        0, 
        0, 
        0
      ], 
      "31": [
        22734, 
        21899, 
        22471, 
        22676
      ], 
      "32": [
        52481, 
        55785, 
        51765, 
        52728
      ], 
      "33": [
        0, 
        0, 
        0, 
        0
      ], 
      "34": [
        29747, 
        33886, 
        29294, 
        30052
      ], 
      "35": [
        0, 
        0, 
        0, 
        0
      ], 
      "36": [
        0, 
        0, 
        0, 
        0
      ], 
      "37": [
        0, 
        0, 
        0, 
        0
      ], 
      "38": [
        0, 
        0, 
        0, 
        0
      ], 
      "39": [
        0, 
        0, 
        0, 
        0
      ], 
      "4": [
        0, 
        0, 
        0, 
        0
      ], 
      "40": [
        0, 
        0, 
        0, 
        0
      ], 
      "41": [
        0, 
        0, 
        0, 
        0
      ], 
      "42": [
        0, 
        0, 
        0, 
        0
      ], 
      "43": [
        0, 
        0, 
        0, 
        0
      ], 
      "44": [
        0, 
        0, 
        0, 
        0
      ], 
      "45": [
        0, 
        0, 
        0, 
        0
      ], 
      "46": [
        0, 
        0, 
        0, 
        0
      ], 
      "47": [
        0, 
        0, 
        0, 
        0
      ], 
      "48": [
        6104, 
        5917, 
        6062, 
        6199
      ], 
      "49": [
        2210, 
        2330, 
        2079, 
        2233
      ], 
      "5": [
        0, 
        0, 
        0, 
        0
      ], 
      "50": [
        0, 
        0, 
        0, 
        0
      ], 
      "51": [
        0, 
        0, 
        0, 
        0
      ], 
      "52": [
        4191, 
        4037, 
        4131, 
        4114
      ], 
      "53": [
        11131, 
        13164, 
        11098, 
        11298
      ], 
      "54": [
        1769, 
        1978, 
        1781, 
        1862
      ], 
      "55": [
        1137, 
        1348, 
        1177, 
        1226
      ], 
      "56": [
        1144, 
        1338, 
        1180, 
        1217
      ], 
      "57": [
        1, 
        1, 
        1, 
        1
      ], 
      "58": [
        3, 
        3, 
        3, 
        3
      ], 
      "59": [
        42, 
        42, 
        42, 
        43
      ], 
      "6": [
        0, 
        0, 
        0, 
        0
      ], 
      "60": [
        154, 
        141, 
        138, 
        143
      ], 
      "61": [
        11159, 
        10765, 
        11043, 
        11154
      ], 
      "62": [
        332, 
        332, 
        332, 
        332
      ], 
      "63": [
        0, 
        0, 
        0, 
        16
      ], 
      "7": [
        0, 
        0, 
        0, 
        0
      ], 
      "8": [
        0, 
        0, 
        0, 
        0
      ], 
      "9": [
        0, 
        0, 
        0, 
        0
      ]
    }
  }, 
  "features": {
    "GWS": [
      16, 
      16, 
      64
    ], 
    "LWS": [
      4, 
      1, 
      64
    ], 
    "OFFSET": [
      0, 
      0, 
      0
    ], 
    "compiler name": "ARM Mali OpenCL", 
    "compiler version": "5.0", 
    "cpu_freq": 800, 
    "gpu_freq": 266, 
    "image cols": 3000, 
    "image rows": 1639, 
    "pool_dir": "pool.11", 
    "program version": "c597087", 
    "size": 16
  }, 
  "meta": {
    "device name": "Mali-T628", 
    "device type": "GPU", 
    "device vendor": "ARM", 
    "experiment type": "benchmarking", 
    "kernel name": "calc_histogram", 
    "program name": "Realeyes HOG"
  }, 
  "tags": [
    "demo", 
    "arm", 
    "codegen15"
  ], 
  "work": {
    "repl": 4, 
    "timestamp": "2015-02-22T02:03:53.302938"
  }
}