{
  "characteristics": {
    "cpu": 0.003158, 
    "gpu_copy": 0.005388, 
    "gpu_only": 0.000908, 
    "is_gpu_better": false, 
    "l2 cache and mmu counters": {
      "0": 137122871, 
      "1": 16, 
      "10": 0, 
      "11": 0, 
      "12": 0, 
      "13": 0, 
      "14": 0, 
      "15": 0, 
      "16": 8, 
      "17": 2, 
      "18": 245, 
      "19": 4, 
      "2": 65535, 
      "20": 0, 
      "21": 0, 
      "22": 0, 
      "23": 0, 
      "24": 0, 
      "25": 0, 
      "26": 0, 
      "27": 0, 
      "28": 0, 
      "29": 0, 
      "3": 0, 
      "30": 104, 
      "31": 6690, 
      "32": 328085, 
      "33": 262138, 
      "34": 260859, 
      "35": 23223, 
      "36": 26133, 
      "37": 253550, 
      "38": 0, 
      "39": 35519, 
      "4": 151, 
      "40": 35514, 
      "41": 168, 
      "42": 0, 
      "43": 35468, 
      "44": 0, 
      "45": 40, 
      "46": 0, 
      "47": 0, 
      "48": 1672, 
      "49": 1672, 
      "5": 59, 
      "50": 36, 
      "51": 25, 
      "52": 6, 
      "53": 2, 
      "54": 0, 
      "55": 0, 
      "56": 0, 
      "57": 0, 
      "58": 6, 
      "59": 0, 
      "6": 87, 
      "60": 0, 
      "61": 6826, 
      "62": 276374, 
      "63": 138944, 
      "7": 125, 
      "8": 28, 
      "9": 0
    }, 
    "shader core counters": {
      "0": [
        137122871, 
        137122871, 
        137122871, 
        137122871
      ], 
      "1": [
        16, 
        16, 
        16, 
        16
      ], 
      "10": [
        0, 
        0, 
        0, 
        0
      ], 
      "11": [
        0, 
        0, 
        0, 
        0
      ], 
      "12": [
        0, 
        0, 
        0, 
        0
      ], 
      "13": [
        0, 
        0, 
        0, 
        0
      ], 
      "14": [
        0, 
        0, 
        0, 
        0
      ], 
      "15": [
        0, 
        0, 
        0, 
        0
      ], 
      "16": [
        0, 
        0, 
        0, 
        0
      ], 
      "17": [
        0, 
        0, 
        0, 
        0
      ], 
      "18": [
        0, 
        0, 
        0, 
        0
      ], 
      "19": [
        0, 
        0, 
        0, 
        0
      ], 
      "2": [
        65535, 
        65535, 
        65535, 
        65535
      ], 
      "20": [
        0, 
        0, 
        0, 
        0
      ], 
      "21": [
        0, 
        0, 
        0, 
        0
      ], 
      "22": [
        481535, 
        483019, 
        483171, 
        482666
      ], 
      "23": [
        127, 
        128, 
        130, 
        127
      ], 
      "24": [
        16256, 
        16384, 
        16640, 
        16256
      ], 
      "25": [
        4148, 
        7133, 
        6058, 
        4992
      ], 
      "26": [
        481077, 
        482556, 
        482713, 
        482213
      ], 
      "27": [
        286114, 
        280470, 
        285400, 
        280762
      ], 
      "28": [
        7517, 
        7179, 
        7452, 
        7266
      ], 
      "29": [
        178433, 
        181392, 
        180148, 
        183944
      ], 
      "3": [
        0, 
        0, 
        0, 
        0
      ], 
      "30": [
        0, 
        0, 
        0, 
        0
      ], 
      "31": [
        109449, 
        107745, 
        109655, 
        107872
      ], 
      "32": [
        267801, 
        281602, 
        273906, 
        283811
      ], 
      "33": [
        0, 
        0, 
        0, 
        0
      ], 
      "34": [
        158352, 
        173857, 
        164251, 
        175939
      ], 
      "35": [
        0, 
        0, 
        0, 
        0
      ], 
      "36": [
        0, 
        0, 
        0, 
        0
      ], 
      "37": [
        0, 
        0, 
        0, 
        0
      ], 
      "38": [
        0, 
        0, 
        0, 
        0
      ], 
      "39": [
        0, 
        0, 
        0, 
        0
      ], 
      "4": [
        0, 
        0, 
        0, 
        0
      ], 
      "40": [
        0, 
        0, 
        0, 
        0
      ], 
      "41": [
        0, 
        0, 
        0, 
        0
      ], 
      "42": [
        0, 
        0, 
        0, 
        0
      ], 
      "43": [
        0, 
        0, 
        0, 
        0
      ], 
      "44": [
        0, 
        0, 
        0, 
        0
      ], 
      "45": [
        0, 
        0, 
        0, 
        0
      ], 
      "46": [
        0, 
        0, 
        0, 
        0
      ], 
      "47": [
        0, 
        0, 
        0, 
        0
      ], 
      "48": [
        27646, 
        26675, 
        27171, 
        26830
      ], 
      "49": [
        10468, 
        11727, 
        10882, 
        12300
      ], 
      "5": [
        0, 
        0, 
        0, 
        0
      ], 
      "50": [
        0, 
        0, 
        0, 
        0
      ], 
      "51": [
        0, 
        0, 
        0, 
        0
      ], 
      "52": [
        24048, 
        24016, 
        24411, 
        23988
      ], 
      "53": [
        65986, 
        72403, 
        68486, 
        72980
      ], 
      "54": [
        8434, 
        8940, 
        8948, 
        9023
      ], 
      "55": [
        6197, 
        6610, 
        6577, 
        6719
      ], 
      "56": [
        6209, 
        6631, 
        6588, 
        6739
      ], 
      "57": [
        1, 
        1, 
        1, 
        1
      ], 
      "58": [
        3, 
        3, 
        3, 
        3
      ], 
      "59": [
        42, 
        44, 
        42, 
        42
      ], 
      "6": [
        0, 
        0, 
        0, 
        0
      ], 
      "60": [
        17, 
        17, 
        16, 
        16
      ], 
      "61": [
        55912, 
        54824, 
        55827, 
        54956
      ], 
      "62": [
        332, 
        332, 
        332, 
        332
      ], 
      "63": [
        0, 
        16, 
        0, 
        0
      ], 
      "7": [
        0, 
        0, 
        0, 
        0
      ], 
      "8": [
        0, 
        0, 
        0, 
        0
      ], 
      "9": [
        0, 
        0, 
        0, 
        0
      ]
    }
  }, 
  "features": {
    "GWS": [
      32, 
      32, 
      64
    ], 
    "LWS": [
      4, 
      1, 
      64
    ], 
    "OFFSET": [
      0, 
      0, 
      0
    ], 
    "compiler name": "ARM Mali OpenCL", 
    "compiler version": "5.0", 
    "cpu_freq": 800, 
    "gpu_freq": 533, 
    "image cols": 816, 
    "image rows": 612, 
    "pool_dir": "pool.21", 
    "program version": "c597087", 
    "size": 32
  }, 
  "meta": {
    "device name": "Mali-T628", 
    "device type": "GPU", 
    "device vendor": "ARM", 
    "experiment type": "benchmarking", 
    "kernel name": "calc_histogram", 
    "program name": "Realeyes HOG"
  }, 
  "tags": [
    "demo", 
    "arm", 
    "codegen15"
  ], 
  "work": {
    "repl": 2, 
    "timestamp": "2015-02-25T13:08:40.412367"
  }
}