{
  "characteristics": {
    "cpu": 0.00354, 
    "gpu_copy": 0.014344, 
    "gpu_only": 0.000976, 
    "is_gpu_better": false, 
    "l2 cache and mmu counters": {
      "0": 1675723741, 
      "1": 9, 
      "10": 0, 
      "11": 0, 
      "12": 0, 
      "13": 0, 
      "14": 0, 
      "15": 0, 
      "16": 9, 
      "17": 2, 
      "18": 254, 
      "19": 7, 
      "2": 65535, 
      "20": 0, 
      "21": 0, 
      "22": 0, 
      "23": 0, 
      "24": 0, 
      "25": 0, 
      "26": 0, 
      "27": 0, 
      "28": 0, 
      "29": 0, 
      "3": 0, 
      "30": 96, 
      "31": 8518, 
      "32": 359195, 
      "33": 287324, 
      "34": 286018, 
      "35": 25151, 
      "36": 28145, 
      "37": 277412, 
      "38": 0, 
      "39": 39402, 
      "4": 7660, 
      "40": 39397, 
      "41": 231, 
      "42": 0, 
      "43": 39329, 
      "44": 0, 
      "45": 59, 
      "46": 0, 
      "47": 0, 
      "48": 2129, 
      "49": 2129, 
      "5": 165, 
      "50": 29, 
      "51": 23, 
      "52": 6, 
      "53": 2, 
      "54": 0, 
      "55": 0, 
      "56": 0, 
      "57": 0, 
      "58": 7, 
      "59": 0, 
      "6": 144, 
      "60": 0, 
      "61": 7594, 
      "62": 302597, 
      "63": 153508, 
      "7": 479, 
      "8": 124, 
      "9": 0
    }, 
    "shader core counters": {
      "0": [
        1675723741, 
        1675723741, 
        1675723741, 
        1675723741
      ], 
      "1": [
        9, 
        9, 
        9, 
        9
      ], 
      "10": [
        0, 
        0, 
        0, 
        0
      ], 
      "11": [
        0, 
        0, 
        0, 
        0
      ], 
      "12": [
        0, 
        0, 
        0, 
        0
      ], 
      "13": [
        0, 
        0, 
        0, 
        0
      ], 
      "14": [
        0, 
        0, 
        0, 
        0
      ], 
      "15": [
        0, 
        0, 
        0, 
        0
      ], 
      "16": [
        0, 
        0, 
        0, 
        0
      ], 
      "17": [
        0, 
        0, 
        0, 
        0
      ], 
      "18": [
        0, 
        0, 
        0, 
        0
      ], 
      "19": [
        0, 
        0, 
        0, 
        0
      ], 
      "2": [
        65535, 
        65535, 
        65535, 
        65535
      ], 
      "20": [
        0, 
        0, 
        0, 
        0
      ], 
      "21": [
        0, 
        0, 
        0, 
        0
      ], 
      "22": [
        516181, 
        519427, 
        519092, 
        517472
      ], 
      "23": [
        128, 
        128, 
        129, 
        127
      ], 
      "24": [
        16384, 
        16384, 
        16512, 
        16256
      ], 
      "25": [
        11909, 
        11096, 
        13972, 
        10810
      ], 
      "26": [
        515724, 
        518964, 
        518634, 
        517019
      ], 
      "27": [
        297524, 
        293914, 
        297396, 
        294560
      ], 
      "28": [
        7905, 
        7656, 
        7845, 
        7628
      ], 
      "29": [
        196232, 
        201831, 
        197716, 
        201380
      ], 
      "3": [
        0, 
        0, 
        0, 
        0
      ], 
      "30": [
        0, 
        0, 
        0, 
        0
      ], 
      "31": [
        112803, 
        112278, 
        112996, 
        112267
      ], 
      "32": [
        302826, 
        309253, 
        306897, 
        304879
      ], 
      "33": [
        0, 
        0, 
        0, 
        0
      ], 
      "34": [
        190023, 
        196975, 
        193901, 
        192612
      ], 
      "35": [
        0, 
        0, 
        0, 
        0
      ], 
      "36": [
        0, 
        0, 
        0, 
        0
      ], 
      "37": [
        0, 
        0, 
        0, 
        0
      ], 
      "38": [
        0, 
        0, 
        0, 
        0
      ], 
      "39": [
        0, 
        0, 
        0, 
        0
      ], 
      "4": [
        0, 
        0, 
        0, 
        0
      ], 
      "40": [
        0, 
        0, 
        0, 
        0
      ], 
      "41": [
        0, 
        0, 
        0, 
        0
      ], 
      "42": [
        0, 
        0, 
        0, 
        0
      ], 
      "43": [
        0, 
        0, 
        0, 
        0
      ], 
      "44": [
        0, 
        0, 
        0, 
        0
      ], 
      "45": [
        0, 
        0, 
        0, 
        0
      ], 
      "46": [
        0, 
        0, 
        0, 
        0
      ], 
      "47": [
        0, 
        0, 
        0, 
        0
      ], 
      "48": [
        27982, 
        27710, 
        27931, 
        27964
      ], 
      "49": [
        12101, 
        12490, 
        11584, 
        13787
      ], 
      "5": [
        0, 
        0, 
        0, 
        0
      ], 
      "50": [
        0, 
        0, 
        0, 
        0
      ], 
      "51": [
        0, 
        0, 
        0, 
        0
      ], 
      "52": [
        25569, 
        25539, 
        25678, 
        25377
      ], 
      "53": [
        75901, 
        78647, 
        77957, 
        75563
      ], 
      "54": [
        9670, 
        9802, 
        9882, 
        9815
      ], 
      "55": [
        6988, 
        7003, 
        7156, 
        6959
      ], 
      "56": [
        7014, 
        7015, 
        7168, 
        6983
      ], 
      "57": [
        1, 
        1, 
        1, 
        1
      ], 
      "58": [
        3, 
        3, 
        3, 
        3
      ], 
      "59": [
        42, 
        42, 
        44, 
        42
      ], 
      "6": [
        0, 
        0, 
        0, 
        0
      ], 
      "60": [
        727, 
        856, 
        813, 
        758
      ], 
      "61": [
        57993, 
        57667, 
        58046, 
        57737
      ], 
      "62": [
        332, 
        332, 
        332, 
        332
      ], 
      "63": [
        0, 
        0, 
        16, 
        0
      ], 
      "7": [
        0, 
        0, 
        0, 
        0
      ], 
      "8": [
        0, 
        0, 
        0, 
        0
      ], 
      "9": [
        0, 
        0, 
        0, 
        0
      ]
    }
  }, 
  "features": {
    "GWS": [
      32, 
      32, 
      64
    ], 
    "LWS": [
      4, 
      1, 
      64
    ], 
    "OFFSET": [
      0, 
      0, 
      0
    ], 
    "compiler name": "ARM Mali OpenCL", 
    "compiler version": "5.0", 
    "cpu_freq": 800, 
    "gpu_freq": 533, 
    "image cols": 2500, 
    "image rows": 1985, 
    "pool_dir": "pool.16", 
    "program version": "c597087", 
    "size": 32
  }, 
  "meta": {
    "device name": "Mali-T628", 
    "device type": "GPU", 
    "device vendor": "ARM", 
    "experiment type": "benchmarking", 
    "kernel name": "calc_histogram", 
    "program name": "Realeyes HOG"
  }, 
  "tags": [
    "demo", 
    "arm", 
    "codegen15"
  ], 
  "work": {
    "repl": 2, 
    "timestamp": "2015-02-25T12:48:51.784161"
  }
}