{
  "characteristics": {
    "cpu": 0.014113, 
    "gpu_copy": 0.017872, 
    "gpu_only": 0.004585, 
    "is_gpu_better": false, 
    "l2 cache and mmu counters": {
      "0": 357531193, 
      "1": 13, 
      "10": 0, 
      "11": 0, 
      "12": 0, 
      "13": 0, 
      "14": 0, 
      "15": 0, 
      "16": 9, 
      "17": 3, 
      "18": 247, 
      "19": 7, 
      "2": 65535, 
      "20": 0, 
      "21": 0, 
      "22": 0, 
      "23": 0, 
      "24": 0, 
      "25": 0, 
      "26": 0, 
      "27": 0, 
      "28": 0, 
      "29": 0, 
      "3": 0, 
      "30": 196, 
      "31": 28522, 
      "32": 1545370, 
      "33": 1208617, 
      "34": 1207325, 
      "35": 114693, 
      "36": 129830, 
      "37": 1166243, 
      "38": 0, 
      "39": 201390, 
      "4": 48321, 
      "40": 201385, 
      "41": 924, 
      "42": 0, 
      "43": 201084, 
      "44": 0, 
      "45": 122, 
      "46": 0, 
      "47": 0, 
      "48": 7130, 
      "49": 7130, 
      "5": 204, 
      "50": 54, 
      "51": 48, 
      "52": 6, 
      "53": 2, 
      "54": 0, 
      "55": 0, 
      "56": 0, 
      "57": 409, 
      "58": 2, 
      "59": 0, 
      "6": 95, 
      "60": 0, 
      "61": 33349, 
      "62": 1300237, 
      "63": 492284, 
      "7": 492, 
      "8": 148, 
      "9": 0
    }, 
    "shader core counters": {
      "0": [
        357531193, 
        357531193, 
        357531193, 
        357531193
      ], 
      "1": [
        13, 
        13, 
        13, 
        13
      ], 
      "10": [
        0, 
        0, 
        0, 
        0
      ], 
      "11": [
        0, 
        0, 
        0, 
        0
      ], 
      "12": [
        0, 
        0, 
        0, 
        0
      ], 
      "13": [
        0, 
        0, 
        0, 
        0
      ], 
      "14": [
        0, 
        0, 
        0, 
        0
      ], 
      "15": [
        0, 
        0, 
        0, 
        0
      ], 
      "16": [
        0, 
        0, 
        0, 
        0
      ], 
      "17": [
        0, 
        0, 
        0, 
        0
      ], 
      "18": [
        0, 
        0, 
        0, 
        0
      ], 
      "19": [
        0, 
        0, 
        0, 
        0
      ], 
      "2": [
        65535, 
        65535, 
        65535, 
        65535
      ], 
      "20": [
        0, 
        0, 
        0, 
        0
      ], 
      "21": [
        0, 
        0, 
        0, 
        0
      ], 
      "22": [
        2439014, 
        2433717, 
        2431028, 
        2433143
      ], 
      "23": [
        517, 
        501, 
        509, 
        521
      ], 
      "24": [
        66176, 
        64128, 
        65152, 
        66688
      ], 
      "25": [
        4346, 
        4310, 
        5104, 
        4848
      ], 
      "26": [
        2438557, 
        2433254, 
        2430570, 
        2432690
      ], 
      "27": [
        1481188, 
        1449128, 
        1467328, 
        1467720
      ], 
      "28": [
        42755, 
        41287, 
        41554, 
        41940
      ], 
      "29": [
        890957, 
        906401, 
        893005, 
        895152
      ], 
      "3": [
        0, 
        0, 
        0, 
        0
      ], 
      "30": [
        0, 
        0, 
        0, 
        0
      ], 
      "31": [
        534031, 
        522539, 
        529425, 
        530439
      ], 
      "32": [
        1363024, 
        1400240, 
        1374594, 
        1383928
      ], 
      "33": [
        0, 
        0, 
        0, 
        0
      ], 
      "34": [
        828993, 
        877701, 
        845169, 
        853489
      ], 
      "35": [
        0, 
        0, 
        0, 
        0
      ], 
      "36": [
        0, 
        0, 
        0, 
        0
      ], 
      "37": [
        0, 
        0, 
        0, 
        0
      ], 
      "38": [
        0, 
        0, 
        0, 
        0
      ], 
      "39": [
        0, 
        0, 
        0, 
        0
      ], 
      "4": [
        0, 
        0, 
        0, 
        0
      ], 
      "40": [
        0, 
        0, 
        0, 
        0
      ], 
      "41": [
        0, 
        0, 
        0, 
        0
      ], 
      "42": [
        0, 
        0, 
        0, 
        0
      ], 
      "43": [
        0, 
        0, 
        0, 
        0
      ], 
      "44": [
        0, 
        0, 
        0, 
        0
      ], 
      "45": [
        0, 
        0, 
        0, 
        0
      ], 
      "46": [
        0, 
        0, 
        0, 
        0
      ], 
      "47": [
        0, 
        0, 
        0, 
        0
      ], 
      "48": [
        131354, 
        128419, 
        130046, 
        130097
      ], 
      "49": [
        56620, 
        60835, 
        55852, 
        59856
      ], 
      "5": [
        0, 
        0, 
        0, 
        0
      ], 
      "50": [
        0, 
        0, 
        0, 
        0
      ], 
      "51": [
        0, 
        0, 
        0, 
        0
      ], 
      "52": [
        130739, 
        128313, 
        129909, 
        129670
      ], 
      "53": [
        316518, 
        337341, 
        325425, 
        325912
      ], 
      "54": [
        49586, 
        50541, 
        50987, 
        49848
      ], 
      "55": [
        31807, 
        32584, 
        32999, 
        31885
      ], 
      "56": [
        32067, 
        32857, 
        33266, 
        32159
      ], 
      "57": [
        1, 
        1, 
        1, 
        1
      ], 
      "58": [
        3, 
        3, 
        3, 
        3
      ], 
      "59": [
        42, 
        42, 
        42, 
        43
      ], 
      "6": [
        0, 
        0, 
        0, 
        0
      ], 
      "60": [
        4880, 
        4789, 
        4833, 
        4796
      ], 
      "61": [
        285387, 
        279521, 
        283099, 
        282848
      ], 
      "62": [
        332, 
        332, 
        332, 
        332
      ], 
      "63": [
        0, 
        0, 
        0, 
        16
      ], 
      "7": [
        0, 
        0, 
        0, 
        0
      ], 
      "8": [
        0, 
        0, 
        0, 
        0
      ], 
      "9": [
        0, 
        0, 
        0, 
        0
      ]
    }
  }, 
  "features": {
    "GWS": [
      64, 
      64, 
      64
    ], 
    "LWS": [
      4, 
      1, 
      64
    ], 
    "OFFSET": [
      0, 
      0, 
      0
    ], 
    "compiler name": "ARM Mali OpenCL", 
    "compiler version": "5.0", 
    "cpu_freq": 800, 
    "gpu_freq": 533, 
    "image cols": 2174, 
    "image rows": 2215, 
    "pool_dir": "pool.00", 
    "program version": "c597087", 
    "size": 64
  }, 
  "meta": {
    "device name": "Mali-T628", 
    "device type": "GPU", 
    "device vendor": "ARM", 
    "experiment type": "benchmarking", 
    "kernel name": "calc_histogram", 
    "program name": "Realeyes HOG"
  }, 
  "tags": [
    "demo", 
    "arm", 
    "codegen15"
  ], 
  "work": {
    "repl": 3, 
    "timestamp": "2015-02-22T01:50:49.336444"
  }
}