{
  "characteristics": {
    "cpu": 0.001735, 
    "gpu_copy": 0.004157, 
    "gpu_only": 0.001843, 
    "is_gpu_better": false, 
    "l2 cache and mmu counters": {
      "0": 3515744218, 
      "1": 17, 
      "10": 0, 
      "11": 0, 
      "12": 0, 
      "13": 0, 
      "14": 0, 
      "15": 0, 
      "16": 8, 
      "17": 3, 
      "18": 173, 
      "19": 4, 
      "2": 65535, 
      "20": 0, 
      "21": 0, 
      "22": 0, 
      "23": 0, 
      "24": 0, 
      "25": 0, 
      "26": 0, 
      "27": 0, 
      "28": 0, 
      "29": 0, 
      "3": 0, 
      "30": 92, 
      "31": 7258, 
      "32": 341496, 
      "33": 273908, 
      "34": 273069, 
      "35": 23844, 
      "36": 26643, 
      "37": 264989, 
      "38": 0, 
      "39": 36657, 
      "4": 990, 
      "40": 36652, 
      "41": 156, 
      "42": 0, 
      "43": 36615, 
      "44": 0, 
      "45": 55, 
      "46": 0, 
      "47": 0, 
      "48": 1814, 
      "49": 1814, 
      "5": 71, 
      "50": 28, 
      "51": 22, 
      "52": 6, 
      "53": 2, 
      "54": 0, 
      "55": 0, 
      "56": 0, 
      "57": 0, 
      "58": 2, 
      "59": 0, 
      "6": 48, 
      "60": 0, 
      "61": 6968, 
      "62": 289846, 
      "63": 151549, 
      "7": 135, 
      "8": 37, 
      "9": 0
    }, 
    "shader core counters": {
      "0": [
        3515744218, 
        3515744218, 
        3515744218, 
        3515744218
      ], 
      "1": [
        17, 
        17, 
        17, 
        17
      ], 
      "10": [
        0, 
        0, 
        0, 
        0
      ], 
      "11": [
        0, 
        0, 
        0, 
        0
      ], 
      "12": [
        0, 
        0, 
        0, 
        0
      ], 
      "13": [
        0, 
        0, 
        0, 
        0
      ], 
      "14": [
        0, 
        0, 
        0, 
        0
      ], 
      "15": [
        0, 
        0, 
        0, 
        0
      ], 
      "16": [
        0, 
        0, 
        0, 
        0
      ], 
      "17": [
        0, 
        0, 
        0, 
        0
      ], 
      "18": [
        0, 
        0, 
        0, 
        0
      ], 
      "19": [
        0, 
        0, 
        0, 
        0
      ], 
      "2": [
        65535, 
        65535, 
        65535, 
        65535
      ], 
      "20": [
        0, 
        0, 
        0, 
        0
      ], 
      "21": [
        0, 
        0, 
        0, 
        0
      ], 
      "22": [
        489800, 
        489045, 
        486090, 
        489171
      ], 
      "23": [
        127, 
        126, 
        130, 
        129
      ], 
      "24": [
        16256, 
        16128, 
        16640, 
        16512
      ], 
      "25": [
        3638, 
        5465, 
        6420, 
        4760
      ], 
      "26": [
        489451, 
        488693, 
        485732, 
        488818
      ], 
      "27": [
        285790, 
        279346, 
        286820, 
        282788
      ], 
      "28": [
        7436, 
        7201, 
        7314, 
        7353
      ], 
      "29": [
        186286, 
        189591, 
        183004, 
        188436
      ], 
      "3": [
        0, 
        0, 
        0, 
        0
      ], 
      "30": [
        0, 
        0, 
        0, 
        0
      ], 
      "31": [
        109470, 
        107758, 
        110368, 
        109282
      ], 
      "32": [
        287580, 
        295475, 
        279008, 
        295594
      ], 
      "33": [
        0, 
        0, 
        0, 
        0
      ], 
      "34": [
        178110, 
        187717, 
        168640, 
        186312
      ], 
      "35": [
        0, 
        0, 
        0, 
        0
      ], 
      "36": [
        0, 
        0, 
        0, 
        0
      ], 
      "37": [
        0, 
        0, 
        0, 
        0
      ], 
      "38": [
        0, 
        0, 
        0, 
        0
      ], 
      "39": [
        0, 
        0, 
        0, 
        0
      ], 
      "4": [
        0, 
        0, 
        0, 
        0
      ], 
      "40": [
        0, 
        0, 
        0, 
        0
      ], 
      "41": [
        0, 
        0, 
        0, 
        0
      ], 
      "42": [
        0, 
        0, 
        0, 
        0
      ], 
      "43": [
        0, 
        0, 
        0, 
        0
      ], 
      "44": [
        0, 
        0, 
        0, 
        0
      ], 
      "45": [
        0, 
        0, 
        0, 
        0
      ], 
      "46": [
        0, 
        0, 
        0, 
        0
      ], 
      "47": [
        0, 
        0, 
        0, 
        0
      ], 
      "48": [
        27284, 
        26558, 
        27390, 
        26991
      ], 
      "49": [
        12448, 
        13088, 
        10800, 
        12429
      ], 
      "5": [
        0, 
        0, 
        0, 
        0
      ], 
      "50": [
        0, 
        0, 
        0, 
        0
      ], 
      "51": [
        0, 
        0, 
        0, 
        0
      ], 
      "52": [
        24367, 
        24215, 
        24576, 
        24449
      ], 
      "53": [
        73543, 
        77743, 
        70220, 
        77664
      ], 
      "54": [
        9321, 
        9128, 
        8796, 
        9227
      ], 
      "55": [
        6858, 
        6699, 
        6317, 
        6734
      ], 
      "56": [
        6869, 
        6715, 
        6339, 
        6742
      ], 
      "57": [
        1, 
        1, 
        1, 
        1
      ], 
      "58": [
        3, 
        3, 
        3, 
        3
      ], 
      "59": [
        42, 
        42, 
        43, 
        43
      ], 
      "6": [
        0, 
        0, 
        0, 
        0
      ], 
      "60": [
        135, 
        117, 
        112, 
        102
      ], 
      "61": [
        55839, 
        54871, 
        56208, 
        55617
      ], 
      "62": [
        332, 
        332, 
        332, 
        332
      ], 
      "63": [
        0, 
        0, 
        8, 
        16
      ], 
      "7": [
        0, 
        0, 
        0, 
        0
      ], 
      "8": [
        0, 
        0, 
        0, 
        0
      ], 
      "9": [
        0, 
        0, 
        0, 
        0
      ]
    }
  }, 
  "features": {
    "GWS": [
      32, 
      32, 
      64
    ], 
    "LWS": [
      4, 
      1, 
      64
    ], 
    "OFFSET": [
      0, 
      0, 
      0
    ], 
    "compiler name": "ARM Mali OpenCL", 
    "compiler version": "5.0", 
    "cpu_freq": 1600, 
    "gpu_freq": 266, 
    "image cols": 1072, 
    "image rows": 804, 
    "pool_dir": "pool.22", 
    "program version": "c597087", 
    "size": 32
  }, 
  "meta": {
    "device name": "Mali-T628", 
    "device type": "GPU", 
    "device vendor": "ARM", 
    "experiment type": "benchmarking", 
    "kernel name": "calc_histogram", 
    "program name": "Realeyes HOG"
  }, 
  "tags": [
    "demo", 
    "arm", 
    "codegen15"
  ], 
  "work": {
    "repl": 0, 
    "timestamp": "2015-02-25T13:13:59.984627"
  }
}