{
  "characteristics": {
    "cpu": 0.007696, 
    "gpu_copy": 0.019792, 
    "gpu_only": 0.004452, 
    "is_gpu_better": false, 
    "l2 cache and mmu counters": {
      "0": 3004419457, 
      "1": 9, 
      "10": 0, 
      "11": 0, 
      "12": 0, 
      "13": 0, 
      "14": 0, 
      "15": 0, 
      "16": 9, 
      "17": 2, 
      "18": 179, 
      "19": 7, 
      "2": 65535, 
      "20": 0, 
      "21": 0, 
      "22": 0, 
      "23": 0, 
      "24": 0, 
      "25": 0, 
      "26": 0, 
      "27": 0, 
      "28": 0, 
      "29": 0, 
      "3": 0, 
      "30": 182, 
      "31": 16314, 
      "32": 735720, 
      "33": 576597, 
      "34": 575727, 
      "35": 55166, 
      "36": 63320, 
      "37": 556251, 
      "38": 0, 
      "39": 91105, 
      "4": 21095, 
      "40": 91094, 
      "41": 476, 
      "42": 0, 
      "43": 90983, 
      "44": 0, 
      "45": 85, 
      "46": 0, 
      "47": 0, 
      "48": 4078, 
      "49": 4078, 
      "5": 188, 
      "50": 49, 
      "51": 45, 
      "52": 4, 
      "53": 2, 
      "54": 0, 
      "55": 0, 
      "56": 0, 
      "57": 10, 
      "58": 2, 
      "59": 0, 
      "6": 70, 
      "60": 0, 
      "61": 15246, 
      "62": 618353, 
      "63": 231930, 
      "7": 363, 
      "8": 138, 
      "9": 0
    }, 
    "shader core counters": {
      "0": [
        3004419457, 
        3004419457, 
        3004419457, 
        3004419457
      ], 
      "1": [
        9, 
        9, 
        9, 
        9
      ], 
      "10": [
        0, 
        0, 
        0, 
        0
      ], 
      "11": [
        0, 
        0, 
        0, 
        0
      ], 
      "12": [
        0, 
        0, 
        0, 
        0
      ], 
      "13": [
        0, 
        0, 
        0, 
        0
      ], 
      "14": [
        0, 
        0, 
        0, 
        0
      ], 
      "15": [
        0, 
        0, 
        0, 
        0
      ], 
      "16": [
        0, 
        0, 
        0, 
        0
      ], 
      "17": [
        0, 
        0, 
        0, 
        0
      ], 
      "18": [
        0, 
        0, 
        0, 
        0
      ], 
      "19": [
        0, 
        0, 
        0, 
        0
      ], 
      "2": [
        65535, 
        65535, 
        65535, 
        65535
      ], 
      "20": [
        0, 
        0, 
        0, 
        0
      ], 
      "21": [
        0, 
        0, 
        0, 
        0
      ], 
      "22": [
        1184093, 
        1183030, 
        1179619, 
        1182109
      ], 
      "23": [
        283, 
        286, 
        292, 
        291
      ], 
      "24": [
        36224, 
        36608, 
        37376, 
        37248
      ], 
      "25": [
        4349, 
        3042, 
        3812, 
        6094
      ], 
      "26": [
        1183741, 
        1182675, 
        1179266, 
        1181761
      ], 
      "27": [
        724648, 
        719702, 
        729428, 
        727742
      ], 
      "28": [
        20379, 
        20309, 
        20709, 
        20604
      ], 
      "29": [
        426160, 
        426308, 
        419066, 
        419279
      ], 
      "3": [
        0, 
        0, 
        0, 
        0
      ], 
      "30": [
        0, 
        0, 
        0, 
        0
      ], 
      "31": [
        264886, 
        264443, 
        266818, 
        265977
      ], 
      "32": [
        653283, 
        653829, 
        640707, 
        645985
      ], 
      "33": [
        0, 
        0, 
        0, 
        0
      ], 
      "34": [
        388397, 
        389386, 
        373889, 
        380008
      ], 
      "35": [
        0, 
        0, 
        0, 
        0
      ], 
      "36": [
        0, 
        0, 
        0, 
        0
      ], 
      "37": [
        0, 
        0, 
        0, 
        0
      ], 
      "38": [
        0, 
        0, 
        0, 
        0
      ], 
      "39": [
        0, 
        0, 
        0, 
        0
      ], 
      "4": [
        0, 
        0, 
        0, 
        0
      ], 
      "40": [
        0, 
        0, 
        0, 
        0
      ], 
      "41": [
        0, 
        0, 
        0, 
        0
      ], 
      "42": [
        0, 
        0, 
        0, 
        0
      ], 
      "43": [
        0, 
        0, 
        0, 
        0
      ], 
      "44": [
        0, 
        0, 
        0, 
        0
      ], 
      "45": [
        0, 
        0, 
        0, 
        0
      ], 
      "46": [
        0, 
        0, 
        0, 
        0
      ], 
      "47": [
        0, 
        0, 
        0, 
        0
      ], 
      "48": [
        67032, 
        66579, 
        67345, 
        67267
      ], 
      "49": [
        25937, 
        26066, 
        25068, 
        26104
      ], 
      "5": [
        0, 
        0, 
        0, 
        0
      ], 
      "50": [
        0, 
        0, 
        0, 
        0
      ], 
      "51": [
        0, 
        0, 
        0, 
        0
      ], 
      "52": [
        60771, 
        60753, 
        60989, 
        60692
      ], 
      "53": [
        153637, 
        154472, 
        147170, 
        149613
      ], 
      "54": [
        23334, 
        22566, 
        22546, 
        22444
      ], 
      "55": [
        16324, 
        15710, 
        15567, 
        15448
      ], 
      "56": [
        16455, 
        15833, 
        15703, 
        15591
      ], 
      "57": [
        1, 
        1, 
        1, 
        1
      ], 
      "58": [
        3, 
        3, 
        3, 
        3
      ], 
      "59": [
        42, 
        42, 
        42, 
        42
      ], 
      "6": [
        0, 
        0, 
        0, 
        0
      ], 
      "60": [
        2196, 
        2054, 
        2112, 
        2107
      ], 
      "61": [
        139003, 
        138481, 
        139589, 
        139188
      ], 
      "62": [
        332, 
        332, 
        332, 
        332
      ], 
      "63": [
        0, 
        8, 
        0, 
        0
      ], 
      "7": [
        0, 
        0, 
        0, 
        0
      ], 
      "8": [
        0, 
        0, 
        0, 
        0
      ], 
      "9": [
        0, 
        0, 
        0, 
        0
      ]
    }
  }, 
  "features": {
    "GWS": [
      48, 
      48, 
      64
    ], 
    "LWS": [
      4, 
      1, 
      64
    ], 
    "OFFSET": [
      0, 
      0, 
      0
    ], 
    "compiler name": "ARM Mali OpenCL", 
    "compiler version": "5.0", 
    "cpu_freq": 800, 
    "gpu_freq": 266, 
    "image cols": 2521, 
    "image rows": 2184, 
    "pool_dir": "pool.20", 
    "program version": "c597087", 
    "size": 48
  }, 
  "meta": {
    "device name": "Mali-T628", 
    "device type": "GPU", 
    "device vendor": "ARM", 
    "experiment type": "benchmarking", 
    "kernel name": "calc_histogram", 
    "program name": "Realeyes HOG"
  }, 
  "tags": [
    "demo", 
    "arm", 
    "codegen15"
  ], 
  "work": {
    "repl": 4, 
    "timestamp": "2015-02-25T12:49:47.130076"
  }
}