{
  "characteristics": {
    "cpu": 0.010329, 
    "gpu_copy": 0.016671, 
    "gpu_only": 0.003544, 
    "is_gpu_better": false, 
    "l2 cache and mmu counters": {
      "0": 536553057, 
      "1": 27, 
      "10": 0, 
      "11": 0, 
      "12": 0, 
      "13": 0, 
      "14": 0, 
      "15": 0, 
      "16": 8, 
      "17": 3, 
      "18": 236, 
      "19": 4, 
      "2": 65535, 
      "20": 0, 
      "21": 0, 
      "22": 0, 
      "23": 0, 
      "24": 0, 
      "25": 0, 
      "26": 0, 
      "27": 0, 
      "28": 0, 
      "29": 0, 
      "3": 0, 
      "30": 268, 
      "31": 20718, 
      "32": 1265630, 
      "33": 1017831, 
      "34": 1016536, 
      "35": 91686, 
      "36": 103425, 
      "37": 982731, 
      "38": 0, 
      "39": 139571, 
      "4": 24355, 
      "40": 139566, 
      "41": 578, 
      "42": 0, 
      "43": 139377, 
      "44": 0, 
      "45": 79, 
      "46": 0, 
      "47": 0, 
      "48": 5179, 
      "49": 5179, 
      "5": 164, 
      "50": 72, 
      "51": 66, 
      "52": 6, 
      "53": 2, 
      "54": 0, 
      "55": 1, 
      "56": 0, 
      "57": 165, 
      "58": 2, 
      "59": 0, 
      "6": 160, 
      "60": 0, 
      "61": 27650, 
      "62": 1083394, 
      "63": 498040, 
      "7": 510, 
      "8": 129, 
      "9": 0
    }, 
    "shader core counters": {
      "0": [
        536553057, 
        536553057, 
        536553057, 
        536553057
      ], 
      "1": [
        27, 
        27, 
        27, 
        27
      ], 
      "10": [
        0, 
        0, 
        0, 
        0
      ], 
      "11": [
        0, 
        0, 
        0, 
        0
      ], 
      "12": [
        0, 
        0, 
        0, 
        0
      ], 
      "13": [
        0, 
        0, 
        0, 
        0
      ], 
      "14": [
        0, 
        0, 
        0, 
        0
      ], 
      "15": [
        0, 
        0, 
        0, 
        0
      ], 
      "16": [
        0, 
        0, 
        0, 
        0
      ], 
      "17": [
        0, 
        0, 
        0, 
        0
      ], 
      "18": [
        0, 
        0, 
        0, 
        0
      ], 
      "19": [
        0, 
        0, 
        0, 
        0
      ], 
      "2": [
        65535, 
        65535, 
        65535, 
        65535
      ], 
      "20": [
        0, 
        0, 
        0, 
        0
      ], 
      "21": [
        0, 
        0, 
        0, 
        0
      ], 
      "22": [
        1883252, 
        1882521, 
        1883340, 
        1884719
      ], 
      "23": [
        514, 
        505, 
        512, 
        517
      ], 
      "24": [
        65792, 
        64640, 
        65536, 
        66176
      ], 
      "25": [
        7837, 
        13198, 
        7053, 
        10920
      ], 
      "26": [
        1882771, 
        1882036, 
        1882860, 
        1884233
      ], 
      "27": [
        1130578, 
        1113688, 
        1130722, 
        1128902
      ], 
      "28": [
        29563, 
        28819, 
        29940, 
        29333
      ], 
      "29": [
        705209, 
        716908, 
        704801, 
        708261
      ], 
      "3": [
        0, 
        0, 
        0, 
        0
      ], 
      "30": [
        0, 
        0, 
        0, 
        0
      ], 
      "31": [
        430387, 
        425076, 
        430308, 
        430071
      ], 
      "32": [
        1061761, 
        1089641, 
        1065660, 
        1076493
      ], 
      "33": [
        0, 
        0, 
        0, 
        0
      ], 
      "34": [
        631374, 
        664565, 
        635352, 
        646422
      ], 
      "35": [
        0, 
        0, 
        0, 
        0
      ], 
      "36": [
        0, 
        0, 
        0, 
        0
      ], 
      "37": [
        0, 
        0, 
        0, 
        0
      ], 
      "38": [
        0, 
        0, 
        0, 
        0
      ], 
      "39": [
        0, 
        0, 
        0, 
        0
      ], 
      "4": [
        0, 
        0, 
        0, 
        0
      ], 
      "40": [
        0, 
        0, 
        0, 
        0
      ], 
      "41": [
        0, 
        0, 
        0, 
        0
      ], 
      "42": [
        0, 
        0, 
        0, 
        0
      ], 
      "43": [
        0, 
        0, 
        0, 
        0
      ], 
      "44": [
        0, 
        0, 
        0, 
        0
      ], 
      "45": [
        0, 
        0, 
        0, 
        0
      ], 
      "46": [
        0, 
        0, 
        0, 
        0
      ], 
      "47": [
        0, 
        0, 
        0, 
        0
      ], 
      "48": [
        108920, 
        107081, 
        108706, 
        108188
      ], 
      "49": [
        38572, 
        41565, 
        37416, 
        39725
      ], 
      "5": [
        0, 
        0, 
        0, 
        0
      ], 
      "50": [
        0, 
        0, 
        0, 
        0
      ], 
      "51": [
        0, 
        0, 
        0, 
        0
      ], 
      "52": [
        93673, 
        93034, 
        93890, 
        93995
      ], 
      "53": [
        256824, 
        271230, 
        259915, 
        263831
      ], 
      "54": [
        34970, 
        34863, 
        35673, 
        34017
      ], 
      "55": [
        25602, 
        25847, 
        26390, 
        25119
      ], 
      "56": [
        25821, 
        26081, 
        26625, 
        25333
      ], 
      "57": [
        1, 
        1, 
        1, 
        1
      ], 
      "58": [
        4, 
        4, 
        4, 
        4
      ], 
      "59": [
        43, 
        42, 
        42, 
        43
      ], 
      "6": [
        0, 
        0, 
        0, 
        0
      ], 
      "60": [
        2557, 
        2542, 
        2602, 
        2373
      ], 
      "61": [
        219353, 
        216650, 
        219346, 
        218955
      ], 
      "62": [
        332, 
        332, 
        332, 
        332
      ], 
      "63": [
        8, 
        0, 
        8, 
        16
      ], 
      "7": [
        0, 
        0, 
        0, 
        0
      ], 
      "8": [
        0, 
        0, 
        0, 
        0
      ], 
      "9": [
        0, 
        0, 
        0, 
        0
      ]
    }
  }, 
  "features": {
    "GWS": [
      64, 
      64, 
      64
    ], 
    "LWS": [
      4, 
      1, 
      64
    ], 
    "OFFSET": [
      0, 
      0, 
      0
    ], 
    "compiler name": "ARM Mali OpenCL", 
    "compiler version": "5.0", 
    "cpu_freq": 800, 
    "gpu_freq": 533, 
    "image cols": 2582, 
    "image rows": 1940, 
    "pool_dir": "pool.06", 
    "program version": "c597087", 
    "size": 64
  }, 
  "meta": {
    "device name": "Mali-T628", 
    "device type": "GPU", 
    "device vendor": "ARM", 
    "experiment type": "benchmarking", 
    "kernel name": "calc_histogram", 
    "program name": "Realeyes HOG"
  }, 
  "tags": [
    "demo", 
    "arm", 
    "codegen15"
  ], 
  "work": {
    "repl": 1, 
    "timestamp": "2015-02-22T02:32:42.225776"
  }
}