{
  "characteristics": {
    "cpu": 0.005489, 
    "gpu_copy": 0.006733, 
    "gpu_only": 0.001998, 
    "is_gpu_better": false, 
    "l2 cache and mmu counters": {
      "0": 4118311034, 
      "1": 17, 
      "10": 0, 
      "11": 0, 
      "12": 0, 
      "13": 0, 
      "14": 0, 
      "15": 0, 
      "16": 9, 
      "17": 3, 
      "18": 255, 
      "19": 7, 
      "2": 65535, 
      "20": 0, 
      "21": 0, 
      "22": 0, 
      "23": 0, 
      "24": 0, 
      "25": 0, 
      "26": 0, 
      "27": 0, 
      "28": 0, 
      "29": 0, 
      "3": 0, 
      "30": 102, 
      "31": 10942, 
      "32": 760622, 
      "33": 621422, 
      "34": 620234, 
      "35": 52594, 
      "36": 58685, 
      "37": 602130, 
      "38": 0, 
      "39": 76123, 
      "4": 2457, 
      "40": 76118, 
      "41": 256, 
      "42": 0, 
      "43": 76067, 
      "44": 0, 
      "45": 52, 
      "46": 0, 
      "47": 0, 
      "48": 2735, 
      "49": 2735, 
      "5": 77, 
      "50": 29, 
      "51": 25, 
      "52": 4, 
      "53": 2, 
      "54": 0, 
      "55": 0, 
      "56": 0, 
      "57": 63, 
      "58": 8, 
      "59": 0, 
      "6": 82, 
      "60": 0, 
      "61": 16287, 
      "62": 655691, 
      "63": 381360, 
      "7": 144, 
      "8": 39, 
      "9": 0
    }, 
    "shader core counters": {
      "0": [
        4118311034, 
        4118311034, 
        4118311034, 
        4118311034
      ], 
      "1": [
        17, 
        17, 
        17, 
        17
      ], 
      "10": [
        0, 
        0, 
        0, 
        0
      ], 
      "11": [
        0, 
        0, 
        0, 
        0
      ], 
      "12": [
        0, 
        0, 
        0, 
        0
      ], 
      "13": [
        0, 
        0, 
        0, 
        0
      ], 
      "14": [
        0, 
        0, 
        0, 
        0
      ], 
      "15": [
        0, 
        0, 
        0, 
        0
      ], 
      "16": [
        0, 
        0, 
        0, 
        0
      ], 
      "17": [
        0, 
        0, 
        0, 
        0
      ], 
      "18": [
        0, 
        0, 
        0, 
        0
      ], 
      "19": [
        0, 
        0, 
        0, 
        0
      ], 
      "2": [
        65535, 
        65535, 
        65535, 
        65535
      ], 
      "20": [
        0, 
        0, 
        0, 
        0
      ], 
      "21": [
        0, 
        0, 
        0, 
        0
      ], 
      "22": [
        1062461, 
        1062319, 
        1062295, 
        1062810
      ], 
      "23": [
        290, 
        283, 
        288, 
        291
      ], 
      "24": [
        37120, 
        36224, 
        36864, 
        37248
      ], 
      "25": [
        18317, 
        27522, 
        37782, 
        22168
      ], 
      "26": [
        1061976, 
        1061829, 
        1061808, 
        1062326
      ], 
      "27": [
        608714, 
        591200, 
        605682, 
        605460
      ], 
      "28": [
        15237, 
        14387, 
        15104, 
        15053
      ], 
      "29": [
        418637, 
        430929, 
        416854, 
        418887
      ], 
      "3": [
        0, 
        0, 
        0, 
        0
      ], 
      "30": [
        0, 
        0, 
        0, 
        0
      ], 
      "31": [
        238161, 
        232252, 
        238411, 
        237268
      ], 
      "32": [
        650006, 
        682517, 
        651600, 
        656557
      ], 
      "33": [
        0, 
        0, 
        0, 
        0
      ], 
      "34": [
        411845, 
        450265, 
        413189, 
        419289
      ], 
      "35": [
        0, 
        0, 
        0, 
        0
      ], 
      "36": [
        0, 
        0, 
        0, 
        0
      ], 
      "37": [
        0, 
        0, 
        0, 
        0
      ], 
      "38": [
        0, 
        0, 
        0, 
        0
      ], 
      "39": [
        0, 
        0, 
        0, 
        0
      ], 
      "4": [
        0, 
        0, 
        0, 
        0
      ], 
      "40": [
        0, 
        0, 
        0, 
        0
      ], 
      "41": [
        0, 
        0, 
        0, 
        0
      ], 
      "42": [
        0, 
        0, 
        0, 
        0
      ], 
      "43": [
        0, 
        0, 
        0, 
        0
      ], 
      "44": [
        0, 
        0, 
        0, 
        0
      ], 
      "45": [
        0, 
        0, 
        0, 
        0
      ], 
      "46": [
        0, 
        0, 
        0, 
        0
      ], 
      "47": [
        0, 
        0, 
        0, 
        0
      ], 
      "48": [
        59127, 
        56982, 
        59184, 
        58853
      ], 
      "49": [
        25494, 
        27233, 
        23895, 
        26704
      ], 
      "5": [
        0, 
        0, 
        0, 
        0
      ], 
      "50": [
        0, 
        0, 
        0, 
        0
      ], 
      "51": [
        0, 
        0, 
        0, 
        0
      ], 
      "52": [
        52072, 
        51326, 
        52133, 
        51690
      ], 
      "53": [
        173882, 
        191714, 
        176002, 
        176456
      ], 
      "54": [
        19174, 
        18961, 
        19144, 
        18584
      ], 
      "55": [
        14723, 
        14704, 
        14864, 
        14282
      ], 
      "56": [
        14762, 
        14760, 
        14917, 
        14321
      ], 
      "57": [
        1, 
        1, 
        1, 
        1
      ], 
      "58": [
        4, 
        4, 
        4, 
        4
      ], 
      "59": [
        42, 
        42, 
        42, 
        44
      ], 
      "6": [
        0, 
        0, 
        0, 
        0
      ], 
      "60": [
        298, 
        279, 
        273, 
        296
      ], 
      "61": [
        119968, 
        116822, 
        120053, 
        119370
      ], 
      "62": [
        332, 
        332, 
        332, 
        332
      ], 
      "63": [
        0, 
        0, 
        0, 
        16
      ], 
      "7": [
        0, 
        0, 
        0, 
        0
      ], 
      "8": [
        0, 
        0, 
        0, 
        0
      ], 
      "9": [
        0, 
        0, 
        0, 
        0
      ]
    }
  }, 
  "features": {
    "GWS": [
      48, 
      48, 
      64
    ], 
    "LWS": [
      4, 
      1, 
      64
    ], 
    "OFFSET": [
      0, 
      0, 
      0
    ], 
    "compiler name": "ARM Mali OpenCL", 
    "compiler version": "5.0", 
    "cpu_freq": 800, 
    "gpu_freq": 533, 
    "image cols": 1232, 
    "image rows": 820, 
    "pool_dir": "pool.09", 
    "program version": "c597087", 
    "size": 48
  }, 
  "meta": {
    "device name": "Mali-T628", 
    "device type": "GPU", 
    "device vendor": "ARM", 
    "experiment type": "benchmarking", 
    "kernel name": "calc_histogram", 
    "program name": "Realeyes HOG"
  }, 
  "tags": [
    "demo", 
    "arm", 
    "codegen15"
  ], 
  "work": {
    "repl": 2, 
    "timestamp": "2015-02-25T13:14:25.240774"
  }
}