{
  "characteristics": {
    "cpu": 0.012026, 
    "gpu_copy": 0.007026, 
    "gpu_only": 0.00378, 
    "is_gpu_better": true, 
    "l2 cache and mmu counters": {
      "0": 529391240, 
      "1": 13, 
      "10": 0, 
      "11": 0, 
      "12": 0, 
      "13": 0, 
      "14": 0, 
      "15": 0, 
      "16": 8, 
      "17": 2, 
      "18": 247, 
      "19": 4, 
      "2": 65535, 
      "20": 0, 
      "21": 0, 
      "22": 0, 
      "23": 0, 
      "24": 0, 
      "25": 0, 
      "26": 0, 
      "27": 0, 
      "28": 0, 
      "29": 0, 
      "3": 0, 
      "30": 208, 
      "31": 16486, 
      "32": 1412156, 
      "33": 1150239, 
      "34": 1149059, 
      "35": 99134, 
      "36": 110984, 
      "37": 1116432, 
      "38": 0, 
      "39": 146233, 
      "4": 592, 
      "40": 146228, 
      "41": 421, 
      "42": 0, 
      "43": 146093, 
      "44": 2, 
      "45": 63, 
      "46": 0, 
      "47": 0, 
      "48": 4121, 
      "49": 4121, 
      "5": 60, 
      "50": 57, 
      "51": 51, 
      "52": 6, 
      "53": 2, 
      "54": 0, 
      "55": 0, 
      "56": 0, 
      "57": 200, 
      "58": 0, 
      "59": 0, 
      "6": 71, 
      "60": 0, 
      "61": 27778, 
      "62": 1223481, 
      "63": 665679, 
      "7": 177, 
      "8": 31, 
      "9": 0
    }, 
    "shader core counters": {
      "0": [
        529391240, 
        529391240, 
        529391240, 
        529391240
      ], 
      "1": [
        13, 
        13, 
        13, 
        13
      ], 
      "10": [
        0, 
        0, 
        0, 
        0
      ], 
      "11": [
        0, 
        0, 
        0, 
        0
      ], 
      "12": [
        0, 
        0, 
        0, 
        0
      ], 
      "13": [
        0, 
        0, 
        0, 
        0
      ], 
      "14": [
        0, 
        0, 
        0, 
        0
      ], 
      "15": [
        0, 
        0, 
        0, 
        0
      ], 
      "16": [
        0, 
        0, 
        0, 
        0
      ], 
      "17": [
        0, 
        0, 
        0, 
        0
      ], 
      "18": [
        0, 
        0, 
        0, 
        0
      ], 
      "19": [
        0, 
        0, 
        0, 
        0
      ], 
      "2": [
        65535, 
        65535, 
        65535, 
        65535
      ], 
      "20": [
        0, 
        0, 
        0, 
        0
      ], 
      "21": [
        0, 
        0, 
        0, 
        0
      ], 
      "22": [
        2009567, 
        2010587, 
        2010782, 
        2011287
      ], 
      "23": [
        515, 
        500, 
        518, 
        515
      ], 
      "24": [
        65920, 
        64000, 
        66304, 
        65920
      ], 
      "25": [
        15224, 
        12126, 
        6127, 
        8587
      ], 
      "26": [
        2009110, 
        2010124, 
        2010324, 
        2010834
      ], 
      "27": [
        1162594, 
        1135892, 
        1165004, 
        1160880
      ], 
      "28": [
        29720, 
        28602, 
        29525, 
        29410
      ], 
      "29": [
        786691, 
        799892, 
        791505, 
        790048
      ], 
      "3": [
        0, 
        0, 
        0, 
        0
      ], 
      "30": [
        0, 
        0, 
        0, 
        0
      ], 
      "31": [
        451484, 
        442828, 
        453674, 
        451186
      ], 
      "32": [
        1183107, 
        1237151, 
        1201426, 
        1199239
      ], 
      "33": [
        0, 
        0, 
        0, 
        0
      ], 
      "34": [
        731623, 
        794323, 
        747752, 
        748053
      ], 
      "35": [
        0, 
        0, 
        0, 
        0
      ], 
      "36": [
        0, 
        0, 
        0, 
        0
      ], 
      "37": [
        0, 
        0, 
        0, 
        0
      ], 
      "38": [
        0, 
        0, 
        0, 
        0
      ], 
      "39": [
        0, 
        0, 
        0, 
        0
      ], 
      "4": [
        0, 
        0, 
        0, 
        0
      ], 
      "40": [
        0, 
        0, 
        0, 
        0
      ], 
      "41": [
        0, 
        0, 
        0, 
        0
      ], 
      "42": [
        0, 
        0, 
        0, 
        0
      ], 
      "43": [
        0, 
        0, 
        0, 
        0
      ], 
      "44": [
        0, 
        0, 
        0, 
        0
      ], 
      "45": [
        0, 
        0, 
        0, 
        0
      ], 
      "46": [
        0, 
        0, 
        0, 
        0
      ], 
      "47": [
        0, 
        0, 
        0, 
        0
      ], 
      "48": [
        110232, 
        107270, 
        110120, 
        109530
      ], 
      "49": [
        46124, 
        49558, 
        46098, 
        47559
      ], 
      "5": [
        0, 
        0, 
        0, 
        0
      ], 
      "50": [
        0, 
        0, 
        0, 
        0
      ], 
      "51": [
        0, 
        0, 
        0, 
        0
      ], 
      "52": [
        103242, 
        102270, 
        104317, 
        103677
      ], 
      "53": [
        308469, 
        337164, 
        316488, 
        315642
      ], 
      "54": [
        36491, 
        35948, 
        37858, 
        35813
      ], 
      "55": [
        27735, 
        27335, 
        28520, 
        27026
      ], 
      "56": [
        27930, 
        27508, 
        28696, 
        27197
      ], 
      "57": [
        1, 
        1, 
        1, 
        1
      ], 
      "58": [
        3, 
        3, 
        3, 
        3
      ], 
      "59": [
        42, 
        42, 
        42, 
        42
      ], 
      "6": [
        0, 
        0, 
        0, 
        0
      ], 
      "60": [
        75, 
        64, 
        69, 
        70
      ], 
      "61": [
        230626, 
        226166, 
        231589, 
        230341
      ], 
      "62": [
        332, 
        332, 
        332, 
        332
      ], 
      "63": [
        0, 
        0, 
        0, 
        0
      ], 
      "7": [
        0, 
        0, 
        0, 
        0
      ], 
      "8": [
        0, 
        0, 
        0, 
        0
      ], 
      "9": [
        0, 
        0, 
        0, 
        0
      ]
    }
  }, 
  "features": {
    "GWS": [
      64, 
      64, 
      64
    ], 
    "LWS": [
      4, 
      1, 
      64
    ], 
    "OFFSET": [
      0, 
      0, 
      0
    ], 
    "compiler name": "ARM Mali OpenCL", 
    "compiler version": "5.0", 
    "cpu_freq": 800, 
    "gpu_freq": 533, 
    "image cols": 944, 
    "image rows": 708, 
    "pool_dir": "pool.05", 
    "program version": "c597087", 
    "size": 64
  }, 
  "meta": {
    "device name": "Mali-T628", 
    "device type": "GPU", 
    "device vendor": "ARM", 
    "experiment type": "benchmarking", 
    "kernel name": "calc_histogram", 
    "program name": "Realeyes HOG"
  }, 
  "tags": [
    "demo", 
    "arm", 
    "codegen15"
  ], 
  "work": {
    "repl": 2, 
    "timestamp": "2015-02-22T01:50:56.453773"
  }
}