{
  "characteristics": {
    "cpu": 0.007019, 
    "gpu_copy": 0.018725, 
    "gpu_only": 0.003057, 
    "is_gpu_better": false, 
    "l2 cache and mmu counters": {
      "0": 2701132661, 
      "1": 21, 
      "10": 0, 
      "11": 0, 
      "12": 0, 
      "13": 0, 
      "14": 0, 
      "15": 0, 
      "16": 8, 
      "17": 2, 
      "18": 258, 
      "19": 4, 
      "2": 65535, 
      "20": 0, 
      "21": 0, 
      "22": 0, 
      "23": 0, 
      "24": 0, 
      "25": 0, 
      "26": 0, 
      "27": 0, 
      "28": 0, 
      "29": 0, 
      "3": 0, 
      "30": 107, 
      "31": 13238, 
      "32": 1167355, 
      "33": 967702, 
      "34": 966315, 
      "35": 79300, 
      "36": 89687, 
      "37": 938313, 
      "38": 0, 
      "39": 105556, 
      "4": 11402, 
      "40": 105551, 
      "41": 291, 
      "42": 0, 
      "43": 105486, 
      "44": 0, 
      "45": 64, 
      "46": 0, 
      "47": 0, 
      "48": 3309, 
      "49": 3309, 
      "5": 185, 
      "50": 31, 
      "51": 26, 
      "52": 5, 
      "53": 2, 
      "54": 0, 
      "55": 0, 
      "56": 0, 
      "57": 125, 
      "58": 2, 
      "59": 0, 
      "6": 138, 
      "60": 0, 
      "61": 25561, 
      "62": 1010808, 
      "63": 695991, 
      "7": 436, 
      "8": 158, 
      "9": 0
    }, 
    "shader core counters": {
      "0": [
        2701132661, 
        2701132661, 
        2701132661, 
        2701132661
      ], 
      "1": [
        21, 
        21, 
        21, 
        21
      ], 
      "10": [
        0, 
        0, 
        0, 
        0
      ], 
      "11": [
        0, 
        0, 
        0, 
        0
      ], 
      "12": [
        0, 
        0, 
        0, 
        0
      ], 
      "13": [
        0, 
        0, 
        0, 
        0
      ], 
      "14": [
        0, 
        0, 
        0, 
        0
      ], 
      "15": [
        0, 
        0, 
        0, 
        0
      ], 
      "16": [
        0, 
        0, 
        0, 
        0
      ], 
      "17": [
        0, 
        0, 
        0, 
        0
      ], 
      "18": [
        0, 
        0, 
        0, 
        0
      ], 
      "19": [
        0, 
        0, 
        0, 
        0
      ], 
      "2": [
        65535, 
        65535, 
        65535, 
        65535
      ], 
      "20": [
        0, 
        0, 
        0, 
        0
      ], 
      "21": [
        0, 
        0, 
        0, 
        0
      ], 
      "22": [
        1620684, 
        1623149, 
        1622797, 
        1625911
      ], 
      "23": [
        528, 
        480, 
        528, 
        512
      ], 
      "24": [
        67584, 
        61440, 
        67584, 
        65536
      ], 
      "25": [
        241333, 
        339382, 
        246615, 
        304372
      ], 
      "26": [
        1620226, 
        1622686, 
        1622339, 
        1625458
      ], 
      "27": [
        853582, 
        782048, 
        852230, 
        829260
      ], 
      "28": [
        17600, 
        15797, 
        17785, 
        16946
      ], 
      "29": [
        685310, 
        693977, 
        678900, 
        682923
      ], 
      "3": [
        0, 
        0, 
        0, 
        0
      ], 
      "30": [
        0, 
        0, 
        0, 
        0
      ], 
      "31": [
        367494, 
        338389, 
        366465, 
        356573
      ], 
      "32": [
        1054672, 
        1114717, 
        1044530, 
        1073732
      ], 
      "33": [
        0, 
        0, 
        0, 
        0
      ], 
      "34": [
        687178, 
        776328, 
        678065, 
        717159
      ], 
      "35": [
        0, 
        0, 
        0, 
        0
      ], 
      "36": [
        0, 
        0, 
        0, 
        0
      ], 
      "37": [
        0, 
        0, 
        0, 
        0
      ], 
      "38": [
        0, 
        0, 
        0, 
        0
      ], 
      "39": [
        0, 
        0, 
        0, 
        0
      ], 
      "4": [
        0, 
        0, 
        0, 
        0
      ], 
      "40": [
        0, 
        0, 
        0, 
        0
      ], 
      "41": [
        0, 
        0, 
        0, 
        0
      ], 
      "42": [
        0, 
        0, 
        0, 
        0
      ], 
      "43": [
        0, 
        0, 
        0, 
        0
      ], 
      "44": [
        0, 
        0, 
        0, 
        0
      ], 
      "45": [
        0, 
        0, 
        0, 
        0
      ], 
      "46": [
        0, 
        0, 
        0, 
        0
      ], 
      "47": [
        0, 
        0, 
        0, 
        0
      ], 
      "48": [
        90774, 
        82712, 
        90677, 
        87552
      ], 
      "49": [
        31194, 
        34690, 
        30399, 
        33166
      ], 
      "5": [
        0, 
        0, 
        0, 
        0
      ], 
      "50": [
        0, 
        0, 
        0, 
        0
      ], 
      "51": [
        0, 
        0, 
        0, 
        0
      ], 
      "52": [
        72559, 
        67962, 
        72128, 
        70962
      ], 
      "53": [
        296483, 
        339222, 
        293090, 
        310372
      ], 
      "54": [
        27015, 
        25539, 
        26568, 
        26153
      ], 
      "55": [
        22994, 
        21694, 
        22661, 
        22192
      ], 
      "56": [
        23065, 
        21762, 
        22738, 
        22238
      ], 
      "57": [
        1, 
        1, 
        1, 
        1
      ], 
      "58": [
        3, 
        3, 
        3, 
        3
      ], 
      "59": [
        42, 
        43, 
        44, 
        42
      ], 
      "6": [
        0, 
        0, 
        0, 
        0
      ], 
      "60": [
        1331, 
        1149, 
        1186, 
        1158
      ], 
      "61": [
        174439, 
        160706, 
        173952, 
        169266
      ], 
      "62": [
        332, 
        332, 
        332, 
        332
      ], 
      "63": [
        0, 
        16, 
        16, 
        0
      ], 
      "7": [
        0, 
        0, 
        0, 
        0
      ], 
      "8": [
        0, 
        0, 
        0, 
        0
      ], 
      "9": [
        0, 
        0, 
        0, 
        0
      ]
    }
  }, 
  "features": {
    "GWS": [
      64, 
      64, 
      64
    ], 
    "LWS": [
      4, 
      1, 
      64
    ], 
    "OFFSET": [
      0, 
      0, 
      0
    ], 
    "compiler name": "ARM Mali OpenCL", 
    "compiler version": "5.0", 
    "cpu_freq": 800, 
    "gpu_freq": 533, 
    "image cols": 3710, 
    "image rows": 1686, 
    "pool_dir": "pool.12", 
    "program version": "c597087", 
    "size": 64
  }, 
  "meta": {
    "device name": "Mali-T628", 
    "device type": "GPU", 
    "device vendor": "ARM", 
    "experiment type": "benchmarking", 
    "kernel name": "calc_histogram", 
    "program name": "Realeyes HOG"
  }, 
  "tags": [
    "demo", 
    "arm", 
    "codegen15"
  ], 
  "work": {
    "repl": 1, 
    "timestamp": "2015-02-22T02:16:18.674597"
  }
}