{
  "characteristics": {
    "cpu": 0.011229, 
    "gpu_copy": 0.010979, 
    "gpu_only": 0.00725, 
    "is_gpu_better": true, 
    "l2 cache and mmu counters": {
      "0": 917339026, 
      "1": 14, 
      "10": 0, 
      "11": 0, 
      "12": 0, 
      "13": 0, 
      "14": 0, 
      "15": 0, 
      "16": 8, 
      "17": 3, 
      "18": 176, 
      "19": 4, 
      "2": 65535, 
      "20": 0, 
      "21": 0, 
      "22": 0, 
      "23": 0, 
      "24": 0, 
      "25": 0, 
      "26": 0, 
      "27": 0, 
      "28": 0, 
      "29": 0, 
      "3": 0, 
      "30": 151, 
      "31": 15130, 
      "32": 1293329, 
      "33": 1044167, 
      "34": 1043335, 
      "35": 93751, 
      "36": 106207, 
      "37": 1012430, 
      "38": 0, 
      "39": 138300, 
      "4": 153, 
      "40": 138295, 
      "41": 390, 
      "42": 0, 
      "43": 138174, 
      "44": 0, 
      "45": 69, 
      "46": 0, 
      "47": 0, 
      "48": 3782, 
      "49": 3782, 
      "5": 59, 
      "50": 47, 
      "51": 37, 
      "52": 5, 
      "53": 2, 
      "54": 0, 
      "55": 0, 
      "56": 0, 
      "57": 39, 
      "58": 8, 
      "59": 0, 
      "6": 45, 
      "60": 0, 
      "61": 27099, 
      "62": 1112471, 
      "63": 520715, 
      "7": 82, 
      "8": 28, 
      "9": 0
    }, 
    "shader core counters": {
      "0": [
        917339026, 
        917339026, 
        917339026, 
        917339026
      ], 
      "1": [
        14, 
        14, 
        14, 
        14
      ], 
      "10": [
        0, 
        0, 
        0, 
        0
      ], 
      "11": [
        0, 
        0, 
        0, 
        0
      ], 
      "12": [
        0, 
        0, 
        0, 
        0
      ], 
      "13": [
        0, 
        0, 
        0, 
        0
      ], 
      "14": [
        0, 
        0, 
        0, 
        0
      ], 
      "15": [
        0, 
        0, 
        0, 
        0
      ], 
      "16": [
        0, 
        0, 
        0, 
        0
      ], 
      "17": [
        0, 
        0, 
        0, 
        0
      ], 
      "18": [
        0, 
        0, 
        0, 
        0
      ], 
      "19": [
        0, 
        0, 
        0, 
        0
      ], 
      "2": [
        65535, 
        65535, 
        65535, 
        65535
      ], 
      "20": [
        0, 
        0, 
        0, 
        0
      ], 
      "21": [
        0, 
        0, 
        0, 
        0
      ], 
      "22": [
        1928008, 
        1928554, 
        1925122, 
        1927801
      ], 
      "23": [
        517, 
        511, 
        510, 
        510
      ], 
      "24": [
        66176, 
        65408, 
        65280, 
        65280
      ], 
      "25": [
        4353, 
        5231, 
        5179, 
        4186
      ], 
      "26": [
        1927636, 
        1928170, 
        1924743, 
        1927427
      ], 
      "27": [
        1163278, 
        1146190, 
        1153982, 
        1146274
      ], 
      "28": [
        30827, 
        30101, 
        29833, 
        29716
      ], 
      "29": [
        716658, 
        724543, 
        724559, 
        731186
      ], 
      "3": [
        0, 
        0, 
        0, 
        0
      ], 
      "30": [
        0, 
        0, 
        0, 
        0
      ], 
      "31": [
        443285, 
        437337, 
        440229, 
        437745
      ], 
      "32": [
        1060031, 
        1097754, 
        1067042, 
        1099781
      ], 
      "33": [
        0, 
        0, 
        0, 
        0
      ], 
      "34": [
        616746, 
        660417, 
        626813, 
        662036
      ], 
      "35": [
        0, 
        0, 
        0, 
        0
      ], 
      "36": [
        0, 
        0, 
        0, 
        0
      ], 
      "37": [
        0, 
        0, 
        0, 
        0
      ], 
      "38": [
        0, 
        0, 
        0, 
        0
      ], 
      "39": [
        0, 
        0, 
        0, 
        0
      ], 
      "4": [
        0, 
        0, 
        0, 
        0
      ], 
      "40": [
        0, 
        0, 
        0, 
        0
      ], 
      "41": [
        0, 
        0, 
        0, 
        0
      ], 
      "42": [
        0, 
        0, 
        0, 
        0
      ], 
      "43": [
        0, 
        0, 
        0, 
        0
      ], 
      "44": [
        0, 
        0, 
        0, 
        0
      ], 
      "45": [
        0, 
        0, 
        0, 
        0
      ], 
      "46": [
        0, 
        0, 
        0, 
        0
      ], 
      "47": [
        0, 
        0, 
        0, 
        0
      ], 
      "48": [
        110885, 
        108669, 
        110001, 
        108983
      ], 
      "49": [
        35078, 
        38401, 
        35108, 
        37818
      ], 
      "5": [
        0, 
        0, 
        0, 
        0
      ], 
      "50": [
        0, 
        0, 
        0, 
        0
      ], 
      "51": [
        0, 
        0, 
        0, 
        0
      ], 
      "52": [
        98594, 
        97808, 
        98118, 
        97800
      ], 
      "53": [
        261917, 
        281006, 
        267125, 
        282359
      ], 
      "54": [
        34140, 
        34145, 
        34814, 
        34865
      ], 
      "55": [
        26253, 
        26141, 
        26718, 
        26839
      ], 
      "56": [
        26362, 
        26256, 
        26839, 
        26942
      ], 
      "57": [
        1, 
        1, 
        1, 
        1
      ], 
      "58": [
        4, 
        4, 
        4, 
        4
      ], 
      "59": [
        42, 
        42, 
        42, 
        42
      ], 
      "6": [
        0, 
        0, 
        0, 
        0
      ], 
      "60": [
        16, 
        15, 
        17, 
        15
      ], 
      "61": [
        226730, 
        223496, 
        225270, 
        223832
      ], 
      "62": [
        332, 
        332, 
        332, 
        332
      ], 
      "63": [
        0, 
        8, 
        0, 
        0
      ], 
      "7": [
        0, 
        0, 
        0, 
        0
      ], 
      "8": [
        0, 
        0, 
        0, 
        0
      ], 
      "9": [
        0, 
        0, 
        0, 
        0
      ]
    }
  }, 
  "features": {
    "GWS": [
      64, 
      64, 
      64
    ], 
    "LWS": [
      4, 
      1, 
      64
    ], 
    "OFFSET": [
      0, 
      0, 
      0
    ], 
    "compiler name": "ARM Mali OpenCL", 
    "compiler version": "5.0", 
    "cpu_freq": 800, 
    "gpu_freq": 266, 
    "image cols": 816, 
    "image rows": 612, 
    "pool_dir": "pool.21", 
    "program version": "c597087", 
    "size": 64
  }, 
  "meta": {
    "device name": "Mali-T628", 
    "device type": "GPU", 
    "device vendor": "ARM", 
    "experiment type": "benchmarking", 
    "kernel name": "calc_histogram", 
    "program name": "Realeyes HOG"
  }, 
  "tags": [
    "demo", 
    "arm", 
    "codegen15"
  ], 
  "work": {
    "repl": 3, 
    "timestamp": "2015-02-22T01:54:11.631328"
  }
}