{
  "characteristics": {
    "cpu": 0.001618, 
    "gpu_copy": 0.002986, 
    "gpu_only": 0.000922, 
    "is_gpu_better": false, 
    "l2 cache and mmu counters": {
      "0": 2351968079, 
      "1": 16, 
      "10": 0, 
      "11": 0, 
      "12": 0, 
      "13": 0, 
      "14": 0, 
      "15": 0, 
      "16": 8, 
      "17": 3, 
      "18": 239, 
      "19": 4, 
      "2": 65535, 
      "20": 0, 
      "21": 0, 
      "22": 0, 
      "23": 0, 
      "24": 0, 
      "25": 0, 
      "26": 0, 
      "27": 0, 
      "28": 0, 
      "29": 0, 
      "3": 0, 
      "30": 119, 
      "31": 7054, 
      "32": 345926, 
      "33": 278956, 
      "34": 277742, 
      "35": 23851, 
      "36": 26635, 
      "37": 269858, 
      "38": 0, 
      "39": 36059, 
      "4": 124, 
      "40": 36054, 
      "41": 164, 
      "42": 0, 
      "43": 36009, 
      "44": 0, 
      "45": 50, 
      "46": 0, 
      "47": 0, 
      "48": 1763, 
      "49": 1763, 
      "5": 52, 
      "50": 34, 
      "51": 29, 
      "52": 5, 
      "53": 2, 
      "54": 0, 
      "55": 0, 
      "56": 0, 
      "57": 24, 
      "58": 2, 
      "59": 0, 
      "6": 86, 
      "60": 0, 
      "61": 7053, 
      "62": 294376, 
      "63": 162668, 
      "7": 69, 
      "8": 23, 
      "9": 0
    }, 
    "shader core counters": {
      "0": [
        2351968079, 
        2351968079, 
        2351968079, 
        2351968079
      ], 
      "1": [
        16, 
        16, 
        16, 
        16
      ], 
      "10": [
        0, 
        0, 
        0, 
        0
      ], 
      "11": [
        0, 
        0, 
        0, 
        0
      ], 
      "12": [
        0, 
        0, 
        0, 
        0
      ], 
      "13": [
        0, 
        0, 
        0, 
        0
      ], 
      "14": [
        0, 
        0, 
        0, 
        0
      ], 
      "15": [
        0, 
        0, 
        0, 
        0
      ], 
      "16": [
        0, 
        0, 
        0, 
        0
      ], 
      "17": [
        0, 
        0, 
        0, 
        0
      ], 
      "18": [
        0, 
        0, 
        0, 
        0
      ], 
      "19": [
        0, 
        0, 
        0, 
        0
      ], 
      "2": [
        65535, 
        65535, 
        65535, 
        65535
      ], 
      "20": [
        0, 
        0, 
        0, 
        0
      ], 
      "21": [
        0, 
        0, 
        0, 
        0
      ], 
      "22": [
        487983, 
        485725, 
        485264, 
        490354
      ], 
      "23": [
        133, 
        124, 
        129, 
        126
      ], 
      "24": [
        17024, 
        15872, 
        16512, 
        16128
      ], 
      "25": [
        8664, 
        11998, 
        7651, 
        5121
      ], 
      "26": [
        487529, 
        485263, 
        484807, 
        489902
      ], 
      "27": [
        278518, 
        262746, 
        275520, 
        276496
      ], 
      "28": [
        6927, 
        6335, 
        6966, 
        6759
      ], 
      "29": [
        191231, 
        198737, 
        191894, 
        197276
      ], 
      "3": [
        0, 
        0, 
        0, 
        0
      ], 
      "30": [
        0, 
        0, 
        0, 
        0
      ], 
      "31": [
        108367, 
        103288, 
        107160, 
        107361
      ], 
      "32": [
        289088, 
        307311, 
        292590, 
        299738
      ], 
      "33": [
        0, 
        0, 
        0, 
        0
      ], 
      "34": [
        180721, 
        204023, 
        185430, 
        192377
      ], 
      "35": [
        0, 
        0, 
        0, 
        0
      ], 
      "36": [
        0, 
        0, 
        0, 
        0
      ], 
      "37": [
        0, 
        0, 
        0, 
        0
      ], 
      "38": [
        0, 
        0, 
        0, 
        0
      ], 
      "39": [
        0, 
        0, 
        0, 
        0
      ], 
      "4": [
        0, 
        0, 
        0, 
        0
      ], 
      "40": [
        0, 
        0, 
        0, 
        0
      ], 
      "41": [
        0, 
        0, 
        0, 
        0
      ], 
      "42": [
        0, 
        0, 
        0, 
        0
      ], 
      "43": [
        0, 
        0, 
        0, 
        0
      ], 
      "44": [
        0, 
        0, 
        0, 
        0
      ], 
      "45": [
        0, 
        0, 
        0, 
        0
      ], 
      "46": [
        0, 
        0, 
        0, 
        0
      ], 
      "47": [
        0, 
        0, 
        0, 
        0
      ], 
      "48": [
        26919, 
        25559, 
        26643, 
        26670
      ], 
      "49": [
        12693, 
        15874, 
        13187, 
        13552
      ], 
      "5": [
        0, 
        0, 
        0, 
        0
      ], 
      "50": [
        0, 
        0, 
        0, 
        0
      ], 
      "51": [
        0, 
        0, 
        0, 
        0
      ], 
      "52": [
        23623, 
        22792, 
        23573, 
        23835
      ], 
      "53": [
        73886, 
        82669, 
        75812, 
        78973
      ], 
      "54": [
        8774, 
        8959, 
        9105, 
        9056
      ], 
      "55": [
        6501, 
        6664, 
        6725, 
        6704
      ], 
      "56": [
        6517, 
        6687, 
        6756, 
        6717
      ], 
      "57": [
        1, 
        1, 
        1, 
        1
      ], 
      "58": [
        3, 
        3, 
        3, 
        3
      ], 
      "59": [
        42, 
        42, 
        43, 
        42
      ], 
      "6": [
        0, 
        0, 
        0, 
        0
      ], 
      "60": [
        13, 
        13, 
        14, 
        12
      ], 
      "61": [
        54615, 
        52224, 
        54203, 
        54573
      ], 
      "62": [
        332, 
        332, 
        332, 
        332
      ], 
      "63": [
        0, 
        0, 
        16, 
        0
      ], 
      "7": [
        0, 
        0, 
        0, 
        0
      ], 
      "8": [
        0, 
        0, 
        0, 
        0
      ], 
      "9": [
        0, 
        0, 
        0, 
        0
      ]
    }
  }, 
  "features": {
    "GWS": [
      32, 
      32, 
      64
    ], 
    "LWS": [
      4, 
      1, 
      64
    ], 
    "OFFSET": [
      0, 
      0, 
      0
    ], 
    "compiler name": "ARM Mali OpenCL", 
    "compiler version": "5.0", 
    "cpu_freq": 1600, 
    "gpu_freq": 533, 
    "image cols": 633, 
    "image rows": 921, 
    "pool_dir": "pool.01", 
    "program version": "c597087", 
    "size": 32
  }, 
  "meta": {
    "device name": "Mali-T628", 
    "device type": "GPU", 
    "device vendor": "ARM", 
    "experiment type": "benchmarking", 
    "kernel name": "calc_histogram", 
    "program name": "Realeyes HOG"
  }, 
  "tags": [
    "demo", 
    "arm", 
    "codegen15"
  ], 
  "work": {
    "repl": 2, 
    "timestamp": "2015-02-25T13:10:12.470383"
  }
}