{
  "characteristics": {
    "cpu": 0.040207, 
    "gpu_copy": 0.041667, 
    "gpu_only": 0.028398, 
    "is_gpu_better": false, 
    "l2 cache and mmu counters": {
      "0": 228961777, 
      "1": 25, 
      "10": 0, 
      "11": 0, 
      "12": 0, 
      "13": 0, 
      "14": 0, 
      "15": 0, 
      "16": 9, 
      "17": 3, 
      "18": 183, 
      "19": 7, 
      "2": 65535, 
      "20": 0, 
      "21": 0, 
      "22": 0, 
      "23": 0, 
      "24": 0, 
      "25": 0, 
      "26": 0, 
      "27": 0, 
      "28": 0, 
      "29": 0, 
      "3": 0, 
      "30": 244, 
      "31": 59986, 
      "32": 5072113, 
      "33": 4081049, 
      "34": 4080055, 
      "35": 369856, 
      "36": 417476, 
      "37": 3953965, 
      "38": 0, 
      "39": 566745, 
      "4": 94675, 
      "40": 566740, 
      "41": 1830, 
      "42": 0, 
      "43": 566102, 
      "44": 0, 
      "45": 146, 
      "46": 0, 
      "47": 0, 
      "48": 14996, 
      "49": 14996, 
      "5": 244, 
      "50": 66, 
      "51": 60, 
      "52": 6, 
      "53": 2, 
      "54": 0, 
      "55": 0, 
      "56": 0, 
      "57": 253, 
      "58": 2, 
      "59": 0, 
      "6": 79, 
      "60": 0, 
      "61": 106731, 
      "62": 4368873, 
      "63": 1978294, 
      "7": 342, 
      "8": 202, 
      "9": 0
    }, 
    "shader core counters": {
      "0": [
        228961777, 
        228961777, 
        228961777, 
        228961777
      ], 
      "1": [
        25, 
        25, 
        25, 
        25
      ], 
      "10": [
        0, 
        0, 
        0, 
        0
      ], 
      "11": [
        0, 
        0, 
        0, 
        0
      ], 
      "12": [
        0, 
        0, 
        0, 
        0
      ], 
      "13": [
        0, 
        0, 
        0, 
        0
      ], 
      "14": [
        0, 
        0, 
        0, 
        0
      ], 
      "15": [
        0, 
        0, 
        0, 
        0
      ], 
      "16": [
        0, 
        0, 
        0, 
        0
      ], 
      "17": [
        0, 
        0, 
        0, 
        0
      ], 
      "18": [
        0, 
        0, 
        0, 
        0
      ], 
      "19": [
        0, 
        0, 
        0, 
        0
      ], 
      "2": [
        65535, 
        65535, 
        65535, 
        65535
      ], 
      "20": [
        0, 
        0, 
        0, 
        0
      ], 
      "21": [
        0, 
        0, 
        0, 
        0
      ], 
      "22": [
        7552762, 
        7553642, 
        7551552, 
        7552185
      ], 
      "23": [
        2059, 
        2038, 
        2051, 
        2044
      ], 
      "24": [
        263552, 
        260864, 
        262528, 
        261632
      ], 
      "25": [
        8228, 
        5171, 
        9344, 
        7693
      ], 
      "26": [
        7552415, 
        7553290, 
        7551205, 
        7551843
      ], 
      "27": [
        4558460, 
        4522464, 
        4547812, 
        4525030
      ], 
      "28": [
        120369, 
        119161, 
        120053, 
        119045
      ], 
      "29": [
        2825934, 
        2852556, 
        2833781, 
        2853884
      ], 
      "3": [
        0, 
        0, 
        0, 
        0
      ], 
      "30": [
        0, 
        0, 
        0, 
        0
      ], 
      "31": [
        1731436, 
        1719849, 
        1728414, 
        1720685
      ], 
      "32": [
        4256824, 
        4345108, 
        4242775, 
        4316898
      ], 
      "33": [
        0, 
        0, 
        0, 
        0
      ], 
      "34": [
        2525388, 
        2625259, 
        2514361, 
        2596213
      ], 
      "35": [
        0, 
        0, 
        0, 
        0
      ], 
      "36": [
        0, 
        0, 
        0, 
        0
      ], 
      "37": [
        0, 
        0, 
        0, 
        0
      ], 
      "38": [
        0, 
        0, 
        0, 
        0
      ], 
      "39": [
        0, 
        0, 
        0, 
        0
      ], 
      "4": [
        0, 
        0, 
        0, 
        0
      ], 
      "40": [
        0, 
        0, 
        0, 
        0
      ], 
      "41": [
        0, 
        0, 
        0, 
        0
      ], 
      "42": [
        0, 
        0, 
        0, 
        0
      ], 
      "43": [
        0, 
        0, 
        0, 
        0
      ], 
      "44": [
        0, 
        0, 
        0, 
        0
      ], 
      "45": [
        0, 
        0, 
        0, 
        0
      ], 
      "46": [
        0, 
        0, 
        0, 
        0
      ], 
      "47": [
        0, 
        0, 
        0, 
        0
      ], 
      "48": [
        437213, 
        433686, 
        436496, 
        433692
      ], 
      "49": [
        148344, 
        157226, 
        144402, 
        156334
      ], 
      "5": [
        0, 
        0, 
        0, 
        0
      ], 
      "50": [
        0, 
        0, 
        0, 
        0
      ], 
      "51": [
        0, 
        0, 
        0, 
        0
      ], 
      "52": [
        378594, 
        376952, 
        378103, 
        377086
      ], 
      "53": [
        1033419, 
        1077529, 
        1031723, 
        1063857
      ], 
      "54": [
        142988, 
        139336, 
        142351, 
        141490
      ], 
      "55": [
        104856, 
        102644, 
        104453, 
        104056
      ], 
      "56": [
        105569, 
        103346, 
        105186, 
        104760
      ], 
      "57": [
        1, 
        1, 
        1, 
        1
      ], 
      "58": [
        3, 
        3, 
        3, 
        3
      ], 
      "59": [
        42, 
        42, 
        42, 
        42
      ], 
      "6": [
        0, 
        0, 
        0, 
        0
      ], 
      "60": [
        10174, 
        9607, 
        9813, 
        9594
      ], 
      "61": [
        883642, 
        877896, 
        882263, 
        878070
      ], 
      "62": [
        332, 
        332, 
        332, 
        332
      ], 
      "63": [
        0, 
        0, 
        0, 
        0
      ], 
      "7": [
        0, 
        0, 
        0, 
        0
      ], 
      "8": [
        0, 
        0, 
        0, 
        0
      ], 
      "9": [
        0, 
        0, 
        0, 
        0
      ]
    }
  }, 
  "features": {
    "GWS": [
      12, 
      12, 
      64
    ], 
    "LWS": [
      4, 
      1, 
      64
    ], 
    "OFFSET": [
      0, 
      0, 
      0
    ], 
    "compiler name": "ARM Mali OpenCL", 
    "compiler version": "5.0", 
    "cpu_freq": 800, 
    "gpu_freq": 266, 
    "image cols": 2582, 
    "image rows": 1940, 
    "pool_dir": "pool.06", 
    "program version": "c597087", 
    "size": 128
  }, 
  "meta": {
    "device name": "Mali-T628", 
    "device type": "GPU", 
    "device vendor": "ARM", 
    "experiment type": "benchmarking", 
    "kernel name": "calc_histogram", 
    "program name": "Realeyes HOG"
  }, 
  "tags": [
    "demo", 
    "arm", 
    "codegen15"
  ], 
  "work": {
    "repl": 0, 
    "timestamp": "2015-02-22T02:26:31.455419"
  }
}