{
  "characteristics": {
    "cpu": 0.00168, 
    "gpu_copy": 0.012242, 
    "gpu_only": 0.000951, 
    "is_gpu_better": false, 
    "l2 cache and mmu counters": {
      "0": 839513541, 
      "1": 18, 
      "10": 0, 
      "11": 0, 
      "12": 0, 
      "13": 0, 
      "14": 0, 
      "15": 0, 
      "16": 8, 
      "17": 3, 
      "18": 238, 
      "19": 4, 
      "2": 65535, 
      "20": 0, 
      "21": 0, 
      "22": 0, 
      "23": 0, 
      "24": 0, 
      "25": 0, 
      "26": 0, 
      "27": 0, 
      "28": 0, 
      "29": 0, 
      "3": 0, 
      "30": 95, 
      "31": 8034, 
      "32": 360402, 
      "33": 291455, 
      "34": 290105, 
      "35": 24788, 
      "36": 27387, 
      "37": 281841, 
      "38": 0, 
      "39": 37250, 
      "4": 7802, 
      "40": 37245, 
      "41": 215, 
      "42": 0, 
      "43": 37187, 
      "44": 0, 
      "45": 58, 
      "46": 0, 
      "47": 0, 
      "48": 2008, 
      "49": 2008, 
      "5": 170, 
      "50": 28, 
      "51": 23, 
      "52": 5, 
      "53": 2, 
      "54": 0, 
      "55": 0, 
      "56": 0, 
      "57": 0, 
      "58": 1, 
      "59": 0, 
      "6": 179, 
      "60": 0, 
      "61": 7460, 
      "62": 307197, 
      "63": 174641, 
      "7": 428, 
      "8": 135, 
      "9": 0
    }, 
    "shader core counters": {
      "0": [
        839513541, 
        839513541, 
        839513541, 
        839513541
      ], 
      "1": [
        18, 
        18, 
        18, 
        18
      ], 
      "10": [
        0, 
        0, 
        0, 
        0
      ], 
      "11": [
        0, 
        0, 
        0, 
        0
      ], 
      "12": [
        0, 
        0, 
        0, 
        0
      ], 
      "13": [
        0, 
        0, 
        0, 
        0
      ], 
      "14": [
        0, 
        0, 
        0, 
        0
      ], 
      "15": [
        0, 
        0, 
        0, 
        0
      ], 
      "16": [
        0, 
        0, 
        0, 
        0
      ], 
      "17": [
        0, 
        0, 
        0, 
        0
      ], 
      "18": [
        0, 
        0, 
        0, 
        0
      ], 
      "19": [
        0, 
        0, 
        0, 
        0
      ], 
      "2": [
        65535, 
        65535, 
        65535, 
        65535
      ], 
      "20": [
        0, 
        0, 
        0, 
        0
      ], 
      "21": [
        0, 
        0, 
        0, 
        0
      ], 
      "22": [
        505570, 
        505576, 
        504738, 
        504055
      ], 
      "23": [
        127, 
        127, 
        129, 
        129
      ], 
      "24": [
        16256, 
        16256, 
        16512, 
        16512
      ], 
      "25": [
        5259, 
        6575, 
        7967, 
        5262
      ], 
      "26": [
        505096, 
        505091, 
        504258, 
        503580
      ], 
      "27": [
        281760, 
        277002, 
        284722, 
        283256
      ], 
      "28": [
        6813, 
        6849, 
        7172, 
        7216
      ], 
      "29": [
        202799, 
        205344, 
        199033, 
        198648
      ], 
      "3": [
        0, 
        0, 
        0, 
        0
      ], 
      "30": [
        0, 
        0, 
        0, 
        0
      ], 
      "31": [
        110906, 
        109817, 
        111899, 
        111155
      ], 
      "32": [
        316790, 
        321427, 
        306739, 
        318720
      ], 
      "33": [
        0, 
        0, 
        0, 
        0
      ], 
      "34": [
        205884, 
        211610, 
        194840, 
        207565
      ], 
      "35": [
        0, 
        0, 
        0, 
        0
      ], 
      "36": [
        0, 
        0, 
        0, 
        0
      ], 
      "37": [
        0, 
        0, 
        0, 
        0
      ], 
      "38": [
        0, 
        0, 
        0, 
        0
      ], 
      "39": [
        0, 
        0, 
        0, 
        0
      ], 
      "4": [
        0, 
        0, 
        0, 
        0
      ], 
      "40": [
        0, 
        0, 
        0, 
        0
      ], 
      "41": [
        0, 
        0, 
        0, 
        0
      ], 
      "42": [
        0, 
        0, 
        0, 
        0
      ], 
      "43": [
        0, 
        0, 
        0, 
        0
      ], 
      "44": [
        0, 
        0, 
        0, 
        0
      ], 
      "45": [
        0, 
        0, 
        0, 
        0
      ], 
      "46": [
        0, 
        0, 
        0, 
        0
      ], 
      "47": [
        0, 
        0, 
        0, 
        0
      ], 
      "48": [
        26805, 
        26358, 
        27086, 
        26740
      ], 
      "49": [
        12896, 
        13558, 
        12492, 
        13486
      ], 
      "5": [
        0, 
        0, 
        0, 
        0
      ], 
      "50": [
        0, 
        0, 
        0, 
        0
      ], 
      "51": [
        0, 
        0, 
        0, 
        0
      ], 
      "52": [
        25433, 
        25304, 
        25601, 
        25517
      ], 
      "53": [
        83129, 
        85341, 
        77864, 
        83267
      ], 
      "54": [
        9600, 
        9077, 
        9255, 
        9091
      ], 
      "55": [
        7136, 
        6735, 
        6772, 
        6716
      ], 
      "56": [
        7155, 
        6750, 
        6786, 
        6725
      ], 
      "57": [
        1, 
        1, 
        1, 
        1
      ], 
      "58": [
        3, 
        3, 
        3, 
        3
      ], 
      "59": [
        43, 
        42, 
        42, 
        42
      ], 
      "6": [
        0, 
        0, 
        0, 
        0
      ], 
      "60": [
        804, 
        775, 
        791, 
        797
      ], 
      "61": [
        56321, 
        55696, 
        56801, 
        56365
      ], 
      "62": [
        332, 
        332, 
        332, 
        332
      ], 
      "63": [
        8, 
        8, 
        0, 
        0
      ], 
      "7": [
        0, 
        0, 
        0, 
        0
      ], 
      "8": [
        0, 
        0, 
        0, 
        0
      ], 
      "9": [
        0, 
        0, 
        0, 
        0
      ]
    }
  }, 
  "features": {
    "GWS": [
      32, 
      32, 
      64
    ], 
    "LWS": [
      4, 
      1, 
      64
    ], 
    "OFFSET": [
      0, 
      0, 
      0
    ], 
    "compiler name": "ARM Mali OpenCL", 
    "compiler version": "5.0", 
    "cpu_freq": 1600, 
    "gpu_freq": 533, 
    "image cols": 3074, 
    "image rows": 2185, 
    "pool_dir": "pool.14", 
    "program version": "c597087", 
    "size": 32
  }, 
  "meta": {
    "device name": "Mali-T628", 
    "device type": "GPU", 
    "device vendor": "ARM", 
    "experiment type": "benchmarking", 
    "kernel name": "calc_histogram", 
    "program name": "Realeyes HOG"
  }, 
  "tags": [
    "demo", 
    "arm", 
    "codegen15"
  ], 
  "work": {
    "repl": 4, 
    "timestamp": "2015-02-25T13:15:07.338189"
  }
}