{
  "characteristics": {
    "cpu": 0.005622, 
    "gpu_copy": 0.007361, 
    "gpu_only": 0.003808, 
    "is_gpu_better": false, 
    "l2 cache and mmu counters": {
      "0": 3741213635, 
      "1": 17, 
      "10": 0, 
      "11": 0, 
      "12": 0, 
      "13": 0, 
      "14": 0, 
      "15": 0, 
      "16": 8, 
      "17": 3, 
      "18": 170, 
      "19": 4, 
      "2": 65535, 
      "20": 0, 
      "21": 0, 
      "22": 0, 
      "23": 0, 
      "24": 0, 
      "25": 0, 
      "26": 0, 
      "27": 0, 
      "28": 0, 
      "29": 0, 
      "3": 0, 
      "30": 111, 
      "31": 8994, 
      "32": 715325, 
      "33": 587254, 
      "34": 586421, 
      "35": 48713, 
      "36": 54997, 
      "37": 567957, 
      "38": 0, 
      "39": 68722, 
      "4": 284, 
      "40": 68717, 
      "41": 210, 
      "42": 0, 
      "43": 68657, 
      "44": 0, 
      "45": 43, 
      "46": 0, 
      "47": 0, 
      "48": 2248, 
      "49": 2248, 
      "5": 65, 
      "50": 32, 
      "51": 27, 
      "52": 5, 
      "53": 2, 
      "54": 0, 
      "55": 0, 
      "56": 0, 
      "57": 36, 
      "58": 4, 
      "59": 0, 
      "6": 42, 
      "60": 0, 
      "61": 16525, 
      "62": 613370, 
      "63": 388978, 
      "7": 74, 
      "8": 30, 
      "9": 0
    }, 
    "shader core counters": {
      "0": [
        3741213635, 
        3741213635, 
        3741213635, 
        3741213635
      ], 
      "1": [
        17, 
        17, 
        17, 
        17
      ], 
      "10": [
        0, 
        0, 
        0, 
        0
      ], 
      "11": [
        0, 
        0, 
        0, 
        0
      ], 
      "12": [
        0, 
        0, 
        0, 
        0
      ], 
      "13": [
        0, 
        0, 
        0, 
        0
      ], 
      "14": [
        0, 
        0, 
        0, 
        0
      ], 
      "15": [
        0, 
        0, 
        0, 
        0
      ], 
      "16": [
        0, 
        0, 
        0, 
        0
      ], 
      "17": [
        0, 
        0, 
        0, 
        0
      ], 
      "18": [
        0, 
        0, 
        0, 
        0
      ], 
      "19": [
        0, 
        0, 
        0, 
        0
      ], 
      "2": [
        65535, 
        65535, 
        65535, 
        65535
      ], 
      "20": [
        0, 
        0, 
        0, 
        0
      ], 
      "21": [
        0, 
        0, 
        0, 
        0
      ], 
      "22": [
        1009852, 
        1011279, 
        1012723, 
        1012464
      ], 
      "23": [
        295, 
        276, 
        289, 
        292
      ], 
      "24": [
        37760, 
        35328, 
        36992, 
        37376
      ], 
      "25": [
        67117, 
        88406, 
        78316, 
        62271
      ], 
      "26": [
        1009481, 
        1010896, 
        1012345, 
        1012091
      ], 
      "27": [
        558374, 
        533644, 
        558194, 
        551250
      ], 
      "28": [
        13003, 
        12046, 
        12927, 
        12689
      ], 
      "29": [
        411066, 
        415282, 
        405298, 
        415739
      ], 
      "3": [
        0, 
        0, 
        0, 
        0
      ], 
      "30": [
        0, 
        0, 
        0, 
        0
      ], 
      "31": [
        226062, 
        215807, 
        225979, 
        223640
      ], 
      "32": [
        633288, 
        665636, 
        631239, 
        654914
      ], 
      "33": [
        0, 
        0, 
        0, 
        0
      ], 
      "34": [
        407226, 
        449829, 
        405260, 
        431274
      ], 
      "35": [
        0, 
        0, 
        0, 
        0
      ], 
      "36": [
        0, 
        0, 
        0, 
        0
      ], 
      "37": [
        0, 
        0, 
        0, 
        0
      ], 
      "38": [
        0, 
        0, 
        0, 
        0
      ], 
      "39": [
        0, 
        0, 
        0, 
        0
      ], 
      "4": [
        0, 
        0, 
        0, 
        0
      ], 
      "40": [
        0, 
        0, 
        0, 
        0
      ], 
      "41": [
        0, 
        0, 
        0, 
        0
      ], 
      "42": [
        0, 
        0, 
        0, 
        0
      ], 
      "43": [
        0, 
        0, 
        0, 
        0
      ], 
      "44": [
        0, 
        0, 
        0, 
        0
      ], 
      "45": [
        0, 
        0, 
        0, 
        0
      ], 
      "46": [
        0, 
        0, 
        0, 
        0
      ], 
      "47": [
        0, 
        0, 
        0, 
        0
      ], 
      "48": [
        55892, 
        53366, 
        56365, 
        54863
      ], 
      "49": [
        23317, 
        25594, 
        21857, 
        25059
      ], 
      "5": [
        0, 
        0, 
        0, 
        0
      ], 
      "50": [
        0, 
        0, 
        0, 
        0
      ], 
      "51": [
        0, 
        0, 
        0, 
        0
      ], 
      "52": [
        47747, 
        45831, 
        47537, 
        47636
      ], 
      "53": [
        176567, 
        196015, 
        177021, 
        186900
      ], 
      "54": [
        17281, 
        17034, 
        17426, 
        16893
      ], 
      "55": [
        13719, 
        13598, 
        13991, 
        13545
      ], 
      "56": [
        13791, 
        13664, 
        14061, 
        13618
      ], 
      "57": [
        1, 
        1, 
        1, 
        1
      ], 
      "58": [
        4, 
        4, 
        4, 
        4
      ], 
      "59": [
        42, 
        42, 
        42, 
        43
      ], 
      "6": [
        0, 
        0, 
        0, 
        0
      ], 
      "60": [
        34, 
        29, 
        30, 
        38
      ], 
      "61": [
        111531, 
        106599, 
        111681, 
        110268
      ], 
      "62": [
        332, 
        332, 
        332, 
        332
      ], 
      "63": [
        0, 
        0, 
        0, 
        16
      ], 
      "7": [
        0, 
        0, 
        0, 
        0
      ], 
      "8": [
        0, 
        0, 
        0, 
        0
      ], 
      "9": [
        0, 
        0, 
        0, 
        0
      ]
    }
  }, 
  "features": {
    "GWS": [
      48, 
      48, 
      64
    ], 
    "LWS": [
      4, 
      1, 
      64
    ], 
    "OFFSET": [
      0, 
      0, 
      0
    ], 
    "compiler name": "ARM Mali OpenCL", 
    "compiler version": "5.0", 
    "cpu_freq": 800, 
    "gpu_freq": 266, 
    "image cols": 1064, 
    "image rows": 629, 
    "pool_dir": "pool.07", 
    "program version": "c597087", 
    "size": 48
  }, 
  "meta": {
    "device name": "Mali-T628", 
    "device type": "GPU", 
    "device vendor": "ARM", 
    "experiment type": "benchmarking", 
    "kernel name": "calc_histogram", 
    "program name": "Realeyes HOG"
  }, 
  "tags": [
    "demo", 
    "arm", 
    "codegen15"
  ], 
  "work": {
    "repl": 4, 
    "timestamp": "2015-02-25T13:14:09.519462"
  }
}