{
  "characteristics": {
    "cpu": 0.006021, 
    "gpu_copy": 0.020956, 
    "gpu_only": 0.004278, 
    "is_gpu_better": false, 
    "l2 cache and mmu counters": {
      "0": 31270258, 
      "1": 12, 
      "10": 0, 
      "11": 0, 
      "12": 0, 
      "13": 0, 
      "14": 0, 
      "15": 0, 
      "16": 9, 
      "17": 3, 
      "18": 175, 
      "19": 5, 
      "2": 65535, 
      "20": 0, 
      "21": 0, 
      "22": 0, 
      "23": 0, 
      "24": 0, 
      "25": 0, 
      "26": 0, 
      "27": 0, 
      "28": 0, 
      "29": 0, 
      "3": 0, 
      "30": 127, 
      "31": 13662, 
      "32": 816757, 
      "33": 665275, 
      "34": 664338, 
      "35": 56685, 
      "36": 63065, 
      "37": 644572, 
      "38": 0, 
      "39": 83939, 
      "4": 16588, 
      "40": 83930, 
      "41": 360, 
      "42": 0, 
      "43": 83833, 
      "44": 0, 
      "45": 71, 
      "46": 0, 
      "47": 0, 
      "48": 3415, 
      "49": 3415, 
      "5": 192, 
      "50": 47, 
      "51": 31, 
      "52": 5, 
      "53": 2, 
      "54": 0, 
      "55": 0, 
      "56": 0, 
      "57": 106, 
      "58": 2, 
      "59": 0, 
      "6": 89, 
      "60": 0, 
      "61": 16378, 
      "62": 706360, 
      "63": 407184, 
      "7": 306, 
      "8": 155, 
      "9": 0
    }, 
    "shader core counters": {
      "0": [
        31270258, 
        31270258, 
        31270258, 
        31270258
      ], 
      "1": [
        12, 
        12, 
        12, 
        12
      ], 
      "10": [
        0, 
        0, 
        0, 
        0
      ], 
      "11": [
        0, 
        0, 
        0, 
        0
      ], 
      "12": [
        0, 
        0, 
        0, 
        0
      ], 
      "13": [
        0, 
        0, 
        0, 
        0
      ], 
      "14": [
        0, 
        0, 
        0, 
        0
      ], 
      "15": [
        0, 
        0, 
        0, 
        0
      ], 
      "16": [
        0, 
        0, 
        0, 
        0
      ], 
      "17": [
        0, 
        0, 
        0, 
        0
      ], 
      "18": [
        0, 
        0, 
        0, 
        0
      ], 
      "19": [
        0, 
        0, 
        0, 
        0
      ], 
      "2": [
        65535, 
        65535, 
        65535, 
        65535
      ], 
      "20": [
        0, 
        0, 
        0, 
        0
      ], 
      "21": [
        0, 
        0, 
        0, 
        0
      ], 
      "22": [
        1136546, 
        1137529, 
        1136150, 
        1135570
      ], 
      "23": [
        296, 
        286, 
        291, 
        279
      ], 
      "24": [
        37888, 
        36608, 
        37248, 
        35712
      ], 
      "25": [
        6611, 
        7884, 
        7506, 
        6013
      ], 
      "26": [
        1136170, 
        1137145, 
        1135771, 
        1135196
      ], 
      "27": [
        650918, 
        631500, 
        642754, 
        627316
      ], 
      "28": [
        16221, 
        15330, 
        15979, 
        14963
      ], 
      "29": [
        450540, 
        465023, 
        453352, 
        472707
      ], 
      "3": [
        0, 
        0, 
        0, 
        0
      ], 
      "30": [
        0, 
        0, 
        0, 
        0
      ], 
      "31": [
        255246, 
        249123, 
        251981, 
        247727
      ], 
      "32": [
        707164, 
        727202, 
        704702, 
        729069
      ], 
      "33": [
        0, 
        0, 
        0, 
        0
      ], 
      "34": [
        451918, 
        478079, 
        452721, 
        481342
      ], 
      "35": [
        0, 
        0, 
        0, 
        0
      ], 
      "36": [
        0, 
        0, 
        0, 
        0
      ], 
      "37": [
        0, 
        0, 
        0, 
        0
      ], 
      "38": [
        0, 
        0, 
        0, 
        0
      ], 
      "39": [
        0, 
        0, 
        0, 
        0
      ], 
      "4": [
        0, 
        0, 
        0, 
        0
      ], 
      "40": [
        0, 
        0, 
        0, 
        0
      ], 
      "41": [
        0, 
        0, 
        0, 
        0
      ], 
      "42": [
        0, 
        0, 
        0, 
        0
      ], 
      "43": [
        0, 
        0, 
        0, 
        0
      ], 
      "44": [
        0, 
        0, 
        0, 
        0
      ], 
      "45": [
        0, 
        0, 
        0, 
        0
      ], 
      "46": [
        0, 
        0, 
        0, 
        0
      ], 
      "47": [
        0, 
        0, 
        0, 
        0
      ], 
      "48": [
        61398, 
        59769, 
        60521, 
        59580
      ], 
      "49": [
        26526, 
        29843, 
        25962, 
        28645
      ], 
      "5": [
        0, 
        0, 
        0, 
        0
      ], 
      "50": [
        0, 
        0, 
        0, 
        0
      ], 
      "51": [
        0, 
        0, 
        0, 
        0
      ], 
      "52": [
        58687, 
        57565, 
        58054, 
        57299
      ], 
      "53": [
        184188, 
        194706, 
        185638, 
        197528
      ], 
      "54": [
        21257, 
        20386, 
        20830, 
        21241
      ], 
      "55": [
        15889, 
        15207, 
        15728, 
        16084
      ], 
      "56": [
        15976, 
        15280, 
        15814, 
        16172
      ], 
      "57": [
        1, 
        1, 
        1, 
        1
      ], 
      "58": [
        4, 
        4, 
        4, 
        4
      ], 
      "59": [
        42, 
        42, 
        42, 
        42
      ], 
      "6": [
        0, 
        0, 
        0, 
        0
      ], 
      "60": [
        1794, 
        1615, 
        1656, 
        1703
      ], 
      "61": [
        129519, 
        126461, 
        127886, 
        125947
      ], 
      "62": [
        332, 
        332, 
        332, 
        332
      ], 
      "63": [
        0, 
        8, 
        0, 
        0
      ], 
      "7": [
        0, 
        0, 
        0, 
        0
      ], 
      "8": [
        0, 
        0, 
        0, 
        0
      ], 
      "9": [
        0, 
        0, 
        0, 
        0
      ]
    }
  }, 
  "features": {
    "GWS": [
      48, 
      48, 
      64
    ], 
    "LWS": [
      4, 
      1, 
      64
    ], 
    "OFFSET": [
      0, 
      0, 
      0
    ], 
    "compiler name": "ARM Mali OpenCL", 
    "compiler version": "5.0", 
    "cpu_freq": 800, 
    "gpu_freq": 266, 
    "image cols": 3074, 
    "image rows": 2185, 
    "pool_dir": "pool.14", 
    "program version": "c597087", 
    "size": 48
  }, 
  "meta": {
    "device name": "Mali-T628", 
    "device type": "GPU", 
    "device vendor": "ARM", 
    "experiment type": "benchmarking", 
    "kernel name": "calc_histogram", 
    "program name": "Realeyes HOG"
  }, 
  "tags": [
    "demo", 
    "arm", 
    "codegen15"
  ], 
  "work": {
    "repl": 1, 
    "timestamp": "2015-02-25T12:56:40.123459"
  }
}