{
  "characteristics": {
    "cpu": 0.011149, 
    "gpu_copy": 0.010114, 
    "gpu_only": 0.007268, 
    "is_gpu_better": true, 
    "l2 cache and mmu counters": {
      "0": 2548116721, 
      "1": 24, 
      "10": 0, 
      "11": 0, 
      "12": 0, 
      "13": 0, 
      "14": 0, 
      "15": 0, 
      "16": 9, 
      "17": 3, 
      "18": 175, 
      "19": 7, 
      "2": 65535, 
      "20": 0, 
      "21": 0, 
      "22": 0, 
      "23": 0, 
      "24": 0, 
      "25": 0, 
      "26": 0, 
      "27": 0, 
      "28": 0, 
      "29": 0, 
      "3": 0, 
      "30": 168, 
      "31": 15498, 
      "32": 1305469, 
      "33": 1052811, 
      "34": 1051971, 
      "35": 94592, 
      "36": 106722, 
      "37": 1021431, 
      "38": 0, 
      "39": 141201, 
      "4": 148, 
      "40": 141196, 
      "41": 407, 
      "42": 0, 
      "43": 141072, 
      "44": 0, 
      "45": 59, 
      "46": 0, 
      "47": 0, 
      "48": 3874, 
      "49": 3874, 
      "5": 62, 
      "50": 47, 
      "51": 41, 
      "52": 6, 
      "53": 2, 
      "54": 0, 
      "55": 0, 
      "56": 0, 
      "57": 5, 
      "58": 2, 
      "59": 0, 
      "6": 50, 
      "60": 0, 
      "61": 26420, 
      "62": 1124498, 
      "63": 529656, 
      "7": 86, 
      "8": 28, 
      "9": 0
    }, 
    "shader core counters": {
      "0": [
        2548116721, 
        2548116721, 
        2548116721, 
        2548116721
      ], 
      "1": [
        24, 
        24, 
        24, 
        24
      ], 
      "10": [
        0, 
        0, 
        0, 
        0
      ], 
      "11": [
        0, 
        0, 
        0, 
        0
      ], 
      "12": [
        0, 
        0, 
        0, 
        0
      ], 
      "13": [
        0, 
        0, 
        0, 
        0
      ], 
      "14": [
        0, 
        0, 
        0, 
        0
      ], 
      "15": [
        0, 
        0, 
        0, 
        0
      ], 
      "16": [
        0, 
        0, 
        0, 
        0
      ], 
      "17": [
        0, 
        0, 
        0, 
        0
      ], 
      "18": [
        0, 
        0, 
        0, 
        0
      ], 
      "19": [
        0, 
        0, 
        0, 
        0
      ], 
      "2": [
        65535, 
        65535, 
        65535, 
        65535
      ], 
      "20": [
        0, 
        0, 
        0, 
        0
      ], 
      "21": [
        0, 
        0, 
        0, 
        0
      ], 
      "22": [
        1931527, 
        1933077, 
        1930807, 
        1932234
      ], 
      "23": [
        516, 
        509, 
        506, 
        517
      ], 
      "24": [
        66048, 
        65152, 
        64768, 
        66176
      ], 
      "25": [
        5178, 
        5697, 
        4944, 
        7213
      ], 
      "26": [
        1931085, 
        1932628, 
        1930363, 
        1931795
      ], 
      "27": [
        1159018, 
        1147816, 
        1148536, 
        1153904
      ], 
      "28": [
        30667, 
        29896, 
        29940, 
        30121
      ], 
      "29": [
        722151, 
        733291, 
        733140, 
        727726
      ], 
      "3": [
        0, 
        0, 
        0, 
        0
      ], 
      "30": [
        0, 
        0, 
        0, 
        0
      ], 
      "31": [
        441867, 
        436801, 
        438374, 
        440387
      ], 
      "32": [
        1076846, 
        1107074, 
        1084060, 
        1099485
      ], 
      "33": [
        0, 
        0, 
        0, 
        0
      ], 
      "34": [
        634979, 
        670273, 
        645686, 
        659098
      ], 
      "35": [
        0, 
        0, 
        0, 
        0
      ], 
      "36": [
        0, 
        0, 
        0, 
        0
      ], 
      "37": [
        0, 
        0, 
        0, 
        0
      ], 
      "38": [
        0, 
        0, 
        0, 
        0
      ], 
      "39": [
        0, 
        0, 
        0, 
        0
      ], 
      "4": [
        0, 
        0, 
        0, 
        0
      ], 
      "40": [
        0, 
        0, 
        0, 
        0
      ], 
      "41": [
        0, 
        0, 
        0, 
        0
      ], 
      "42": [
        0, 
        0, 
        0, 
        0
      ], 
      "43": [
        0, 
        0, 
        0, 
        0
      ], 
      "44": [
        0, 
        0, 
        0, 
        0
      ], 
      "45": [
        0, 
        0, 
        0, 
        0
      ], 
      "46": [
        0, 
        0, 
        0, 
        0
      ], 
      "47": [
        0, 
        0, 
        0, 
        0
      ], 
      "48": [
        110403, 
        109088, 
        109702, 
        109345
      ], 
      "49": [
        38987, 
        42772, 
        38626, 
        39965
      ], 
      "5": [
        0, 
        0, 
        0, 
        0
      ], 
      "50": [
        0, 
        0, 
        0, 
        0
      ], 
      "51": [
        0, 
        0, 
        0, 
        0
      ], 
      "52": [
        98285, 
        97340, 
        97691, 
        98421
      ], 
      "53": [
        267725, 
        281869, 
        273480, 
        278797
      ], 
      "54": [
        35195, 
        35315, 
        35651, 
        34786
      ], 
      "55": [
        26567, 
        26460, 
        27114, 
        26269
      ], 
      "56": [
        26709, 
        26578, 
        27274, 
        26409
      ], 
      "57": [
        1, 
        1, 
        1, 
        1
      ], 
      "58": [
        4, 
        4, 
        4, 
        4
      ], 
      "59": [
        42, 
        42, 
        44, 
        44
      ], 
      "6": [
        0, 
        0, 
        0, 
        0
      ], 
      "60": [
        16, 
        15, 
        17, 
        15
      ], 
      "61": [
        225989, 
        223380, 
        224419, 
        224957
      ], 
      "62": [
        332, 
        332, 
        332, 
        0
      ], 
      "63": [
        0, 
        0, 
        16, 
        24
      ], 
      "7": [
        0, 
        0, 
        0, 
        0
      ], 
      "8": [
        0, 
        0, 
        0, 
        0
      ], 
      "9": [
        0, 
        0, 
        0, 
        0
      ]
    }
  }, 
  "features": {
    "GWS": [
      64, 
      64, 
      64
    ], 
    "LWS": [
      4, 
      1, 
      64
    ], 
    "OFFSET": [
      0, 
      0, 
      0
    ], 
    "compiler name": "ARM Mali OpenCL", 
    "compiler version": "5.0", 
    "cpu_freq": 800, 
    "gpu_freq": 266, 
    "image cols": 816, 
    "image rows": 612, 
    "pool_dir": "pool.21", 
    "program version": "c597087", 
    "size": 64
  }, 
  "meta": {
    "device name": "Mali-T628", 
    "device type": "GPU", 
    "device vendor": "ARM", 
    "experiment type": "benchmarking", 
    "kernel name": "calc_histogram", 
    "program name": "Realeyes HOG"
  }, 
  "tags": [
    "demo", 
    "arm", 
    "codegen15"
  ], 
  "work": {
    "repl": 2, 
    "timestamp": "2015-02-22T02:25:09.079966"
  }
}