{
  "characteristics": {
    "cpu": 0.008599, 
    "gpu_copy": 0.022315, 
    "gpu_only": 0.00529, 
    "is_gpu_better": false, 
    "l2 cache and mmu counters": {
      "0": 2247307828, 
      "1": 11, 
      "10": 0, 
      "11": 0, 
      "12": 0, 
      "13": 0, 
      "14": 0, 
      "15": 0, 
      "16": 8, 
      "17": 2, 
      "18": 162, 
      "19": 4, 
      "2": 65535, 
      "20": 0, 
      "21": 0, 
      "22": 0, 
      "23": 0, 
      "24": 0, 
      "25": 0, 
      "26": 0, 
      "27": 0, 
      "28": 0, 
      "29": 0, 
      "3": 0, 
      "30": 199, 
      "31": 19266, 
      "32": 919049, 
      "33": 726191, 
      "34": 724938, 
      "35": 67108, 
      "36": 75122, 
      "37": 700784, 
      "38": 0, 
      "39": 112821, 
      "4": 31928, 
      "40": 112816, 
      "41": 532, 
      "42": 0, 
      "43": 112677, 
      "44": 0, 
      "45": 97, 
      "46": 0, 
      "47": 0, 
      "48": 4816, 
      "49": 4816, 
      "5": 560, 
      "50": 54, 
      "51": 49, 
      "52": 5, 
      "53": 2, 
      "54": 0, 
      "55": 0, 
      "56": 0, 
      "57": 61, 
      "58": 2, 
      "59": 0, 
      "6": 67, 
      "60": 0, 
      "61": 18949, 
      "62": 779145, 
      "63": 320888, 
      "7": 459, 
      "8": 464, 
      "9": 0
    }, 
    "shader core counters": {
      "0": [
        2247307828, 
        2247307828, 
        2247307828, 
        2247307828
      ], 
      "1": [
        11, 
        11, 
        11, 
        11
      ], 
      "10": [
        0, 
        0, 
        0, 
        0
      ], 
      "11": [
        0, 
        0, 
        0, 
        0
      ], 
      "12": [
        0, 
        0, 
        0, 
        0
      ], 
      "13": [
        0, 
        0, 
        0, 
        0
      ], 
      "14": [
        0, 
        0, 
        0, 
        0
      ], 
      "15": [
        0, 
        0, 
        0, 
        0
      ], 
      "16": [
        0, 
        0, 
        0, 
        0
      ], 
      "17": [
        0, 
        0, 
        0, 
        0
      ], 
      "18": [
        0, 
        0, 
        0, 
        0
      ], 
      "19": [
        0, 
        0, 
        0, 
        0
      ], 
      "2": [
        65535, 
        65535, 
        65535, 
        65535
      ], 
      "20": [
        0, 
        0, 
        0, 
        0
      ], 
      "21": [
        0, 
        0, 
        0, 
        0
      ], 
      "22": [
        1400795, 
        1405262, 
        1402139, 
        1407030
      ], 
      "23": [
        289, 
        284, 
        287, 
        292
      ], 
      "24": [
        36992, 
        36352, 
        36736, 
        37376
      ], 
      "25": [
        5155, 
        3549, 
        7669, 
        4315
      ], 
      "26": [
        1400454, 
        1404912, 
        1401794, 
        1406687
      ], 
      "27": [
        839666, 
        829730, 
        830164, 
        839418
      ], 
      "28": [
        23785, 
        23258, 
        23213, 
        23595
      ], 
      "29": [
        520282, 
        529911, 
        526710, 
        526674
      ], 
      "3": [
        0, 
        0, 
        0, 
        0
      ], 
      "30": [
        0, 
        0, 
        0, 
        0
      ], 
      "31": [
        306392, 
        303551, 
        305005, 
        306624
      ], 
      "32": [
        796028, 
        820360, 
        813304, 
        809508
      ], 
      "33": [
        0, 
        0, 
        0, 
        0
      ], 
      "34": [
        489636, 
        516809, 
        508299, 
        502884
      ], 
      "35": [
        0, 
        0, 
        0, 
        0
      ], 
      "36": [
        0, 
        0, 
        0, 
        0
      ], 
      "37": [
        0, 
        0, 
        0, 
        0
      ], 
      "38": [
        0, 
        0, 
        0, 
        0
      ], 
      "39": [
        0, 
        0, 
        0, 
        0
      ], 
      "4": [
        0, 
        0, 
        0, 
        0
      ], 
      "40": [
        0, 
        0, 
        0, 
        0
      ], 
      "41": [
        0, 
        0, 
        0, 
        0
      ], 
      "42": [
        0, 
        0, 
        0, 
        0
      ], 
      "43": [
        0, 
        0, 
        0, 
        0
      ], 
      "44": [
        0, 
        0, 
        0, 
        0
      ], 
      "45": [
        0, 
        0, 
        0, 
        0
      ], 
      "46": [
        0, 
        0, 
        0, 
        0
      ], 
      "47": [
        0, 
        0, 
        0, 
        0
      ], 
      "48": [
        73808, 
        72904, 
        72978, 
        73692
      ], 
      "49": [
        37212, 
        40347, 
        39530, 
        40424
      ], 
      "5": [
        0, 
        0, 
        0, 
        0
      ], 
      "50": [
        0, 
        0, 
        0, 
        0
      ], 
      "51": [
        0, 
        0, 
        0, 
        0
      ], 
      "52": [
        76732, 
        76351, 
        76790, 
        76784
      ], 
      "53": [
        190954, 
        202087, 
        198366, 
        195036
      ], 
      "54": [
        27613, 
        28269, 
        28734, 
        28111
      ], 
      "55": [
        18452, 
        18664, 
        19131, 
        18478
      ], 
      "56": [
        18651, 
        18857, 
        19344, 
        18663
      ], 
      "57": [
        1, 
        1, 
        1, 
        1
      ], 
      "58": [
        3, 
        3, 
        3, 
        3
      ], 
      "59": [
        42, 
        43, 
        43, 
        43
      ], 
      "6": [
        0, 
        0, 
        0, 
        0
      ], 
      "60": [
        3100, 
        3198, 
        3165, 
        3087
      ], 
      "61": [
        163684, 
        162223, 
        162806, 
        163544
      ], 
      "62": [
        332, 
        332, 
        332, 
        332
      ], 
      "63": [
        0, 
        16, 
        8, 
        8
      ], 
      "7": [
        0, 
        0, 
        0, 
        0
      ], 
      "8": [
        0, 
        0, 
        0, 
        0
      ], 
      "9": [
        0, 
        0, 
        0, 
        0
      ]
    }
  }, 
  "features": {
    "GWS": [
      48, 
      48, 
      64
    ], 
    "LWS": [
      4, 
      1, 
      64
    ], 
    "OFFSET": [
      0, 
      0, 
      0
    ], 
    "compiler name": "ARM Mali OpenCL", 
    "compiler version": "5.0", 
    "cpu_freq": 800, 
    "gpu_freq": 266, 
    "image cols": 2593, 
    "image rows": 2593, 
    "pool_dir": "pool.02", 
    "program version": "c597087", 
    "size": 48
  }, 
  "meta": {
    "device name": "Mali-T628", 
    "device type": "GPU", 
    "device vendor": "ARM", 
    "experiment type": "benchmarking", 
    "kernel name": "calc_histogram", 
    "program name": "Realeyes HOG"
  }, 
  "tags": [
    "demo", 
    "arm", 
    "codegen15"
  ], 
  "work": {
    "repl": 4, 
    "timestamp": "2015-02-25T12:55:13.510918"
  }
}