{
  "characteristics": {
    "cpu": 0.010652, 
    "gpu_copy": 0.011185, 
    "gpu_only": 0.007494, 
    "is_gpu_better": false, 
    "l2 cache and mmu counters": {
      "0": 4069332325, 
      "1": 17, 
      "10": 0, 
      "11": 0, 
      "12": 0, 
      "13": 0, 
      "14": 0, 
      "15": 0, 
      "16": 9, 
      "17": 3, 
      "18": 179, 
      "19": 7, 
      "2": 65535, 
      "20": 0, 
      "21": 0, 
      "22": 0, 
      "23": 0, 
      "24": 0, 
      "25": 0, 
      "26": 0, 
      "27": 0, 
      "28": 0, 
      "29": 0, 
      "3": 0, 
      "30": 215, 
      "31": 16750, 
      "32": 1405237, 
      "33": 0, 
      "34": 1142479, 
      "35": 99119, 
      "36": 111017, 
      "37": 1110135, 
      "38": 0, 
      "39": 146204, 
      "4": 615, 
      "40": 146199, 
      "41": 479, 
      "42": 0, 
      "43": 146050, 
      "44": 0, 
      "45": 64, 
      "46": 0, 
      "47": 0, 
      "48": 4187, 
      "49": 4187, 
      "5": 60, 
      "50": 58, 
      "51": 53, 
      "52": 5, 
      "53": 2, 
      "54": 0, 
      "55": 0, 
      "56": 0, 
      "57": 160, 
      "58": 0, 
      "59": 0, 
      "6": 43, 
      "60": 0, 
      "61": 27142, 
      "62": 1219295, 
      "63": 649717, 
      "7": 96, 
      "8": 30, 
      "9": 0
    }, 
    "shader core counters": {
      "0": [
        4069332325, 
        4069332325, 
        4069332325, 
        4069332325
      ], 
      "1": [
        17, 
        17, 
        17, 
        17
      ], 
      "10": [
        0, 
        0, 
        0, 
        0
      ], 
      "11": [
        0, 
        0, 
        0, 
        0
      ], 
      "12": [
        0, 
        0, 
        0, 
        0
      ], 
      "13": [
        0, 
        0, 
        0, 
        0
      ], 
      "14": [
        0, 
        0, 
        0, 
        0
      ], 
      "15": [
        0, 
        0, 
        0, 
        0
      ], 
      "16": [
        0, 
        0, 
        0, 
        0
      ], 
      "17": [
        0, 
        0, 
        0, 
        0
      ], 
      "18": [
        0, 
        0, 
        0, 
        0
      ], 
      "19": [
        0, 
        0, 
        0, 
        0
      ], 
      "2": [
        65535, 
        65535, 
        65535, 
        65535
      ], 
      "20": [
        0, 
        0, 
        0, 
        0
      ], 
      "21": [
        0, 
        0, 
        0, 
        0
      ], 
      "22": [
        1991011, 
        1988914, 
        1993345, 
        1989876
      ], 
      "23": [
        511, 
        506, 
        519, 
        512
      ], 
      "24": [
        65408, 
        64768, 
        66432, 
        65536
      ], 
      "25": [
        11346, 
        13708, 
        8020, 
        5606
      ], 
      "26": [
        1990661, 
        1988551, 
        1992988, 
        1989522
      ], 
      "27": [
        1160406, 
        1141704, 
        1170124, 
        1155432
      ], 
      "28": [
        29582, 
        28951, 
        29831, 
        29446
      ], 
      "29": [
        773258, 
        785485, 
        773527, 
        780064
      ], 
      "3": [
        0, 
        0, 
        0, 
        0
      ], 
      "30": [
        0, 
        0, 
        0, 
        0
      ], 
      "31": [
        450714, 
        443582, 
        453745, 
        448419
      ], 
      "32": [
        1166908, 
        1209056, 
        1163903, 
        1186868
      ], 
      "33": [
        0, 
        0, 
        0, 
        0
      ], 
      "34": [
        716194, 
        765474, 
        710158, 
        738449
      ], 
      "35": [
        0, 
        0, 
        0, 
        0
      ], 
      "36": [
        0, 
        0, 
        0, 
        0
      ], 
      "37": [
        0, 
        0, 
        0, 
        0
      ], 
      "38": [
        0, 
        0, 
        0, 
        0
      ], 
      "39": [
        0, 
        0, 
        0, 
        0
      ], 
      "4": [
        0, 
        0, 
        0, 
        0
      ], 
      "40": [
        0, 
        0, 
        0, 
        0
      ], 
      "41": [
        0, 
        0, 
        0, 
        0
      ], 
      "42": [
        0, 
        0, 
        0, 
        0
      ], 
      "43": [
        0, 
        0, 
        0, 
        0
      ], 
      "44": [
        0, 
        0, 
        0, 
        0
      ], 
      "45": [
        0, 
        0, 
        0, 
        0
      ], 
      "46": [
        0, 
        0, 
        0, 
        0
      ], 
      "47": [
        0, 
        0, 
        0, 
        0
      ], 
      "48": [
        110078, 
        107530, 
        110304, 
        109240
      ], 
      "49": [
        42654, 
        47092, 
        42661, 
        46263
      ], 
      "5": [
        0, 
        0, 
        0, 
        0
      ], 
      "50": [
        0, 
        0, 
        0, 
        0
      ], 
      "51": [
        0, 
        0, 
        0, 
        0
      ], 
      "52": [
        103177, 
        102131, 
        104136, 
        102705
      ], 
      "53": [
        304466, 
        325147, 
        301203, 
        311980
      ], 
      "54": [
        36999, 
        36075, 
        36293, 
        36670
      ], 
      "55": [
        28121, 
        27435, 
        27408, 
        27669
      ], 
      "56": [
        28303, 
        27609, 
        27591, 
        27849
      ], 
      "57": [
        1, 
        1, 
        1, 
        1
      ], 
      "58": [
        3, 
        3, 
        3, 
        3
      ], 
      "59": [
        42, 
        42, 
        43, 
        42
      ], 
      "6": [
        0, 
        0, 
        0, 
        0
      ], 
      "60": [
        73, 
        58, 
        89, 
        72
      ], 
      "61": [
        230329, 
        226419, 
        231640, 
        228977
      ], 
      "62": [
        332, 
        332, 
        332, 
        332
      ], 
      "63": [
        0, 
        0, 
        8, 
        0
      ], 
      "7": [
        0, 
        0, 
        0, 
        0
      ], 
      "8": [
        0, 
        0, 
        0, 
        0
      ], 
      "9": [
        0, 
        0, 
        0, 
        0
      ]
    }
  }, 
  "features": {
    "GWS": [
      64, 
      64, 
      64
    ], 
    "LWS": [
      4, 
      1, 
      64
    ], 
    "OFFSET": [
      0, 
      0, 
      0
    ], 
    "compiler name": "ARM Mali OpenCL", 
    "compiler version": "5.0", 
    "cpu_freq": 800, 
    "gpu_freq": 266, 
    "image cols": 944, 
    "image rows": 708, 
    "pool_dir": "pool.05", 
    "program version": "c597087", 
    "size": 64
  }, 
  "meta": {
    "device name": "Mali-T628", 
    "device type": "GPU", 
    "device vendor": "ARM", 
    "experiment type": "benchmarking", 
    "kernel name": "calc_histogram", 
    "program name": "Realeyes HOG"
  }, 
  "tags": [
    "demo", 
    "arm", 
    "codegen15"
  ], 
  "work": {
    "repl": 4, 
    "timestamp": "2015-02-22T02:05:19.833977"
  }
}