{
  "characteristics": {
    "cpu": 0.005458, 
    "gpu_copy": 0.00916, 
    "gpu_only": 0.007246, 
    "is_gpu_better": false, 
    "l2 cache and mmu counters": {
      "0": 3805469702, 
      "1": 18, 
      "10": 0, 
      "11": 0, 
      "12": 0, 
      "13": 0, 
      "14": 0, 
      "15": 0, 
      "16": 8, 
      "17": 2, 
      "18": 162, 
      "19": 4, 
      "2": 65535, 
      "20": 0, 
      "21": 0, 
      "22": 0, 
      "23": 0, 
      "24": 0, 
      "25": 0, 
      "26": 0, 
      "27": 0, 
      "28": 0, 
      "29": 0, 
      "3": 0, 
      "30": 140, 
      "31": 15102, 
      "32": 1285945, 
      "33": 1036622, 
      "34": 1035813, 
      "35": 92931, 
      "36": 105745, 
      "37": 1005882, 
      "38": 0, 
      "39": 138910, 
      "4": 145, 
      "40": 138905, 
      "41": 410, 
      "42": 0, 
      "43": 138767, 
      "44": 0, 
      "45": 60, 
      "46": 0, 
      "47": 0, 
      "48": 3775, 
      "49": 3775, 
      "5": 57, 
      "50": 40, 
      "51": 34, 
      "52": 6, 
      "53": 2, 
      "54": 0, 
      "55": 0, 
      "56": 0, 
      "57": 64, 
      "58": 3, 
      "59": 0, 
      "6": 51, 
      "60": 0, 
      "61": 26318, 
      "62": 1103971, 
      "63": 520554, 
      "7": 73, 
      "8": 24, 
      "9": 0
    }, 
    "shader core counters": {
      "0": [
        3805469702, 
        3805469702, 
        3805469702, 
        3805469702
      ], 
      "1": [
        18, 
        18, 
        18, 
        18
      ], 
      "10": [
        0, 
        0, 
        0, 
        0
      ], 
      "11": [
        0, 
        0, 
        0, 
        0
      ], 
      "12": [
        0, 
        0, 
        0, 
        0
      ], 
      "13": [
        0, 
        0, 
        0, 
        0
      ], 
      "14": [
        0, 
        0, 
        0, 
        0
      ], 
      "15": [
        0, 
        0, 
        0, 
        0
      ], 
      "16": [
        0, 
        0, 
        0, 
        0
      ], 
      "17": [
        0, 
        0, 
        0, 
        0
      ], 
      "18": [
        0, 
        0, 
        0, 
        0
      ], 
      "19": [
        0, 
        0, 
        0, 
        0
      ], 
      "2": [
        65535, 
        65535, 
        65535, 
        65535
      ], 
      "20": [
        0, 
        0, 
        0, 
        0
      ], 
      "21": [
        0, 
        0, 
        0, 
        0
      ], 
      "22": [
        1922988, 
        1922713, 
        1925574, 
        1927391
      ], 
      "23": [
        506, 
        515, 
        511, 
        516
      ], 
      "24": [
        64768, 
        65920, 
        65408, 
        66048
      ], 
      "25": [
        5060, 
        6746, 
        5248, 
        4881
      ], 
      "26": [
        1922636, 
        1922352, 
        1925218, 
        1927037
      ], 
      "27": [
        1151750, 
        1143604, 
        1150536, 
        1154520
      ], 
      "28": [
        30079, 
        30085, 
        29997, 
        30264
      ], 
      "29": [
        721611, 
        723505, 
        727538, 
        725395
      ], 
      "3": [
        0, 
        0, 
        0, 
        0
      ], 
      "30": [
        0, 
        0, 
        0, 
        0
      ], 
      "31": [
        439582, 
        436725, 
        438722, 
        441692
      ], 
      "32": [
        1062395, 
        1104920, 
        1062683, 
        1091015
      ], 
      "33": [
        0, 
        0, 
        0, 
        0
      ], 
      "34": [
        622813, 
        668195, 
        623961, 
        649323
      ], 
      "35": [
        0, 
        0, 
        0, 
        0
      ], 
      "36": [
        0, 
        0, 
        0, 
        0
      ], 
      "37": [
        0, 
        0, 
        0, 
        0
      ], 
      "38": [
        0, 
        0, 
        0, 
        0
      ], 
      "39": [
        0, 
        0, 
        0, 
        0
      ], 
      "4": [
        0, 
        0, 
        0, 
        0
      ], 
      "40": [
        0, 
        0, 
        0, 
        0
      ], 
      "41": [
        0, 
        0, 
        0, 
        0
      ], 
      "42": [
        0, 
        0, 
        0, 
        0
      ], 
      "43": [
        0, 
        0, 
        0, 
        0
      ], 
      "44": [
        0, 
        0, 
        0, 
        0
      ], 
      "45": [
        0, 
        0, 
        0, 
        0
      ], 
      "46": [
        0, 
        0, 
        0, 
        0
      ], 
      "47": [
        0, 
        0, 
        0, 
        0
      ], 
      "48": [
        110464, 
        108038, 
        109946, 
        110091
      ], 
      "49": [
        35454, 
        39381, 
        35969, 
        38225
      ], 
      "5": [
        0, 
        0, 
        0, 
        0
      ], 
      "50": [
        0, 
        0, 
        0, 
        0
      ], 
      "51": [
        0, 
        0, 
        0, 
        0
      ], 
      "52": [
        97591, 
        97842, 
        97425, 
        98526
      ], 
      "53": [
        264824, 
        284039, 
        264956, 
        275487
      ], 
      "54": [
        35130, 
        34401, 
        34429, 
        34591
      ], 
      "55": [
        26807, 
        26133, 
        26333, 
        26203
      ], 
      "56": [
        26916, 
        26263, 
        26442, 
        26308
      ], 
      "57": [
        1, 
        1, 
        1, 
        1
      ], 
      "58": [
        3, 
        3, 
        3, 
        3
      ], 
      "59": [
        42, 
        42, 
        42, 
        42
      ], 
      "6": [
        0, 
        0, 
        0, 
        0
      ], 
      "60": [
        16, 
        15, 
        17, 
        15
      ], 
      "61": [
        225167, 
        222946, 
        224481, 
        225798
      ], 
      "62": [
        332, 
        332, 
        332, 
        332
      ], 
      "63": [
        0, 
        0, 
        8, 
        8
      ], 
      "7": [
        0, 
        0, 
        0, 
        0
      ], 
      "8": [
        0, 
        0, 
        0, 
        0
      ], 
      "9": [
        0, 
        0, 
        0, 
        0
      ]
    }
  }, 
  "features": {
    "GWS": [
      64, 
      64, 
      64
    ], 
    "LWS": [
      4, 
      1, 
      64
    ], 
    "OFFSET": [
      0, 
      0, 
      0
    ], 
    "compiler name": "ARM Mali OpenCL", 
    "compiler version": "5.0", 
    "cpu_freq": 1600, 
    "gpu_freq": 266, 
    "image cols": 816, 
    "image rows": 612, 
    "pool_dir": "pool.21", 
    "program version": "c597087", 
    "size": 64
  }, 
  "meta": {
    "device name": "Mali-T628", 
    "device type": "GPU", 
    "device vendor": "ARM", 
    "experiment type": "benchmarking", 
    "kernel name": "calc_histogram", 
    "program name": "Realeyes HOG"
  }, 
  "tags": [
    "demo", 
    "arm", 
    "codegen15"
  ], 
  "work": {
    "repl": 4, 
    "timestamp": "2015-02-22T02:08:07.599387"
  }
}