{
  "characteristics": {
    "cpu": 0.001415, 
    "gpu_copy": 0.014608, 
    "gpu_only": 0.00053, 
    "is_gpu_better": false, 
    "l2 cache and mmu counters": {
      "0": 2839985406, 
      "1": 20, 
      "10": 0, 
      "11": 0, 
      "12": 0, 
      "13": 0, 
      "14": 0, 
      "15": 0, 
      "16": 8, 
      "17": 3, 
      "18": 173, 
      "19": 4, 
      "2": 65535, 
      "20": 0, 
      "21": 0, 
      "22": 0, 
      "23": 0, 
      "24": 0, 
      "25": 0, 
      "26": 0, 
      "27": 0, 
      "28": 0, 
      "29": 0, 
      "3": 0, 
      "30": 138, 
      "31": 4694, 
      "32": 85213, 
      "33": 63370, 
      "34": 62475, 
      "35": 6125, 
      "36": 6841, 
      "37": 60306, 
      "38": 0, 
      "39": 10813, 
      "4": 2212, 
      "40": 10808, 
      "41": 94, 
      "42": 0, 
      "43": 10791, 
      "44": 0, 
      "45": 71, 
      "46": 0, 
      "47": 0, 
      "48": 1173, 
      "49": 1173, 
      "5": 124, 
      "50": 43, 
      "51": 34, 
      "52": 4, 
      "53": 2, 
      "54": 0, 
      "55": 0, 
      "56": 0, 
      "57": 39, 
      "58": 8, 
      "59": 0, 
      "6": 58, 
      "60": 0, 
      "61": 1628, 
      "62": 65667, 
      "63": 25360, 
      "7": 347, 
      "8": 91, 
      "9": 0
    }, 
    "shader core counters": {
      "0": [
        2839985406, 
        2839985406, 
        2839985406, 
        2839985406
      ], 
      "1": [
        20, 
        20, 
        20, 
        20
      ], 
      "10": [
        0, 
        0, 
        0, 
        0
      ], 
      "11": [
        0, 
        0, 
        0, 
        0
      ], 
      "12": [
        0, 
        0, 
        0, 
        0
      ], 
      "13": [
        0, 
        0, 
        0, 
        0
      ], 
      "14": [
        0, 
        0, 
        0, 
        0
      ], 
      "15": [
        0, 
        0, 
        0, 
        0
      ], 
      "16": [
        0, 
        0, 
        0, 
        0
      ], 
      "17": [
        0, 
        0, 
        0, 
        0
      ], 
      "18": [
        0, 
        0, 
        0, 
        0
      ], 
      "19": [
        0, 
        0, 
        0, 
        0
      ], 
      "2": [
        65535, 
        65535, 
        65535, 
        65535
      ], 
      "20": [
        0, 
        0, 
        0, 
        0
      ], 
      "21": [
        0, 
        0, 
        0, 
        0
      ], 
      "22": [
        140947, 
        136584, 
        136607, 
        138985
      ], 
      "23": [
        31, 
        35, 
        30, 
        32
      ], 
      "24": [
        3968, 
        4480, 
        3840, 
        4096
      ], 
      "25": [
        4863, 
        4019, 
        4415, 
        5816
      ], 
      "26": [
        140601, 
        136232, 
        136260, 
        138643
      ], 
      "27": [
        83936, 
        78378, 
        79758, 
        80566
      ], 
      "28": [
        2424, 
        2190, 
        2237, 
        2327
      ], 
      "29": [
        49049, 
        48276, 
        47468, 
        48316
      ], 
      "3": [
        0, 
        0, 
        0, 
        0
      ], 
      "30": [
        0, 
        0, 
        0, 
        0
      ], 
      "31": [
        30499, 
        29090, 
        29192, 
        29707
      ], 
      "32": [
        74500, 
        77589, 
        71424, 
        75358
      ], 
      "33": [
        0, 
        0, 
        0, 
        0
      ], 
      "34": [
        44001, 
        48499, 
        42232, 
        45651
      ], 
      "35": [
        0, 
        0, 
        0, 
        0
      ], 
      "36": [
        0, 
        0, 
        0, 
        0
      ], 
      "37": [
        0, 
        0, 
        0, 
        0
      ], 
      "38": [
        0, 
        0, 
        0, 
        0
      ], 
      "39": [
        0, 
        0, 
        0, 
        0
      ], 
      "4": [
        0, 
        0, 
        0, 
        0
      ], 
      "40": [
        0, 
        0, 
        0, 
        0
      ], 
      "41": [
        0, 
        0, 
        0, 
        0
      ], 
      "42": [
        0, 
        0, 
        0, 
        0
      ], 
      "43": [
        0, 
        0, 
        0, 
        0
      ], 
      "44": [
        0, 
        0, 
        0, 
        0
      ], 
      "45": [
        0, 
        0, 
        0, 
        0
      ], 
      "46": [
        0, 
        0, 
        0, 
        0
      ], 
      "47": [
        0, 
        0, 
        0, 
        0
      ], 
      "48": [
        7830, 
        7091, 
        7447, 
        7462
      ], 
      "49": [
        3511, 
        3974, 
        3569, 
        3623
      ], 
      "5": [
        0, 
        0, 
        0, 
        0
      ], 
      "50": [
        0, 
        0, 
        0, 
        0
      ], 
      "51": [
        0, 
        0, 
        0, 
        0
      ], 
      "52": [
        6993, 
        6669, 
        6728, 
        6853
      ], 
      "53": [
        16751, 
        18832, 
        16000, 
        17454
      ], 
      "54": [
        2838, 
        2654, 
        2587, 
        2684
      ], 
      "55": [
        1773, 
        1663, 
        1655, 
        1719
      ], 
      "56": [
        1779, 
        1680, 
        1678, 
        1742
      ], 
      "57": [
        1, 
        1, 
        1, 
        1
      ], 
      "58": [
        3, 
        3, 
        3, 
        3
      ], 
      "59": [
        44, 
        42, 
        43, 
        42
      ], 
      "6": [
        0, 
        0, 
        0, 
        0
      ], 
      "60": [
        238, 
        217, 
        201, 
        237
      ], 
      "61": [
        16129, 
        14973, 
        15400, 
        15557
      ], 
      "62": [
        332, 
        332, 
        332, 
        332
      ], 
      "63": [
        16, 
        0, 
        16, 
        0
      ], 
      "7": [
        0, 
        0, 
        0, 
        0
      ], 
      "8": [
        0, 
        0, 
        0, 
        0
      ], 
      "9": [
        0, 
        0, 
        0, 
        0
      ]
    }
  }, 
  "features": {
    "GWS": [
      16, 
      16, 
      64
    ], 
    "LWS": [
      4, 
      1, 
      64
    ], 
    "OFFSET": [
      0, 
      0, 
      0
    ], 
    "compiler name": "ARM Mali OpenCL", 
    "compiler version": "5.0", 
    "cpu_freq": 800, 
    "gpu_freq": 266, 
    "image cols": 2521, 
    "image rows": 2184, 
    "pool_dir": "pool.20", 
    "program version": "c597087", 
    "size": 16
  }, 
  "meta": {
    "device name": "Mali-T628", 
    "device type": "GPU", 
    "device vendor": "ARM", 
    "experiment type": "benchmarking", 
    "kernel name": "calc_histogram", 
    "program name": "Realeyes HOG"
  }, 
  "tags": [
    "demo", 
    "arm", 
    "codegen15"
  ], 
  "work": {
    "repl": 1, 
    "timestamp": "2015-02-22T02:13:25.492863"
  }
}