{
  "characteristics": {
    "cpu": 0.006044, 
    "gpu_copy": 0.0159, 
    "gpu_only": 0.002006, 
    "is_gpu_better": false, 
    "l2 cache and mmu counters": {
      "0": 291059707, 
      "1": 18, 
      "10": 0, 
      "11": 0, 
      "12": 0, 
      "13": 0, 
      "14": 0, 
      "15": 0, 
      "16": 9, 
      "17": 2, 
      "18": 253, 
      "19": 5, 
      "2": 65535, 
      "20": 0, 
      "21": 0, 
      "22": 0, 
      "23": 0, 
      "24": 0, 
      "25": 0, 
      "26": 0, 
      "27": 0, 
      "28": 0, 
      "29": 0, 
      "3": 0, 
      "30": 184, 
      "31": 13778, 
      "32": 718571, 
      "33": 577595, 
      "34": 576337, 
      "35": 51788, 
      "36": 58354, 
      "37": 557551, 
      "38": 0, 
      "39": 78127, 
      "4": 14013, 
      "40": 78118, 
      "41": 355, 
      "42": 0, 
      "43": 78022, 
      "44": 0, 
      "45": 74, 
      "46": 0, 
      "47": 0, 
      "48": 3444, 
      "49": 3444, 
      "5": 168, 
      "50": 63, 
      "51": 45, 
      "52": 6, 
      "53": 2, 
      "54": 0, 
      "55": 0, 
      "56": 0, 
      "57": 113, 
      "58": 2, 
      "59": 0, 
      "6": 105, 
      "60": 0, 
      "61": 15426, 
      "62": 613146, 
      "63": 288630, 
      "7": 414, 
      "8": 139, 
      "9": 0
    }, 
    "shader core counters": {
      "0": [
        291059707, 
        291059707, 
        291059707, 
        291059707
      ], 
      "1": [
        18, 
        18, 
        18, 
        18
      ], 
      "10": [
        0, 
        0, 
        0, 
        0
      ], 
      "11": [
        0, 
        0, 
        0, 
        0
      ], 
      "12": [
        0, 
        0, 
        0, 
        0
      ], 
      "13": [
        0, 
        0, 
        0, 
        0
      ], 
      "14": [
        0, 
        0, 
        0, 
        0
      ], 
      "15": [
        0, 
        0, 
        0, 
        0
      ], 
      "16": [
        0, 
        0, 
        0, 
        0
      ], 
      "17": [
        0, 
        0, 
        0, 
        0
      ], 
      "18": [
        0, 
        0, 
        0, 
        0
      ], 
      "19": [
        0, 
        0, 
        0, 
        0
      ], 
      "2": [
        65535, 
        65535, 
        65535, 
        65535
      ], 
      "20": [
        0, 
        0, 
        0, 
        0
      ], 
      "21": [
        0, 
        0, 
        0, 
        0
      ], 
      "22": [
        1066590, 
        1066777, 
        1065835, 
        1067400
      ], 
      "23": [
        289, 
        285, 
        289, 
        289
      ], 
      "24": [
        36992, 
        36480, 
        36992, 
        36992
      ], 
      "25": [
        5925, 
        7593, 
        4434, 
        3483
      ], 
      "26": [
        1066133, 
        1066314, 
        1065377, 
        1066947
      ], 
      "27": [
        635004, 
        630108, 
        636090, 
        629996
      ], 
      "28": [
        16919, 
        16404, 
        16707, 
        16399
      ], 
      "29": [
        401797, 
        404153, 
        400045, 
        406790
      ], 
      "3": [
        0, 
        0, 
        0, 
        0
      ], 
      "30": [
        0, 
        0, 
        0, 
        0
      ], 
      "31": [
        242504, 
        240006, 
        242399, 
        240857
      ], 
      "32": [
        608035, 
        613567, 
        603003, 
        622026
      ], 
      "33": [
        0, 
        0, 
        0, 
        0
      ], 
      "34": [
        365531, 
        373561, 
        360604, 
        381169
      ], 
      "35": [
        0, 
        0, 
        0, 
        0
      ], 
      "36": [
        0, 
        0, 
        0, 
        0
      ], 
      "37": [
        0, 
        0, 
        0, 
        0
      ], 
      "38": [
        0, 
        0, 
        0, 
        0
      ], 
      "39": [
        0, 
        0, 
        0, 
        0
      ], 
      "4": [
        0, 
        0, 
        0, 
        0
      ], 
      "40": [
        0, 
        0, 
        0, 
        0
      ], 
      "41": [
        0, 
        0, 
        0, 
        0
      ], 
      "42": [
        0, 
        0, 
        0, 
        0
      ], 
      "43": [
        0, 
        0, 
        0, 
        0
      ], 
      "44": [
        0, 
        0, 
        0, 
        0
      ], 
      "45": [
        0, 
        0, 
        0, 
        0
      ], 
      "46": [
        0, 
        0, 
        0, 
        0
      ], 
      "47": [
        0, 
        0, 
        0, 
        0
      ], 
      "48": [
        61185, 
        60727, 
        61115, 
        60470
      ], 
      "49": [
        21569, 
        22584, 
        20158, 
        22819
      ], 
      "5": [
        0, 
        0, 
        0, 
        0
      ], 
      "50": [
        0, 
        0, 
        0, 
        0
      ], 
      "51": [
        0, 
        0, 
        0, 
        0
      ], 
      "52": [
        52940, 
        52347, 
        52959, 
        52764
      ], 
      "53": [
        149458, 
        152236, 
        148238, 
        156202
      ], 
      "54": [
        19630, 
        19377, 
        19280, 
        19705
      ], 
      "55": [
        14715, 
        14463, 
        14419, 
        14557
      ], 
      "56": [
        14820, 
        14569, 
        14509, 
        14654
      ], 
      "57": [
        1, 
        1, 
        1, 
        1
      ], 
      "58": [
        3, 
        3, 
        3, 
        3
      ], 
      "59": [
        44, 
        42, 
        43, 
        42
      ], 
      "6": [
        0, 
        0, 
        0, 
        0
      ], 
      "60": [
        1437, 
        1449, 
        1442, 
        1459
      ], 
      "61": [
        123588, 
        122371, 
        123519, 
        122620
      ], 
      "62": [
        0, 
        332, 
        332, 
        332
      ], 
      "63": [
        24, 
        0, 
        8, 
        0
      ], 
      "7": [
        0, 
        0, 
        0, 
        0
      ], 
      "8": [
        0, 
        0, 
        0, 
        0
      ], 
      "9": [
        0, 
        0, 
        0, 
        0
      ]
    }
  }, 
  "features": {
    "GWS": [
      48, 
      48, 
      64
    ], 
    "LWS": [
      4, 
      1, 
      64
    ], 
    "OFFSET": [
      0, 
      0, 
      0
    ], 
    "compiler name": "ARM Mali OpenCL", 
    "compiler version": "5.0", 
    "cpu_freq": 800, 
    "gpu_freq": 533, 
    "image cols": 2582, 
    "image rows": 1940, 
    "pool_dir": "pool.06", 
    "program version": "c597087", 
    "size": 48
  }, 
  "meta": {
    "device name": "Mali-T628", 
    "device type": "GPU", 
    "device vendor": "ARM", 
    "experiment type": "benchmarking", 
    "kernel name": "calc_histogram", 
    "program name": "Realeyes HOG"
  }, 
  "tags": [
    "demo", 
    "arm", 
    "codegen15"
  ], 
  "work": {
    "repl": 1, 
    "timestamp": "2015-02-25T13:14:44.727845"
  }
}