{
  "characteristics": {
    "cpu": 0.000545, 
    "gpu_copy": 0.010841, 
    "gpu_only": 0.000413, 
    "is_gpu_better": false, 
    "l2 cache and mmu counters": {
      "0": 1639710802, 
      "1": 18, 
      "10": 0, 
      "11": 0, 
      "12": 0, 
      "13": 0, 
      "14": 0, 
      "15": 0, 
      "16": 9, 
      "17": 2, 
      "18": 240, 
      "19": 7, 
      "2": 65535, 
      "20": 0, 
      "21": 0, 
      "22": 0, 
      "23": 0, 
      "24": 0, 
      "25": 0, 
      "26": 0, 
      "27": 0, 
      "28": 0, 
      "29": 0, 
      "3": 0, 
      "30": 86, 
      "31": 2898, 
      "32": 77391, 
      "33": 60067, 
      "34": 59245, 
      "35": 5040, 
      "36": 5511, 
      "37": 57674, 
      "38": 0, 
      "39": 7671, 
      "4": 1368, 
      "40": 7666, 
      "41": 61, 
      "42": 0, 
      "43": 7636, 
      "44": 0, 
      "45": 37, 
      "46": 0, 
      "47": 0, 
      "48": 724, 
      "49": 724, 
      "5": 98, 
      "50": 25, 
      "51": 21, 
      "52": 4, 
      "53": 2, 
      "54": 0, 
      "55": 0, 
      "56": 0, 
      "57": 0, 
      "58": 4, 
      "59": 0, 
      "6": 79, 
      "60": 0, 
      "61": 1652, 
      "62": 61039, 
      "63": 38273, 
      "7": 225, 
      "8": 83, 
      "9": 0
    }, 
    "shader core counters": {
      "0": [
        1639710802, 
        1639710802, 
        1639710802, 
        1639710802
      ], 
      "1": [
        18, 
        18, 
        18, 
        18
      ], 
      "10": [
        0, 
        0, 
        0, 
        0
      ], 
      "11": [
        0, 
        0, 
        0, 
        0
      ], 
      "12": [
        0, 
        0, 
        0, 
        0
      ], 
      "13": [
        0, 
        0, 
        0, 
        0
      ], 
      "14": [
        0, 
        0, 
        0, 
        0
      ], 
      "15": [
        0, 
        0, 
        0, 
        0
      ], 
      "16": [
        0, 
        0, 
        0, 
        0
      ], 
      "17": [
        0, 
        0, 
        0, 
        0
      ], 
      "18": [
        0, 
        0, 
        0, 
        0
      ], 
      "19": [
        0, 
        0, 
        0, 
        0
      ], 
      "2": [
        65535, 
        65535, 
        65535, 
        65535
      ], 
      "20": [
        0, 
        0, 
        0, 
        0
      ], 
      "21": [
        0, 
        0, 
        0, 
        0
      ], 
      "22": [
        109392, 
        105227, 
        108988, 
        109751
      ], 
      "23": [
        33, 
        30, 
        34, 
        31
      ], 
      "24": [
        4224, 
        3840, 
        4352, 
        3968
      ], 
      "25": [
        17448, 
        19550, 
        8794, 
        16161
      ], 
      "26": [
        109049, 
        104874, 
        108641, 
        109408
      ], 
      "27": [
        56388, 
        50638, 
        58774, 
        53496
      ], 
      "28": [
        1239, 
        1116, 
        1265, 
        1149
      ], 
      "29": [
        42480, 
        41390, 
        44500, 
        44233
      ], 
      "3": [
        0, 
        0, 
        0, 
        0
      ], 
      "30": [
        0, 
        0, 
        0, 
        0
      ], 
      "31": [
        23706, 
        21493, 
        24411, 
        22447
      ], 
      "32": [
        67214, 
        69316, 
        68901, 
        71515
      ], 
      "33": [
        0, 
        0, 
        0, 
        0
      ], 
      "34": [
        43508, 
        47823, 
        44490, 
        49068
      ], 
      "35": [
        0, 
        0, 
        0, 
        0
      ], 
      "36": [
        0, 
        0, 
        0, 
        0
      ], 
      "37": [
        0, 
        0, 
        0, 
        0
      ], 
      "38": [
        0, 
        0, 
        0, 
        0
      ], 
      "39": [
        0, 
        0, 
        0, 
        0
      ], 
      "4": [
        0, 
        0, 
        0, 
        0
      ], 
      "40": [
        0, 
        0, 
        0, 
        0
      ], 
      "41": [
        0, 
        0, 
        0, 
        0
      ], 
      "42": [
        0, 
        0, 
        0, 
        0
      ], 
      "43": [
        0, 
        0, 
        0, 
        0
      ], 
      "44": [
        0, 
        0, 
        0, 
        0
      ], 
      "45": [
        0, 
        0, 
        0, 
        0
      ], 
      "46": [
        0, 
        0, 
        0, 
        0
      ], 
      "47": [
        0, 
        0, 
        0, 
        0
      ], 
      "48": [
        5978, 
        5127, 
        6120, 
        5474
      ], 
      "49": [
        3587, 
        3418, 
        2922, 
        3495
      ], 
      "5": [
        0, 
        0, 
        0, 
        0
      ], 
      "50": [
        0, 
        0, 
        0, 
        0
      ], 
      "51": [
        0, 
        0, 
        0, 
        0
      ], 
      "52": [
        4661, 
        4534, 
        4825, 
        4615
      ], 
      "53": [
        17006, 
        19423, 
        18065, 
        19891
      ], 
      "54": [
        1869, 
        1815, 
        1932, 
        1984
      ], 
      "55": [
        1354, 
        1308, 
        1406, 
        1448
      ], 
      "56": [
        1356, 
        1312, 
        1399, 
        1446
      ], 
      "57": [
        1, 
        1, 
        1, 
        1
      ], 
      "58": [
        3, 
        3, 
        3, 
        3
      ], 
      "59": [
        43, 
        42, 
        42, 
        42
      ], 
      "6": [
        0, 
        0, 
        0, 
        0
      ], 
      "60": [
        141, 
        120, 
        143, 
        141
      ], 
      "61": [
        11381, 
        10342, 
        11721, 
        10791
      ], 
      "62": [
        332, 
        332, 
        332, 
        332
      ], 
      "63": [
        16, 
        0, 
        0, 
        8
      ], 
      "7": [
        0, 
        0, 
        0, 
        0
      ], 
      "8": [
        0, 
        0, 
        0, 
        0
      ], 
      "9": [
        0, 
        0, 
        0, 
        0
      ]
    }
  }, 
  "features": {
    "GWS": [
      16, 
      16, 
      64
    ], 
    "LWS": [
      4, 
      1, 
      64
    ], 
    "OFFSET": [
      0, 
      0, 
      0
    ], 
    "compiler name": "ARM Mali OpenCL", 
    "compiler version": "5.0", 
    "cpu_freq": 1600, 
    "gpu_freq": 266, 
    "image cols": 3600, 
    "image rows": 1800, 
    "pool_dir": "pool.17", 
    "program version": "c597087", 
    "size": 16
  }, 
  "meta": {
    "device name": "Mali-T628", 
    "device type": "GPU", 
    "device vendor": "ARM", 
    "experiment type": "benchmarking", 
    "kernel name": "calc_histogram", 
    "program name": "Realeyes HOG"
  }, 
  "tags": [
    "demo", 
    "arm", 
    "codegen15"
  ], 
  "work": {
    "repl": 1, 
    "timestamp": "2015-02-22T02:06:37.355617"
  }
}