{
  "characteristics": {
    "cpu": 0.022622, 
    "gpu_copy": 0.039581, 
    "gpu_only": 0.031093, 
    "is_gpu_better": false, 
    "l2 cache and mmu counters": {
      "0": 787680863, 
      "1": 23, 
      "10": 0, 
      "11": 0, 
      "12": 0, 
      "13": 0, 
      "14": 0, 
      "15": 0, 
      "16": 8, 
      "17": 3, 
      "18": 167, 
      "19": 4, 
      "2": 65535, 
      "20": 0, 
      "21": 0, 
      "22": 0, 
      "23": 0, 
      "24": 0, 
      "25": 0, 
      "26": 0, 
      "27": 0, 
      "28": 0, 
      "29": 0, 
      "3": 0, 
      "30": 476, 
      "31": 72250, 
      "32": 5387366, 
      "33": 4271259, 
      "34": 4270030, 
      "35": 399082, 
      "36": 452595, 
      "37": 4131440, 
      "38": 0, 
      "39": 655550, 
      "4": 138058, 
      "40": 655545, 
      "41": 2300, 
      "42": 0, 
      "43": 654842, 
      "44": 0, 
      "45": 231, 
      "46": 0, 
      "47": 0, 
      "48": 18062, 
      "49": 18062, 
      "5": 460, 
      "50": 124, 
      "51": 118, 
      "52": 6, 
      "53": 2, 
      "54": 0, 
      "55": 0, 
      "56": 0, 
      "57": 473, 
      "58": 2, 
      "59": 0, 
      "6": 71, 
      "60": 0, 
      "61": 115713, 
      "62": 4592514, 
      "63": 1806231, 
      "7": 428, 
      "8": 395, 
      "9": 0
    }, 
    "shader core counters": {
      "0": [
        787680863, 
        787680863, 
        787680863, 
        787680863
      ], 
      "1": [
        23, 
        23, 
        23, 
        23
      ], 
      "10": [
        0, 
        0, 
        0, 
        0
      ], 
      "11": [
        0, 
        0, 
        0, 
        0
      ], 
      "12": [
        0, 
        0, 
        0, 
        0
      ], 
      "13": [
        0, 
        0, 
        0, 
        0
      ], 
      "14": [
        0, 
        0, 
        0, 
        0
      ], 
      "15": [
        0, 
        0, 
        0, 
        0
      ], 
      "16": [
        0, 
        0, 
        0, 
        0
      ], 
      "17": [
        0, 
        0, 
        0, 
        0
      ], 
      "18": [
        0, 
        0, 
        0, 
        0
      ], 
      "19": [
        0, 
        0, 
        0, 
        0
      ], 
      "2": [
        65535, 
        65535, 
        65535, 
        65535
      ], 
      "20": [
        0, 
        0, 
        0, 
        0
      ], 
      "21": [
        0, 
        0, 
        0, 
        0
      ], 
      "22": [
        8270338, 
        8270617, 
        8270041, 
        8270373
      ], 
      "23": [
        2041, 
        2041, 
        2066, 
        2044
      ], 
      "24": [
        261248, 
        261248, 
        264448, 
        261632
      ], 
      "25": [
        6818, 
        4666, 
        5427, 
        9302
      ], 
      "26": [
        8269992, 
        8270265, 
        8269694, 
        8270031
      ], 
      "27": [
        5111066, 
        5077046, 
        5122908, 
        5090586
      ], 
      "28": [
        146057, 
        144465, 
        147122, 
        144367
      ], 
      "29": [
        2962337, 
        2992034, 
        2954274, 
        2984705
      ], 
      "3": [
        0, 
        0, 
        0, 
        0
      ], 
      "30": [
        0, 
        0, 
        0, 
        0
      ], 
      "31": [
        1856363, 
        1845269, 
        1862893, 
        1849742
      ], 
      "32": [
        4583293, 
        4644124, 
        4559242, 
        4621638
      ], 
      "33": [
        0, 
        0, 
        0, 
        0
      ], 
      "34": [
        2726930, 
        2798855, 
        2696349, 
        2771896
      ], 
      "35": [
        0, 
        0, 
        0, 
        0
      ], 
      "36": [
        0, 
        0, 
        0, 
        0
      ], 
      "37": [
        0, 
        0, 
        0, 
        0
      ], 
      "38": [
        0, 
        0, 
        0, 
        0
      ], 
      "39": [
        0, 
        0, 
        0, 
        0
      ], 
      "4": [
        0, 
        0, 
        0, 
        0
      ], 
      "40": [
        0, 
        0, 
        0, 
        0
      ], 
      "41": [
        0, 
        0, 
        0, 
        0
      ], 
      "42": [
        0, 
        0, 
        0, 
        0
      ], 
      "43": [
        0, 
        0, 
        0, 
        0
      ], 
      "44": [
        0, 
        0, 
        0, 
        0
      ], 
      "45": [
        0, 
        0, 
        0, 
        0
      ], 
      "46": [
        0, 
        0, 
        0, 
        0
      ], 
      "47": [
        0, 
        0, 
        0, 
        0
      ], 
      "48": [
        476340, 
        471863, 
        476870, 
        474216
      ], 
      "49": [
        165697, 
        176543, 
        163706, 
        173308
      ], 
      "5": [
        0, 
        0, 
        0, 
        0
      ], 
      "50": [
        0, 
        0, 
        0, 
        0
      ], 
      "51": [
        0, 
        0, 
        0, 
        0
      ], 
      "52": [
        416969, 
        415042, 
        418202, 
        415191
      ], 
      "53": [
        1079412, 
        1105919, 
        1065236, 
        1095367
      ], 
      "54": [
        164104, 
        163407, 
        163473, 
        163921
      ], 
      "55": [
        113077, 
        112522, 
        112177, 
        112811
      ], 
      "56": [
        114004, 
        113452, 
        113104, 
        113728
      ], 
      "57": [
        1, 
        1, 
        1, 
        1
      ], 
      "58": [
        3, 
        3, 
        3, 
        3
      ], 
      "59": [
        42, 
        42, 
        42, 
        42
      ], 
      "6": [
        0, 
        0, 
        0, 
        0
      ], 
      "60": [
        14087, 
        13955, 
        14147, 
        13961
      ], 
      "61": [
        972505, 
        965578, 
        974650, 
        968351
      ], 
      "62": [
        332, 
        332, 
        332, 
        332
      ], 
      "63": [
        8, 
        0, 
        0, 
        0
      ], 
      "7": [
        0, 
        0, 
        0, 
        0
      ], 
      "8": [
        0, 
        0, 
        0, 
        0
      ], 
      "9": [
        0, 
        0, 
        0, 
        0
      ]
    }
  }, 
  "features": {
    "GWS": [
      12, 
      12, 
      64
    ], 
    "LWS": [
      4, 
      1, 
      64
    ], 
    "OFFSET": [
      0, 
      0, 
      0
    ], 
    "compiler name": "ARM Mali OpenCL", 
    "compiler version": "5.0", 
    "cpu_freq": 1600, 
    "gpu_freq": 266, 
    "image cols": 2422, 
    "image rows": 2066, 
    "pool_dir": "pool.15", 
    "program version": "c597087", 
    "size": 128
  }, 
  "meta": {
    "device name": "Mali-T628", 
    "device type": "GPU", 
    "device vendor": "ARM", 
    "experiment type": "benchmarking", 
    "kernel name": "calc_histogram", 
    "program name": "Realeyes HOG"
  }, 
  "tags": [
    "demo", 
    "arm", 
    "codegen15"
  ], 
  "work": {
    "repl": 1, 
    "timestamp": "2015-02-22T02:20:56.707296"
  }
}