{
  "characteristics": {
    "cpu": 0.010679, 
    "gpu_copy": 0.006389, 
    "gpu_only": 0.003644, 
    "is_gpu_better": true, 
    "l2 cache and mmu counters": {
      "0": 2796472042, 
      "1": 22, 
      "10": 0, 
      "11": 0, 
      "12": 0, 
      "13": 0, 
      "14": 0, 
      "15": 0, 
      "16": 8, 
      "17": 3, 
      "18": 243, 
      "19": 4, 
      "2": 65535, 
      "20": 0, 
      "21": 0, 
      "22": 0, 
      "23": 0, 
      "24": 0, 
      "25": 0, 
      "26": 0, 
      "27": 0, 
      "28": 0, 
      "29": 0, 
      "3": 0, 
      "30": 240, 
      "31": 15910, 
      "32": 1302167, 
      "33": 1049986, 
      "34": 1048782, 
      "35": 94121, 
      "36": 106563, 
      "37": 1017677, 
      "38": 0, 
      "39": 140936, 
      "4": 145, 
      "40": 140931, 
      "41": 464, 
      "42": 0, 
      "43": 140788, 
      "44": 0, 
      "45": 63, 
      "46": 0, 
      "47": 0, 
      "48": 3977, 
      "49": 3977, 
      "5": 52, 
      "50": 65, 
      "51": 59, 
      "52": 6, 
      "53": 2, 
      "54": 0, 
      "55": 0, 
      "56": 0, 
      "57": 352, 
      "58": 0, 
      "59": 0, 
      "6": 81, 
      "60": 0, 
      "61": 26718, 
      "62": 1118226, 
      "63": 532807, 
      "7": 86, 
      "8": 27, 
      "9": 0
    }, 
    "shader core counters": {
      "0": [
        2796472042, 
        2796472042, 
        2796472042, 
        2796472042
      ], 
      "1": [
        22, 
        22, 
        22, 
        22
      ], 
      "10": [
        0, 
        0, 
        0, 
        0
      ], 
      "11": [
        0, 
        0, 
        0, 
        0
      ], 
      "12": [
        0, 
        0, 
        0, 
        0
      ], 
      "13": [
        0, 
        0, 
        0, 
        0
      ], 
      "14": [
        0, 
        0, 
        0, 
        0
      ], 
      "15": [
        0, 
        0, 
        0, 
        0
      ], 
      "16": [
        0, 
        0, 
        0, 
        0
      ], 
      "17": [
        0, 
        0, 
        0, 
        0
      ], 
      "18": [
        0, 
        0, 
        0, 
        0
      ], 
      "19": [
        0, 
        0, 
        0, 
        0
      ], 
      "2": [
        65535, 
        65535, 
        65535, 
        65535
      ], 
      "20": [
        0, 
        0, 
        0, 
        0
      ], 
      "21": [
        0, 
        0, 
        0, 
        0
      ], 
      "22": [
        1934204, 
        1933514, 
        1934575, 
        1938443
      ], 
      "23": [
        524, 
        503, 
        515, 
        506
      ], 
      "24": [
        67072, 
        64384, 
        65920, 
        64768
      ], 
      "25": [
        5557, 
        6553, 
        4844, 
        6564
      ], 
      "26": [
        1933743, 
        1933045, 
        1934111, 
        1937985
      ], 
      "27": [
        1161198, 
        1139230, 
        1158072, 
        1150636
      ], 
      "28": [
        30717, 
        29505, 
        30480, 
        30082
      ], 
      "29": [
        722205, 
        738082, 
        726444, 
        734286
      ], 
      "3": [
        0, 
        0, 
        0, 
        0
      ], 
      "30": [
        0, 
        0, 
        0, 
        0
      ], 
      "31": [
        443162, 
        434723, 
        441511, 
        438855
      ], 
      "32": [
        1098499, 
        1121851, 
        1084765, 
        1099130
      ], 
      "33": [
        0, 
        0, 
        0, 
        0
      ], 
      "34": [
        655337, 
        687128, 
        643254, 
        660275
      ], 
      "35": [
        0, 
        0, 
        0, 
        0
      ], 
      "36": [
        0, 
        0, 
        0, 
        0
      ], 
      "37": [
        0, 
        0, 
        0, 
        0
      ], 
      "38": [
        0, 
        0, 
        0, 
        0
      ], 
      "39": [
        0, 
        0, 
        0, 
        0
      ], 
      "4": [
        0, 
        0, 
        0, 
        0
      ], 
      "40": [
        0, 
        0, 
        0, 
        0
      ], 
      "41": [
        0, 
        0, 
        0, 
        0
      ], 
      "42": [
        0, 
        0, 
        0, 
        0
      ], 
      "43": [
        0, 
        0, 
        0, 
        0
      ], 
      "44": [
        0, 
        0, 
        0, 
        0
      ], 
      "45": [
        0, 
        0, 
        0, 
        0
      ], 
      "46": [
        0, 
        0, 
        0, 
        0
      ], 
      "47": [
        0, 
        0, 
        0, 
        0
      ], 
      "48": [
        109697, 
        108449, 
        110525, 
        109867
      ], 
      "49": [
        40348, 
        43395, 
        39230, 
        42546
      ], 
      "5": [
        0, 
        0, 
        0, 
        0
      ], 
      "50": [
        0, 
        0, 
        0, 
        0
      ], 
      "51": [
        0, 
        0, 
        0, 
        0
      ], 
      "52": [
        99221, 
        97065, 
        98111, 
        97751
      ], 
      "53": [
        276564, 
        289812, 
        271449, 
        276662
      ], 
      "54": [
        35059, 
        35718, 
        35213, 
        34813
      ], 
      "55": [
        26252, 
        27073, 
        26584, 
        26277
      ], 
      "56": [
        26445, 
        27266, 
        26777, 
        26447
      ], 
      "57": [
        1, 
        1, 
        1, 
        1
      ], 
      "58": [
        3, 
        3, 
        3, 
        3
      ], 
      "59": [
        43, 
        42, 
        42, 
        42
      ], 
      "6": [
        0, 
        0, 
        0, 
        0
      ], 
      "60": [
        17, 
        15, 
        16, 
        15
      ], 
      "61": [
        226205, 
        222441, 
        225839, 
        224671
      ], 
      "62": [
        332, 
        332, 
        332, 
        332
      ], 
      "63": [
        8, 
        0, 
        0, 
        0
      ], 
      "7": [
        0, 
        0, 
        0, 
        0
      ], 
      "8": [
        0, 
        0, 
        0, 
        0
      ], 
      "9": [
        0, 
        0, 
        0, 
        0
      ]
    }
  }, 
  "features": {
    "GWS": [
      64, 
      64, 
      64
    ], 
    "LWS": [
      4, 
      1, 
      64
    ], 
    "OFFSET": [
      0, 
      0, 
      0
    ], 
    "compiler name": "ARM Mali OpenCL", 
    "compiler version": "5.0", 
    "cpu_freq": 800, 
    "gpu_freq": 533, 
    "image cols": 816, 
    "image rows": 612, 
    "pool_dir": "pool.21", 
    "program version": "c597087", 
    "size": 64
  }, 
  "meta": {
    "device name": "Mali-T628", 
    "device type": "GPU", 
    "device vendor": "ARM", 
    "experiment type": "benchmarking", 
    "kernel name": "calc_histogram", 
    "program name": "Realeyes HOG"
  }, 
  "tags": [
    "demo", 
    "arm", 
    "codegen15"
  ], 
  "work": {
    "repl": 2, 
    "timestamp": "2015-02-22T02:19:21.518881"
  }
}