{
  "characteristics": {
    "cpu": 0.004152, 
    "gpu_copy": 0.018246, 
    "gpu_only": 0.001006, 
    "is_gpu_better": false, 
    "l2 cache and mmu counters": {
      "0": 3042993054, 
      "1": 13, 
      "10": 0, 
      "11": 0, 
      "12": 0, 
      "13": 0, 
      "14": 0, 
      "15": 0, 
      "16": 9, 
      "17": 0, 
      "18": 235, 
      "19": 4, 
      "2": 65535, 
      "20": 0, 
      "21": 0, 
      "22": 0, 
      "23": 0, 
      "24": 0, 
      "25": 0, 
      "26": 0, 
      "27": 0, 
      "28": 0, 
      "29": 0, 
      "3": 0, 
      "30": 159, 
      "31": 10026, 
      "32": 335841, 
      "33": 261063, 
      "34": 259762, 
      "35": 25077, 
      "36": 28490, 
      "37": 250818, 
      "38": 0, 
      "39": 41874, 
      "4": 9703, 
      "40": 41869, 
      "41": 271, 
      "42": 0, 
      "43": 41788, 
      "44": 0, 
      "45": 75, 
      "46": 0, 
      "47": 0, 
      "48": 2506, 
      "49": 2506, 
      "5": 171, 
      "50": 44, 
      "51": 39, 
      "52": 5, 
      "53": 2, 
      "54": 0, 
      "55": 0, 
      "56": 0, 
      "57": 23, 
      "58": 4, 
      "59": 0, 
      "6": 130, 
      "60": 0, 
      "61": 7014, 
      "62": 278033, 
      "63": 104646, 
      "7": 457, 
      "8": 123, 
      "9": 0
    }, 
    "shader core counters": {
      "0": [
        3042993054, 
        3042993054, 
        3042993054, 
        3042993054
      ], 
      "1": [
        13, 
        13, 
        13, 
        13
      ], 
      "10": [
        0, 
        0, 
        0, 
        0
      ], 
      "11": [
        0, 
        0, 
        0, 
        0
      ], 
      "12": [
        0, 
        0, 
        0, 
        0
      ], 
      "13": [
        0, 
        0, 
        0, 
        0
      ], 
      "14": [
        0, 
        0, 
        0, 
        0
      ], 
      "15": [
        0, 
        0, 
        0, 
        0
      ], 
      "16": [
        0, 
        0, 
        0, 
        0
      ], 
      "17": [
        0, 
        0, 
        0, 
        0
      ], 
      "18": [
        0, 
        0, 
        0, 
        0
      ], 
      "19": [
        0, 
        0, 
        0, 
        0
      ], 
      "2": [
        65535, 
        65535, 
        65535, 
        65535
      ], 
      "20": [
        0, 
        0, 
        0, 
        0
      ], 
      "21": [
        0, 
        0, 
        0, 
        0
      ], 
      "22": [
        534521, 
        532029, 
        535174, 
        535066
      ], 
      "23": [
        126, 
        129, 
        126, 
        131
      ], 
      "24": [
        16128, 
        16512, 
        16128, 
        16768
      ], 
      "25": [
        3387, 
        4694, 
        5608, 
        5379
      ], 
      "26": [
        534052, 
        531555, 
        534705, 
        534591
      ], 
      "27": [
        321104, 
        321302, 
        326272, 
        322894
      ], 
      "28": [
        9034, 
        9093, 
        9362, 
        9076
      ], 
      "29": [
        194096, 
        189107, 
        189627, 
        192275
      ], 
      "3": [
        0, 
        0, 
        0, 
        0
      ], 
      "30": [
        0, 
        0, 
        0, 
        0
      ], 
      "31": [
        117922, 
        117813, 
        118482, 
        118584
      ], 
      "32": [
        298581, 
        300571, 
        291950, 
        294357
      ], 
      "33": [
        0, 
        0, 
        0, 
        0
      ], 
      "34": [
        180659, 
        182758, 
        173468, 
        175773
      ], 
      "35": [
        0, 
        0, 
        0, 
        0
      ], 
      "36": [
        0, 
        0, 
        0, 
        0
      ], 
      "37": [
        0, 
        0, 
        0, 
        0
      ], 
      "38": [
        0, 
        0, 
        0, 
        0
      ], 
      "39": [
        0, 
        0, 
        0, 
        0
      ], 
      "4": [
        0, 
        0, 
        0, 
        0
      ], 
      "40": [
        0, 
        0, 
        0, 
        0
      ], 
      "41": [
        0, 
        0, 
        0, 
        0
      ], 
      "42": [
        0, 
        0, 
        0, 
        0
      ], 
      "43": [
        0, 
        0, 
        0, 
        0
      ], 
      "44": [
        0, 
        0, 
        0, 
        0
      ], 
      "45": [
        0, 
        0, 
        0, 
        0
      ], 
      "46": [
        0, 
        0, 
        0, 
        0
      ], 
      "47": [
        0, 
        0, 
        0, 
        0
      ], 
      "48": [
        29781, 
        29555, 
        30229, 
        29688
      ], 
      "49": [
        12928, 
        14633, 
        13638, 
        12845
      ], 
      "5": [
        0, 
        0, 
        0, 
        0
      ], 
      "50": [
        0, 
        0, 
        0, 
        0
      ], 
      "51": [
        0, 
        0, 
        0, 
        0
      ], 
      "52": [
        27101, 
        27070, 
        27017, 
        27244
      ], 
      "53": [
        70816, 
        70468, 
        66591, 
        68294
      ], 
      "54": [
        10641, 
        10396, 
        10446, 
        10371
      ], 
      "55": [
        7278, 
        7035, 
        7022, 
        6983
      ], 
      "56": [
        7363, 
        7117, 
        7113, 
        7068
      ], 
      "57": [
        1, 
        1, 
        1, 
        1
      ], 
      "58": [
        3, 
        3, 
        3, 
        3
      ], 
      "59": [
        44, 
        42, 
        42, 
        43
      ], 
      "6": [
        0, 
        0, 
        0, 
        0
      ], 
      "60": [
        939, 
        970, 
        995, 
        985
      ], 
      "61": [
        61869, 
        61582, 
        62289, 
        61892
      ], 
      "62": [
        0, 
        332, 
        332, 
        332
      ], 
      "63": [
        24, 
        8, 
        0, 
        16
      ], 
      "7": [
        0, 
        0, 
        0, 
        0
      ], 
      "8": [
        0, 
        0, 
        0, 
        0
      ], 
      "9": [
        0, 
        0, 
        0, 
        0
      ]
    }
  }, 
  "features": {
    "GWS": [
      32, 
      32, 
      64
    ], 
    "LWS": [
      4, 
      1, 
      64
    ], 
    "OFFSET": [
      0, 
      0, 
      0
    ], 
    "compiler name": "ARM Mali OpenCL", 
    "compiler version": "5.0", 
    "cpu_freq": 800, 
    "gpu_freq": 533, 
    "image cols": 2521, 
    "image rows": 2184, 
    "pool_dir": "pool.20", 
    "program version": "c597087", 
    "size": 32
  }, 
  "meta": {
    "device name": "Mali-T628", 
    "device type": "GPU", 
    "device vendor": "ARM", 
    "experiment type": "benchmarking", 
    "kernel name": "calc_histogram", 
    "program name": "Realeyes HOG"
  }, 
  "tags": [
    "demo", 
    "arm", 
    "codegen15"
  ], 
  "work": {
    "repl": 0, 
    "timestamp": "2015-02-25T13:01:44.533214"
  }
}