{
  "characteristics": {
    "cpu": 0.018722, 
    "gpu_copy": 0.031906, 
    "gpu_only": 0.02998, 
    "is_gpu_better": false, 
    "l2 cache and mmu counters": {
      "0": 1048871704, 
      "1": 24, 
      "10": 0, 
      "11": 0, 
      "12": 0, 
      "13": 0, 
      "14": 0, 
      "15": 0, 
      "16": 8, 
      "17": 2, 
      "18": 177, 
      "19": 4, 
      "2": 65535, 
      "20": 0, 
      "21": 0, 
      "22": 0, 
      "23": 0, 
      "24": 0, 
      "25": 0, 
      "26": 0, 
      "27": 0, 
      "28": 0, 
      "29": 0, 
      "3": 0, 
      "30": 424, 
      "31": 43074, 
      "32": 5739614, 
      "33": 4693342, 
      "34": 4692540, 
      "35": 397570, 
      "36": 444341, 
      "37": 4560013, 
      "38": 0, 
      "39": 595673, 
      "4": 123, 
      "40": 595668, 
      "41": 1386, 
      "42": 0, 
      "43": 595141, 
      "44": 0, 
      "45": 89, 
      "46": 0, 
      "47": 0, 
      "48": 10768, 
      "49": 10768, 
      "5": 48, 
      "50": 121, 
      "51": 105, 
      "52": 6, 
      "53": 2, 
      "54": 0, 
      "55": 0, 
      "56": 0, 
      "57": 527, 
      "58": 0, 
      "59": 0, 
      "6": 49, 
      "60": 0, 
      "61": 117675, 
      "62": 4996602, 
      "63": 2879129, 
      "7": 50, 
      "8": 23, 
      "9": 0
    }, 
    "shader core counters": {
      "0": [
        1048871704, 
        1048871704, 
        1048871704, 
        1048871704
      ], 
      "1": [
        24, 
        24, 
        24, 
        24
      ], 
      "10": [
        0, 
        0, 
        0, 
        0
      ], 
      "11": [
        0, 
        0, 
        0, 
        0
      ], 
      "12": [
        0, 
        0, 
        0, 
        0
      ], 
      "13": [
        0, 
        0, 
        0, 
        0
      ], 
      "14": [
        0, 
        0, 
        0, 
        0
      ], 
      "15": [
        0, 
        0, 
        0, 
        0
      ], 
      "16": [
        0, 
        0, 
        0, 
        0
      ], 
      "17": [
        0, 
        0, 
        0, 
        0
      ], 
      "18": [
        0, 
        0, 
        0, 
        0
      ], 
      "19": [
        0, 
        0, 
        0, 
        0
      ], 
      "2": [
        65535, 
        65535, 
        65535, 
        65535
      ], 
      "20": [
        0, 
        0, 
        0, 
        0
      ], 
      "21": [
        0, 
        0, 
        0, 
        0
      ], 
      "22": [
        7974371, 
        7970592, 
        7970513, 
        7970471
      ], 
      "23": [
        2074, 
        1997, 
        2075, 
        2046
      ], 
      "24": [
        265472, 
        255616, 
        265600, 
        261888
      ], 
      "25": [
        109655, 
        95217, 
        104226, 
        96706
      ], 
      "26": [
        7974025, 
        7970240, 
        7970166, 
        7970129
      ], 
      "27": [
        4543068, 
        4410530, 
        4563980, 
        4484072
      ], 
      "28": [
        111959, 
        107240, 
        112727, 
        109548
      ], 
      "29": [
        3225003, 
        3298956, 
        3207113, 
        3267530
      ], 
      "3": [
        0, 
        0, 
        0, 
        0
      ], 
      "30": [
        0, 
        0, 
        0, 
        0
      ], 
      "31": [
        1759129, 
        1710009, 
        1762566, 
        1736968
      ], 
      "32": [
        4934314, 
        5154734, 
        4930945, 
        5064250
      ], 
      "33": [
        0, 
        0, 
        0, 
        0
      ], 
      "34": [
        3175185, 
        3444725, 
        3168379, 
        3327282
      ], 
      "35": [
        0, 
        0, 
        0, 
        0
      ], 
      "36": [
        0, 
        0, 
        0, 
        0
      ], 
      "37": [
        0, 
        0, 
        0, 
        0
      ], 
      "38": [
        0, 
        0, 
        0, 
        0
      ], 
      "39": [
        0, 
        0, 
        0, 
        0
      ], 
      "4": [
        0, 
        0, 
        0, 
        0
      ], 
      "40": [
        0, 
        0, 
        0, 
        0
      ], 
      "41": [
        0, 
        0, 
        0, 
        0
      ], 
      "42": [
        0, 
        0, 
        0, 
        0
      ], 
      "43": [
        0, 
        0, 
        0, 
        0
      ], 
      "44": [
        0, 
        0, 
        0, 
        0
      ], 
      "45": [
        0, 
        0, 
        0, 
        0
      ], 
      "46": [
        0, 
        0, 
        0, 
        0
      ], 
      "47": [
        0, 
        0, 
        0, 
        0
      ], 
      "48": [
        434905, 
        421957, 
        436307, 
        428713
      ], 
      "49": [
        210331, 
        237426, 
        210436, 
        225879
      ], 
      "5": [
        0, 
        0, 
        0, 
        0
      ], 
      "50": [
        0, 
        0, 
        0, 
        0
      ], 
      "51": [
        0, 
        0, 
        0, 
        0
      ], 
      "52": [
        392457, 
        383561, 
        392993, 
        388284
      ], 
      "53": [
        1322255, 
        1432765, 
        1318867, 
        1384084
      ], 
      "54": [
        149244, 
        147412, 
        149439, 
        148640
      ], 
      "55": [
        111311, 
        109613, 
        111289, 
        110822
      ], 
      "56": [
        111876, 
        110174, 
        111837, 
        111365
      ], 
      "57": [
        1, 
        1, 
        1, 
        1
      ], 
      "58": [
        3, 
        3, 
        3, 
        3
      ], 
      "59": [
        42, 
        43, 
        42, 
        42
      ], 
      "6": [
        0, 
        0, 
        0, 
        0
      ], 
      "60": [
        13, 
        13, 
        13, 
        13
      ], 
      "61": [
        894191, 
        870375, 
        896333, 
        882700
      ], 
      "62": [
        332, 
        332, 
        332, 
        332
      ], 
      "63": [
        0, 
        8, 
        0, 
        0
      ], 
      "7": [
        0, 
        0, 
        0, 
        0
      ], 
      "8": [
        0, 
        0, 
        0, 
        0
      ], 
      "9": [
        0, 
        0, 
        0, 
        0
      ]
    }
  }, 
  "features": {
    "GWS": [
      12, 
      12, 
      64
    ], 
    "LWS": [
      4, 
      1, 
      64
    ], 
    "OFFSET": [
      0, 
      0, 
      0
    ], 
    "compiler name": "ARM Mali OpenCL", 
    "compiler version": "5.0", 
    "cpu_freq": 1600, 
    "gpu_freq": 266, 
    "image cols": 633, 
    "image rows": 921, 
    "pool_dir": "pool.01", 
    "program version": "c597087", 
    "size": 128
  }, 
  "meta": {
    "device name": "Mali-T628", 
    "device type": "GPU", 
    "device vendor": "ARM", 
    "experiment type": "benchmarking", 
    "kernel name": "calc_histogram", 
    "program name": "Realeyes HOG"
  }, 
  "tags": [
    "demo", 
    "arm", 
    "codegen15"
  ], 
  "work": {
    "repl": 2, 
    "timestamp": "2015-02-22T02:24:06.465715"
  }
}