{
  "characteristics": {
    "cpu": 0.001481, 
    "gpu_copy": 0.004621, 
    "gpu_only": 0.001771, 
    "is_gpu_better": false, 
    "l2 cache and mmu counters": {
      "0": 1022439886, 
      "1": 15, 
      "10": 0, 
      "11": 0, 
      "12": 0, 
      "13": 0, 
      "14": 0, 
      "15": 0, 
      "16": 8, 
      "17": 3, 
      "18": 179, 
      "19": 4, 
      "2": 65535, 
      "20": 0, 
      "21": 0, 
      "22": 0, 
      "23": 0, 
      "24": 0, 
      "25": 0, 
      "26": 0, 
      "27": 0, 
      "28": 0, 
      "29": 0, 
      "3": 0, 
      "30": 94, 
      "31": 6774, 
      "32": 333674, 
      "33": 269292, 
      "34": 268474, 
      "35": 23035, 
      "36": 25650, 
      "37": 259990, 
      "38": 0, 
      "39": 34462, 
      "4": 1189, 
      "40": 34457, 
      "41": 148, 
      "42": 0, 
      "43": 34426, 
      "44": 0, 
      "45": 52, 
      "46": 0, 
      "47": 0, 
      "48": 1693, 
      "49": 1693, 
      "5": 75, 
      "50": 32, 
      "51": 23, 
      "52": 4, 
      "53": 2, 
      "54": 0, 
      "55": 0, 
      "56": 0, 
      "57": 0, 
      "58": 6, 
      "59": 0, 
      "6": 35, 
      "60": 0, 
      "61": 7417, 
      "62": 283283, 
      "63": 159717, 
      "7": 150, 
      "8": 39, 
      "9": 0
    }, 
    "shader core counters": {
      "0": [
        1022439886, 
        1022439886, 
        1022439886, 
        1022439886
      ], 
      "1": [
        15, 
        15, 
        15, 
        15
      ], 
      "10": [
        0, 
        0, 
        0, 
        0
      ], 
      "11": [
        0, 
        0, 
        0, 
        0
      ], 
      "12": [
        0, 
        0, 
        0, 
        0
      ], 
      "13": [
        0, 
        0, 
        0, 
        0
      ], 
      "14": [
        0, 
        0, 
        0, 
        0
      ], 
      "15": [
        0, 
        0, 
        0, 
        0
      ], 
      "16": [
        0, 
        0, 
        0, 
        0
      ], 
      "17": [
        0, 
        0, 
        0, 
        0
      ], 
      "18": [
        0, 
        0, 
        0, 
        0
      ], 
      "19": [
        0, 
        0, 
        0, 
        0
      ], 
      "2": [
        65535, 
        65535, 
        65535, 
        65535
      ], 
      "20": [
        0, 
        0, 
        0, 
        0
      ], 
      "21": [
        0, 
        0, 
        0, 
        0
      ], 
      "22": [
        468664, 
        470795, 
        469738, 
        470364
      ], 
      "23": [
        128, 
        128, 
        129, 
        127
      ], 
      "24": [
        16384, 
        16384, 
        16512, 
        16256
      ], 
      "25": [
        10205, 
        17268, 
        16995, 
        24322
      ], 
      "26": [
        468319, 
        470446, 
        469391, 
        470022
      ], 
      "27": [
        270706, 
        262214, 
        269164, 
        264488
      ], 
      "28": [
        6672, 
        6346, 
        6753, 
        6386
      ], 
      "29": [
        181298, 
        188207, 
        181396, 
        184936
      ], 
      "3": [
        0, 
        0, 
        0, 
        0
      ], 
      "30": [
        0, 
        0, 
        0, 
        0
      ], 
      "31": [
        106190, 
        103112, 
        105804, 
        104011
      ], 
      "32": [
        278221, 
        302125, 
        286467, 
        289724
      ], 
      "33": [
        0, 
        0, 
        0, 
        0
      ], 
      "34": [
        172031, 
        199013, 
        180663, 
        185713
      ], 
      "35": [
        0, 
        0, 
        0, 
        0
      ], 
      "36": [
        0, 
        0, 
        0, 
        0
      ], 
      "37": [
        0, 
        0, 
        0, 
        0
      ], 
      "38": [
        0, 
        0, 
        0, 
        0
      ], 
      "39": [
        0, 
        0, 
        0, 
        0
      ], 
      "4": [
        0, 
        0, 
        0, 
        0
      ], 
      "40": [
        0, 
        0, 
        0, 
        0
      ], 
      "41": [
        0, 
        0, 
        0, 
        0
      ], 
      "42": [
        0, 
        0, 
        0, 
        0
      ], 
      "43": [
        0, 
        0, 
        0, 
        0
      ], 
      "44": [
        0, 
        0, 
        0, 
        0
      ], 
      "45": [
        0, 
        0, 
        0, 
        0
      ], 
      "46": [
        0, 
        0, 
        0, 
        0
      ], 
      "47": [
        0, 
        0, 
        0, 
        0
      ], 
      "48": [
        26744, 
        25196, 
        26313, 
        25612
      ], 
      "49": [
        10827, 
        13831, 
        11234, 
        12100
      ], 
      "5": [
        0, 
        0, 
        0, 
        0
      ], 
      "50": [
        0, 
        0, 
        0, 
        0
      ], 
      "51": [
        0, 
        0, 
        0, 
        0
      ], 
      "52": [
        22851, 
        22776, 
        23046, 
        22869
      ], 
      "53": [
        72094, 
        82659, 
        75962, 
        77888
      ], 
      "54": [
        8483, 
        8695, 
        8794, 
        8336
      ], 
      "55": [
        6366, 
        6507, 
        6566, 
        6177
      ], 
      "56": [
        6386, 
        6513, 
        6582, 
        6201
      ], 
      "57": [
        1, 
        1, 
        1, 
        1
      ], 
      "58": [
        3, 
        3, 
        3, 
        3
      ], 
      "59": [
        42, 
        42, 
        42, 
        42
      ], 
      "6": [
        0, 
        0, 
        0, 
        0
      ], 
      "60": [
        147, 
        140, 
        142, 
        130
      ], 
      "61": [
        53483, 
        51768, 
        53262, 
        52325
      ], 
      "62": [
        332, 
        332, 
        332, 
        332
      ], 
      "63": [
        0, 
        0, 
        0, 
        0
      ], 
      "7": [
        0, 
        0, 
        0, 
        0
      ], 
      "8": [
        0, 
        0, 
        0, 
        0
      ], 
      "9": [
        0, 
        0, 
        0, 
        0
      ]
    }
  }, 
  "features": {
    "GWS": [
      32, 
      32, 
      64
    ], 
    "LWS": [
      4, 
      1, 
      64
    ], 
    "OFFSET": [
      0, 
      0, 
      0
    ], 
    "compiler name": "ARM Mali OpenCL", 
    "compiler version": "5.0", 
    "cpu_freq": 1600, 
    "gpu_freq": 266, 
    "image cols": 1232, 
    "image rows": 820, 
    "pool_dir": "pool.09", 
    "program version": "c597087", 
    "size": 32
  }, 
  "meta": {
    "device name": "Mali-T628", 
    "device type": "GPU", 
    "device vendor": "ARM", 
    "experiment type": "benchmarking", 
    "kernel name": "calc_histogram", 
    "program name": "Realeyes HOG"
  }, 
  "tags": [
    "demo", 
    "arm", 
    "codegen15"
  ], 
  "work": {
    "repl": 3, 
    "timestamp": "2015-02-25T13:06:18.092995"
  }
}