{
  "characteristics": {
    "cpu": 0.000792, 
    "gpu_copy": 0.009715, 
    "gpu_only": 0.000535, 
    "is_gpu_better": false, 
    "l2 cache and mmu counters": {
      "0": 1511688773, 
      "1": 24, 
      "10": 0, 
      "11": 0, 
      "12": 0, 
      "13": 0, 
      "14": 0, 
      "15": 0, 
      "16": 9, 
      "17": 3, 
      "18": 180, 
      "19": 6, 
      "2": 65535, 
      "20": 0, 
      "21": 0, 
      "22": 0, 
      "23": 0, 
      "24": 0, 
      "25": 0, 
      "26": 0, 
      "27": 0, 
      "28": 0, 
      "29": 0, 
      "3": 0, 
      "30": 123, 
      "31": 4702, 
      "32": 91192, 
      "33": 68627, 
      "34": 67732, 
      "35": 6503, 
      "36": 7058, 
      "37": 65228, 
      "38": 0, 
      "39": 11303, 
      "4": 2469, 
      "40": 11293, 
      "41": 101, 
      "42": 0, 
      "43": 11268, 
      "44": 0, 
      "45": 74, 
      "46": 0, 
      "47": 1, 
      "48": 1175, 
      "49": 1175, 
      "5": 131, 
      "50": 35, 
      "51": 30, 
      "52": 5, 
      "53": 2, 
      "54": 0, 
      "55": 0, 
      "56": 0, 
      "57": 50, 
      "58": 6, 
      "59": 0, 
      "6": 67, 
      "60": 0, 
      "61": 1906, 
      "62": 71369, 
      "63": 29479, 
      "7": 342, 
      "8": 98, 
      "9": 0
    }, 
    "shader core counters": {
      "0": [
        1511688773, 
        1511688773, 
        1511688773, 
        1511688773
      ], 
      "1": [
        24, 
        24, 
        24, 
        24
      ], 
      "10": [
        0, 
        0, 
        0, 
        0
      ], 
      "11": [
        0, 
        0, 
        0, 
        0
      ], 
      "12": [
        0, 
        0, 
        0, 
        0
      ], 
      "13": [
        0, 
        0, 
        0, 
        0
      ], 
      "14": [
        0, 
        0, 
        0, 
        0
      ], 
      "15": [
        0, 
        0, 
        0, 
        0
      ], 
      "16": [
        0, 
        0, 
        0, 
        0
      ], 
      "17": [
        0, 
        0, 
        0, 
        0
      ], 
      "18": [
        0, 
        0, 
        0, 
        0
      ], 
      "19": [
        0, 
        0, 
        0, 
        0
      ], 
      "2": [
        65535, 
        65535, 
        65535, 
        65535
      ], 
      "20": [
        0, 
        0, 
        0, 
        0
      ], 
      "21": [
        0, 
        0, 
        0, 
        0
      ], 
      "22": [
        142059, 
        136123, 
        140363, 
        139861
      ], 
      "23": [
        30, 
        34, 
        32, 
        32
      ], 
      "24": [
        3840, 
        4352, 
        4096, 
        4096
      ], 
      "25": [
        3427, 
        4420, 
        5856, 
        6100
      ], 
      "26": [
        141713, 
        135771, 
        140016, 
        139519
      ], 
      "27": [
        83012, 
        79650, 
        81248, 
        80300
      ], 
      "28": [
        2331, 
        2409, 
        2278, 
        2276
      ], 
      "29": [
        50591, 
        44646, 
        49403, 
        48518
      ], 
      "3": [
        0, 
        0, 
        0, 
        0
      ], 
      "30": [
        0, 
        0, 
        0, 
        0
      ], 
      "31": [
        30144, 
        29415, 
        29777, 
        29442
      ], 
      "32": [
        77498, 
        75563, 
        79614, 
        79866
      ], 
      "33": [
        0, 
        0, 
        0, 
        0
      ], 
      "34": [
        47354, 
        46148, 
        49837, 
        50424
      ], 
      "35": [
        0, 
        0, 
        0, 
        0
      ], 
      "36": [
        0, 
        0, 
        0, 
        0
      ], 
      "37": [
        0, 
        0, 
        0, 
        0
      ], 
      "38": [
        0, 
        0, 
        0, 
        0
      ], 
      "39": [
        0, 
        0, 
        0, 
        0
      ], 
      "4": [
        0, 
        0, 
        0, 
        0
      ], 
      "40": [
        0, 
        0, 
        0, 
        0
      ], 
      "41": [
        0, 
        0, 
        0, 
        0
      ], 
      "42": [
        0, 
        0, 
        0, 
        0
      ], 
      "43": [
        0, 
        0, 
        0, 
        0
      ], 
      "44": [
        0, 
        0, 
        0, 
        0
      ], 
      "45": [
        0, 
        0, 
        0, 
        0
      ], 
      "46": [
        0, 
        0, 
        0, 
        0
      ], 
      "47": [
        0, 
        0, 
        0, 
        0
      ], 
      "48": [
        7783, 
        7254, 
        7457, 
        7335
      ], 
      "49": [
        4105, 
        4484, 
        3965, 
        3812
      ], 
      "5": [
        0, 
        0, 
        0, 
        0
      ], 
      "50": [
        0, 
        0, 
        0, 
        0
      ], 
      "51": [
        0, 
        0, 
        0, 
        0
      ], 
      "52": [
        6928, 
        6759, 
        6888, 
        6813
      ], 
      "53": [
        17945, 
        17074, 
        19246, 
        19596
      ], 
      "54": [
        2851, 
        2461, 
        2978, 
        2991
      ], 
      "55": [
        1805, 
        1449, 
        1890, 
        1883
      ], 
      "56": [
        1818, 
        1478, 
        1914, 
        1913
      ], 
      "57": [
        1, 
        1, 
        1, 
        1
      ], 
      "58": [
        3, 
        3, 
        3, 
        3
      ], 
      "59": [
        42, 
        42, 
        44, 
        42
      ], 
      "6": [
        0, 
        0, 
        0, 
        0
      ], 
      "60": [
        233, 
        238, 
        248, 
        282
      ], 
      "61": [
        15984, 
        15239, 
        15592, 
        15389
      ], 
      "62": [
        332, 
        332, 
        332, 
        332
      ], 
      "63": [
        0, 
        0, 
        24, 
        0
      ], 
      "7": [
        0, 
        0, 
        0, 
        0
      ], 
      "8": [
        0, 
        0, 
        0, 
        0
      ], 
      "9": [
        0, 
        0, 
        0, 
        0
      ]
    }
  }, 
  "features": {
    "GWS": [
      16, 
      16, 
      64
    ], 
    "LWS": [
      4, 
      1, 
      64
    ], 
    "OFFSET": [
      0, 
      0, 
      0
    ], 
    "compiler name": "ARM Mali OpenCL", 
    "compiler version": "5.0", 
    "cpu_freq": 1600, 
    "gpu_freq": 266, 
    "image cols": 2521, 
    "image rows": 2184, 
    "pool_dir": "pool.20", 
    "program version": "c597087", 
    "size": 16
  }, 
  "meta": {
    "device name": "Mali-T628", 
    "device type": "GPU", 
    "device vendor": "ARM", 
    "experiment type": "benchmarking", 
    "kernel name": "calc_histogram", 
    "program name": "Realeyes HOG"
  }, 
  "tags": [
    "demo", 
    "arm", 
    "codegen15"
  ], 
  "work": {
    "repl": 4, 
    "timestamp": "2015-02-22T02:24:25.777852"
  }
}