{
  "characteristics": {
    "cpu": 0.003138, 
    "gpu_copy": 0.004087, 
    "gpu_only": 0.002082, 
    "is_gpu_better": false, 
    "l2 cache and mmu counters": {
      "0": 371340809, 
      "1": 18, 
      "10": 0, 
      "11": 0, 
      "12": 0, 
      "13": 0, 
      "14": 0, 
      "15": 0, 
      "16": 9, 
      "17": 3, 
      "18": 255, 
      "19": 7, 
      "2": 65535, 
      "20": 0, 
      "21": 0, 
      "22": 0, 
      "23": 0, 
      "24": 0, 
      "25": 0, 
      "26": 0, 
      "27": 0, 
      "28": 0, 
      "29": 0, 
      "3": 0, 
      "30": 124, 
      "31": 11146, 
      "32": 792321, 
      "33": 646823, 
      "34": 645716, 
      "35": 54606, 
      "36": 61029, 
      "37": 627631, 
      "38": 0, 
      "39": 80078, 
      "4": 136, 
      "40": 80073, 
      "41": 286, 
      "42": 0, 
      "43": 79999, 
      "44": 0, 
      "45": 56, 
      "46": 0, 
      "47": 0, 
      "48": 2786, 
      "49": 2786, 
      "5": 51, 
      "50": 36, 
      "51": 30, 
      "52": 6, 
      "53": 2, 
      "54": 0, 
      "55": 0, 
      "56": 0, 
      "57": 85, 
      "58": 6, 
      "59": 0, 
      "6": 54, 
      "60": 0, 
      "61": 15830, 
      "62": 685050, 
      "63": 398104, 
      "7": 79, 
      "8": 24, 
      "9": 0
    }, 
    "shader core counters": {
      "0": [
        371340809, 
        371340809, 
        371340809, 
        371340809
      ], 
      "1": [
        18, 
        18, 
        18, 
        18
      ], 
      "10": [
        0, 
        0, 
        0, 
        0
      ], 
      "11": [
        0, 
        0, 
        0, 
        0
      ], 
      "12": [
        0, 
        0, 
        0, 
        0
      ], 
      "13": [
        0, 
        0, 
        0, 
        0
      ], 
      "14": [
        0, 
        0, 
        0, 
        0
      ], 
      "15": [
        0, 
        0, 
        0, 
        0
      ], 
      "16": [
        0, 
        0, 
        0, 
        0
      ], 
      "17": [
        0, 
        0, 
        0, 
        0
      ], 
      "18": [
        0, 
        0, 
        0, 
        0
      ], 
      "19": [
        0, 
        0, 
        0, 
        0
      ], 
      "2": [
        65535, 
        65535, 
        65535, 
        65535
      ], 
      "20": [
        0, 
        0, 
        0, 
        0
      ], 
      "21": [
        0, 
        0, 
        0, 
        0
      ], 
      "22": [
        1105882, 
        1107425, 
        1104280, 
        1102563
      ], 
      "23": [
        290, 
        280, 
        293, 
        289
      ], 
      "24": [
        37120, 
        35840, 
        37504, 
        36992
      ], 
      "25": [
        15829, 
        17195, 
        14458, 
        17016
      ], 
      "26": [
        1105424, 
        1106962, 
        1103822, 
        1102110
      ], 
      "27": [
        620396, 
        607040, 
        633832, 
        615968
      ], 
      "28": [
        15222, 
        14810, 
        15912, 
        15236
      ], 
      "29": [
        447958, 
        456190, 
        434152, 
        451485
      ], 
      "3": [
        0, 
        0, 
        0, 
        0
      ], 
      "30": [
        0, 
        0, 
        0, 
        0
      ], 
      "31": [
        242444, 
        235989, 
        244894, 
        240800
      ], 
      "32": [
        687512, 
        716110, 
        671892, 
        700119
      ], 
      "33": [
        0, 
        0, 
        0, 
        0
      ], 
      "34": [
        445068, 
        480121, 
        426998, 
        459319
      ], 
      "35": [
        0, 
        0, 
        0, 
        0
      ], 
      "36": [
        0, 
        0, 
        0, 
        0
      ], 
      "37": [
        0, 
        0, 
        0, 
        0
      ], 
      "38": [
        0, 
        0, 
        0, 
        0
      ], 
      "39": [
        0, 
        0, 
        0, 
        0
      ], 
      "4": [
        0, 
        0, 
        0, 
        0
      ], 
      "40": [
        0, 
        0, 
        0, 
        0
      ], 
      "41": [
        0, 
        0, 
        0, 
        0
      ], 
      "42": [
        0, 
        0, 
        0, 
        0
      ], 
      "43": [
        0, 
        0, 
        0, 
        0
      ], 
      "44": [
        0, 
        0, 
        0, 
        0
      ], 
      "45": [
        0, 
        0, 
        0, 
        0
      ], 
      "46": [
        0, 
        0, 
        0, 
        0
      ], 
      "47": [
        0, 
        0, 
        0, 
        0
      ], 
      "48": [
        59875, 
        58349, 
        61070, 
        59392
      ], 
      "49": [
        28314, 
        33714, 
        27704, 
        31414
      ], 
      "5": [
        0, 
        0, 
        0, 
        0
      ], 
      "50": [
        0, 
        0, 
        0, 
        0
      ], 
      "51": [
        0, 
        0, 
        0, 
        0
      ], 
      "52": [
        53736, 
        52429, 
        53781, 
        53365
      ], 
      "53": [
        186145, 
        198549, 
        177465, 
        190320
      ], 
      "54": [
        20196, 
        19861, 
        19794, 
        19988
      ], 
      "55": [
        15544, 
        15161, 
        14974, 
        15198
      ], 
      "56": [
        15608, 
        15219, 
        15045, 
        15267
      ], 
      "57": [
        1, 
        1, 
        1, 
        1
      ], 
      "58": [
        3, 
        3, 
        3, 
        3
      ], 
      "59": [
        42, 
        42, 
        42, 
        42
      ], 
      "6": [
        0, 
        0, 
        0, 
        0
      ], 
      "60": [
        14, 
        13, 
        14, 
        12
      ], 
      "61": [
        122700, 
        119607, 
        124113, 
        121739
      ], 
      "62": [
        332, 
        332, 
        332, 
        332
      ], 
      "63": [
        0, 
        0, 
        0, 
        0
      ], 
      "7": [
        0, 
        0, 
        0, 
        0
      ], 
      "8": [
        0, 
        0, 
        0, 
        0
      ], 
      "9": [
        0, 
        0, 
        0, 
        0
      ]
    }
  }, 
  "features": {
    "GWS": [
      48, 
      48, 
      64
    ], 
    "LWS": [
      4, 
      1, 
      64
    ], 
    "OFFSET": [
      0, 
      0, 
      0
    ], 
    "compiler name": "ARM Mali OpenCL", 
    "compiler version": "5.0", 
    "cpu_freq": 1600, 
    "gpu_freq": 533, 
    "image cols": 633, 
    "image rows": 921, 
    "pool_dir": "pool.01", 
    "program version": "c597087", 
    "size": 48
  }, 
  "meta": {
    "device name": "Mali-T628", 
    "device type": "GPU", 
    "device vendor": "ARM", 
    "experiment type": "benchmarking", 
    "kernel name": "calc_histogram", 
    "program name": "Realeyes HOG"
  }, 
  "tags": [
    "demo", 
    "arm", 
    "codegen15"
  ], 
  "work": {
    "repl": 1, 
    "timestamp": "2015-02-25T13:14:47.935490"
  }
}