{
  "characteristics": {
    "cpu": 0.001172, 
    "gpu_copy": 0.017511, 
    "gpu_only": 0.00026, 
    "is_gpu_better": false, 
    "l2 cache and mmu counters": {
      "0": 4076664557, 
      "1": 24, 
      "10": 0, 
      "11": 0, 
      "12": 0, 
      "13": 0, 
      "14": 0, 
      "15": 0, 
      "16": 8, 
      "17": 3, 
      "18": 249, 
      "19": 4, 
      "2": 65535, 
      "20": 0, 
      "21": 0, 
      "22": 0, 
      "23": 0, 
      "24": 0, 
      "25": 0, 
      "26": 0, 
      "27": 0, 
      "28": 0, 
      "29": 0, 
      "3": 0, 
      "30": 94, 
      "31": 3818, 
      "32": 98021, 
      "33": 76803, 
      "34": 75559, 
      "35": 6538, 
      "36": 6975, 
      "37": 73911, 
      "38": 0, 
      "39": 10061, 
      "4": 2060, 
      "40": 10056, 
      "41": 89, 
      "42": 0, 
      "43": 10034, 
      "44": 0, 
      "45": 59, 
      "46": 0, 
      "47": 0, 
      "48": 954, 
      "49": 954, 
      "5": 137, 
      "50": 27, 
      "51": 23, 
      "52": 4, 
      "53": 2, 
      "54": 0, 
      "55": 0, 
      "56": 0, 
      "57": 0, 
      "58": 5, 
      "59": 0, 
      "6": 117, 
      "60": 0, 
      "61": 1866, 
      "62": 78582, 
      "63": 47031, 
      "7": 417, 
      "8": 95, 
      "9": 0
    }, 
    "shader core counters": {
      "0": [
        4076664557, 
        4076664557, 
        4076664557, 
        4076664557
      ], 
      "1": [
        24, 
        24, 
        24, 
        24
      ], 
      "10": [
        0, 
        0, 
        0, 
        0
      ], 
      "11": [
        0, 
        0, 
        0, 
        0
      ], 
      "12": [
        0, 
        0, 
        0, 
        0
      ], 
      "13": [
        0, 
        0, 
        0, 
        0
      ], 
      "14": [
        0, 
        0, 
        0, 
        0
      ], 
      "15": [
        0, 
        0, 
        0, 
        0
      ], 
      "16": [
        0, 
        0, 
        0, 
        0
      ], 
      "17": [
        0, 
        0, 
        0, 
        0
      ], 
      "18": [
        0, 
        0, 
        0, 
        0
      ], 
      "19": [
        0, 
        0, 
        0, 
        0
      ], 
      "2": [
        65535, 
        65535, 
        65535, 
        65535
      ], 
      "20": [
        0, 
        0, 
        0, 
        0
      ], 
      "21": [
        0, 
        0, 
        0, 
        0
      ], 
      "22": [
        134992, 
        134728, 
        138101, 
        135989
      ], 
      "23": [
        32, 
        31, 
        34, 
        31
      ], 
      "24": [
        4096, 
        3968, 
        4352, 
        3968
      ], 
      "25": [
        5713, 
        8526, 
        5707, 
        4701
      ], 
      "26": [
        134507, 
        134238, 
        137614, 
        135505
      ], 
      "27": [
        70528, 
        67912, 
        74810, 
        69396
      ], 
      "28": [
        1672, 
        1691, 
        1846, 
        1727
      ], 
      "29": [
        54250, 
        53237, 
        53878, 
        53461
      ], 
      "3": [
        0, 
        0, 
        0, 
        0
      ], 
      "30": [
        0, 
        0, 
        0, 
        0
      ], 
      "31": [
        27967, 
        26943, 
        29267, 
        27422
      ], 
      "32": [
        85989, 
        88686, 
        85333, 
        86605
      ], 
      "33": [
        0, 
        0, 
        0, 
        0
      ], 
      "34": [
        58022, 
        61743, 
        56066, 
        59183
      ], 
      "35": [
        0, 
        0, 
        0, 
        0
      ], 
      "36": [
        0, 
        0, 
        0, 
        0
      ], 
      "37": [
        0, 
        0, 
        0, 
        0
      ], 
      "38": [
        0, 
        0, 
        0, 
        0
      ], 
      "39": [
        0, 
        0, 
        0, 
        0
      ], 
      "4": [
        0, 
        0, 
        0, 
        0
      ], 
      "40": [
        0, 
        0, 
        0, 
        0
      ], 
      "41": [
        0, 
        0, 
        0, 
        0
      ], 
      "42": [
        0, 
        0, 
        0, 
        0
      ], 
      "43": [
        0, 
        0, 
        0, 
        0
      ], 
      "44": [
        0, 
        0, 
        0, 
        0
      ], 
      "45": [
        0, 
        0, 
        0, 
        0
      ], 
      "46": [
        0, 
        0, 
        0, 
        0
      ], 
      "47": [
        0, 
        0, 
        0, 
        0
      ], 
      "48": [
        6737, 
        6354, 
        7005, 
        6579
      ], 
      "49": [
        4159, 
        5121, 
        4338, 
        4487
      ], 
      "5": [
        0, 
        0, 
        0, 
        0
      ], 
      "50": [
        0, 
        0, 
        0, 
        0
      ], 
      "51": [
        0, 
        0, 
        0, 
        0
      ], 
      "52": [
        6427, 
        6319, 
        6745, 
        6355
      ], 
      "53": [
        22762, 
        23727, 
        21520, 
        23185
      ], 
      "54": [
        2563, 
        2450, 
        2485, 
        2498
      ], 
      "55": [
        1805, 
        1681, 
        1725, 
        1758
      ], 
      "56": [
        1820, 
        1693, 
        1726, 
        1761
      ], 
      "57": [
        1, 
        1, 
        1, 
        1
      ], 
      "58": [
        4, 
        4, 
        4, 
        4
      ], 
      "59": [
        42, 
        44, 
        43, 
        42
      ], 
      "6": [
        0, 
        0, 
        0, 
        0
      ], 
      "60": [
        216, 
        214, 
        214, 
        202
      ], 
      "61": [
        14187, 
        13639, 
        14825, 
        13915
      ], 
      "62": [
        332, 
        332, 
        332, 
        332
      ], 
      "63": [
        0, 
        16, 
        16, 
        0
      ], 
      "7": [
        0, 
        0, 
        0, 
        0
      ], 
      "8": [
        0, 
        0, 
        0, 
        0
      ], 
      "9": [
        0, 
        0, 
        0, 
        0
      ]
    }
  }, 
  "features": {
    "GWS": [
      16, 
      16, 
      64
    ], 
    "LWS": [
      4, 
      1, 
      64
    ], 
    "OFFSET": [
      0, 
      0, 
      0
    ], 
    "compiler name": "ARM Mali OpenCL", 
    "compiler version": "5.0", 
    "cpu_freq": 800, 
    "gpu_freq": 533, 
    "image cols": 3074, 
    "image rows": 2185, 
    "pool_dir": "pool.14", 
    "program version": "c597087", 
    "size": 16
  }, 
  "meta": {
    "device name": "Mali-T628", 
    "device type": "GPU", 
    "device vendor": "ARM", 
    "experiment type": "benchmarking", 
    "kernel name": "calc_histogram", 
    "program name": "Realeyes HOG"
  }, 
  "tags": [
    "demo", 
    "arm", 
    "codegen15"
  ], 
  "work": {
    "repl": 2, 
    "timestamp": "2015-02-22T02:26:12.825667"
  }
}