{
  "characteristics": {
    "cpu": 0.00343, 
    "gpu_copy": 0.004687, 
    "gpu_only": 0.002056, 
    "is_gpu_better": false, 
    "l2 cache and mmu counters": {
      "0": 152404081, 
      "1": 14, 
      "10": 0, 
      "11": 0, 
      "12": 0, 
      "13": 0, 
      "14": 0, 
      "15": 0, 
      "16": 8, 
      "17": 3, 
      "18": 289, 
      "19": 4, 
      "2": 65535, 
      "20": 0, 
      "21": 0, 
      "22": 0, 
      "23": 0, 
      "24": 0, 
      "25": 0, 
      "26": 0, 
      "27": 0, 
      "28": 0, 
      "29": 0, 
      "3": 0, 
      "30": 139, 
      "31": 10498, 
      "32": 747915, 
      "33": 604164, 
      "34": 602939, 
      "35": 53248, 
      "36": 59946, 
      "37": 585502, 
      "38": 0, 
      "39": 79338, 
      "4": 149, 
      "40": 79333, 
      "41": 269, 
      "42": 0, 
      "43": 79232, 
      "44": 0, 
      "45": 50, 
      "46": 0, 
      "47": 0, 
      "48": 2624, 
      "49": 2624, 
      "5": 54, 
      "50": 45, 
      "51": 34, 
      "52": 5, 
      "53": 2, 
      "54": 0, 
      "55": 0, 
      "56": 0, 
      "57": 76, 
      "58": 5, 
      "59": 0, 
      "6": 75, 
      "60": 0, 
      "61": 15419, 
      "62": 641833, 
      "63": 320315, 
      "7": 141, 
      "8": 30, 
      "9": 0
    }, 
    "shader core counters": {
      "0": [
        152404081, 
        152404081, 
        152404081, 
        152404081
      ], 
      "1": [
        14, 
        14, 
        14, 
        14
      ], 
      "10": [
        0, 
        0, 
        0, 
        0
      ], 
      "11": [
        0, 
        0, 
        0, 
        0
      ], 
      "12": [
        0, 
        0, 
        0, 
        0
      ], 
      "13": [
        0, 
        0, 
        0, 
        0
      ], 
      "14": [
        0, 
        0, 
        0, 
        0
      ], 
      "15": [
        0, 
        0, 
        0, 
        0
      ], 
      "16": [
        0, 
        0, 
        0, 
        0
      ], 
      "17": [
        0, 
        0, 
        0, 
        0
      ], 
      "18": [
        0, 
        0, 
        0, 
        0
      ], 
      "19": [
        0, 
        0, 
        0, 
        0
      ], 
      "2": [
        65535, 
        65535, 
        65535, 
        65535
      ], 
      "20": [
        0, 
        0, 
        0, 
        0
      ], 
      "21": [
        0, 
        0, 
        0, 
        0
      ], 
      "22": [
        1093666, 
        1093362, 
        1092995, 
        1088961
      ], 
      "23": [
        285, 
        289, 
        292, 
        286
      ], 
      "24": [
        36480, 
        36992, 
        37376, 
        36608
      ], 
      "25": [
        5453, 
        7059, 
        6837, 
        5981
      ], 
      "26": [
        1093165, 
        1092856, 
        1092494, 
        1088465
      ], 
      "27": [
        646606, 
        639164, 
        648094, 
        638122
      ], 
      "28": [
        16708, 
        16495, 
        16799, 
        16380
      ], 
      "29": [
        412886, 
        419712, 
        413903, 
        417548
      ], 
      "3": [
        0, 
        0, 
        0, 
        0
      ], 
      "30": [
        0, 
        0, 
        0, 
        0
      ], 
      "31": [
        246935, 
        243845, 
        248309, 
        244681
      ], 
      "32": [
        625821, 
        647176, 
        625949, 
        637223
      ], 
      "33": [
        0, 
        0, 
        0, 
        0
      ], 
      "34": [
        378886, 
        403331, 
        377640, 
        392542
      ], 
      "35": [
        0, 
        0, 
        0, 
        0
      ], 
      "36": [
        0, 
        0, 
        0, 
        0
      ], 
      "37": [
        0, 
        0, 
        0, 
        0
      ], 
      "38": [
        0, 
        0, 
        0, 
        0
      ], 
      "39": [
        0, 
        0, 
        0, 
        0
      ], 
      "4": [
        0, 
        0, 
        0, 
        0
      ], 
      "40": [
        0, 
        0, 
        0, 
        0
      ], 
      "41": [
        0, 
        0, 
        0, 
        0
      ], 
      "42": [
        0, 
        0, 
        0, 
        0
      ], 
      "43": [
        0, 
        0, 
        0, 
        0
      ], 
      "44": [
        0, 
        0, 
        0, 
        0
      ], 
      "45": [
        0, 
        0, 
        0, 
        0
      ], 
      "46": [
        0, 
        0, 
        0, 
        0
      ], 
      "47": [
        0, 
        0, 
        0, 
        0
      ], 
      "48": [
        62031, 
        60429, 
        61830, 
        60994
      ], 
      "49": [
        23513, 
        25744, 
        22874, 
        25197
      ], 
      "5": [
        0, 
        0, 
        0, 
        0
      ], 
      "50": [
        0, 
        0, 
        0, 
        0
      ], 
      "51": [
        0, 
        0, 
        0, 
        0
      ], 
      "52": [
        54663, 
        54402, 
        55306, 
        54488
      ], 
      "53": [
        159905, 
        169964, 
        159533, 
        165105
      ], 
      "54": [
        19841, 
        19747, 
        19790, 
        19732
      ], 
      "55": [
        14994, 
        14927, 
        14999, 
        14874
      ], 
      "56": [
        15061, 
        14989, 
        15061, 
        14945
      ], 
      "57": [
        1, 
        1, 
        1, 
        1
      ], 
      "58": [
        4, 
        4, 
        4, 
        4
      ], 
      "59": [
        44, 
        42, 
        42, 
        43
      ], 
      "6": [
        0, 
        0, 
        0, 
        0
      ], 
      "60": [
        15, 
        16, 
        15, 
        16
      ], 
      "61": [
        126311, 
        124306, 
        126706, 
        124928
      ], 
      "62": [
        0, 
        332, 
        332, 
        332
      ], 
      "63": [
        24, 
        0, 
        0, 
        16
      ], 
      "7": [
        0, 
        0, 
        0, 
        0
      ], 
      "8": [
        0, 
        0, 
        0, 
        0
      ], 
      "9": [
        0, 
        0, 
        0, 
        0
      ]
    }
  }, 
  "features": {
    "GWS": [
      48, 
      48, 
      64
    ], 
    "LWS": [
      4, 
      1, 
      64
    ], 
    "OFFSET": [
      0, 
      0, 
      0
    ], 
    "compiler name": "ARM Mali OpenCL", 
    "compiler version": "5.0", 
    "cpu_freq": 1600, 
    "gpu_freq": 533, 
    "image cols": 816, 
    "image rows": 612, 
    "pool_dir": "pool.21", 
    "program version": "c597087", 
    "size": 48
  }, 
  "meta": {
    "device name": "Mali-T628", 
    "device type": "GPU", 
    "device vendor": "ARM", 
    "experiment type": "benchmarking", 
    "kernel name": "calc_histogram", 
    "program name": "Realeyes HOG"
  }, 
  "tags": [
    "demo", 
    "arm", 
    "codegen15"
  ], 
  "work": {
    "repl": 4, 
    "timestamp": "2015-02-25T13:02:42.885771"
  }
}