{
  "characteristics": {
    "cpu": 0.002398, 
    "gpu_copy": 0.014514, 
    "gpu_only": 0.003472, 
    "is_gpu_better": false, 
    "l2 cache and mmu counters": {
      "0": 3320745642, 
      "1": 13, 
      "10": 0, 
      "11": 0, 
      "12": 0, 
      "13": 0, 
      "14": 0, 
      "15": 0, 
      "16": 8, 
      "17": 3, 
      "18": 165, 
      "19": 4, 
      "2": 65535, 
      "20": 0, 
      "21": 0, 
      "22": 0, 
      "23": 0, 
      "24": 0, 
      "25": 0, 
      "26": 0, 
      "27": 0, 
      "28": 0, 
      "29": 0, 
      "3": 0, 
      "30": 86, 
      "31": 8982, 
      "32": 659138, 
      "33": 544063, 
      "34": 543146, 
      "35": 44825, 
      "36": 50585, 
      "37": 526503, 
      "38": 0, 
      "39": 60205, 
      "4": 7308, 
      "40": 60200, 
      "41": 193, 
      "42": 0, 
      "43": 60149, 
      "44": 0, 
      "45": 53, 
      "46": 0, 
      "47": 0, 
      "48": 2245, 
      "49": 2245, 
      "5": 168, 
      "50": 25, 
      "51": 21, 
      "52": 4, 
      "53": 2, 
      "54": 0, 
      "55": 0, 
      "56": 0, 
      "57": 0, 
      "58": 6, 
      "59": 0, 
      "6": 71, 
      "60": 0, 
      "61": 15106, 
      "62": 566890, 
      "63": 385315, 
      "7": 236, 
      "8": 135, 
      "9": 0
    }, 
    "shader core counters": {
      "0": [
        3320745642, 
        3320745642, 
        3320745642, 
        3320745642
      ], 
      "1": [
        13, 
        13, 
        13, 
        13
      ], 
      "10": [
        0, 
        0, 
        0, 
        0
      ], 
      "11": [
        0, 
        0, 
        0, 
        0
      ], 
      "12": [
        0, 
        0, 
        0, 
        0
      ], 
      "13": [
        0, 
        0, 
        0, 
        0
      ], 
      "14": [
        0, 
        0, 
        0, 
        0
      ], 
      "15": [
        0, 
        0, 
        0, 
        0
      ], 
      "16": [
        0, 
        0, 
        0, 
        0
      ], 
      "17": [
        0, 
        0, 
        0, 
        0
      ], 
      "18": [
        0, 
        0, 
        0, 
        0
      ], 
      "19": [
        0, 
        0, 
        0, 
        0
      ], 
      "2": [
        65535, 
        65535, 
        65535, 
        65535
      ], 
      "20": [
        0, 
        0, 
        0, 
        0
      ], 
      "21": [
        0, 
        0, 
        0, 
        0
      ], 
      "22": [
        923480, 
        918932, 
        922811, 
        923174
      ], 
      "23": [
        296, 
        269, 
        299, 
        288
      ], 
      "24": [
        37888, 
        34432, 
        38272, 
        36864
      ], 
      "25": [
        160762, 
        210069, 
        163590, 
        203266
      ], 
      "26": [
        923134, 
        918580, 
        922464, 
        922832
      ], 
      "27": [
        481484, 
        439696, 
        486464, 
        468146
      ], 
      "28": [
        9874, 
        9007, 
        10040, 
        9682
      ], 
      "29": [
        384155, 
        384776, 
        379638, 
        379714
      ], 
      "3": [
        0, 
        0, 
        0, 
        0
      ], 
      "30": [
        0, 
        0, 
        0, 
        0
      ], 
      "31": [
        206757, 
        189644, 
        208563, 
        200512
      ], 
      "32": [
        594351, 
        624302, 
        585993, 
        601381
      ], 
      "33": [
        0, 
        0, 
        0, 
        0
      ], 
      "34": [
        387594, 
        434658, 
        377430, 
        400869
      ], 
      "35": [
        0, 
        0, 
        0, 
        0
      ], 
      "36": [
        0, 
        0, 
        0, 
        0
      ], 
      "37": [
        0, 
        0, 
        0, 
        0
      ], 
      "38": [
        0, 
        0, 
        0, 
        0
      ], 
      "39": [
        0, 
        0, 
        0, 
        0
      ], 
      "4": [
        0, 
        0, 
        0, 
        0
      ], 
      "40": [
        0, 
        0, 
        0, 
        0
      ], 
      "41": [
        0, 
        0, 
        0, 
        0
      ], 
      "42": [
        0, 
        0, 
        0, 
        0
      ], 
      "43": [
        0, 
        0, 
        0, 
        0
      ], 
      "44": [
        0, 
        0, 
        0, 
        0
      ], 
      "45": [
        0, 
        0, 
        0, 
        0
      ], 
      "46": [
        0, 
        0, 
        0, 
        0
      ], 
      "47": [
        0, 
        0, 
        0, 
        0
      ], 
      "48": [
        50997, 
        46222, 
        51690, 
        49076
      ], 
      "49": [
        17850, 
        21742, 
        17920, 
        18420
      ], 
      "5": [
        0, 
        0, 
        0, 
        0
      ], 
      "50": [
        0, 
        0, 
        0, 
        0
      ], 
      "51": [
        0, 
        0, 
        0, 
        0
      ], 
      "52": [
        40958, 
        38238, 
        41057, 
        40036
      ], 
      "53": [
        166957, 
        187144, 
        161736, 
        173146
      ], 
      "54": [
        15107, 
        14864, 
        15251, 
        14795
      ], 
      "55": [
        12746, 
        12473, 
        12837, 
        12450
      ], 
      "56": [
        12773, 
        12511, 
        12876, 
        12491
      ], 
      "57": [
        1, 
        1, 
        1, 
        1
      ], 
      "58": [
        3, 
        3, 
        3, 
        3
      ], 
      "59": [
        43, 
        42, 
        42, 
        42
      ], 
      "6": [
        0, 
        0, 
        0, 
        0
      ], 
      "60": [
        764, 
        755, 
        738, 
        764
      ], 
      "61": [
        98198, 
        90102, 
        99025, 
        95204
      ], 
      "62": [
        332, 
        332, 
        332, 
        332
      ], 
      "63": [
        16, 
        0, 
        0, 
        0
      ], 
      "7": [
        0, 
        0, 
        0, 
        0
      ], 
      "8": [
        0, 
        0, 
        0, 
        0
      ], 
      "9": [
        0, 
        0, 
        0, 
        0
      ]
    }
  }, 
  "features": {
    "GWS": [
      48, 
      48, 
      64
    ], 
    "LWS": [
      4, 
      1, 
      64
    ], 
    "OFFSET": [
      0, 
      0, 
      0
    ], 
    "compiler name": "ARM Mali OpenCL", 
    "compiler version": "5.0", 
    "cpu_freq": 1600, 
    "gpu_freq": 266, 
    "image cols": 3710, 
    "image rows": 1686, 
    "pool_dir": "pool.12", 
    "program version": "c597087", 
    "size": 48
  }, 
  "meta": {
    "device name": "Mali-T628", 
    "device type": "GPU", 
    "device vendor": "ARM", 
    "experiment type": "benchmarking", 
    "kernel name": "calc_histogram", 
    "program name": "Realeyes HOG"
  }, 
  "tags": [
    "demo", 
    "arm", 
    "codegen15"
  ], 
  "work": {
    "repl": 0, 
    "timestamp": "2015-02-25T13:01:56.042835"
  }
}