{
  "characteristics": {
    "cpu": 0.047338, 
    "gpu_copy": 0.044562, 
    "gpu_only": 0.031149, 
    "is_gpu_better": true, 
    "l2 cache and mmu counters": {
      "0": 24928490, 
      "1": 21, 
      "10": 0, 
      "11": 0, 
      "12": 0, 
      "13": 0, 
      "14": 0, 
      "15": 0, 
      "16": 9, 
      "17": 3, 
      "18": 175, 
      "19": 6, 
      "2": 65535, 
      "20": 0, 
      "21": 0, 
      "22": 0, 
      "23": 0, 
      "24": 0, 
      "25": 0, 
      "26": 0, 
      "27": 0, 
      "28": 0, 
      "29": 0, 
      "3": 0, 
      "30": 368, 
      "31": 72262, 
      "32": 5418304, 
      "33": 4289373, 
      "34": 4288099, 
      "35": 401612, 
      "36": 454258, 
      "37": 4149215, 
      "38": 0, 
      "39": 666618, 
      "4": 138094, 
      "40": 666608, 
      "41": 2446, 
      "42": 0, 
      "43": 665822, 
      "44": 0, 
      "45": 185, 
      "46": 0, 
      "47": 0, 
      "48": 18065, 
      "49": 18065, 
      "5": 479, 
      "50": 97, 
      "51": 91, 
      "52": 6, 
      "53": 2, 
      "54": 0, 
      "55": 0, 
      "56": 0, 
      "57": 537, 
      "58": 6, 
      "59": 0, 
      "6": 79, 
      "60": 0, 
      "61": 115865, 
      "62": 4620205, 
      "63": 1800049, 
      "7": 355, 
      "8": 405, 
      "9": 0
    }, 
    "shader core counters": {
      "0": [
        24928490, 
        24928490, 
        24928490, 
        24928490
      ], 
      "1": [
        21, 
        21, 
        21, 
        21
      ], 
      "10": [
        0, 
        0, 
        0, 
        0
      ], 
      "11": [
        0, 
        0, 
        0, 
        0
      ], 
      "12": [
        0, 
        0, 
        0, 
        0
      ], 
      "13": [
        0, 
        0, 
        0, 
        0
      ], 
      "14": [
        0, 
        0, 
        0, 
        0
      ], 
      "15": [
        0, 
        0, 
        0, 
        0
      ], 
      "16": [
        0, 
        0, 
        0, 
        0
      ], 
      "17": [
        0, 
        0, 
        0, 
        0
      ], 
      "18": [
        0, 
        0, 
        0, 
        0
      ], 
      "19": [
        0, 
        0, 
        0, 
        0
      ], 
      "2": [
        65535, 
        65535, 
        65535, 
        65535
      ], 
      "20": [
        0, 
        0, 
        0, 
        0
      ], 
      "21": [
        0, 
        0, 
        0, 
        0
      ], 
      "22": [
        8285349, 
        8284329, 
        8282278, 
        8282146
      ], 
      "23": [
        2029, 
        2058, 
        2058, 
        2047
      ], 
      "24": [
        259712, 
        263424, 
        263424, 
        262016
      ], 
      "25": [
        6207, 
        5705, 
        5530, 
        6838
      ], 
      "26": [
        8284932, 
        8283905, 
        8281860, 
        8281731
      ], 
      "27": [
        5108672, 
        5085594, 
        5109834, 
        5090998
      ], 
      "28": [
        145330, 
        144484, 
        145242, 
        145192
      ], 
      "29": [
        2982079, 
        2991053, 
        2978197, 
        2986286
      ], 
      "3": [
        0, 
        0, 
        0, 
        0
      ], 
      "30": [
        0, 
        0, 
        0, 
        0
      ], 
      "31": [
        1853148, 
        1851044, 
        1859735, 
        1850541
      ], 
      "32": [
        4598527, 
        4686864, 
        4604589, 
        4664743
      ], 
      "33": [
        0, 
        0, 
        0, 
        0
      ], 
      "34": [
        2745379, 
        2835820, 
        2744854, 
        2814202
      ], 
      "35": [
        0, 
        0, 
        0, 
        0
      ], 
      "36": [
        0, 
        0, 
        0, 
        0
      ], 
      "37": [
        0, 
        0, 
        0, 
        0
      ], 
      "38": [
        0, 
        0, 
        0, 
        0
      ], 
      "39": [
        0, 
        0, 
        0, 
        0
      ], 
      "4": [
        0, 
        0, 
        0, 
        0
      ], 
      "40": [
        0, 
        0, 
        0, 
        0
      ], 
      "41": [
        0, 
        0, 
        0, 
        0
      ], 
      "42": [
        0, 
        0, 
        0, 
        0
      ], 
      "43": [
        0, 
        0, 
        0, 
        0
      ], 
      "44": [
        0, 
        0, 
        0, 
        0
      ], 
      "45": [
        0, 
        0, 
        0, 
        0
      ], 
      "46": [
        0, 
        0, 
        0, 
        0
      ], 
      "47": [
        0, 
        0, 
        0, 
        0
      ], 
      "48": [
        476186, 
        472968, 
        476243, 
        473893
      ], 
      "49": [
        175046, 
        190572, 
        175517, 
        189862
      ], 
      "5": [
        0, 
        0, 
        0, 
        0
      ], 
      "50": [
        0, 
        0, 
        0, 
        0
      ], 
      "51": [
        0, 
        0, 
        0, 
        0
      ], 
      "52": [
        416042, 
        416106, 
        417699, 
        415658
      ], 
      "53": [
        1079469, 
        1110879, 
        1078807, 
        1100233
      ], 
      "54": [
        167221, 
        166289, 
        166570, 
        165888
      ], 
      "55": [
        113972, 
        112592, 
        113060, 
        112671
      ], 
      "56": [
        114882, 
        113534, 
        114043, 
        113605
      ], 
      "57": [
        1, 
        1, 
        1, 
        1
      ], 
      "58": [
        3, 
        3, 
        3, 
        3
      ], 
      "59": [
        42, 
        42, 
        43, 
        42
      ], 
      "6": [
        0, 
        0, 
        0, 
        0
      ], 
      "60": [
        14119, 
        13952, 
        13985, 
        14090
      ], 
      "61": [
        971498, 
        967898, 
        973259, 
        968530
      ], 
      "62": [
        332, 
        332, 
        332, 
        332
      ], 
      "63": [
        0, 
        0, 
        16, 
        8
      ], 
      "7": [
        0, 
        0, 
        0, 
        0
      ], 
      "8": [
        0, 
        0, 
        0, 
        0
      ], 
      "9": [
        0, 
        0, 
        0, 
        0
      ]
    }
  }, 
  "features": {
    "GWS": [
      12, 
      12, 
      64
    ], 
    "LWS": [
      4, 
      1, 
      64
    ], 
    "OFFSET": [
      0, 
      0, 
      0
    ], 
    "compiler name": "ARM Mali OpenCL", 
    "compiler version": "5.0", 
    "cpu_freq": 800, 
    "gpu_freq": 266, 
    "image cols": 2422, 
    "image rows": 2066, 
    "pool_dir": "pool.15", 
    "program version": "c597087", 
    "size": 128
  }, 
  "meta": {
    "device name": "Mali-T628", 
    "device type": "GPU", 
    "device vendor": "ARM", 
    "experiment type": "benchmarking", 
    "kernel name": "calc_histogram", 
    "program name": "Realeyes HOG"
  }, 
  "tags": [
    "demo", 
    "arm", 
    "codegen15"
  ], 
  "work": {
    "repl": 3, 
    "timestamp": "2015-02-22T02:14:27.118712"
  }
}