{
  "characteristics": {
    "cpu": 0.014289, 
    "gpu_copy": 0.026625, 
    "gpu_only": 0.009485, 
    "is_gpu_better": false, 
    "l2 cache and mmu counters": {
      "0": 2599303604, 
      "1": 22, 
      "10": 0, 
      "11": 0, 
      "12": 0, 
      "13": 0, 
      "14": 0, 
      "15": 0, 
      "16": 9, 
      "17": 2, 
      "18": 176, 
      "19": 7, 
      "2": 65535, 
      "20": 0, 
      "21": 0, 
      "22": 0, 
      "23": 0, 
      "24": 0, 
      "25": 0, 
      "26": 0, 
      "27": 0, 
      "28": 0, 
      "29": 0, 
      "3": 0, 
      "30": 192, 
      "31": 29110, 
      "32": 1668634, 
      "33": 1323541, 
      "34": 1322289, 
      "35": 121061, 
      "36": 135405, 
      "37": 1277980, 
      "38": 0, 
      "39": 204230, 
      "4": 55305, 
      "40": 204225, 
      "41": 950, 
      "42": 0, 
      "43": 203921, 
      "44": 0, 
      "45": 119, 
      "46": 0, 
      "47": 0, 
      "48": 7277, 
      "49": 7277, 
      "5": 601, 
      "50": 53, 
      "51": 47, 
      "52": 6, 
      "53": 2, 
      "54": 0, 
      "55": 0, 
      "56": 0, 
      "57": 163, 
      "58": 2, 
      "59": 0, 
      "6": 79, 
      "60": 0, 
      "61": 35832, 
      "62": 1419569, 
      "63": 606479, 
      "7": 423, 
      "8": 476, 
      "9": 0
    }, 
    "shader core counters": {
      "0": [
        2599303604, 
        2599303604, 
        2599303604, 
        2599303604
      ], 
      "1": [
        22, 
        22, 
        22, 
        22
      ], 
      "10": [
        0, 
        0, 
        0, 
        0
      ], 
      "11": [
        0, 
        0, 
        0, 
        0
      ], 
      "12": [
        0, 
        0, 
        0, 
        0
      ], 
      "13": [
        0, 
        0, 
        0, 
        0
      ], 
      "14": [
        0, 
        0, 
        0, 
        0
      ], 
      "15": [
        0, 
        0, 
        0, 
        0
      ], 
      "16": [
        0, 
        0, 
        0, 
        0
      ], 
      "17": [
        0, 
        0, 
        0, 
        0
      ], 
      "18": [
        0, 
        0, 
        0, 
        0
      ], 
      "19": [
        0, 
        0, 
        0, 
        0
      ], 
      "2": [
        65535, 
        65535, 
        65535, 
        65535
      ], 
      "20": [
        0, 
        0, 
        0, 
        0
      ], 
      "21": [
        0, 
        0, 
        0, 
        0
      ], 
      "22": [
        2514913, 
        2522418, 
        2521587, 
        2522910
      ], 
      "23": [
        512, 
        516, 
        499, 
        521
      ], 
      "24": [
        65536, 
        66048, 
        63872, 
        66688
      ], 
      "25": [
        5015, 
        4211, 
        5468, 
        4908
      ], 
      "26": [
        2514567, 
        2522066, 
        2521240, 
        2522568
      ], 
      "27": [
        1486740, 
        1477824, 
        1489430, 
        1486788
      ], 
      "28": [
        41811, 
        41000, 
        41704, 
        41601
      ], 
      "29": [
        953327, 
        963740, 
        960517, 
        960917
      ], 
      "3": [
        0, 
        0, 
        0, 
        0
      ], 
      "30": [
        0, 
        0, 
        0, 
        0
      ], 
      "31": [
        544278, 
        542863, 
        544258, 
        544820
      ], 
      "32": [
        1472159, 
        1497265, 
        1464940, 
        1488632
      ], 
      "33": [
        0, 
        0, 
        0, 
        0
      ], 
      "34": [
        927881, 
        954402, 
        920682, 
        943812
      ], 
      "35": [
        0, 
        0, 
        0, 
        0
      ], 
      "36": [
        0, 
        0, 
        0, 
        0
      ], 
      "37": [
        0, 
        0, 
        0, 
        0
      ], 
      "38": [
        0, 
        0, 
        0, 
        0
      ], 
      "39": [
        0, 
        0, 
        0, 
        0
      ], 
      "4": [
        0, 
        0, 
        0, 
        0
      ], 
      "40": [
        0, 
        0, 
        0, 
        0
      ], 
      "41": [
        0, 
        0, 
        0, 
        0
      ], 
      "42": [
        0, 
        0, 
        0, 
        0
      ], 
      "43": [
        0, 
        0, 
        0, 
        0
      ], 
      "44": [
        0, 
        0, 
        0, 
        0
      ], 
      "45": [
        0, 
        0, 
        0, 
        0
      ], 
      "46": [
        0, 
        0, 
        0, 
        0
      ], 
      "47": [
        0, 
        0, 
        0, 
        0
      ], 
      "48": [
        130658, 
        129621, 
        130991, 
        130329
      ], 
      "49": [
        71528, 
        76763, 
        75140, 
        77718
      ], 
      "5": [
        0, 
        0, 
        0, 
        0
      ], 
      "50": [
        0, 
        0, 
        0, 
        0
      ], 
      "51": [
        0, 
        0, 
        0, 
        0
      ], 
      "52": [
        136747, 
        136663, 
        137313, 
        136714
      ], 
      "53": [
        364724, 
        374601, 
        357702, 
        368132
      ], 
      "54": [
        51547, 
        50244, 
        51956, 
        50164
      ], 
      "55": [
        34182, 
        33295, 
        34108, 
        33170
      ], 
      "56": [
        34511, 
        33611, 
        34426, 
        33468
      ], 
      "57": [
        1, 
        1, 
        1, 
        1
      ], 
      "58": [
        3, 
        3, 
        3, 
        3
      ], 
      "59": [
        43, 
        42, 
        42, 
        42
      ], 
      "6": [
        0, 
        0, 
        0, 
        0
      ], 
      "60": [
        5495, 
        5275, 
        5617, 
        5343
      ], 
      "61": [
        290683, 
        289279, 
        291633, 
        290242
      ], 
      "62": [
        332, 
        332, 
        332, 
        332
      ], 
      "63": [
        8, 
        0, 
        0, 
        0
      ], 
      "7": [
        0, 
        0, 
        0, 
        0
      ], 
      "8": [
        0, 
        0, 
        0, 
        0
      ], 
      "9": [
        0, 
        0, 
        0, 
        0
      ]
    }
  }, 
  "features": {
    "GWS": [
      64, 
      64, 
      64
    ], 
    "LWS": [
      4, 
      1, 
      64
    ], 
    "OFFSET": [
      0, 
      0, 
      0
    ], 
    "compiler name": "ARM Mali OpenCL", 
    "compiler version": "5.0", 
    "cpu_freq": 800, 
    "gpu_freq": 266, 
    "image cols": 2593, 
    "image rows": 2593, 
    "pool_dir": "pool.02", 
    "program version": "c597087", 
    "size": 64
  }, 
  "meta": {
    "device name": "Mali-T628", 
    "device type": "GPU", 
    "device vendor": "ARM", 
    "experiment type": "benchmarking", 
    "kernel name": "calc_histogram", 
    "program name": "Realeyes HOG"
  }, 
  "tags": [
    "demo", 
    "arm", 
    "codegen15"
  ], 
  "work": {
    "repl": 2, 
    "timestamp": "2015-02-22T02:19:13.358904"
  }
}