{
  "characteristics": {
    "cpu": 0.001368, 
    "gpu_copy": 0.009489, 
    "gpu_only": 0.000785, 
    "is_gpu_better": false, 
    "l2 cache and mmu counters": {
      "0": 433243582, 
      "1": 17, 
      "10": 0, 
      "11": 0, 
      "12": 0, 
      "13": 0, 
      "14": 0, 
      "15": 0, 
      "16": 8, 
      "17": 3, 
      "18": 246, 
      "19": 4, 
      "2": 65535, 
      "20": 0, 
      "21": 0, 
      "22": 0, 
      "23": 0, 
      "24": 0, 
      "25": 0, 
      "26": 0, 
      "27": 0, 
      "28": 0, 
      "29": 0, 
      "3": 0, 
      "30": 94, 
      "31": 6610, 
      "32": 287382, 
      "33": 231176, 
      "34": 229840, 
      "35": 20147, 
      "36": 22513, 
      "37": 223473, 
      "38": 0, 
      "39": 29460, 
      "4": 4555, 
      "40": 29455, 
      "41": 148, 
      "42": 0, 
      "43": 29428, 
      "44": 0, 
      "45": 47, 
      "46": 0, 
      "47": 0, 
      "48": 1652, 
      "49": 1652, 
      "5": 134, 
      "50": 33, 
      "51": 23, 
      "52": 4, 
      "53": 2, 
      "54": 0, 
      "55": 0, 
      "56": 0, 
      "57": 61, 
      "58": 5, 
      "59": 0, 
      "6": 123, 
      "60": 0, 
      "61": 5951, 
      "62": 241923, 
      "63": 133677, 
      "7": 324, 
      "8": 105, 
      "9": 0
    }, 
    "shader core counters": {
      "0": [
        433243582, 
        433243582, 
        433243582, 
        433243582
      ], 
      "1": [
        17, 
        17, 
        17, 
        17
      ], 
      "10": [
        0, 
        0, 
        0, 
        0
      ], 
      "11": [
        0, 
        0, 
        0, 
        0
      ], 
      "12": [
        0, 
        0, 
        0, 
        0
      ], 
      "13": [
        0, 
        0, 
        0, 
        0
      ], 
      "14": [
        0, 
        0, 
        0, 
        0
      ], 
      "15": [
        0, 
        0, 
        0, 
        0
      ], 
      "16": [
        0, 
        0, 
        0, 
        0
      ], 
      "17": [
        0, 
        0, 
        0, 
        0
      ], 
      "18": [
        0, 
        0, 
        0, 
        0
      ], 
      "19": [
        0, 
        0, 
        0, 
        0
      ], 
      "2": [
        65535, 
        65535, 
        65535, 
        65535
      ], 
      "20": [
        0, 
        0, 
        0, 
        0
      ], 
      "21": [
        0, 
        0, 
        0, 
        0
      ], 
      "22": [
        416313, 
        417797, 
        417398, 
        417460
      ], 
      "23": [
        128, 
        129, 
        127, 
        128
      ], 
      "24": [
        16384, 
        16512, 
        16256, 
        16384
      ], 
      "25": [
        6822, 
        5987, 
        7940, 
        3695
      ], 
      "26": [
        415855, 
        417334, 
        416940, 
        417007
      ], 
      "27": [
        240076, 
        237348, 
        238992, 
        240516
      ], 
      "28": [
        5900, 
        5560, 
        5609, 
        5806
      ], 
      "29": [
        160188, 
        162648, 
        162152, 
        160777
      ], 
      "3": [
        0, 
        0, 
        0, 
        0
      ], 
      "30": [
        0, 
        0, 
        0, 
        0
      ], 
      "31": [
        96131, 
        94769, 
        95780, 
        95955
      ], 
      "32": [
        248956, 
        254925, 
        248170, 
        252282
      ], 
      "33": [
        0, 
        0, 
        0, 
        0
      ], 
      "34": [
        152825, 
        160156, 
        152390, 
        156327
      ], 
      "35": [
        0, 
        0, 
        0, 
        0
      ], 
      "36": [
        0, 
        0, 
        0, 
        0
      ], 
      "37": [
        0, 
        0, 
        0, 
        0
      ], 
      "38": [
        0, 
        0, 
        0, 
        0
      ], 
      "39": [
        0, 
        0, 
        0, 
        0
      ], 
      "4": [
        0, 
        0, 
        0, 
        0
      ], 
      "40": [
        0, 
        0, 
        0, 
        0
      ], 
      "41": [
        0, 
        0, 
        0, 
        0
      ], 
      "42": [
        0, 
        0, 
        0, 
        0
      ], 
      "43": [
        0, 
        0, 
        0, 
        0
      ], 
      "44": [
        0, 
        0, 
        0, 
        0
      ], 
      "45": [
        0, 
        0, 
        0, 
        0
      ], 
      "46": [
        0, 
        0, 
        0, 
        0
      ], 
      "47": [
        0, 
        0, 
        0, 
        0
      ], 
      "48": [
        24561, 
        23708, 
        24412, 
        24454
      ], 
      "49": [
        8880, 
        9612, 
        8937, 
        9672
      ], 
      "5": [
        0, 
        0, 
        0, 
        0
      ], 
      "50": [
        0, 
        0, 
        0, 
        0
      ], 
      "51": [
        0, 
        0, 
        0, 
        0
      ], 
      "52": [
        19409, 
        19496, 
        19366, 
        19381
      ], 
      "53": [
        62562, 
        65707, 
        62457, 
        63691
      ], 
      "54": [
        7472, 
        7314, 
        7445, 
        7089
      ], 
      "55": [
        5747, 
        5601, 
        5735, 
        5403
      ], 
      "56": [
        5773, 
        5611, 
        5756, 
        5412
      ], 
      "57": [
        1, 
        1, 
        1, 
        1
      ], 
      "58": [
        3, 
        3, 
        3, 
        3
      ], 
      "59": [
        42, 
        42, 
        42, 
        42
      ], 
      "6": [
        0, 
        0, 
        0, 
        0
      ], 
      "60": [
        501, 
        437, 
        490, 
        475
      ], 
      "61": [
        47313, 
        46560, 
        47150, 
        47221
      ], 
      "62": [
        332, 
        332, 
        332, 
        332
      ], 
      "63": [
        0, 
        0, 
        0, 
        0
      ], 
      "7": [
        0, 
        0, 
        0, 
        0
      ], 
      "8": [
        0, 
        0, 
        0, 
        0
      ], 
      "9": [
        0, 
        0, 
        0, 
        0
      ]
    }
  }, 
  "features": {
    "GWS": [
      32, 
      32, 
      64
    ], 
    "LWS": [
      4, 
      1, 
      64
    ], 
    "OFFSET": [
      0, 
      0, 
      0
    ], 
    "compiler name": "ARM Mali OpenCL", 
    "compiler version": "5.0", 
    "cpu_freq": 1600, 
    "gpu_freq": 533, 
    "image cols": 2868, 
    "image rows": 1607, 
    "pool_dir": "pool.13", 
    "program version": "c597087", 
    "size": 32
  }, 
  "meta": {
    "device name": "Mali-T628", 
    "device type": "GPU", 
    "device vendor": "ARM", 
    "experiment type": "benchmarking", 
    "kernel name": "calc_histogram", 
    "program name": "Realeyes HOG"
  }, 
  "tags": [
    "demo", 
    "arm", 
    "codegen15"
  ], 
  "work": {
    "repl": 2, 
    "timestamp": "2015-02-25T13:11:51.520670"
  }
}