{
  "characteristics": {
    "cpu": 0.000772, 
    "gpu_copy": 0.008177, 
    "gpu_only": 0.000586, 
    "is_gpu_better": false, 
    "l2 cache and mmu counters": {
      "0": 2120542160, 
      "1": 25, 
      "10": 0, 
      "11": 0, 
      "12": 0, 
      "13": 0, 
      "14": 0, 
      "15": 0, 
      "16": 8, 
      "17": 2, 
      "18": 168, 
      "19": 4, 
      "2": 65535, 
      "20": 0, 
      "21": 0, 
      "22": 0, 
      "23": 0, 
      "24": 0, 
      "25": 0, 
      "26": 0, 
      "27": 0, 
      "28": 0, 
      "29": 0, 
      "3": 0, 
      "30": 122, 
      "31": 5134, 
      "32": 101791, 
      "33": 76867, 
      "34": 75960, 
      "35": 7265, 
      "36": 7896, 
      "37": 73305, 
      "38": 0, 
      "39": 12778, 
      "4": 2943, 
      "40": 12773, 
      "41": 124, 
      "42": 0, 
      "43": 12733, 
      "44": 0, 
      "45": 68, 
      "46": 0, 
      "47": 0, 
      "48": 1283, 
      "49": 1283, 
      "5": 143, 
      "50": 34, 
      "51": 30, 
      "52": 4, 
      "53": 2, 
      "54": 0, 
      "55": 0, 
      "56": 0, 
      "57": 0, 
      "58": 7, 
      "59": 0, 
      "6": 95, 
      "60": 0, 
      "61": 2017, 
      "62": 80479, 
      "63": 32394, 
      "7": 419, 
      "8": 99, 
      "9": 0
    }, 
    "shader core counters": {
      "0": [
        2120542160, 
        2120542160, 
        2120542160, 
        2120542160
      ], 
      "1": [
        25, 
        25, 
        25, 
        25
      ], 
      "10": [
        0, 
        0, 
        0, 
        0
      ], 
      "11": [
        0, 
        0, 
        0, 
        0
      ], 
      "12": [
        0, 
        0, 
        0, 
        0
      ], 
      "13": [
        0, 
        0, 
        0, 
        0
      ], 
      "14": [
        0, 
        0, 
        0, 
        0
      ], 
      "15": [
        0, 
        0, 
        0, 
        0
      ], 
      "16": [
        0, 
        0, 
        0, 
        0
      ], 
      "17": [
        0, 
        0, 
        0, 
        0
      ], 
      "18": [
        0, 
        0, 
        0, 
        0
      ], 
      "19": [
        0, 
        0, 
        0, 
        0
      ], 
      "2": [
        65535, 
        65535, 
        65535, 
        65535
      ], 
      "20": [
        0, 
        0, 
        0, 
        0
      ], 
      "21": [
        0, 
        0, 
        0, 
        0
      ], 
      "22": [
        155720, 
        155823, 
        151345, 
        154169
      ], 
      "23": [
        32, 
        33, 
        29, 
        34
      ], 
      "24": [
        4096, 
        4224, 
        3712, 
        4352
      ], 
      "25": [
        5487, 
        5262, 
        4871, 
        3190
      ], 
      "26": [
        155374, 
        155471, 
        150998, 
        153827
      ], 
      "27": [
        91452, 
        92074, 
        86140, 
        86460
      ], 
      "28": [
        2670, 
        2702, 
        2557, 
        2280
      ], 
      "29": [
        53580, 
        53296, 
        51935, 
        58436
      ], 
      "3": [
        0, 
        0, 
        0, 
        0
      ], 
      "30": [
        0, 
        0, 
        0, 
        0
      ], 
      "31": [
        33092, 
        33607, 
        31364, 
        32159
      ], 
      "32": [
        86697, 
        85189, 
        85352, 
        89623
      ], 
      "33": [
        0, 
        0, 
        0, 
        0
      ], 
      "34": [
        53605, 
        51582, 
        53988, 
        57464
      ], 
      "35": [
        0, 
        0, 
        0, 
        0
      ], 
      "36": [
        0, 
        0, 
        0, 
        0
      ], 
      "37": [
        0, 
        0, 
        0, 
        0
      ], 
      "38": [
        0, 
        0, 
        0, 
        0
      ], 
      "39": [
        0, 
        0, 
        0, 
        0
      ], 
      "4": [
        0, 
        0, 
        0, 
        0
      ], 
      "40": [
        0, 
        0, 
        0, 
        0
      ], 
      "41": [
        0, 
        0, 
        0, 
        0
      ], 
      "42": [
        0, 
        0, 
        0, 
        0
      ], 
      "43": [
        0, 
        0, 
        0, 
        0
      ], 
      "44": [
        0, 
        0, 
        0, 
        0
      ], 
      "45": [
        0, 
        0, 
        0, 
        0
      ], 
      "46": [
        0, 
        0, 
        0, 
        0
      ], 
      "47": [
        0, 
        0, 
        0, 
        0
      ], 
      "48": [
        8222, 
        8268, 
        7680, 
        7658
      ], 
      "49": [
        4255, 
        4029, 
        4338, 
        4338
      ], 
      "5": [
        0, 
        0, 
        0, 
        0
      ], 
      "50": [
        0, 
        0, 
        0, 
        0
      ], 
      "51": [
        0, 
        0, 
        0, 
        0
      ], 
      "52": [
        8010, 
        8171, 
        7770, 
        7863
      ], 
      "53": [
        19821, 
        19104, 
        20312, 
        21989
      ], 
      "54": [
        3218, 
        3067, 
        3195, 
        3244
      ], 
      "55": [
        1975, 
        1848, 
        1977, 
        2065
      ], 
      "56": [
        2005, 
        1860, 
        2004, 
        2080
      ], 
      "57": [
        1, 
        1, 
        1, 
        1
      ], 
      "58": [
        3, 
        3, 
        3, 
        3
      ], 
      "59": [
        42, 
        42, 
        42, 
        42
      ], 
      "6": [
        0, 
        0, 
        0, 
        0
      ], 
      "60": [
        322, 
        300, 
        296, 
        285
      ], 
      "61": [
        17674, 
        17883, 
        16786, 
        16879
      ], 
      "62": [
        332, 
        332, 
        332, 
        332
      ], 
      "63": [
        0, 
        0, 
        0, 
        0
      ], 
      "7": [
        0, 
        0, 
        0, 
        0
      ], 
      "8": [
        0, 
        0, 
        0, 
        0
      ], 
      "9": [
        0, 
        0, 
        0, 
        0
      ]
    }
  }, 
  "features": {
    "GWS": [
      16, 
      16, 
      64
    ], 
    "LWS": [
      4, 
      1, 
      64
    ], 
    "OFFSET": [
      0, 
      0, 
      0
    ], 
    "compiler name": "ARM Mali OpenCL", 
    "compiler version": "5.0", 
    "cpu_freq": 1600, 
    "gpu_freq": 266, 
    "image cols": 2103, 
    "image rows": 2082, 
    "pool_dir": "pool.18", 
    "program version": "c597087", 
    "size": 16
  }, 
  "meta": {
    "device name": "Mali-T628", 
    "device type": "GPU", 
    "device vendor": "ARM", 
    "experiment type": "benchmarking", 
    "kernel name": "calc_histogram", 
    "program name": "Realeyes HOG"
  }, 
  "tags": [
    "demo", 
    "arm", 
    "codegen15"
  ], 
  "work": {
    "repl": 4, 
    "timestamp": "2015-02-22T02:27:50.100926"
  }
}