{
  "characteristics": {
    "cpu": 0.003064, 
    "gpu_copy": 0.005249, 
    "gpu_only": 0.000938, 
    "is_gpu_better": false, 
    "l2 cache and mmu counters": {
      "0": 272807968, 
      "1": 14, 
      "10": 0, 
      "11": 0, 
      "12": 0, 
      "13": 0, 
      "14": 0, 
      "15": 0, 
      "16": 8, 
      "17": 3, 
      "18": 245, 
      "19": 4, 
      "2": 65535, 
      "20": 0, 
      "21": 0, 
      "22": 0, 
      "23": 0, 
      "24": 0, 
      "25": 0, 
      "26": 0, 
      "27": 0, 
      "28": 0, 
      "29": 0, 
      "3": 0, 
      "30": 106, 
      "31": 7018, 
      "32": 353251, 
      "33": 285394, 
      "34": 284227, 
      "35": 24360, 
      "36": 27043, 
      "37": 276276, 
      "38": 0, 
      "39": 36527, 
      "4": 125, 
      "40": 36522, 
      "41": 179, 
      "42": 0, 
      "43": 36466, 
      "44": 0, 
      "45": 39, 
      "46": 0, 
      "47": 0, 
      "48": 1754, 
      "49": 1754, 
      "5": 47, 
      "50": 30, 
      "51": 26, 
      "52": 4, 
      "53": 2, 
      "54": 0, 
      "55": 0, 
      "56": 0, 
      "57": 0, 
      "58": 2, 
      "59": 0, 
      "6": 78, 
      "60": 0, 
      "61": 7167, 
      "62": 301197, 
      "63": 169525, 
      "7": 73, 
      "8": 22, 
      "9": 0
    }, 
    "shader core counters": {
      "0": [
        272807968, 
        272807968, 
        272807968, 
        272807968
      ], 
      "1": [
        14, 
        14, 
        14, 
        14
      ], 
      "10": [
        0, 
        0, 
        0, 
        0
      ], 
      "11": [
        0, 
        0, 
        0, 
        0
      ], 
      "12": [
        0, 
        0, 
        0, 
        0
      ], 
      "13": [
        0, 
        0, 
        0, 
        0
      ], 
      "14": [
        0, 
        0, 
        0, 
        0
      ], 
      "15": [
        0, 
        0, 
        0, 
        0
      ], 
      "16": [
        0, 
        0, 
        0, 
        0
      ], 
      "17": [
        0, 
        0, 
        0, 
        0
      ], 
      "18": [
        0, 
        0, 
        0, 
        0
      ], 
      "19": [
        0, 
        0, 
        0, 
        0
      ], 
      "2": [
        65535, 
        65535, 
        65535, 
        65535
      ], 
      "20": [
        0, 
        0, 
        0, 
        0
      ], 
      "21": [
        0, 
        0, 
        0, 
        0
      ], 
      "22": [
        498808, 
        494465, 
        492814, 
        493968
      ], 
      "23": [
        135, 
        129, 
        121, 
        127
      ], 
      "24": [
        17280, 
        16512, 
        15488, 
        16256
      ], 
      "25": [
        10931, 
        11554, 
        9033, 
        9182
      ], 
      "26": [
        498350, 
        493999, 
        492353, 
        493512
      ], 
      "27": [
        278410, 
        270460, 
        275728, 
        272618
      ], 
      "28": [
        6750, 
        6405, 
        6745, 
        6486
      ], 
      "29": [
        200220, 
        202779, 
        197775, 
        201569
      ], 
      "3": [
        0, 
        0, 
        0, 
        0
      ], 
      "30": [
        0, 
        0, 
        0, 
        0
      ], 
      "31": [
        108951, 
        106056, 
        105800, 
        106203
      ], 
      "32": [
        305780, 
        309166, 
        296883, 
        307218
      ], 
      "33": [
        0, 
        0, 
        0, 
        0
      ], 
      "34": [
        196829, 
        203110, 
        191083, 
        201015
      ], 
      "35": [
        0, 
        0, 
        0, 
        0
      ], 
      "36": [
        0, 
        0, 
        0, 
        0
      ], 
      "37": [
        0, 
        0, 
        0, 
        0
      ], 
      "38": [
        0, 
        0, 
        0, 
        0
      ], 
      "39": [
        0, 
        0, 
        0, 
        0
      ], 
      "4": [
        0, 
        0, 
        0, 
        0
      ], 
      "40": [
        0, 
        0, 
        0, 
        0
      ], 
      "41": [
        0, 
        0, 
        0, 
        0
      ], 
      "42": [
        0, 
        0, 
        0, 
        0
      ], 
      "43": [
        0, 
        0, 
        0, 
        0
      ], 
      "44": [
        0, 
        0, 
        0, 
        0
      ], 
      "45": [
        0, 
        0, 
        0, 
        0
      ], 
      "46": [
        0, 
        0, 
        0, 
        0
      ], 
      "47": [
        0, 
        0, 
        0, 
        0
      ], 
      "48": [
        26904, 
        26139, 
        26499, 
        26249
      ], 
      "49": [
        13398, 
        14840, 
        14455, 
        14646
      ], 
      "5": [
        0, 
        0, 
        0, 
        0
      ], 
      "50": [
        0, 
        0, 
        0, 
        0
      ], 
      "51": [
        0, 
        0, 
        0, 
        0
      ], 
      "52": [
        23794, 
        23395, 
        23539, 
        23512
      ], 
      "53": [
        81366, 
        83133, 
        77500, 
        82182
      ], 
      "54": [
        9202, 
        8888, 
        9140, 
        9108
      ], 
      "55": [
        6866, 
        6607, 
        6767, 
        6748
      ], 
      "56": [
        6883, 
        6632, 
        6792, 
        6777
      ], 
      "57": [
        1, 
        1, 
        1, 
        1
      ], 
      "58": [
        3, 
        3, 
        3, 
        3
      ], 
      "59": [
        43, 
        43, 
        42, 
        42
      ], 
      "6": [
        0, 
        0, 
        0, 
        0
      ], 
      "60": [
        15, 
        13, 
        13, 
        13
      ], 
      "61": [
        54740, 
        53445, 
        54085, 
        53762
      ], 
      "62": [
        332, 
        332, 
        332, 
        332
      ], 
      "63": [
        8, 
        16, 
        0, 
        0
      ], 
      "7": [
        0, 
        0, 
        0, 
        0
      ], 
      "8": [
        0, 
        0, 
        0, 
        0
      ], 
      "9": [
        0, 
        0, 
        0, 
        0
      ]
    }
  }, 
  "features": {
    "GWS": [
      32, 
      32, 
      64
    ], 
    "LWS": [
      4, 
      1, 
      64
    ], 
    "OFFSET": [
      0, 
      0, 
      0
    ], 
    "compiler name": "ARM Mali OpenCL", 
    "compiler version": "5.0", 
    "cpu_freq": 800, 
    "gpu_freq": 533, 
    "image cols": 633, 
    "image rows": 921, 
    "pool_dir": "pool.01", 
    "program version": "c597087", 
    "size": 32
  }, 
  "meta": {
    "device name": "Mali-T628", 
    "device type": "GPU", 
    "device vendor": "ARM", 
    "experiment type": "benchmarking", 
    "kernel name": "calc_histogram", 
    "program name": "Realeyes HOG"
  }, 
  "tags": [
    "demo", 
    "arm", 
    "codegen15"
  ], 
  "work": {
    "repl": 4, 
    "timestamp": "2015-02-25T13:02:48.113635"
  }
}