{
  "characteristics": {
    "cpu": 0.001669, 
    "gpu_copy": 0.002993, 
    "gpu_only": 0.000936, 
    "is_gpu_better": false, 
    "l2 cache and mmu counters": {
      "0": 4254018395, 
      "1": 9, 
      "10": 0, 
      "11": 0, 
      "12": 0, 
      "13": 0, 
      "14": 0, 
      "15": 0, 
      "16": 9, 
      "17": 2, 
      "18": 248, 
      "19": 7, 
      "2": 65535, 
      "20": 0, 
      "21": 0, 
      "22": 0, 
      "23": 0, 
      "24": 0, 
      "25": 0, 
      "26": 0, 
      "27": 0, 
      "28": 0, 
      "29": 0, 
      "3": 0, 
      "30": 156, 
      "31": 7150, 
      "32": 348350, 
      "33": 280448, 
      "34": 279259, 
      "35": 24270, 
      "36": 27001, 
      "37": 270542, 
      "38": 0, 
      "39": 36605, 
      "4": 309, 
      "40": 36600, 
      "41": 200, 
      "42": 0, 
      "43": 36539, 
      "44": 0, 
      "45": 55, 
      "46": 0, 
      "47": 0, 
      "48": 1787, 
      "49": 1787, 
      "5": 63, 
      "50": 44, 
      "51": 38, 
      "52": 6, 
      "53": 2, 
      "54": 0, 
      "55": 3, 
      "56": 0, 
      "57": 89, 
      "58": 2, 
      "59": 0, 
      "6": 78, 
      "60": 0, 
      "61": 7485, 
      "62": 295414, 
      "63": 157490, 
      "7": 114, 
      "8": 30, 
      "9": 0
    }, 
    "shader core counters": {
      "0": [
        4254018395, 
        4254018395, 
        4254018395, 
        4254018395
      ], 
      "1": [
        9, 
        9, 
        9, 
        9
      ], 
      "10": [
        0, 
        0, 
        0, 
        0
      ], 
      "11": [
        0, 
        0, 
        0, 
        0
      ], 
      "12": [
        0, 
        0, 
        0, 
        0
      ], 
      "13": [
        0, 
        0, 
        0, 
        0
      ], 
      "14": [
        0, 
        0, 
        0, 
        0
      ], 
      "15": [
        0, 
        0, 
        0, 
        0
      ], 
      "16": [
        0, 
        0, 
        0, 
        0
      ], 
      "17": [
        0, 
        0, 
        0, 
        0
      ], 
      "18": [
        0, 
        0, 
        0, 
        0
      ], 
      "19": [
        0, 
        0, 
        0, 
        0
      ], 
      "2": [
        65535, 
        65535, 
        65535, 
        65535
      ], 
      "20": [
        0, 
        0, 
        0, 
        0
      ], 
      "21": [
        0, 
        0, 
        0, 
        0
      ], 
      "22": [
        493591, 
        497775, 
        495622, 
        497948
      ], 
      "23": [
        127, 
        128, 
        128, 
        129
      ], 
      "24": [
        16256, 
        16384, 
        16384, 
        16512
      ], 
      "25": [
        13684, 
        6291, 
        17732, 
        7912
      ], 
      "26": [
        493124, 
        497298, 
        495147, 
        497478
      ], 
      "27": [
        283316, 
        285498, 
        285220, 
        289376
      ], 
      "28": [
        7125, 
        7157, 
        7203, 
        7518
      ], 
      "29": [
        189336, 
        192981, 
        189607, 
        189958
      ], 
      "3": [
        0, 
        0, 
        0, 
        0
      ], 
      "30": [
        0, 
        0, 
        0, 
        0
      ], 
      "31": [
        110526, 
        110667, 
        110859, 
        111383
      ], 
      "32": [
        294576, 
        300111, 
        292095, 
        293400
      ], 
      "33": [
        0, 
        0, 
        0, 
        0
      ], 
      "34": [
        184050, 
        189444, 
        181236, 
        182017
      ], 
      "35": [
        0, 
        0, 
        0, 
        0
      ], 
      "36": [
        0, 
        0, 
        0, 
        0
      ], 
      "37": [
        0, 
        0, 
        0, 
        0
      ], 
      "38": [
        0, 
        0, 
        0, 
        0
      ], 
      "39": [
        0, 
        0, 
        0, 
        0
      ], 
      "4": [
        0, 
        0, 
        0, 
        0
      ], 
      "40": [
        0, 
        0, 
        0, 
        0
      ], 
      "41": [
        0, 
        0, 
        0, 
        0
      ], 
      "42": [
        0, 
        0, 
        0, 
        0
      ], 
      "43": [
        0, 
        0, 
        0, 
        0
      ], 
      "44": [
        0, 
        0, 
        0, 
        0
      ], 
      "45": [
        0, 
        0, 
        0, 
        0
      ], 
      "46": [
        0, 
        0, 
        0, 
        0
      ], 
      "47": [
        0, 
        0, 
        0, 
        0
      ], 
      "48": [
        26809, 
        26886, 
        27057, 
        27471
      ], 
      "49": [
        12244, 
        13208, 
        12311, 
        13683
      ], 
      "5": [
        0, 
        0, 
        0, 
        0
      ], 
      "50": [
        0, 
        0, 
        0, 
        0
      ], 
      "51": [
        0, 
        0, 
        0, 
        0
      ], 
      "52": [
        25327, 
        25269, 
        25221, 
        25067
      ], 
      "53": [
        76944, 
        78712, 
        75442, 
        74443
      ], 
      "54": [
        9145, 
        9217, 
        9111, 
        9043
      ], 
      "55": [
        6767, 
        6838, 
        6681, 
        6635
      ], 
      "56": [
        6817, 
        6880, 
        6734, 
        6673
      ], 
      "57": [
        1, 
        1, 
        1, 
        1
      ], 
      "58": [
        3, 
        3, 
        3, 
        3
      ], 
      "59": [
        42, 
        42, 
        44, 
        43
      ], 
      "6": [
        0, 
        0, 
        0, 
        0
      ], 
      "60": [
        42, 
        40, 
        29, 
        34
      ], 
      "61": [
        56271, 
        56325, 
        56453, 
        56763
      ], 
      "62": [
        332, 
        332, 
        332, 
        332
      ], 
      "63": [
        0, 
        0, 
        24, 
        8
      ], 
      "7": [
        0, 
        0, 
        0, 
        0
      ], 
      "8": [
        0, 
        0, 
        0, 
        0
      ], 
      "9": [
        0, 
        0, 
        0, 
        0
      ]
    }
  }, 
  "features": {
    "GWS": [
      32, 
      32, 
      64
    ], 
    "LWS": [
      4, 
      1, 
      64
    ], 
    "OFFSET": [
      0, 
      0, 
      0
    ], 
    "compiler name": "ARM Mali OpenCL", 
    "compiler version": "5.0", 
    "cpu_freq": 1600, 
    "gpu_freq": 533, 
    "image cols": 944, 
    "image rows": 708, 
    "pool_dir": "pool.05", 
    "program version": "c597087", 
    "size": 32
  }, 
  "meta": {
    "device name": "Mali-T628", 
    "device type": "GPU", 
    "device vendor": "ARM", 
    "experiment type": "benchmarking", 
    "kernel name": "calc_histogram", 
    "program name": "Realeyes HOG"
  }, 
  "tags": [
    "demo", 
    "arm", 
    "codegen15"
  ], 
  "work": {
    "repl": 3, 
    "timestamp": "2015-02-25T12:50:39.014085"
  }
}