{
  "characteristics": {
    "cpu": 0.000821, 
    "gpu_copy": 0.009653, 
    "gpu_only": 0.000532, 
    "is_gpu_better": false, 
    "l2 cache and mmu counters": {
      "0": 3976972907, 
      "1": 19, 
      "10": 0, 
      "11": 0, 
      "12": 0, 
      "13": 0, 
      "14": 0, 
      "15": 0, 
      "16": 8, 
      "17": 3, 
      "18": 194, 
      "19": 4, 
      "2": 65535, 
      "20": 0, 
      "21": 0, 
      "22": 0, 
      "23": 0, 
      "24": 0, 
      "25": 0, 
      "26": 0, 
      "27": 0, 
      "28": 0, 
      "29": 0, 
      "3": 0, 
      "30": 118, 
      "31": 4622, 
      "32": 85792, 
      "33": 63699, 
      "34": 62811, 
      "35": 6180, 
      "36": 6922, 
      "37": 60616, 
      "38": 0, 
      "39": 10976, 
      "4": 2549, 
      "40": 10971, 
      "41": 110, 
      "42": 0, 
      "43": 10946, 
      "44": 0, 
      "45": 56, 
      "46": 0, 
      "47": 0, 
      "48": 1155, 
      "49": 1155, 
      "5": 136, 
      "50": 33, 
      "51": 29, 
      "52": 4, 
      "53": 2, 
      "54": 0, 
      "55": 0, 
      "56": 0, 
      "57": 4, 
      "58": 7, 
      "59": 0, 
      "6": 59, 
      "60": 0, 
      "61": 1796, 
      "62": 65958, 
      "63": 25528, 
      "7": 291, 
      "8": 93, 
      "9": 0
    }, 
    "shader core counters": {
      "0": [
        3976972907, 
        3976972907, 
        3976972907, 
        3976972907
      ], 
      "1": [
        19, 
        19, 
        19, 
        19
      ], 
      "10": [
        0, 
        0, 
        0, 
        0
      ], 
      "11": [
        0, 
        0, 
        0, 
        0
      ], 
      "12": [
        0, 
        0, 
        0, 
        0
      ], 
      "13": [
        0, 
        0, 
        0, 
        0
      ], 
      "14": [
        0, 
        0, 
        0, 
        0
      ], 
      "15": [
        0, 
        0, 
        0, 
        0
      ], 
      "16": [
        0, 
        0, 
        0, 
        0
      ], 
      "17": [
        0, 
        0, 
        0, 
        0
      ], 
      "18": [
        0, 
        0, 
        0, 
        0
      ], 
      "19": [
        0, 
        0, 
        0, 
        0
      ], 
      "2": [
        65535, 
        65535, 
        65535, 
        65535
      ], 
      "20": [
        0, 
        0, 
        0, 
        0
      ], 
      "21": [
        0, 
        0, 
        0, 
        0
      ], 
      "22": [
        139756, 
        141544, 
        136160, 
        138621
      ], 
      "23": [
        30, 
        33, 
        34, 
        31
      ], 
      "24": [
        3840, 
        4224, 
        4352, 
        3968
      ], 
      "25": [
        4159, 
        4568, 
        3930, 
        3973
      ], 
      "26": [
        139398, 
        141175, 
        135796, 
        138262
      ], 
      "27": [
        82624, 
        82482, 
        79652, 
        78480
      ], 
      "28": [
        2342, 
        2438, 
        2255, 
        2190
      ], 
      "29": [
        49135, 
        45464, 
        47468, 
        49736
      ], 
      "3": [
        0, 
        0, 
        0, 
        0
      ], 
      "30": [
        0, 
        0, 
        0, 
        0
      ], 
      "31": [
        29790, 
        30124, 
        29543, 
        29014
      ], 
      "32": [
        74352, 
        79019, 
        76729, 
        78630
      ], 
      "33": [
        0, 
        0, 
        0, 
        0
      ], 
      "34": [
        44562, 
        48895, 
        47186, 
        49616
      ], 
      "35": [
        0, 
        0, 
        0, 
        0
      ], 
      "36": [
        0, 
        0, 
        0, 
        0
      ], 
      "37": [
        0, 
        0, 
        0, 
        0
      ], 
      "38": [
        0, 
        0, 
        0, 
        0
      ], 
      "39": [
        0, 
        0, 
        0, 
        0
      ], 
      "4": [
        0, 
        0, 
        0, 
        0
      ], 
      "40": [
        0, 
        0, 
        0, 
        0
      ], 
      "41": [
        0, 
        0, 
        0, 
        0
      ], 
      "42": [
        0, 
        0, 
        0, 
        0
      ], 
      "43": [
        0, 
        0, 
        0, 
        0
      ], 
      "44": [
        0, 
        0, 
        0, 
        0
      ], 
      "45": [
        0, 
        0, 
        0, 
        0
      ], 
      "46": [
        0, 
        0, 
        0, 
        0
      ], 
      "47": [
        0, 
        0, 
        0, 
        0
      ], 
      "48": [
        7663, 
        7625, 
        7264, 
        7277
      ], 
      "49": [
        3703, 
        4994, 
        3639, 
        4046
      ], 
      "5": [
        0, 
        0, 
        0, 
        0
      ], 
      "50": [
        0, 
        0, 
        0, 
        0
      ], 
      "51": [
        0, 
        0, 
        0, 
        0
      ], 
      "52": [
        6843, 
        6858, 
        6823, 
        6711
      ], 
      "53": [
        16873, 
        17964, 
        18271, 
        19022
      ], 
      "54": [
        2792, 
        2564, 
        2609, 
        2917
      ], 
      "55": [
        1761, 
        1613, 
        1674, 
        1872
      ], 
      "56": [
        1767, 
        1610, 
        1685, 
        1884
      ], 
      "57": [
        1, 
        1, 
        1, 
        1
      ], 
      "58": [
        3, 
        3, 
        3, 
        3
      ], 
      "59": [
        43, 
        43, 
        42, 
        42
      ], 
      "6": [
        0, 
        0, 
        0, 
        0
      ], 
      "60": [
        256, 
        274, 
        224, 
        283
      ], 
      "61": [
        15771, 
        15770, 
        15303, 
        15207
      ], 
      "62": [
        332, 
        332, 
        332, 
        332
      ], 
      "63": [
        8, 
        16, 
        0, 
        0
      ], 
      "7": [
        0, 
        0, 
        0, 
        0
      ], 
      "8": [
        0, 
        0, 
        0, 
        0
      ], 
      "9": [
        0, 
        0, 
        0, 
        0
      ]
    }
  }, 
  "features": {
    "GWS": [
      16, 
      16, 
      64
    ], 
    "LWS": [
      4, 
      1, 
      64
    ], 
    "OFFSET": [
      0, 
      0, 
      0
    ], 
    "compiler name": "ARM Mali OpenCL", 
    "compiler version": "5.0", 
    "cpu_freq": 1600, 
    "gpu_freq": 266, 
    "image cols": 2521, 
    "image rows": 2184, 
    "pool_dir": "pool.20", 
    "program version": "c597087", 
    "size": 16
  }, 
  "meta": {
    "device name": "Mali-T628", 
    "device type": "GPU", 
    "device vendor": "ARM", 
    "experiment type": "benchmarking", 
    "kernel name": "calc_histogram", 
    "program name": "Realeyes HOG"
  }, 
  "tags": [
    "demo", 
    "arm", 
    "codegen15"
  ], 
  "work": {
    "repl": 1, 
    "timestamp": "2015-02-22T02:11:13.711037"
  }
}