{
  "characteristics": {
    "cpu": 0.003389, 
    "gpu_copy": 0.005431, 
    "gpu_only": 0.001875, 
    "is_gpu_better": false, 
    "l2 cache and mmu counters": {
      "0": 1072894285, 
      "1": 9, 
      "10": 0, 
      "11": 0, 
      "12": 0, 
      "13": 0, 
      "14": 0, 
      "15": 0, 
      "16": 8, 
      "17": 3, 
      "18": 165, 
      "19": 4, 
      "2": 65535, 
      "20": 0, 
      "21": 0, 
      "22": 0, 
      "23": 0, 
      "24": 0, 
      "25": 0, 
      "26": 0, 
      "27": 0, 
      "28": 0, 
      "29": 0, 
      "3": 0, 
      "30": 106, 
      "31": 6898, 
      "32": 350616, 
      "33": 281865, 
      "34": 281082, 
      "35": 24356, 
      "36": 27153, 
      "37": 272694, 
      "38": 0, 
      "39": 37293, 
      "4": 275, 
      "40": 37288, 
      "41": 156, 
      "42": 0, 
      "43": 37237, 
      "44": 0, 
      "45": 42, 
      "46": 0, 
      "47": 0, 
      "48": 1724, 
      "49": 1724, 
      "5": 60, 
      "50": 30, 
      "51": 26, 
      "52": 4, 
      "53": 2, 
      "54": 0, 
      "55": 0, 
      "56": 0, 
      "57": 12, 
      "58": 1, 
      "59": 0, 
      "6": 47, 
      "60": 0, 
      "61": 7302, 
      "62": 298423, 
      "63": 159696, 
      "7": 62, 
      "8": 28, 
      "9": 0
    }, 
    "shader core counters": {
      "0": [
        1072894285, 
        1072894285, 
        1072894285, 
        1072894285
      ], 
      "1": [
        9, 
        9, 
        9, 
        9
      ], 
      "10": [
        0, 
        0, 
        0, 
        0
      ], 
      "11": [
        0, 
        0, 
        0, 
        0
      ], 
      "12": [
        0, 
        0, 
        0, 
        0
      ], 
      "13": [
        0, 
        0, 
        0, 
        0
      ], 
      "14": [
        0, 
        0, 
        0, 
        0
      ], 
      "15": [
        0, 
        0, 
        0, 
        0
      ], 
      "16": [
        0, 
        0, 
        0, 
        0
      ], 
      "17": [
        0, 
        0, 
        0, 
        0
      ], 
      "18": [
        0, 
        0, 
        0, 
        0
      ], 
      "19": [
        0, 
        0, 
        0, 
        0
      ], 
      "2": [
        65535, 
        65535, 
        65535, 
        65535
      ], 
      "20": [
        0, 
        0, 
        0, 
        0
      ], 
      "21": [
        0, 
        0, 
        0, 
        0
      ], 
      "22": [
        496327, 
        498580, 
        498657, 
        498163
      ], 
      "23": [
        124, 
        130, 
        131, 
        127
      ], 
      "24": [
        15872, 
        16640, 
        16768, 
        16256
      ], 
      "25": [
        4581, 
        10362, 
        8381, 
        4501
      ], 
      "26": [
        495976, 
        498217, 
        498299, 
        497810
      ], 
      "27": [
        284112, 
        284004, 
        289842, 
        285270
      ], 
      "28": [
        7169, 
        7333, 
        7302, 
        7142
      ], 
      "29": [
        193252, 
        192078, 
        190926, 
        195771
      ], 
      "3": [
        0, 
        0, 
        0, 
        0
      ], 
      "30": [
        0, 
        0, 
        0, 
        0
      ], 
      "31": [
        110330, 
        109943, 
        112892, 
        110783
      ], 
      "32": [
        302399, 
        304803, 
        293338, 
        298339
      ], 
      "33": [
        0, 
        0, 
        0, 
        0
      ], 
      "34": [
        192069, 
        194860, 
        180446, 
        187556
      ], 
      "35": [
        0, 
        0, 
        0, 
        0
      ], 
      "36": [
        0, 
        0, 
        0, 
        0
      ], 
      "37": [
        0, 
        0, 
        0, 
        0
      ], 
      "38": [
        0, 
        0, 
        0, 
        0
      ], 
      "39": [
        0, 
        0, 
        0, 
        0
      ], 
      "4": [
        0, 
        0, 
        0, 
        0
      ], 
      "40": [
        0, 
        0, 
        0, 
        0
      ], 
      "41": [
        0, 
        0, 
        0, 
        0
      ], 
      "42": [
        0, 
        0, 
        0, 
        0
      ], 
      "43": [
        0, 
        0, 
        0, 
        0
      ], 
      "44": [
        0, 
        0, 
        0, 
        0
      ], 
      "45": [
        0, 
        0, 
        0, 
        0
      ], 
      "46": [
        0, 
        0, 
        0, 
        0
      ], 
      "47": [
        0, 
        0, 
        0, 
        0
      ], 
      "48": [
        27172, 
        26523, 
        27493, 
        27034
      ], 
      "49": [
        12804, 
        14147, 
        11743, 
        12857
      ], 
      "5": [
        0, 
        0, 
        0, 
        0
      ], 
      "50": [
        0, 
        0, 
        0, 
        0
      ], 
      "51": [
        0, 
        0, 
        0, 
        0
      ], 
      "52": [
        25037, 
        25155, 
        25710, 
        25239
      ], 
      "53": [
        80676, 
        80669, 
        75598, 
        78254
      ], 
      "54": [
        9496, 
        9225, 
        9137, 
        9286
      ], 
      "55": [
        6952, 
        6654, 
        6718, 
        6778
      ], 
      "56": [
        6977, 
        6675, 
        6742, 
        6801
      ], 
      "57": [
        1, 
        1, 
        1, 
        1
      ], 
      "58": [
        3, 
        3, 
        3, 
        3
      ], 
      "59": [
        42, 
        42, 
        42, 
        42
      ], 
      "6": [
        0, 
        0, 
        0, 
        0
      ], 
      "60": [
        33, 
        28, 
        31, 
        34
      ], 
      "61": [
        56349, 
        55819, 
        57454, 
        56447
      ], 
      "62": [
        332, 
        332, 
        332, 
        332
      ], 
      "63": [
        0, 
        0, 
        0, 
        0
      ], 
      "7": [
        0, 
        0, 
        0, 
        0
      ], 
      "8": [
        0, 
        0, 
        0, 
        0
      ], 
      "9": [
        0, 
        0, 
        0, 
        0
      ]
    }
  }, 
  "features": {
    "GWS": [
      32, 
      32, 
      64
    ], 
    "LWS": [
      4, 
      1, 
      64
    ], 
    "OFFSET": [
      0, 
      0, 
      0
    ], 
    "compiler name": "ARM Mali OpenCL", 
    "compiler version": "5.0", 
    "cpu_freq": 800, 
    "gpu_freq": 266, 
    "image cols": 944, 
    "image rows": 708, 
    "pool_dir": "pool.05", 
    "program version": "c597087", 
    "size": 32
  }, 
  "meta": {
    "device name": "Mali-T628", 
    "device type": "GPU", 
    "device vendor": "ARM", 
    "experiment type": "benchmarking", 
    "kernel name": "calc_histogram", 
    "program name": "Realeyes HOG"
  }, 
  "tags": [
    "demo", 
    "arm", 
    "codegen15"
  ], 
  "work": {
    "repl": 3, 
    "timestamp": "2015-02-25T12:48:26.667892"
  }
}