{
  "characteristics": {
    "cpu": 0.001449, 
    "gpu_copy": 0.017181, 
    "gpu_only": 0.000623, 
    "is_gpu_better": false, 
    "l2 cache and mmu counters": {
      "0": 264041106, 
      "1": 23, 
      "10": 0, 
      "11": 0, 
      "12": 0, 
      "13": 0, 
      "14": 0, 
      "15": 0, 
      "16": 9, 
      "17": 3, 
      "18": 181, 
      "19": 7, 
      "2": 65535, 
      "20": 0, 
      "21": 0, 
      "22": 0, 
      "23": 0, 
      "24": 0, 
      "25": 0, 
      "26": 0, 
      "27": 0, 
      "28": 0, 
      "29": 0, 
      "3": 0, 
      "30": 114, 
      "31": 5350, 
      "32": 111341, 
      "33": 84729, 
      "34": 83736, 
      "35": 7953, 
      "36": 8559, 
      "37": 81174, 
      "38": 0, 
      "39": 13834, 
      "4": 3442, 
      "40": 13829, 
      "41": 124, 
      "42": 0, 
      "43": 13812, 
      "44": 0, 
      "45": 72, 
      "46": 0, 
      "47": 0, 
      "48": 1337, 
      "49": 1337, 
      "5": 215, 
      "50": 32, 
      "51": 28, 
      "52": 4, 
      "53": 2, 
      "54": 0, 
      "55": 0, 
      "56": 0, 
      "57": 0, 
      "58": 10, 
      "59": 0, 
      "6": 54, 
      "60": 0, 
      "61": 2117, 
      "62": 89742, 
      "63": 36134, 
      "7": 338, 
      "8": 168, 
      "9": 0
    }, 
    "shader core counters": {
      "0": [
        264041106, 
        264041106, 
        264041106, 
        264041106
      ], 
      "1": [
        23, 
        23, 
        23, 
        23
      ], 
      "10": [
        0, 
        0, 
        0, 
        0
      ], 
      "11": [
        0, 
        0, 
        0, 
        0
      ], 
      "12": [
        0, 
        0, 
        0, 
        0
      ], 
      "13": [
        0, 
        0, 
        0, 
        0
      ], 
      "14": [
        0, 
        0, 
        0, 
        0
      ], 
      "15": [
        0, 
        0, 
        0, 
        0
      ], 
      "16": [
        0, 
        0, 
        0, 
        0
      ], 
      "17": [
        0, 
        0, 
        0, 
        0
      ], 
      "18": [
        0, 
        0, 
        0, 
        0
      ], 
      "19": [
        0, 
        0, 
        0, 
        0
      ], 
      "2": [
        65535, 
        65535, 
        65535, 
        65535
      ], 
      "20": [
        0, 
        0, 
        0, 
        0
      ], 
      "21": [
        0, 
        0, 
        0, 
        0
      ], 
      "22": [
        162863, 
        165530, 
        164397, 
        164685
      ], 
      "23": [
        33, 
        30, 
        31, 
        34
      ], 
      "24": [
        4224, 
        3840, 
        3968, 
        4352
      ], 
      "25": [
        4606, 
        4033, 
        5277, 
        5712
      ], 
      "26": [
        162492, 
        165146, 
        164018, 
        164311
      ], 
      "27": [
        94114, 
        91606, 
        91372, 
        93186
      ], 
      "28": [
        2584, 
        2473, 
        2578, 
        2705
      ], 
      "29": [
        59274, 
        64109, 
        60616, 
        59369
      ], 
      "3": [
        0, 
        0, 
        0, 
        0
      ], 
      "30": [
        0, 
        0, 
        0, 
        0
      ], 
      "31": [
        34790, 
        33911, 
        33839, 
        34416
      ], 
      "32": [
        92643, 
        97082, 
        92975, 
        95324
      ], 
      "33": [
        0, 
        0, 
        0, 
        0
      ], 
      "34": [
        57853, 
        63171, 
        59136, 
        60908
      ], 
      "35": [
        0, 
        0, 
        0, 
        0
      ], 
      "36": [
        0, 
        0, 
        0, 
        0
      ], 
      "37": [
        0, 
        0, 
        0, 
        0
      ], 
      "38": [
        0, 
        0, 
        0, 
        0
      ], 
      "39": [
        0, 
        0, 
        0, 
        0
      ], 
      "4": [
        0, 
        0, 
        0, 
        0
      ], 
      "40": [
        0, 
        0, 
        0, 
        0
      ], 
      "41": [
        0, 
        0, 
        0, 
        0
      ], 
      "42": [
        0, 
        0, 
        0, 
        0
      ], 
      "43": [
        0, 
        0, 
        0, 
        0
      ], 
      "44": [
        0, 
        0, 
        0, 
        0
      ], 
      "45": [
        0, 
        0, 
        0, 
        0
      ], 
      "46": [
        0, 
        0, 
        0, 
        0
      ], 
      "47": [
        0, 
        0, 
        0, 
        0
      ], 
      "48": [
        8334, 
        8084, 
        8110, 
        8085
      ], 
      "49": [
        5740, 
        5866, 
        5541, 
        5468
      ], 
      "5": [
        0, 
        0, 
        0, 
        0
      ], 
      "50": [
        0, 
        0, 
        0, 
        0
      ], 
      "51": [
        0, 
        0, 
        0, 
        0
      ], 
      "52": [
        8739, 
        8699, 
        8567, 
        8680
      ], 
      "53": [
        21460, 
        24139, 
        22279, 
        23172
      ], 
      "54": [
        3308, 
        3474, 
        3573, 
        3332
      ], 
      "55": [
        2054, 
        2193, 
        2228, 
        2085
      ], 
      "56": [
        2057, 
        2186, 
        2236, 
        2086
      ], 
      "57": [
        1, 
        1, 
        1, 
        1
      ], 
      "58": [
        4, 
        4, 
        4, 
        4
      ], 
      "59": [
        44, 
        42, 
        43, 
        42
      ], 
      "6": [
        0, 
        0, 
        0, 
        0
      ], 
      "60": [
        348, 
        344, 
        353, 
        340
      ], 
      "61": [
        18555, 
        18203, 
        18119, 
        18208
      ], 
      "62": [
        0, 
        332, 
        332, 
        332
      ], 
      "63": [
        24, 
        0, 
        16, 
        0
      ], 
      "7": [
        0, 
        0, 
        0, 
        0
      ], 
      "8": [
        0, 
        0, 
        0, 
        0
      ], 
      "9": [
        0, 
        0, 
        0, 
        0
      ]
    }
  }, 
  "features": {
    "GWS": [
      16, 
      16, 
      64
    ], 
    "LWS": [
      4, 
      1, 
      64
    ], 
    "OFFSET": [
      0, 
      0, 
      0
    ], 
    "compiler name": "ARM Mali OpenCL", 
    "compiler version": "5.0", 
    "cpu_freq": 800, 
    "gpu_freq": 266, 
    "image cols": 2593, 
    "image rows": 2593, 
    "pool_dir": "pool.02", 
    "program version": "c597087", 
    "size": 16
  }, 
  "meta": {
    "device name": "Mali-T628", 
    "device type": "GPU", 
    "device vendor": "ARM", 
    "experiment type": "benchmarking", 
    "kernel name": "calc_histogram", 
    "program name": "Realeyes HOG"
  }, 
  "tags": [
    "demo", 
    "arm", 
    "codegen15"
  ], 
  "work": {
    "repl": 4, 
    "timestamp": "2015-02-22T02:20:35.012034"
  }
}