{
  "characteristics": {
    "cpu": 0.001492, 
    "gpu_copy": 0.017565, 
    "gpu_only": 0.000631, 
    "is_gpu_better": false, 
    "l2 cache and mmu counters": {
      "0": 981353129, 
      "1": 21, 
      "10": 0, 
      "11": 0, 
      "12": 0, 
      "13": 0, 
      "14": 0, 
      "15": 0, 
      "16": 9, 
      "17": 2, 
      "18": 235, 
      "19": 5, 
      "2": 65535, 
      "20": 0, 
      "21": 0, 
      "22": 0, 
      "23": 0, 
      "24": 0, 
      "25": 0, 
      "26": 0, 
      "27": 0, 
      "28": 0, 
      "29": 0, 
      "3": 0, 
      "30": 115, 
      "31": 5342, 
      "32": 108304, 
      "33": 81806, 
      "34": 80909, 
      "35": 7706, 
      "36": 8444, 
      "37": 78228, 
      "38": 0, 
      "39": 13836, 
      "4": 3502, 
      "40": 13827, 
      "41": 118, 
      "42": 0, 
      "43": 13804, 
      "44": 0, 
      "45": 58, 
      "46": 0, 
      "47": 0, 
      "48": 1335, 
      "49": 1335, 
      "5": 211, 
      "50": 44, 
      "51": 28, 
      "52": 5, 
      "53": 2, 
      "54": 0, 
      "55": 0, 
      "56": 0, 
      "57": 0, 
      "58": 3, 
      "59": 0, 
      "6": 57, 
      "60": 0, 
      "61": 2149, 
      "62": 86118, 
      "63": 32801, 
      "7": 392, 
      "8": 156, 
      "9": 0
    }, 
    "shader core counters": {
      "0": [
        981353129, 
        981353129, 
        981353129, 
        981353129
      ], 
      "1": [
        21, 
        21, 
        21, 
        21
      ], 
      "10": [
        0, 
        0, 
        0, 
        0
      ], 
      "11": [
        0, 
        0, 
        0, 
        0
      ], 
      "12": [
        0, 
        0, 
        0, 
        0
      ], 
      "13": [
        0, 
        0, 
        0, 
        0
      ], 
      "14": [
        0, 
        0, 
        0, 
        0
      ], 
      "15": [
        0, 
        0, 
        0, 
        0
      ], 
      "16": [
        0, 
        0, 
        0, 
        0
      ], 
      "17": [
        0, 
        0, 
        0, 
        0
      ], 
      "18": [
        0, 
        0, 
        0, 
        0
      ], 
      "19": [
        0, 
        0, 
        0, 
        0
      ], 
      "2": [
        65535, 
        65535, 
        65535, 
        65535
      ], 
      "20": [
        0, 
        0, 
        0, 
        0
      ], 
      "21": [
        0, 
        0, 
        0, 
        0
      ], 
      "22": [
        167666, 
        165828, 
        164554, 
        163440
      ], 
      "23": [
        33, 
        31, 
        31, 
        33
      ], 
      "24": [
        4224, 
        3968, 
        3968, 
        4224
      ], 
      "25": [
        4446, 
        4879, 
        2984, 
        4371
      ], 
      "26": [
        167319, 
        165476, 
        164207, 
        163098
      ], 
      "27": [
        96278, 
        92734, 
        91568, 
        92098
      ], 
      "28": [
        2698, 
        2553, 
        2562, 
        2581
      ], 
      "29": [
        61290, 
        60968, 
        61439, 
        60580
      ], 
      "3": [
        0, 
        0, 
        0, 
        0
      ], 
      "30": [
        0, 
        0, 
        0, 
        0
      ], 
      "31": [
        35242, 
        34165, 
        33870, 
        33734
      ], 
      "32": [
        92256, 
        94812, 
        98225, 
        93892
      ], 
      "33": [
        0, 
        0, 
        0, 
        0
      ], 
      "34": [
        57014, 
        60647, 
        64355, 
        60158
      ], 
      "35": [
        0, 
        0, 
        0, 
        0
      ], 
      "36": [
        0, 
        0, 
        0, 
        0
      ], 
      "37": [
        0, 
        0, 
        0, 
        0
      ], 
      "38": [
        0, 
        0, 
        0, 
        0
      ], 
      "39": [
        0, 
        0, 
        0, 
        0
      ], 
      "4": [
        0, 
        0, 
        0, 
        0
      ], 
      "40": [
        0, 
        0, 
        0, 
        0
      ], 
      "41": [
        0, 
        0, 
        0, 
        0
      ], 
      "42": [
        0, 
        0, 
        0, 
        0
      ], 
      "43": [
        0, 
        0, 
        0, 
        0
      ], 
      "44": [
        0, 
        0, 
        0, 
        0
      ], 
      "45": [
        0, 
        0, 
        0, 
        0
      ], 
      "46": [
        0, 
        0, 
        0, 
        0
      ], 
      "47": [
        0, 
        0, 
        0, 
        0
      ], 
      "48": [
        8474, 
        8120, 
        7959, 
        8060
      ], 
      "49": [
        5189, 
        5344, 
        5522, 
        6115
      ], 
      "5": [
        0, 
        0, 
        0, 
        0
      ], 
      "50": [
        0, 
        0, 
        0, 
        0
      ], 
      "51": [
        0, 
        0, 
        0, 
        0
      ], 
      "52": [
        8853, 
        8730, 
        8695, 
        8435
      ], 
      "53": [
        21387, 
        23215, 
        24875, 
        22239
      ], 
      "54": [
        3287, 
        3459, 
        3550, 
        3416
      ], 
      "55": [
        2106, 
        2050, 
        2190, 
        2095
      ], 
      "56": [
        2101, 
        2062, 
        2196, 
        2105
      ], 
      "57": [
        1, 
        1, 
        1, 
        1
      ], 
      "58": [
        3, 
        3, 
        3, 
        3
      ], 
      "59": [
        42, 
        42, 
        43, 
        43
      ], 
      "6": [
        0, 
        0, 
        0, 
        0
      ], 
      "60": [
        337, 
        366, 
        357, 
        347
      ], 
      "61": [
        18837, 
        18282, 
        18079, 
        17915
      ], 
      "62": [
        332, 
        332, 
        332, 
        332
      ], 
      "63": [
        0, 
        0, 
        8, 
        8
      ], 
      "7": [
        0, 
        0, 
        0, 
        0
      ], 
      "8": [
        0, 
        0, 
        0, 
        0
      ], 
      "9": [
        0, 
        0, 
        0, 
        0
      ]
    }
  }, 
  "features": {
    "GWS": [
      16, 
      16, 
      64
    ], 
    "LWS": [
      4, 
      1, 
      64
    ], 
    "OFFSET": [
      0, 
      0, 
      0
    ], 
    "compiler name": "ARM Mali OpenCL", 
    "compiler version": "5.0", 
    "cpu_freq": 800, 
    "gpu_freq": 266, 
    "image cols": 2593, 
    "image rows": 2593, 
    "pool_dir": "pool.02", 
    "program version": "c597087", 
    "size": 16
  }, 
  "meta": {
    "device name": "Mali-T628", 
    "device type": "GPU", 
    "device vendor": "ARM", 
    "experiment type": "benchmarking", 
    "kernel name": "calc_histogram", 
    "program name": "Realeyes HOG"
  }, 
  "tags": [
    "demo", 
    "arm", 
    "codegen15"
  ], 
  "work": {
    "repl": 2, 
    "timestamp": "2015-02-22T02:15:07.018998"
  }
}