{
  "characteristics": {
    "cpu": 0.005639, 
    "gpu_copy": 0.006378, 
    "gpu_only": 0.003889, 
    "is_gpu_better": false, 
    "l2 cache and mmu counters": {
      "0": 1987474171, 
      "1": 24, 
      "10": 0, 
      "11": 0, 
      "12": 0, 
      "13": 0, 
      "14": 0, 
      "15": 0, 
      "16": 8, 
      "17": 3, 
      "18": 278, 
      "19": 4, 
      "2": 65535, 
      "20": 0, 
      "21": 0, 
      "22": 0, 
      "23": 0, 
      "24": 0, 
      "25": 0, 
      "26": 0, 
      "27": 0, 
      "28": 0, 
      "29": 0, 
      "3": 0, 
      "30": 120, 
      "31": 17850, 
      "32": 1482203, 
      "33": 1214192, 
      "34": 1213029, 
      "35": 101184, 
      "36": 113109, 
      "37": 1174774, 
      "38": 0, 
      "39": 150156, 
      "4": 624, 
      "40": 150151, 
      "41": 496, 
      "42": 0, 
      "43": 150013, 
      "44": 0, 
      "45": 70, 
      "46": 0, 
      "47": 0, 
      "48": 4462, 
      "49": 4462, 
      "5": 62, 
      "50": 45, 
      "51": 29, 
      "52": 6, 
      "53": 2, 
      "54": 0, 
      "55": 0, 
      "56": 0, 
      "57": 104, 
      "58": 2, 
      "59": 0, 
      "6": 86, 
      "60": 0, 
      "61": 33757, 
      "62": 1276183, 
      "63": 778727, 
      "7": 152, 
      "8": 31, 
      "9": 0
    }, 
    "shader core counters": {
      "0": [
        1987474171, 
        1987474171, 
        1987474171, 
        1987474171
      ], 
      "1": [
        24, 
        24, 
        24, 
        24
      ], 
      "10": [
        0, 
        0, 
        0, 
        0
      ], 
      "11": [
        0, 
        0, 
        0, 
        0
      ], 
      "12": [
        0, 
        0, 
        0, 
        0
      ], 
      "13": [
        0, 
        0, 
        0, 
        0
      ], 
      "14": [
        0, 
        0, 
        0, 
        0
      ], 
      "15": [
        0, 
        0, 
        0, 
        0
      ], 
      "16": [
        0, 
        0, 
        0, 
        0
      ], 
      "17": [
        0, 
        0, 
        0, 
        0
      ], 
      "18": [
        0, 
        0, 
        0, 
        0
      ], 
      "19": [
        0, 
        0, 
        0, 
        0
      ], 
      "2": [
        65535, 
        65535, 
        65535, 
        65535
      ], 
      "20": [
        0, 
        0, 
        0, 
        0
      ], 
      "21": [
        0, 
        0, 
        0, 
        0
      ], 
      "22": [
        2067393, 
        2065286, 
        2062563, 
        2068397
      ], 
      "23": [
        511, 
        507, 
        513, 
        517
      ], 
      "24": [
        65408, 
        64896, 
        65664, 
        66176
      ], 
      "25": [
        96380, 
        114870, 
        74676, 
        99863
      ], 
      "26": [
        2066937, 
        2064824, 
        2062106, 
        2067945
      ], 
      "27": [
        1155650, 
        1124760, 
        1161838, 
        1142298
      ], 
      "28": [
        28965, 
        27758, 
        28957, 
        27797
      ], 
      "29": [
        831725, 
        846604, 
        826824, 
        853767
      ], 
      "3": [
        0, 
        0, 
        0, 
        0
      ], 
      "30": [
        0, 
        0, 
        0, 
        0
      ], 
      "31": [
        446106, 
        435073, 
        447303, 
        443488
      ], 
      "32": [
        1289041, 
        1343756, 
        1298343, 
        1337644
      ], 
      "33": [
        0, 
        0, 
        0, 
        0
      ], 
      "34": [
        842935, 
        908683, 
        851040, 
        894156
      ], 
      "35": [
        0, 
        0, 
        0, 
        0
      ], 
      "36": [
        0, 
        0, 
        0, 
        0
      ], 
      "37": [
        0, 
        0, 
        0, 
        0
      ], 
      "38": [
        0, 
        0, 
        0, 
        0
      ], 
      "39": [
        0, 
        0, 
        0, 
        0
      ], 
      "4": [
        0, 
        0, 
        0, 
        0
      ], 
      "40": [
        0, 
        0, 
        0, 
        0
      ], 
      "41": [
        0, 
        0, 
        0, 
        0
      ], 
      "42": [
        0, 
        0, 
        0, 
        0
      ], 
      "43": [
        0, 
        0, 
        0, 
        0
      ], 
      "44": [
        0, 
        0, 
        0, 
        0
      ], 
      "45": [
        0, 
        0, 
        0, 
        0
      ], 
      "46": [
        0, 
        0, 
        0, 
        0
      ], 
      "47": [
        0, 
        0, 
        0, 
        0
      ], 
      "48": [
        109910, 
        106528, 
        109956, 
        108777
      ], 
      "49": [
        57916, 
        65524, 
        60179, 
        63327
      ], 
      "5": [
        0, 
        0, 
        0, 
        0
      ], 
      "50": [
        0, 
        0, 
        0, 
        0
      ], 
      "51": [
        0, 
        0, 
        0, 
        0
      ], 
      "52": [
        101030, 
        98477, 
        101452, 
        100225
      ], 
      "53": [
        359230, 
        385599, 
        361850, 
        380516
      ], 
      "54": [
        37905, 
        36276, 
        38144, 
        37566
      ], 
      "55": [
        28549, 
        27258, 
        28650, 
        28287
      ], 
      "56": [
        28722, 
        27423, 
        28831, 
        28447
      ], 
      "57": [
        1, 
        1, 
        1, 
        1
      ], 
      "58": [
        3, 
        3, 
        3, 
        3
      ], 
      "59": [
        42, 
        42, 
        42, 
        43
      ], 
      "6": [
        0, 
        0, 
        0, 
        0
      ], 
      "60": [
        79, 
        68, 
        85, 
        66
      ], 
      "61": [
        228036, 
        221475, 
        228522, 
        225807
      ], 
      "62": [
        332, 
        332, 
        332, 
        332
      ], 
      "63": [
        0, 
        0, 
        0, 
        16
      ], 
      "7": [
        0, 
        0, 
        0, 
        0
      ], 
      "8": [
        0, 
        0, 
        0, 
        0
      ], 
      "9": [
        0, 
        0, 
        0, 
        0
      ]
    }
  }, 
  "features": {
    "GWS": [
      64, 
      64, 
      64
    ], 
    "LWS": [
      4, 
      1, 
      64
    ], 
    "OFFSET": [
      0, 
      0, 
      0
    ], 
    "compiler name": "ARM Mali OpenCL", 
    "compiler version": "5.0", 
    "cpu_freq": 1600, 
    "gpu_freq": 533, 
    "image cols": 807, 
    "image rows": 1142, 
    "pool_dir": "pool.08", 
    "program version": "c597087", 
    "size": 64
  }, 
  "meta": {
    "device name": "Mali-T628", 
    "device type": "GPU", 
    "device vendor": "ARM", 
    "experiment type": "benchmarking", 
    "kernel name": "calc_histogram", 
    "program name": "Realeyes HOG"
  }, 
  "tags": [
    "demo", 
    "arm", 
    "codegen15"
  ], 
  "work": {
    "repl": 1, 
    "timestamp": "2015-02-22T02:24:45.581014"
  }
}