{
  "characteristics": {
    "cpu": 0.001124, 
    "gpu_copy": 0.012664, 
    "gpu_only": 0.000414, 
    "is_gpu_better": false, 
    "l2 cache and mmu counters": {
      "0": 2293598520, 
      "1": 26, 
      "10": 0, 
      "11": 0, 
      "12": 0, 
      "13": 0, 
      "14": 0, 
      "15": 0, 
      "16": 9, 
      "17": 3, 
      "18": 179, 
      "19": 7, 
      "2": 65535, 
      "20": 0, 
      "21": 0, 
      "22": 0, 
      "23": 0, 
      "24": 0, 
      "25": 0, 
      "26": 0, 
      "27": 0, 
      "28": 0, 
      "29": 0, 
      "3": 0, 
      "30": 98, 
      "31": 3286, 
      "32": 71401, 
      "33": 53922, 
      "34": 53050, 
      "35": 4963, 
      "36": 5435, 
      "37": 51453, 
      "38": 0, 
      "39": 7873, 
      "4": 1345, 
      "40": 7868, 
      "41": 72, 
      "42": 0, 
      "43": 7849, 
      "44": 0, 
      "45": 40, 
      "46": 0, 
      "47": 0, 
      "48": 821, 
      "49": 821, 
      "5": 103, 
      "50": 28, 
      "51": 24, 
      "52": 4, 
      "53": 2, 
      "54": 0, 
      "55": 0, 
      "56": 0, 
      "57": 0, 
      "58": 0, 
      "59": 0, 
      "6": 102, 
      "60": 0, 
      "61": 1478, 
      "62": 55206, 
      "63": 26728, 
      "7": 272, 
      "8": 82, 
      "9": 0
    }, 
    "shader core counters": {
      "0": [
        2293598520, 
        2293598520, 
        2293598520, 
        2293598520
      ], 
      "1": [
        26, 
        26, 
        26, 
        26
      ], 
      "10": [
        0, 
        0, 
        0, 
        0
      ], 
      "11": [
        0, 
        0, 
        0, 
        0
      ], 
      "12": [
        0, 
        0, 
        0, 
        0
      ], 
      "13": [
        0, 
        0, 
        0, 
        0
      ], 
      "14": [
        0, 
        0, 
        0, 
        0
      ], 
      "15": [
        0, 
        0, 
        0, 
        0
      ], 
      "16": [
        0, 
        0, 
        0, 
        0
      ], 
      "17": [
        0, 
        0, 
        0, 
        0
      ], 
      "18": [
        0, 
        0, 
        0, 
        0
      ], 
      "19": [
        0, 
        0, 
        0, 
        0
      ], 
      "2": [
        65535, 
        65535, 
        65535, 
        65535
      ], 
      "20": [
        0, 
        0, 
        0, 
        0
      ], 
      "21": [
        0, 
        0, 
        0, 
        0
      ], 
      "22": [
        109867, 
        107614, 
        108586, 
        106293
      ], 
      "23": [
        32, 
        33, 
        32, 
        31
      ], 
      "24": [
        4096, 
        4224, 
        4096, 
        3968
      ], 
      "25": [
        3304, 
        5278, 
        4550, 
        5938
      ], 
      "26": [
        109521, 
        107262, 
        108239, 
        105951
      ], 
      "27": [
        62202, 
        60072, 
        60172, 
        56878
      ], 
      "28": [
        1551, 
        1513, 
        1489, 
        1401
      ], 
      "29": [
        41711, 
        39449, 
        41476, 
        39098
      ], 
      "3": [
        0, 
        0, 
        0, 
        0
      ], 
      "30": [
        0, 
        0, 
        0, 
        0
      ], 
      "31": [
        24962, 
        23865, 
        24114, 
        23013
      ], 
      "32": [
        60841, 
        64797, 
        62820, 
        61326
      ], 
      "33": [
        0, 
        0, 
        0, 
        0
      ], 
      "34": [
        35879, 
        40932, 
        38706, 
        38313
      ], 
      "35": [
        0, 
        0, 
        0, 
        0
      ], 
      "36": [
        0, 
        0, 
        0, 
        0
      ], 
      "37": [
        0, 
        0, 
        0, 
        0
      ], 
      "38": [
        0, 
        0, 
        0, 
        0
      ], 
      "39": [
        0, 
        0, 
        0, 
        0
      ], 
      "4": [
        0, 
        0, 
        0, 
        0
      ], 
      "40": [
        0, 
        0, 
        0, 
        0
      ], 
      "41": [
        0, 
        0, 
        0, 
        0
      ], 
      "42": [
        0, 
        0, 
        0, 
        0
      ], 
      "43": [
        0, 
        0, 
        0, 
        0
      ], 
      "44": [
        0, 
        0, 
        0, 
        0
      ], 
      "45": [
        0, 
        0, 
        0, 
        0
      ], 
      "46": [
        0, 
        0, 
        0, 
        0
      ], 
      "47": [
        0, 
        0, 
        0, 
        0
      ], 
      "48": [
        6565, 
        5857, 
        6139, 
        5722
      ], 
      "49": [
        2761, 
        3260, 
        2912, 
        2745
      ], 
      "5": [
        0, 
        0, 
        0, 
        0
      ], 
      "50": [
        0, 
        0, 
        0, 
        0
      ], 
      "51": [
        0, 
        0, 
        0, 
        0
      ], 
      "52": [
        4897, 
        4996, 
        4893, 
        4774
      ], 
      "53": [
        13804, 
        15804, 
        15044, 
        15056
      ], 
      "54": [
        1908, 
        2019, 
        1965, 
        1951
      ], 
      "55": [
        1329, 
        1386, 
        1349, 
        1358
      ], 
      "56": [
        1326, 
        1401, 
        1365, 
        1373
      ], 
      "57": [
        1, 
        1, 
        1, 
        1
      ], 
      "58": [
        3, 
        3, 
        3, 
        3
      ], 
      "59": [
        44, 
        42, 
        42, 
        42
      ], 
      "6": [
        0, 
        0, 
        0, 
        0
      ], 
      "60": [
        130, 
        157, 
        152, 
        129
      ], 
      "61": [
        12321, 
        11708, 
        11869, 
        11310
      ], 
      "62": [
        332, 
        332, 
        332, 
        332
      ], 
      "63": [
        24, 
        0, 
        0, 
        0
      ], 
      "7": [
        0, 
        0, 
        0, 
        0
      ], 
      "8": [
        0, 
        0, 
        0, 
        0
      ], 
      "9": [
        0, 
        0, 
        0, 
        0
      ]
    }
  }, 
  "features": {
    "GWS": [
      16, 
      16, 
      64
    ], 
    "LWS": [
      4, 
      1, 
      64
    ], 
    "OFFSET": [
      0, 
      0, 
      0
    ], 
    "compiler name": "ARM Mali OpenCL", 
    "compiler version": "5.0", 
    "cpu_freq": 800, 
    "gpu_freq": 266, 
    "image cols": 2868, 
    "image rows": 1607, 
    "pool_dir": "pool.13", 
    "program version": "c597087", 
    "size": 16
  }, 
  "meta": {
    "device name": "Mali-T628", 
    "device type": "GPU", 
    "device vendor": "ARM", 
    "experiment type": "benchmarking", 
    "kernel name": "calc_histogram", 
    "program name": "Realeyes HOG"
  }, 
  "tags": [
    "demo", 
    "arm", 
    "codegen15"
  ], 
  "work": {
    "repl": 2, 
    "timestamp": "2015-02-22T02:30:56.506947"
  }
}