{
  "characteristics": {
    "cpu": 0.000937, 
    "gpu_copy": 0.016362, 
    "gpu_only": 0.00021, 
    "is_gpu_better": false, 
    "l2 cache and mmu counters": {
      "0": 861668508, 
      "1": 15, 
      "10": 0, 
      "11": 0, 
      "12": 0, 
      "13": 0, 
      "14": 0, 
      "15": 0, 
      "16": 8, 
      "17": 2, 
      "18": 230, 
      "19": 4, 
      "2": 65535, 
      "20": 0, 
      "21": 0, 
      "22": 0, 
      "23": 0, 
      "24": 0, 
      "25": 0, 
      "26": 0, 
      "27": 0, 
      "28": 0, 
      "29": 0, 
      "3": 0, 
      "30": 86, 
      "31": 2902, 
      "32": 79704, 
      "33": 62277, 
      "34": 60988, 
      "35": 5158, 
      "36": 5555, 
      "37": 59920, 
      "38": 0, 
      "39": 7724, 
      "4": 1342, 
      "40": 7719, 
      "41": 69, 
      "42": 0, 
      "43": 7692, 
      "44": 0, 
      "45": 37, 
      "46": 0, 
      "47": 0, 
      "48": 725, 
      "49": 725, 
      "5": 104, 
      "50": 25, 
      "51": 21, 
      "52": 4, 
      "53": 2, 
      "54": 0, 
      "55": 0, 
      "56": 0, 
      "57": 0, 
      "58": 2, 
      "59": 0, 
      "6": 105, 
      "60": 0, 
      "61": 1597, 
      "62": 62764, 
      "63": 40292, 
      "7": 263, 
      "8": 80, 
      "9": 0
    }, 
    "shader core counters": {
      "0": [
        861668508, 
        861668508, 
        861668508, 
        861668508
      ], 
      "1": [
        15, 
        15, 
        15, 
        15
      ], 
      "10": [
        0, 
        0, 
        0, 
        0
      ], 
      "11": [
        0, 
        0, 
        0, 
        0
      ], 
      "12": [
        0, 
        0, 
        0, 
        0
      ], 
      "13": [
        0, 
        0, 
        0, 
        0
      ], 
      "14": [
        0, 
        0, 
        0, 
        0
      ], 
      "15": [
        0, 
        0, 
        0, 
        0
      ], 
      "16": [
        0, 
        0, 
        0, 
        0
      ], 
      "17": [
        0, 
        0, 
        0, 
        0
      ], 
      "18": [
        0, 
        0, 
        0, 
        0
      ], 
      "19": [
        0, 
        0, 
        0, 
        0
      ], 
      "2": [
        65535, 
        65535, 
        65535, 
        65535
      ], 
      "20": [
        0, 
        0, 
        0, 
        0
      ], 
      "21": [
        0, 
        0, 
        0, 
        0
      ], 
      "22": [
        111483, 
        109548, 
        111121, 
        111720
      ], 
      "23": [
        33, 
        30, 
        33, 
        32
      ], 
      "24": [
        4224, 
        3840, 
        4224, 
        4096
      ], 
      "25": [
        9356, 
        17152, 
        9684, 
        17128
      ], 
      "26": [
        111022, 
        109076, 
        110654, 
        111258
      ], 
      "27": [
        56380, 
        50982, 
        56616, 
        55478
      ], 
      "28": [
        1263, 
        1220, 
        1285, 
        1255
      ], 
      "29": [
        43496, 
        41349, 
        43904, 
        43298
      ], 
      "3": [
        0, 
        0, 
        0, 
        0
      ], 
      "30": [
        0, 
        0, 
        0, 
        0
      ], 
      "31": [
        23590, 
        21472, 
        24167, 
        23092
      ], 
      "32": [
        69706, 
        72959, 
        69148, 
        71297
      ], 
      "33": [
        0, 
        0, 
        0, 
        0
      ], 
      "34": [
        46116, 
        51487, 
        44981, 
        48205
      ], 
      "35": [
        0, 
        0, 
        0, 
        0
      ], 
      "36": [
        0, 
        0, 
        0, 
        0
      ], 
      "37": [
        0, 
        0, 
        0, 
        0
      ], 
      "38": [
        0, 
        0, 
        0, 
        0
      ], 
      "39": [
        0, 
        0, 
        0, 
        0
      ], 
      "4": [
        0, 
        0, 
        0, 
        0
      ], 
      "40": [
        0, 
        0, 
        0, 
        0
      ], 
      "41": [
        0, 
        0, 
        0, 
        0
      ], 
      "42": [
        0, 
        0, 
        0, 
        0
      ], 
      "43": [
        0, 
        0, 
        0, 
        0
      ], 
      "44": [
        0, 
        0, 
        0, 
        0
      ], 
      "45": [
        0, 
        0, 
        0, 
        0
      ], 
      "46": [
        0, 
        0, 
        0, 
        0
      ], 
      "47": [
        0, 
        0, 
        0, 
        0
      ], 
      "48": [
        5781, 
        5027, 
        6220, 
        5671
      ], 
      "49": [
        3162, 
        3615, 
        3450, 
        4046
      ], 
      "5": [
        0, 
        0, 
        0, 
        0
      ], 
      "50": [
        0, 
        0, 
        0, 
        0
      ], 
      "51": [
        0, 
        0, 
        0, 
        0
      ], 
      "52": [
        4811, 
        4628, 
        4631, 
        4698
      ], 
      "53": [
        18510, 
        20871, 
        17790, 
        18881
      ], 
      "54": [
        1949, 
        1906, 
        1868, 
        1920
      ], 
      "55": [
        1413, 
        1403, 
        1364, 
        1382
      ], 
      "56": [
        1416, 
        1407, 
        1356, 
        1381
      ], 
      "57": [
        1, 
        1, 
        1, 
        1
      ], 
      "58": [
        3, 
        3, 
        3, 
        3
      ], 
      "59": [
        43, 
        42, 
        42, 
        43
      ], 
      "6": [
        0, 
        0, 
        0, 
        0
      ], 
      "60": [
        143, 
        132, 
        133, 
        136
      ], 
      "61": [
        11339, 
        10340, 
        11591, 
        11098
      ], 
      "62": [
        332, 
        332, 
        332, 
        332
      ], 
      "63": [
        8, 
        0, 
        0, 
        8
      ], 
      "7": [
        0, 
        0, 
        0, 
        0
      ], 
      "8": [
        0, 
        0, 
        0, 
        0
      ], 
      "9": [
        0, 
        0, 
        0, 
        0
      ]
    }
  }, 
  "features": {
    "GWS": [
      16, 
      16, 
      64
    ], 
    "LWS": [
      4, 
      1, 
      64
    ], 
    "OFFSET": [
      0, 
      0, 
      0
    ], 
    "compiler name": "ARM Mali OpenCL", 
    "compiler version": "5.0", 
    "cpu_freq": 800, 
    "gpu_freq": 533, 
    "image cols": 3600, 
    "image rows": 1800, 
    "pool_dir": "pool.17", 
    "program version": "c597087", 
    "size": 16
  }, 
  "meta": {
    "device name": "Mali-T628", 
    "device type": "GPU", 
    "device vendor": "ARM", 
    "experiment type": "benchmarking", 
    "kernel name": "calc_histogram", 
    "program name": "Realeyes HOG"
  }, 
  "tags": [
    "demo", 
    "arm", 
    "codegen15"
  ], 
  "work": {
    "repl": 2, 
    "timestamp": "2015-02-22T01:57:08.402607"
  }
}