{
  "characteristics": {
    "cpu": 0.05442, 
    "gpu_copy": 0.049752, 
    "gpu_only": 0.03437, 
    "is_gpu_better": true, 
    "l2 cache and mmu counters": {
      "0": 1092001334, 
      "1": 16, 
      "10": 0, 
      "11": 0, 
      "12": 0, 
      "13": 0, 
      "14": 0, 
      "15": 0, 
      "16": 8, 
      "17": 2, 
      "18": 163, 
      "19": 4, 
      "2": 65535, 
      "20": 0, 
      "21": 0, 
      "22": 0, 
      "23": 0, 
      "24": 0, 
      "25": 0, 
      "26": 0, 
      "27": 0, 
      "28": 0, 
      "29": 0, 
      "3": 0, 
      "30": 732, 
      "31": 91182, 
      "32": 5344058, 
      "33": 4096528, 
      "34": 4093881, 
      "35": 413910, 
      "36": 477796, 
      "37": 3940304, 
      "38": 0, 
      "39": 759102, 
      "4": 208967, 
      "40": 759097, 
      "41": 3526, 
      "42": 0, 
      "43": 757716, 
      "44": 2, 
      "45": 333, 
      "46": 0, 
      "47": 0, 
      "48": 22795, 
      "49": 22795, 
      "5": 2204, 
      "50": 188, 
      "51": 182, 
      "52": 6, 
      "53": 2, 
      "54": 0, 
      "55": 0, 
      "56": 0, 
      "57": 979, 
      "58": 1, 
      "59": 0, 
      "6": 93, 
      "60": 0, 
      "61": 123891, 
      "62": 4399422, 
      "63": 1348550, 
      "7": 593, 
      "8": 1822, 
      "9": 0
    }, 
    "shader core counters": {
      "0": [
        1092001334, 
        1092001334, 
        1092001334, 
        1092001334
      ], 
      "1": [
        16, 
        16, 
        16, 
        16
      ], 
      "10": [
        0, 
        0, 
        0, 
        0
      ], 
      "11": [
        0, 
        0, 
        0, 
        0
      ], 
      "12": [
        0, 
        0, 
        0, 
        0
      ], 
      "13": [
        0, 
        0, 
        0, 
        0
      ], 
      "14": [
        0, 
        0, 
        0, 
        0
      ], 
      "15": [
        0, 
        0, 
        0, 
        0
      ], 
      "16": [
        0, 
        0, 
        0, 
        0
      ], 
      "17": [
        0, 
        0, 
        0, 
        0
      ], 
      "18": [
        0, 
        0, 
        0, 
        0
      ], 
      "19": [
        0, 
        0, 
        0, 
        0
      ], 
      "2": [
        65535, 
        65535, 
        65535, 
        65535
      ], 
      "20": [
        0, 
        0, 
        0, 
        0
      ], 
      "21": [
        0, 
        0, 
        0, 
        0
      ], 
      "22": [
        9142285, 
        9135464, 
        9138830, 
        9140676
      ], 
      "23": [
        2061, 
        2045, 
        2052, 
        2034
      ], 
      "24": [
        263808, 
        261760, 
        262656, 
        260352
      ], 
      "25": [
        4671, 
        7937, 
        4730, 
        3800
      ], 
      "26": [
        9141939, 
        9135112, 
        9138484, 
        9140333
      ], 
      "27": [
        5798396, 
        5771796, 
        5806404, 
        5782196
      ], 
      "28": [
        176504, 
        175940, 
        177158, 
        176136
      ], 
      "29": [
        3105358, 
        3108330, 
        3092192, 
        3111295
      ], 
      "3": [
        0, 
        0, 
        0, 
        0
      ], 
      "30": [
        0, 
        0, 
        0, 
        0
      ], 
      "31": [
        2033507, 
        2021787, 
        2032644, 
        2023966
      ], 
      "32": [
        4925504, 
        4967912, 
        4923724, 
        4945604
      ], 
      "33": [
        0, 
        0, 
        0, 
        0
      ], 
      "34": [
        2891997, 
        2946125, 
        2891080, 
        2921638
      ], 
      "35": [
        0, 
        0, 
        0, 
        0
      ], 
      "36": [
        0, 
        0, 
        0, 
        0
      ], 
      "37": [
        0, 
        0, 
        0, 
        0
      ], 
      "38": [
        0, 
        0, 
        0, 
        0
      ], 
      "39": [
        0, 
        0, 
        0, 
        0
      ], 
      "4": [
        0, 
        0, 
        0, 
        0
      ], 
      "40": [
        0, 
        0, 
        0, 
        0
      ], 
      "41": [
        0, 
        0, 
        0, 
        0
      ], 
      "42": [
        0, 
        0, 
        0, 
        0
      ], 
      "43": [
        0, 
        0, 
        0, 
        0
      ], 
      "44": [
        0, 
        0, 
        0, 
        0
      ], 
      "45": [
        0, 
        0, 
        0, 
        0
      ], 
      "46": [
        0, 
        0, 
        0, 
        0
      ], 
      "47": [
        0, 
        0, 
        0, 
        0
      ], 
      "48": [
        522513, 
        519895, 
        522656, 
        521335
      ], 
      "49": [
        244136, 
        256268, 
        239467, 
        255677
      ], 
      "5": [
        0, 
        0, 
        0, 
        0
      ], 
      "50": [
        0, 
        0, 
        0, 
        0
      ], 
      "51": [
        0, 
        0, 
        0, 
        0
      ], 
      "52": [
        474385, 
        471853, 
        474482, 
        472543
      ], 
      "53": [
        1092194, 
        1111226, 
        1095900, 
        1098124
      ], 
      "54": [
        190596, 
        188271, 
        190767, 
        190075
      ], 
      "55": [
        119357, 
        117269, 
        119665, 
        118309
      ], 
      "56": [
        120922, 
        118906, 
        121274, 
        119913
      ], 
      "57": [
        1, 
        1, 
        1, 
        1
      ], 
      "58": [
        3, 
        3, 
        3, 
        3
      ], 
      "59": [
        42, 
        42, 
        42, 
        44
      ], 
      "6": [
        0, 
        0, 
        0, 
        0
      ], 
      "60": [
        20479, 
        20406, 
        20558, 
        20635
      ], 
      "61": [
        1090081, 
        1084093, 
        1090250, 
        1086439
      ], 
      "62": [
        332, 
        332, 
        332, 
        332
      ], 
      "63": [
        0, 
        0, 
        0, 
        24
      ], 
      "7": [
        0, 
        0, 
        0, 
        0
      ], 
      "8": [
        0, 
        0, 
        0, 
        0
      ], 
      "9": [
        0, 
        0, 
        0, 
        0
      ]
    }
  }, 
  "features": {
    "GWS": [
      12, 
      12, 
      64
    ], 
    "LWS": [
      4, 
      1, 
      64
    ], 
    "OFFSET": [
      0, 
      0, 
      0
    ], 
    "compiler name": "ARM Mali OpenCL", 
    "compiler version": "5.0", 
    "cpu_freq": 800, 
    "gpu_freq": 266, 
    "image cols": 2400, 
    "image rows": 2400, 
    "pool_dir": "pool.19", 
    "program version": "c597087", 
    "size": 128
  }, 
  "meta": {
    "device name": "Mali-T628", 
    "device type": "GPU", 
    "device vendor": "ARM", 
    "experiment type": "benchmarking", 
    "kernel name": "calc_histogram", 
    "program name": "Realeyes HOG"
  }, 
  "tags": [
    "demo", 
    "arm", 
    "codegen15"
  ], 
  "work": {
    "repl": 0, 
    "timestamp": "2015-02-22T02:00:16.788265"
  }
}