{
  "characteristics": {
    "cpu": 0.000697, 
    "gpu_copy": 0.008822, 
    "gpu_only": 0.000481, 
    "is_gpu_better": false, 
    "l2 cache and mmu counters": {
      "0": 2855754775, 
      "1": 23, 
      "10": 0, 
      "11": 0, 
      "12": 0, 
      "13": 0, 
      "14": 0, 
      "15": 0, 
      "16": 9, 
      "17": 0, 
      "18": 160, 
      "19": 4, 
      "2": 65535, 
      "20": 0, 
      "21": 0, 
      "22": 0, 
      "23": 0, 
      "24": 0, 
      "25": 0, 
      "26": 0, 
      "27": 0, 
      "28": 0, 
      "29": 0, 
      "3": 0, 
      "30": 135, 
      "31": 3994, 
      "32": 81977, 
      "33": 61888, 
      "34": 60954, 
      "35": 5767, 
      "36": 6307, 
      "37": 58638, 
      "38": 0, 
      "39": 9561, 
      "4": 1817, 
      "40": 9556, 
      "41": 105, 
      "42": 0, 
      "43": 9523, 
      "44": 0, 
      "45": 49, 
      "46": 0, 
      "47": 0, 
      "48": 998, 
      "49": 998, 
      "5": 135, 
      "50": 38, 
      "51": 33, 
      "52": 5, 
      "53": 2, 
      "54": 0, 
      "55": 0, 
      "56": 0, 
      "57": 45, 
      "58": 0, 
      "59": 0, 
      "6": 87, 
      "60": 0, 
      "61": 1956, 
      "62": 62976, 
      "63": 26417, 
      "7": 310, 
      "8": 97, 
      "9": 0
    }, 
    "shader core counters": {
      "0": [
        2855754775, 
        2855754775, 
        2855754775, 
        2855754775
      ], 
      "1": [
        23, 
        23, 
        23, 
        23
      ], 
      "10": [
        0, 
        0, 
        0, 
        0
      ], 
      "11": [
        0, 
        0, 
        0, 
        0
      ], 
      "12": [
        0, 
        0, 
        0, 
        0
      ], 
      "13": [
        0, 
        0, 
        0, 
        0
      ], 
      "14": [
        0, 
        0, 
        0, 
        0
      ], 
      "15": [
        0, 
        0, 
        0, 
        0
      ], 
      "16": [
        0, 
        0, 
        0, 
        0
      ], 
      "17": [
        0, 
        0, 
        0, 
        0
      ], 
      "18": [
        0, 
        0, 
        0, 
        0
      ], 
      "19": [
        0, 
        0, 
        0, 
        0
      ], 
      "2": [
        65535, 
        65535, 
        65535, 
        65535
      ], 
      "20": [
        0, 
        0, 
        0, 
        0
      ], 
      "21": [
        0, 
        0, 
        0, 
        0
      ], 
      "22": [
        123679, 
        127410, 
        127746, 
        125521
      ], 
      "23": [
        29, 
        34, 
        32, 
        33
      ], 
      "24": [
        3712, 
        4352, 
        4096, 
        4224
      ], 
      "25": [
        9203, 
        11197, 
        9888, 
        8998
      ], 
      "26": [
        123325, 
        127045, 
        127386, 
        125163
      ], 
      "27": [
        67860, 
        71596, 
        70396, 
        71490
      ], 
      "28": [
        1663, 
        2020, 
        1900, 
        1976
      ], 
      "29": [
        45915, 
        42296, 
        46817, 
        42777
      ], 
      "3": [
        0, 
        0, 
        0, 
        0
      ], 
      "30": [
        0, 
        0, 
        0, 
        0
      ], 
      "31": [
        25986, 
        27700, 
        27094, 
        26957
      ], 
      "32": [
        68001, 
        71783, 
        68764, 
        69007
      ], 
      "33": [
        0, 
        0, 
        0, 
        0
      ], 
      "34": [
        42015, 
        44083, 
        41670, 
        42050
      ], 
      "35": [
        0, 
        0, 
        0, 
        0
      ], 
      "36": [
        0, 
        0, 
        0, 
        0
      ], 
      "37": [
        0, 
        0, 
        0, 
        0
      ], 
      "38": [
        0, 
        0, 
        0, 
        0
      ], 
      "39": [
        0, 
        0, 
        0, 
        0
      ], 
      "4": [
        0, 
        0, 
        0, 
        0
      ], 
      "40": [
        0, 
        0, 
        0, 
        0
      ], 
      "41": [
        0, 
        0, 
        0, 
        0
      ], 
      "42": [
        0, 
        0, 
        0, 
        0
      ], 
      "43": [
        0, 
        0, 
        0, 
        0
      ], 
      "44": [
        0, 
        0, 
        0, 
        0
      ], 
      "45": [
        0, 
        0, 
        0, 
        0
      ], 
      "46": [
        0, 
        0, 
        0, 
        0
      ], 
      "47": [
        0, 
        0, 
        0, 
        0
      ], 
      "48": [
        6668, 
        6864, 
        6839, 
        6686
      ], 
      "49": [
        2932, 
        3148, 
        3349, 
        3284
      ], 
      "5": [
        0, 
        0, 
        0, 
        0
      ], 
      "50": [
        0, 
        0, 
        0, 
        0
      ], 
      "51": [
        0, 
        0, 
        0, 
        0
      ], 
      "52": [
        5681, 
        6114, 
        5923, 
        5942
      ], 
      "53": [
        16647, 
        17288, 
        16061, 
        16192
      ], 
      "54": [
        2427, 
        2303, 
        2359, 
        2431
      ], 
      "55": [
        1656, 
        1496, 
        1564, 
        1566
      ], 
      "56": [
        1680, 
        1501, 
        1579, 
        1596
      ], 
      "57": [
        1, 
        1, 
        1, 
        1
      ], 
      "58": [
        3, 
        3, 
        3, 
        3
      ], 
      "59": [
        42, 
        42, 
        42, 
        42
      ], 
      "6": [
        0, 
        0, 
        0, 
        0
      ], 
      "60": [
        167, 
        195, 
        184, 
        205
      ], 
      "61": [
        13329, 
        14058, 
        13819, 
        13686
      ], 
      "62": [
        332, 
        332, 
        332, 
        332
      ], 
      "63": [
        0, 
        0, 
        0, 
        0
      ], 
      "7": [
        0, 
        0, 
        0, 
        0
      ], 
      "8": [
        0, 
        0, 
        0, 
        0
      ], 
      "9": [
        0, 
        0, 
        0, 
        0
      ]
    }
  }, 
  "features": {
    "GWS": [
      16, 
      16, 
      64
    ], 
    "LWS": [
      4, 
      1, 
      64
    ], 
    "OFFSET": [
      0, 
      0, 
      0
    ], 
    "compiler name": "ARM Mali OpenCL", 
    "compiler version": "5.0", 
    "cpu_freq": 1600, 
    "gpu_freq": 266, 
    "image cols": 2582, 
    "image rows": 1940, 
    "pool_dir": "pool.06", 
    "program version": "c597087", 
    "size": 16
  }, 
  "meta": {
    "device name": "Mali-T628", 
    "device type": "GPU", 
    "device vendor": "ARM", 
    "experiment type": "benchmarking", 
    "kernel name": "calc_histogram", 
    "program name": "Realeyes HOG"
  }, 
  "tags": [
    "demo", 
    "arm", 
    "codegen15"
  ], 
  "work": {
    "repl": 4, 
    "timestamp": "2015-02-22T02:22:22.806985"
  }
}