{
  "characteristics": {
    "cpu": 0.005453, 
    "gpu_copy": 0.018575, 
    "gpu_only": 0.007679, 
    "is_gpu_better": false, 
    "l2 cache and mmu counters": {
      "0": 1769279766, 
      "1": 23, 
      "10": 0, 
      "11": 0, 
      "12": 0, 
      "13": 0, 
      "14": 0, 
      "15": 0, 
      "16": 9, 
      "17": 2, 
      "18": 191, 
      "19": 7, 
      "2": 65535, 
      "20": 0, 
      "21": 0, 
      "22": 0, 
      "23": 0, 
      "24": 0, 
      "25": 0, 
      "26": 0, 
      "27": 0, 
      "28": 0, 
      "29": 0, 
      "3": 0, 
      "30": 152, 
      "31": 19966, 
      "32": 1480668, 
      "33": 1211598, 
      "34": 1210623, 
      "35": 101660, 
      "36": 113246, 
      "37": 1175262, 
      "38": 0, 
      "39": 151132, 
      "4": 29115, 
      "40": 151127, 
      "41": 517, 
      "42": 0, 
      "43": 150980, 
      "44": 0, 
      "45": 83, 
      "46": 0, 
      "47": 0, 
      "48": 4991, 
      "49": 4991, 
      "5": 221, 
      "50": 43, 
      "51": 37, 
      "52": 6, 
      "53": 2, 
      "54": 0, 
      "55": 0, 
      "56": 0, 
      "57": 71, 
      "58": 2, 
      "59": 0, 
      "6": 77, 
      "60": 0, 
      "61": 30100, 
      "62": 1287443, 
      "63": 756868, 
      "7": 318, 
      "8": 179, 
      "9": 0
    }, 
    "shader core counters": {
      "0": [
        1769279766, 
        1769279766, 
        1769279766, 
        1769279766
      ], 
      "1": [
        23, 
        23, 
        23, 
        23
      ], 
      "10": [
        0, 
        0, 
        0, 
        0
      ], 
      "11": [
        0, 
        0, 
        0, 
        0
      ], 
      "12": [
        0, 
        0, 
        0, 
        0
      ], 
      "13": [
        0, 
        0, 
        0, 
        0
      ], 
      "14": [
        0, 
        0, 
        0, 
        0
      ], 
      "15": [
        0, 
        0, 
        0, 
        0
      ], 
      "16": [
        0, 
        0, 
        0, 
        0
      ], 
      "17": [
        0, 
        0, 
        0, 
        0
      ], 
      "18": [
        0, 
        0, 
        0, 
        0
      ], 
      "19": [
        0, 
        0, 
        0, 
        0
      ], 
      "2": [
        65535, 
        65535, 
        65535, 
        65535
      ], 
      "20": [
        0, 
        0, 
        0, 
        0
      ], 
      "21": [
        0, 
        0, 
        0, 
        0
      ], 
      "22": [
        2040839, 
        2041202, 
        2042262, 
        2042630
      ], 
      "23": [
        512, 
        509, 
        514, 
        513
      ], 
      "24": [
        65536, 
        65152, 
        65792, 
        65664
      ], 
      "25": [
        12162, 
        18113, 
        15194, 
        20214
      ], 
      "26": [
        2040489, 
        2040845, 
        2041910, 
        2042283
      ], 
      "27": [
        1140672, 
        1119744, 
        1148354, 
        1129246
      ], 
      "28": [
        27923, 
        26942, 
        28095, 
        27221
      ], 
      "29": [
        838524, 
        849850, 
        836291, 
        845309
      ], 
      "3": [
        0, 
        0, 
        0, 
        0
      ], 
      "30": [
        0, 
        0, 
        0, 
        0
      ], 
      "31": [
        449544, 
        441754, 
        452814, 
        446197
      ], 
      "32": [
        1300461, 
        1339827, 
        1283035, 
        1317827
      ], 
      "33": [
        0, 
        0, 
        0, 
        0
      ], 
      "34": [
        850917, 
        898073, 
        830221, 
        871630
      ], 
      "35": [
        0, 
        0, 
        0, 
        0
      ], 
      "36": [
        0, 
        0, 
        0, 
        0
      ], 
      "37": [
        0, 
        0, 
        0, 
        0
      ], 
      "38": [
        0, 
        0, 
        0, 
        0
      ], 
      "39": [
        0, 
        0, 
        0, 
        0
      ], 
      "4": [
        0, 
        0, 
        0, 
        0
      ], 
      "40": [
        0, 
        0, 
        0, 
        0
      ], 
      "41": [
        0, 
        0, 
        0, 
        0
      ], 
      "42": [
        0, 
        0, 
        0, 
        0
      ], 
      "43": [
        0, 
        0, 
        0, 
        0
      ], 
      "44": [
        0, 
        0, 
        0, 
        0
      ], 
      "45": [
        0, 
        0, 
        0, 
        0
      ], 
      "46": [
        0, 
        0, 
        0, 
        0
      ], 
      "47": [
        0, 
        0, 
        0, 
        0
      ], 
      "48": [
        108343, 
        105280, 
        108985, 
        106920
      ], 
      "49": [
        50335, 
        53904, 
        48160, 
        53142
      ], 
      "5": [
        0, 
        0, 
        0, 
        0
      ], 
      "50": [
        0, 
        0, 
        0, 
        0
      ], 
      "51": [
        0, 
        0, 
        0, 
        0
      ], 
      "52": [
        103660, 
        102585, 
        104575, 
        103182
      ], 
      "53": [
        349165, 
        369957, 
        341313, 
        356774
      ], 
      "54": [
        38561, 
        37177, 
        37501, 
        37582
      ], 
      "55": [
        28743, 
        27981, 
        28227, 
        28005
      ], 
      "56": [
        28894, 
        28129, 
        28358, 
        28148
      ], 
      "57": [
        1, 
        1, 
        1, 
        1
      ], 
      "58": [
        3, 
        3, 
        3, 
        3
      ], 
      "59": [
        44, 
        42, 
        42, 
        42
      ], 
      "6": [
        0, 
        0, 
        0, 
        0
      ], 
      "60": [
        3049, 
        2879, 
        2830, 
        3004
      ], 
      "61": [
        228476, 
        224153, 
        230207, 
        226526
      ], 
      "62": [
        332, 
        332, 
        332, 
        332
      ], 
      "63": [
        24, 
        0, 
        0, 
        8
      ], 
      "7": [
        0, 
        0, 
        0, 
        0
      ], 
      "8": [
        0, 
        0, 
        0, 
        0
      ], 
      "9": [
        0, 
        0, 
        0, 
        0
      ]
    }
  }, 
  "features": {
    "GWS": [
      64, 
      64, 
      64
    ], 
    "LWS": [
      4, 
      1, 
      64
    ], 
    "OFFSET": [
      0, 
      0, 
      0
    ], 
    "compiler name": "ARM Mali OpenCL", 
    "compiler version": "5.0", 
    "cpu_freq": 1600, 
    "gpu_freq": 266, 
    "image cols": 3074, 
    "image rows": 2185, 
    "pool_dir": "pool.14", 
    "program version": "c597087", 
    "size": 64
  }, 
  "meta": {
    "device name": "Mali-T628", 
    "device type": "GPU", 
    "device vendor": "ARM", 
    "experiment type": "benchmarking", 
    "kernel name": "calc_histogram", 
    "program name": "Realeyes HOG"
  }, 
  "tags": [
    "demo", 
    "arm", 
    "codegen15"
  ], 
  "work": {
    "repl": 4, 
    "timestamp": "2015-02-22T02:21:37.521127"
  }
}