{
  "characteristics": {
    "cpu": 0.041563, 
    "gpu_copy": 0.043876, 
    "gpu_only": 0.030727, 
    "is_gpu_better": false, 
    "l2 cache and mmu counters": {
      "0": 241350783, 
      "1": 16, 
      "10": 0, 
      "11": 0, 
      "12": 0, 
      "13": 0, 
      "14": 0, 
      "15": 0, 
      "16": 9, 
      "17": 2, 
      "18": 175, 
      "19": 7, 
      "2": 65535, 
      "20": 0, 
      "21": 0, 
      "22": 0, 
      "23": 0, 
      "24": 0, 
      "25": 0, 
      "26": 0, 
      "27": 0, 
      "28": 0, 
      "29": 0, 
      "3": 0, 
      "30": 256, 
      "31": 64754, 
      "32": 5650259, 
      "33": 4554568, 
      "34": 4553567, 
      "35": 403371, 
      "36": 450669, 
      "37": 4411515, 
      "38": 0, 
      "39": 637696, 
      "4": 118962, 
      "40": 637691, 
      "41": 2091, 
      "42": 0, 
      "43": 637016, 
      "44": 0, 
      "45": 135, 
      "46": 0, 
      "47": 0, 
      "48": 16188, 
      "49": 16188, 
      "5": 233, 
      "50": 69, 
      "51": 63, 
      "52": 6, 
      "53": 2, 
      "54": 0, 
      "55": 0, 
      "56": 0, 
      "57": 450, 
      "58": 0, 
      "59": 0, 
      "6": 88, 
      "60": 0, 
      "61": 120905, 
      "62": 4871065, 
      "63": 2342914, 
      "7": 361, 
      "8": 184, 
      "9": 0
    }, 
    "shader core counters": {
      "0": [
        241350783, 
        241350783, 
        241350783, 
        241350783
      ], 
      "1": [
        16, 
        16, 
        16, 
        16
      ], 
      "10": [
        0, 
        0, 
        0, 
        0
      ], 
      "11": [
        0, 
        0, 
        0, 
        0
      ], 
      "12": [
        0, 
        0, 
        0, 
        0
      ], 
      "13": [
        0, 
        0, 
        0, 
        0
      ], 
      "14": [
        0, 
        0, 
        0, 
        0
      ], 
      "15": [
        0, 
        0, 
        0, 
        0
      ], 
      "16": [
        0, 
        0, 
        0, 
        0
      ], 
      "17": [
        0, 
        0, 
        0, 
        0
      ], 
      "18": [
        0, 
        0, 
        0, 
        0
      ], 
      "19": [
        0, 
        0, 
        0, 
        0
      ], 
      "2": [
        65535, 
        65535, 
        65535, 
        65535
      ], 
      "20": [
        0, 
        0, 
        0, 
        0
      ], 
      "21": [
        0, 
        0, 
        0, 
        0
      ], 
      "22": [
        8169036, 
        8170852, 
        8169445, 
        8173046
      ], 
      "23": [
        2063, 
        2035, 
        2073, 
        2021
      ], 
      "24": [
        264064, 
        260480, 
        265344, 
        258688
      ], 
      "25": [
        88013, 
        84774, 
        65532, 
        82886
      ], 
      "26": [
        8168688, 
        8170495, 
        8169090, 
        8172696
      ], 
      "27": [
        4827454, 
        4758132, 
        4849574, 
        4782164
      ], 
      "28": [
        127433, 
        123021, 
        128678, 
        124975
      ], 
      "29": [
        3134963, 
        3201461, 
        3122167, 
        3183550
      ], 
      "3": [
        0, 
        0, 
        0, 
        0
      ], 
      "30": [
        0, 
        0, 
        0, 
        0
      ], 
      "31": [
        1826671, 
        1805574, 
        1833901, 
        1810333
      ], 
      "32": [
        4763797, 
        4903029, 
        4757420, 
        4846533
      ], 
      "33": [
        0, 
        0, 
        0, 
        0
      ], 
      "34": [
        2937126, 
        3097455, 
        2923519, 
        3036200
      ], 
      "35": [
        0, 
        0, 
        0, 
        0
      ], 
      "36": [
        0, 
        0, 
        0, 
        0
      ], 
      "37": [
        0, 
        0, 
        0, 
        0
      ], 
      "38": [
        0, 
        0, 
        0, 
        0
      ], 
      "39": [
        0, 
        0, 
        0, 
        0
      ], 
      "4": [
        0, 
        0, 
        0, 
        0
      ], 
      "40": [
        0, 
        0, 
        0, 
        0
      ], 
      "41": [
        0, 
        0, 
        0, 
        0
      ], 
      "42": [
        0, 
        0, 
        0, 
        0
      ], 
      "43": [
        0, 
        0, 
        0, 
        0
      ], 
      "44": [
        0, 
        0, 
        0, 
        0
      ], 
      "45": [
        0, 
        0, 
        0, 
        0
      ], 
      "46": [
        0, 
        0, 
        0, 
        0
      ], 
      "47": [
        0, 
        0, 
        0, 
        0
      ], 
      "48": [
        452996, 
        446453, 
        454803, 
        450789
      ], 
      "49": [
        178953, 
        195271, 
        176157, 
        192517
      ], 
      "5": [
        0, 
        0, 
        0, 
        0
      ], 
      "50": [
        0, 
        0, 
        0, 
        0
      ], 
      "51": [
        0, 
        0, 
        0, 
        0
      ], 
      "52": [
        415863, 
        412375, 
        417502, 
        411698
      ], 
      "53": [
        1179266, 
        1246236, 
        1174344, 
        1217059
      ], 
      "54": [
        159132, 
        158412, 
        159597, 
        159821
      ], 
      "55": [
        112084, 
        111950, 
        112176, 
        112820
      ], 
      "56": [
        112848, 
        112730, 
        112993, 
        113601
      ], 
      "57": [
        1, 
        1, 
        1, 
        1
      ], 
      "58": [
        3, 
        3, 
        3, 
        3
      ], 
      "59": [
        42, 
        44, 
        42, 
        42
      ], 
      "6": [
        0, 
        0, 
        0, 
        0
      ], 
      "60": [
        12152, 
        11809, 
        12266, 
        12117
      ], 
      "61": [
        941535, 
        930367, 
        945070, 
        934290
      ], 
      "62": [
        332, 
        332, 
        332, 
        332
      ], 
      "63": [
        0, 
        16, 
        0, 
        0
      ], 
      "7": [
        0, 
        0, 
        0, 
        0
      ], 
      "8": [
        0, 
        0, 
        0, 
        0
      ], 
      "9": [
        0, 
        0, 
        0, 
        0
      ]
    }
  }, 
  "features": {
    "GWS": [
      12, 
      12, 
      64
    ], 
    "LWS": [
      4, 
      1, 
      64
    ], 
    "OFFSET": [
      0, 
      0, 
      0
    ], 
    "compiler name": "ARM Mali OpenCL", 
    "compiler version": "5.0", 
    "cpu_freq": 800, 
    "gpu_freq": 266, 
    "image cols": 2500, 
    "image rows": 1985, 
    "pool_dir": "pool.16", 
    "program version": "c597087", 
    "size": 128
  }, 
  "meta": {
    "device name": "Mali-T628", 
    "device type": "GPU", 
    "device vendor": "ARM", 
    "experiment type": "benchmarking", 
    "kernel name": "calc_histogram", 
    "program name": "Realeyes HOG"
  }, 
  "tags": [
    "demo", 
    "arm", 
    "codegen15"
  ], 
  "work": {
    "repl": 2, 
    "timestamp": "2015-02-22T01:59:41.356436"
  }
}