{
  "characteristics": {
    "cpu": 0.018136, 
    "gpu_copy": 0.015822, 
    "gpu_only": 0.013579, 
    "is_gpu_better": true, 
    "l2 cache and mmu counters": {
      "0": 3337937701, 
      "1": 20, 
      "10": 0, 
      "11": 0, 
      "12": 0, 
      "13": 0, 
      "14": 0, 
      "15": 0, 
      "16": 9, 
      "17": 0, 
      "18": 236, 
      "19": 4, 
      "2": 65535, 
      "20": 0, 
      "21": 0, 
      "22": 0, 
      "23": 0, 
      "24": 0, 
      "25": 0, 
      "26": 0, 
      "27": 0, 
      "28": 0, 
      "29": 0, 
      "3": 0, 
      "30": 152, 
      "31": 35166, 
      "32": 5205672, 
      "33": 4288880, 
      "34": 4287638, 
      "35": 357508, 
      "36": 400228, 
      "37": 4160769, 
      "38": 0, 
      "39": 510872, 
      "4": 754, 
      "40": 510867, 
      "41": 1007, 
      "42": 0, 
      "43": 510526, 
      "44": 0, 
      "45": 85, 
      "46": 0, 
      "47": 0, 
      "48": 8791, 
      "49": 8791, 
      "5": 59, 
      "50": 43, 
      "51": 37, 
      "52": 6, 
      "53": 2, 
      "54": 0, 
      "55": 0, 
      "56": 0, 
      "57": 268, 
      "58": 1, 
      "59": 0, 
      "6": 61, 
      "60": 0, 
      "61": 114054, 
      "62": 4523023, 
      "63": 2838015, 
      "7": 118, 
      "8": 30, 
      "9": 0
    }, 
    "shader core counters": {
      "0": [
        3337937701, 
        3337937701, 
        3337937701, 
        3337937701
      ], 
      "1": [
        20, 
        20, 
        20, 
        20
      ], 
      "10": [
        0, 
        0, 
        0, 
        0
      ], 
      "11": [
        0, 
        0, 
        0, 
        0
      ], 
      "12": [
        0, 
        0, 
        0, 
        0
      ], 
      "13": [
        0, 
        0, 
        0, 
        0
      ], 
      "14": [
        0, 
        0, 
        0, 
        0
      ], 
      "15": [
        0, 
        0, 
        0, 
        0
      ], 
      "16": [
        0, 
        0, 
        0, 
        0
      ], 
      "17": [
        0, 
        0, 
        0, 
        0
      ], 
      "18": [
        0, 
        0, 
        0, 
        0
      ], 
      "19": [
        0, 
        0, 
        0, 
        0
      ], 
      "2": [
        65535, 
        65535, 
        65535, 
        65535
      ], 
      "20": [
        0, 
        0, 
        0, 
        0
      ], 
      "21": [
        0, 
        0, 
        0, 
        0
      ], 
      "22": [
        7222297, 
        7221603, 
        7223488, 
        7223161
      ], 
      "23": [
        2086, 
        1981, 
        2094, 
        2031
      ], 
      "24": [
        267008, 
        253568, 
        268032, 
        259968
      ], 
      "25": [
        260448, 
        402991, 
        255314, 
        403555
      ], 
      "26": [
        7221838, 
        7221140, 
        7223030, 
        7222697
      ], 
      "27": [
        4049910, 
        3844348, 
        4053010, 
        3945794
      ], 
      "28": [
        94333, 
        87904, 
        94638, 
        90785
      ], 
      "29": [
        2936565, 
        3022280, 
        2940991, 
        2990146
      ], 
      "3": [
        0, 
        0, 
        0, 
        0
      ], 
      "30": [
        0, 
        0, 
        0, 
        0
      ], 
      "31": [
        1632886, 
        1561083, 
        1634516, 
        1595352
      ], 
      "32": [
        4550917, 
        4818837, 
        4567017, 
        4721680
      ], 
      "33": [
        0, 
        0, 
        0, 
        0
      ], 
      "34": [
        2918031, 
        3257754, 
        2932501, 
        3126328
      ], 
      "35": [
        0, 
        0, 
        0, 
        0
      ], 
      "36": [
        0, 
        0, 
        0, 
        0
      ], 
      "37": [
        0, 
        0, 
        0, 
        0
      ], 
      "38": [
        0, 
        0, 
        0, 
        0
      ], 
      "39": [
        0, 
        0, 
        0, 
        0
      ], 
      "4": [
        0, 
        0, 
        0, 
        0
      ], 
      "40": [
        0, 
        0, 
        0, 
        0
      ], 
      "41": [
        0, 
        0, 
        0, 
        0
      ], 
      "42": [
        0, 
        0, 
        0, 
        0
      ], 
      "43": [
        0, 
        0, 
        0, 
        0
      ], 
      "44": [
        0, 
        0, 
        0, 
        0
      ], 
      "45": [
        0, 
        0, 
        0, 
        0
      ], 
      "46": [
        0, 
        0, 
        0, 
        0
      ], 
      "47": [
        0, 
        0, 
        0, 
        0
      ], 
      "48": [
        404293, 
        381466, 
        402604, 
        391553
      ], 
      "49": [
        182515, 
        211611, 
        181762, 
        194659
      ], 
      "5": [
        0, 
        0, 
        0, 
        0
      ], 
      "50": [
        0, 
        0, 
        0, 
        0
      ], 
      "51": [
        0, 
        0, 
        0, 
        0
      ], 
      "52": [
        347327, 
        337245, 
        349302, 
        342780
      ], 
      "53": [
        1256510, 
        1403197, 
        1264857, 
        1350905
      ], 
      "54": [
        127140, 
        126755, 
        129301, 
        128003
      ], 
      "55": [
        98907, 
        98962, 
        101028, 
        100049
      ], 
      "56": [
        99574, 
        99624, 
        101697, 
        100693
      ], 
      "57": [
        1, 
        1, 
        1, 
        1
      ], 
      "58": [
        3, 
        3, 
        3, 
        3
      ], 
      "59": [
        42, 
        42, 
        42, 
        43
      ], 
      "6": [
        0, 
        0, 
        0, 
        0
      ], 
      "60": [
        83, 
        90, 
        97, 
        97
      ], 
      "61": [
        808327, 
        772645, 
        808846, 
        789588
      ], 
      "62": [
        332, 
        332, 
        332, 
        332
      ], 
      "63": [
        0, 
        0, 
        0, 
        8
      ], 
      "7": [
        0, 
        0, 
        0, 
        0
      ], 
      "8": [
        0, 
        0, 
        0, 
        0
      ], 
      "9": [
        0, 
        0, 
        0, 
        0
      ]
    }
  }, 
  "features": {
    "GWS": [
      12, 
      12, 
      64
    ], 
    "LWS": [
      4, 
      1, 
      64
    ], 
    "OFFSET": [
      0, 
      0, 
      0
    ], 
    "compiler name": "ARM Mali OpenCL", 
    "compiler version": "5.0", 
    "cpu_freq": 1600, 
    "gpu_freq": 533, 
    "image cols": 1064, 
    "image rows": 629, 
    "pool_dir": "pool.07", 
    "program version": "c597087", 
    "size": 128
  }, 
  "meta": {
    "device name": "Mali-T628", 
    "device type": "GPU", 
    "device vendor": "ARM", 
    "experiment type": "benchmarking", 
    "kernel name": "calc_histogram", 
    "program name": "Realeyes HOG"
  }, 
  "tags": [
    "demo", 
    "arm", 
    "codegen15"
  ], 
  "work": {
    "repl": 1, 
    "timestamp": "2015-02-22T02:13:46.108356"
  }
}