{
  "characteristics": {
    "cpu": 0.001362, 
    "gpu_copy": 0.01852, 
    "gpu_only": 0.000328, 
    "is_gpu_better": false, 
    "l2 cache and mmu counters": {
      "0": 1645446290, 
      "1": 20, 
      "10": 0, 
      "11": 0, 
      "12": 0, 
      "13": 0, 
      "14": 0, 
      "15": 0, 
      "16": 9, 
      "17": 3, 
      "18": 247, 
      "19": 7, 
      "2": 65535, 
      "20": 0, 
      "21": 0, 
      "22": 0, 
      "23": 0, 
      "24": 0, 
      "25": 0, 
      "26": 0, 
      "27": 0, 
      "28": 0, 
      "29": 0, 
      "3": 0, 
      "30": 114, 
      "31": 5370, 
      "32": 120557, 
      "33": 93119, 
      "34": 91775, 
      "35": 8252, 
      "36": 8865, 
      "37": 89109, 
      "38": 0, 
      "39": 14326, 
      "4": 3657, 
      "40": 14315, 
      "41": 139, 
      "42": 0, 
      "43": 14275, 
      "44": 0, 
      "45": 63, 
      "46": 0, 
      "47": 0, 
      "48": 1342, 
      "49": 1342, 
      "5": 221, 
      "50": 32, 
      "51": 28, 
      "52": 4, 
      "53": 2, 
      "54": 0, 
      "55": 0, 
      "56": 0, 
      "57": 0, 
      "58": 11, 
      "59": 0, 
      "6": 113, 
      "60": 0, 
      "61": 2539, 
      "62": 96372, 
      "63": 47152, 
      "7": 569, 
      "8": 154, 
      "9": 0
    }, 
    "shader core counters": {
      "0": [
        1645446290, 
        1645446290, 
        1645446290, 
        1645446290
      ], 
      "1": [
        20, 
        20, 
        20, 
        20
      ], 
      "10": [
        0, 
        0, 
        0, 
        0
      ], 
      "11": [
        0, 
        0, 
        0, 
        0
      ], 
      "12": [
        0, 
        0, 
        0, 
        0
      ], 
      "13": [
        0, 
        0, 
        0, 
        0
      ], 
      "14": [
        0, 
        0, 
        0, 
        0
      ], 
      "15": [
        0, 
        0, 
        0, 
        0
      ], 
      "16": [
        0, 
        0, 
        0, 
        0
      ], 
      "17": [
        0, 
        0, 
        0, 
        0
      ], 
      "18": [
        0, 
        0, 
        0, 
        0
      ], 
      "19": [
        0, 
        0, 
        0, 
        0
      ], 
      "2": [
        65535, 
        65535, 
        65535, 
        65535
      ], 
      "20": [
        0, 
        0, 
        0, 
        0
      ], 
      "21": [
        0, 
        0, 
        0, 
        0
      ], 
      "22": [
        174638, 
        173671, 
        174263, 
        172141
      ], 
      "23": [
        30, 
        34, 
        31, 
        33
      ], 
      "24": [
        3840, 
        4352, 
        3968, 
        4224
      ], 
      "25": [
        4022, 
        4551, 
        4821, 
        4202
      ], 
      "26": [
        174178, 
        173202, 
        173796, 
        171679
      ], 
      "27": [
        95350, 
        93956, 
        91086, 
        93226
      ], 
      "28": [
        2620, 
        2613, 
        2499, 
        2598
      ], 
      "29": [
        66388, 
        64631, 
        68024, 
        65772
      ], 
      "3": [
        0, 
        0, 
        0, 
        0
      ], 
      "30": [
        0, 
        0, 
        0, 
        0
      ], 
      "31": [
        34810, 
        34726, 
        34057, 
        34632
      ], 
      "32": [
        106477, 
        112880, 
        111602, 
        106939
      ], 
      "33": [
        0, 
        0, 
        0, 
        0
      ], 
      "34": [
        71667, 
        78154, 
        77545, 
        72307
      ], 
      "35": [
        0, 
        0, 
        0, 
        0
      ], 
      "36": [
        0, 
        0, 
        0, 
        0
      ], 
      "37": [
        0, 
        0, 
        0, 
        0
      ], 
      "38": [
        0, 
        0, 
        0, 
        0
      ], 
      "39": [
        0, 
        0, 
        0, 
        0
      ], 
      "4": [
        0, 
        0, 
        0, 
        0
      ], 
      "40": [
        0, 
        0, 
        0, 
        0
      ], 
      "41": [
        0, 
        0, 
        0, 
        0
      ], 
      "42": [
        0, 
        0, 
        0, 
        0
      ], 
      "43": [
        0, 
        0, 
        0, 
        0
      ], 
      "44": [
        0, 
        0, 
        0, 
        0
      ], 
      "45": [
        0, 
        0, 
        0, 
        0
      ], 
      "46": [
        0, 
        0, 
        0, 
        0
      ], 
      "47": [
        0, 
        0, 
        0, 
        0
      ], 
      "48": [
        8357, 
        8089, 
        7974, 
        8193
      ], 
      "49": [
        7519, 
        8205, 
        7591, 
        7429
      ], 
      "5": [
        0, 
        0, 
        0, 
        0
      ], 
      "50": [
        0, 
        0, 
        0, 
        0
      ], 
      "51": [
        0, 
        0, 
        0, 
        0
      ], 
      "52": [
        8925, 
        8835, 
        8788, 
        8772
      ], 
      "53": [
        26566, 
        29354, 
        29607, 
        27027
      ], 
      "54": [
        3614, 
        3454, 
        3803, 
        3325
      ], 
      "55": [
        2291, 
        2145, 
        2385, 
        2037
      ], 
      "56": [
        2298, 
        2138, 
        2402, 
        2046
      ], 
      "57": [
        1, 
        1, 
        1, 
        1
      ], 
      "58": [
        3, 
        3, 
        3, 
        3
      ], 
      "59": [
        44, 
        42, 
        42, 
        43
      ], 
      "6": [
        0, 
        0, 
        0, 
        0
      ], 
      "60": [
        380, 
        348, 
        384, 
        356
      ], 
      "61": [
        18765, 
        18363, 
        18172, 
        18420
      ], 
      "62": [
        0, 
        332, 
        332, 
        332
      ], 
      "63": [
        24, 
        0, 
        8, 
        8
      ], 
      "7": [
        0, 
        0, 
        0, 
        0
      ], 
      "8": [
        0, 
        0, 
        0, 
        0
      ], 
      "9": [
        0, 
        0, 
        0, 
        0
      ]
    }
  }, 
  "features": {
    "GWS": [
      16, 
      16, 
      64
    ], 
    "LWS": [
      4, 
      1, 
      64
    ], 
    "OFFSET": [
      0, 
      0, 
      0
    ], 
    "compiler name": "ARM Mali OpenCL", 
    "compiler version": "5.0", 
    "cpu_freq": 800, 
    "gpu_freq": 533, 
    "image cols": 2593, 
    "image rows": 2593, 
    "pool_dir": "pool.02", 
    "program version": "c597087", 
    "size": 16
  }, 
  "meta": {
    "device name": "Mali-T628", 
    "device type": "GPU", 
    "device vendor": "ARM", 
    "experiment type": "benchmarking", 
    "kernel name": "calc_histogram", 
    "program name": "Realeyes HOG"
  }, 
  "tags": [
    "demo", 
    "arm", 
    "codegen15"
  ], 
  "work": {
    "repl": 3, 
    "timestamp": "2015-02-22T02:12:35.710693"
  }
}