{
  "characteristics": {
    "cpu": 0.001648, 
    "gpu_copy": 0.003754, 
    "gpu_only": 0.000243, 
    "is_gpu_better": false, 
    "l2 cache and mmu counters": {
      "0": 4238788068, 
      "1": 16, 
      "10": 0, 
      "11": 0, 
      "12": 0, 
      "13": 0, 
      "14": 0, 
      "15": 0, 
      "16": 9, 
      "17": 3, 
      "18": 247, 
      "19": 7, 
      "2": 65535, 
      "20": 0, 
      "21": 0, 
      "22": 0, 
      "23": 0, 
      "24": 0, 
      "25": 0, 
      "26": 0, 
      "27": 0, 
      "28": 0, 
      "29": 0, 
      "3": 0, 
      "30": 98, 
      "31": 3502, 
      "32": 86697, 
      "33": 66411, 
      "34": 65186, 
      "35": 5938, 
      "36": 6467, 
      "37": 63946, 
      "38": 0, 
      "39": 9648, 
      "4": 177, 
      "40": 9643, 
      "41": 79, 
      "42": 0, 
      "43": 9614, 
      "44": 0, 
      "45": 51, 
      "46": 0, 
      "47": 0, 
      "48": 875, 
      "49": 875, 
      "5": 59, 
      "50": 28, 
      "51": 24, 
      "52": 4, 
      "53": 2, 
      "54": 0, 
      "55": 0, 
      "56": 0, 
      "57": 0, 
      "58": 1, 
      "59": 0, 
      "6": 95, 
      "60": 0, 
      "61": 1559, 
      "62": 68430, 
      "63": 31386, 
      "7": 107, 
      "8": 29, 
      "9": 0
    }, 
    "shader core counters": {
      "0": [
        4238788068, 
        4238788068, 
        4238788068, 
        4238788068
      ], 
      "1": [
        16, 
        16, 
        16, 
        16
      ], 
      "10": [
        0, 
        0, 
        0, 
        0
      ], 
      "11": [
        0, 
        0, 
        0, 
        0
      ], 
      "12": [
        0, 
        0, 
        0, 
        0
      ], 
      "13": [
        0, 
        0, 
        0, 
        0
      ], 
      "14": [
        0, 
        0, 
        0, 
        0
      ], 
      "15": [
        0, 
        0, 
        0, 
        0
      ], 
      "16": [
        0, 
        0, 
        0, 
        0
      ], 
      "17": [
        0, 
        0, 
        0, 
        0
      ], 
      "18": [
        0, 
        0, 
        0, 
        0
      ], 
      "19": [
        0, 
        0, 
        0, 
        0
      ], 
      "2": [
        65535, 
        65535, 
        65535, 
        65535
      ], 
      "20": [
        0, 
        0, 
        0, 
        0
      ], 
      "21": [
        0, 
        0, 
        0, 
        0
      ], 
      "22": [
        126841, 
        128393, 
        129053, 
        128665
      ], 
      "23": [
        30, 
        32, 
        32, 
        34
      ], 
      "24": [
        3840, 
        4096, 
        4096, 
        4352
      ], 
      "25": [
        4705, 
        5203, 
        4376, 
        3541
      ], 
      "26": [
        126384, 
        127930, 
        128595, 
        128213
      ], 
      "27": [
        68902, 
        72278, 
        71996, 
        71930
      ], 
      "28": [
        1751, 
        1959, 
        1886, 
        1907
      ], 
      "29": [
        47683, 
        45595, 
        46188, 
        45609
      ], 
      "3": [
        0, 
        0, 
        0, 
        0
      ], 
      "30": [
        0, 
        0, 
        0, 
        0
      ], 
      "31": [
        26749, 
        27847, 
        27837, 
        27879
      ], 
      "32": [
        68799, 
        73130, 
        71270, 
        72636
      ], 
      "33": [
        0, 
        0, 
        0, 
        0
      ], 
      "34": [
        42050, 
        45283, 
        43433, 
        44757
      ], 
      "35": [
        0, 
        0, 
        0, 
        0
      ], 
      "36": [
        0, 
        0, 
        0, 
        0
      ], 
      "37": [
        0, 
        0, 
        0, 
        0
      ], 
      "38": [
        0, 
        0, 
        0, 
        0
      ], 
      "39": [
        0, 
        0, 
        0, 
        0
      ], 
      "4": [
        0, 
        0, 
        0, 
        0
      ], 
      "40": [
        0, 
        0, 
        0, 
        0
      ], 
      "41": [
        0, 
        0, 
        0, 
        0
      ], 
      "42": [
        0, 
        0, 
        0, 
        0
      ], 
      "43": [
        0, 
        0, 
        0, 
        0
      ], 
      "44": [
        0, 
        0, 
        0, 
        0
      ], 
      "45": [
        0, 
        0, 
        0, 
        0
      ], 
      "46": [
        0, 
        0, 
        0, 
        0
      ], 
      "47": [
        0, 
        0, 
        0, 
        0
      ], 
      "48": [
        6665, 
        6930, 
        6845, 
        6614
      ], 
      "49": [
        3355, 
        4110, 
        4261, 
        3893
      ], 
      "5": [
        0, 
        0, 
        0, 
        0
      ], 
      "50": [
        0, 
        0, 
        0, 
        0
      ], 
      "51": [
        0, 
        0, 
        0, 
        0
      ], 
      "52": [
        6006, 
        6227, 
        6294, 
        6419
      ], 
      "53": [
        16875, 
        17744, 
        16679, 
        17634
      ], 
      "54": [
        2378, 
        2399, 
        2361, 
        2423
      ], 
      "55": [
        1645, 
        1622, 
        1582, 
        1626
      ], 
      "56": [
        1649, 
        1625, 
        1578, 
        1620
      ], 
      "57": [
        1, 
        1, 
        1, 
        1
      ], 
      "58": [
        3, 
        3, 
        3, 
        3
      ], 
      "59": [
        42, 
        42, 
        42, 
        43
      ], 
      "6": [
        0, 
        0, 
        0, 
        0
      ], 
      "60": [
        23, 
        18, 
        20, 
        18
      ], 
      "61": [
        13678, 
        14211, 
        14190, 
        14099
      ], 
      "62": [
        332, 
        332, 
        332, 
        332
      ], 
      "63": [
        0, 
        0, 
        0, 
        16
      ], 
      "7": [
        0, 
        0, 
        0, 
        0
      ], 
      "8": [
        0, 
        0, 
        0, 
        0
      ], 
      "9": [
        0, 
        0, 
        0, 
        0
      ]
    }
  }, 
  "features": {
    "GWS": [
      16, 
      16, 
      64
    ], 
    "LWS": [
      4, 
      1, 
      64
    ], 
    "OFFSET": [
      0, 
      0, 
      0
    ], 
    "compiler name": "ARM Mali OpenCL", 
    "compiler version": "5.0", 
    "cpu_freq": 800, 
    "gpu_freq": 533, 
    "image cols": 944, 
    "image rows": 708, 
    "pool_dir": "pool.05", 
    "program version": "c597087", 
    "size": 16
  }, 
  "meta": {
    "device name": "Mali-T628", 
    "device type": "GPU", 
    "device vendor": "ARM", 
    "experiment type": "benchmarking", 
    "kernel name": "calc_histogram", 
    "program name": "Realeyes HOG"
  }, 
  "tags": [
    "demo", 
    "arm", 
    "codegen15"
  ], 
  "work": {
    "repl": 2, 
    "timestamp": "2015-02-22T02:02:27.864611"
  }
}