{
  "characteristics": {
    "cpu": 0.00331, 
    "gpu_copy": 0.01157, 
    "gpu_only": 0.000985, 
    "is_gpu_better": false, 
    "l2 cache and mmu counters": {
      "0": 3856881839, 
      "1": 16, 
      "10": 0, 
      "11": 0, 
      "12": 0, 
      "13": 0, 
      "14": 0, 
      "15": 0, 
      "16": 8, 
      "17": 3, 
      "18": 238, 
      "19": 4, 
      "2": 65535, 
      "20": 0, 
      "21": 0, 
      "22": 0, 
      "23": 0, 
      "24": 0, 
      "25": 0, 
      "26": 0, 
      "27": 0, 
      "28": 0, 
      "29": 0, 
      "3": 0, 
      "30": 110, 
      "31": 8546, 
      "32": 364461, 
      "33": 292711, 
      "34": 291423, 
      "35": 25576, 
      "36": 28294, 
      "37": 282799, 
      "38": 0, 
      "39": 39162, 
      "4": 6197, 
      "40": 39157, 
      "41": 221, 
      "42": 0, 
      "43": 39110, 
      "44": 0, 
      "45": 53, 
      "46": 0, 
      "47": 0, 
      "48": 2136, 
      "49": 2136, 
      "5": 113, 
      "50": 31, 
      "51": 27, 
      "52": 4, 
      "53": 2, 
      "54": 0, 
      "55": 0, 
      "56": 0, 
      "57": 0, 
      "58": 6, 
      "59": 0, 
      "6": 78, 
      "60": 0, 
      "61": 7470, 
      "62": 308982, 
      "63": 159426, 
      "7": 298, 
      "8": 77, 
      "9": 0
    }, 
    "shader core counters": {
      "0": [
        3856881839, 
        3856881839, 
        3856881839, 
        3856881839
      ], 
      "1": [
        16, 
        16, 
        16, 
        16
      ], 
      "10": [
        0, 
        0, 
        0, 
        0
      ], 
      "11": [
        0, 
        0, 
        0, 
        0
      ], 
      "12": [
        0, 
        0, 
        0, 
        0
      ], 
      "13": [
        0, 
        0, 
        0, 
        0
      ], 
      "14": [
        0, 
        0, 
        0, 
        0
      ], 
      "15": [
        0, 
        0, 
        0, 
        0
      ], 
      "16": [
        0, 
        0, 
        0, 
        0
      ], 
      "17": [
        0, 
        0, 
        0, 
        0
      ], 
      "18": [
        0, 
        0, 
        0, 
        0
      ], 
      "19": [
        0, 
        0, 
        0, 
        0
      ], 
      "2": [
        65535, 
        65535, 
        65535, 
        65535
      ], 
      "20": [
        0, 
        0, 
        0, 
        0
      ], 
      "21": [
        0, 
        0, 
        0, 
        0
      ], 
      "22": [
        522141, 
        523858, 
        518547, 
        523140
      ], 
      "23": [
        125, 
        136, 
        125, 
        126
      ], 
      "24": [
        16000, 
        17408, 
        16000, 
        16128
      ], 
      "25": [
        5516, 
        9322, 
        7910, 
        14832
      ], 
      "26": [
        521682, 
        523394, 
        518089, 
        522687
      ], 
      "27": [
        300294, 
        296214, 
        300048, 
        296462
      ], 
      "28": [
        7868, 
        7520, 
        7888, 
        7756
      ], 
      "29": [
        202370, 
        207386, 
        197533, 
        202313
      ], 
      "3": [
        0, 
        0, 
        0, 
        0
      ], 
      "30": [
        0, 
        0, 
        0, 
        0
      ], 
      "31": [
        113205, 
        113977, 
        112733, 
        112411
      ], 
      "32": [
        306784, 
        325452, 
        307084, 
        317668
      ], 
      "33": [
        0, 
        0, 
        0, 
        0
      ], 
      "34": [
        193579, 
        211475, 
        194351, 
        205257
      ], 
      "35": [
        0, 
        0, 
        0, 
        0
      ], 
      "36": [
        0, 
        0, 
        0, 
        0
      ], 
      "37": [
        0, 
        0, 
        0, 
        0
      ], 
      "38": [
        0, 
        0, 
        0, 
        0
      ], 
      "39": [
        0, 
        0, 
        0, 
        0
      ], 
      "4": [
        0, 
        0, 
        0, 
        0
      ], 
      "40": [
        0, 
        0, 
        0, 
        0
      ], 
      "41": [
        0, 
        0, 
        0, 
        0
      ], 
      "42": [
        0, 
        0, 
        0, 
        0
      ], 
      "43": [
        0, 
        0, 
        0, 
        0
      ], 
      "44": [
        0, 
        0, 
        0, 
        0
      ], 
      "45": [
        0, 
        0, 
        0, 
        0
      ], 
      "46": [
        0, 
        0, 
        0, 
        0
      ], 
      "47": [
        0, 
        0, 
        0, 
        0
      ], 
      "48": [
        28414, 
        27801, 
        28141, 
        27824
      ], 
      "49": [
        12951, 
        15311, 
        13222, 
        14437
      ], 
      "5": [
        0, 
        0, 
        0, 
        0
      ], 
      "50": [
        0, 
        0, 
        0, 
        0
      ], 
      "51": [
        0, 
        0, 
        0, 
        0
      ], 
      "52": [
        25672, 
        25754, 
        25640, 
        25703
      ], 
      "53": [
        78466, 
        85191, 
        78508, 
        82807
      ], 
      "54": [
        9727, 
        9555, 
        9839, 
        9833
      ], 
      "55": [
        7094, 
        6917, 
        7078, 
        7129
      ], 
      "56": [
        7134, 
        6946, 
        7114, 
        7158
      ], 
      "57": [
        1, 
        1, 
        1, 
        1
      ], 
      "58": [
        3, 
        3, 
        3, 
        3
      ], 
      "59": [
        42, 
        44, 
        42, 
        42
      ], 
      "6": [
        0, 
        0, 
        0, 
        0
      ], 
      "60": [
        614, 
        653, 
        693, 
        681
      ], 
      "61": [
        58612, 
        57998, 
        58284, 
        57923
      ], 
      "62": [
        332, 
        332, 
        332, 
        332
      ], 
      "63": [
        0, 
        16, 
        0, 
        0
      ], 
      "7": [
        0, 
        0, 
        0, 
        0
      ], 
      "8": [
        0, 
        0, 
        0, 
        0
      ], 
      "9": [
        0, 
        0, 
        0, 
        0
      ]
    }
  }, 
  "features": {
    "GWS": [
      32, 
      32, 
      64
    ], 
    "LWS": [
      4, 
      1, 
      64
    ], 
    "OFFSET": [
      0, 
      0, 
      0
    ], 
    "compiler name": "ARM Mali OpenCL", 
    "compiler version": "5.0", 
    "cpu_freq": 800, 
    "gpu_freq": 533, 
    "image cols": 1683, 
    "image rows": 2246, 
    "pool_dir": "pool.10", 
    "program version": "c597087", 
    "size": 32
  }, 
  "meta": {
    "device name": "Mali-T628", 
    "device type": "GPU", 
    "device vendor": "ARM", 
    "experiment type": "benchmarking", 
    "kernel name": "calc_histogram", 
    "program name": "Realeyes HOG"
  }, 
  "tags": [
    "demo", 
    "arm", 
    "codegen15"
  ], 
  "work": {
    "repl": 3, 
    "timestamp": "2015-02-25T13:11:15.377256"
  }
}