{
  "characteristics": {
    "cpu": 0.003927, 
    "gpu_copy": 0.016432, 
    "gpu_only": 0.005975, 
    "is_gpu_better": false, 
    "l2 cache and mmu counters": {
      "0": 3377414309, 
      "1": 15, 
      "10": 0, 
      "11": 0, 
      "12": 0, 
      "13": 0, 
      "14": 0, 
      "15": 0, 
      "16": 9, 
      "17": 2, 
      "18": 175, 
      "19": 7, 
      "2": 65535, 
      "20": 0, 
      "21": 0, 
      "22": 0, 
      "23": 0, 
      "24": 0, 
      "25": 0, 
      "26": 0, 
      "27": 0, 
      "28": 0, 
      "29": 0, 
      "3": 0, 
      "30": 104, 
      "31": 14222, 
      "32": 1159479, 
      "33": 959695, 
      "34": 958747, 
      "35": 78912, 
      "36": 88514, 
      "37": 931019, 
      "38": 0, 
      "39": 106802, 
      "4": 13998, 
      "40": 106791, 
      "41": 349, 
      "42": 0, 
      "43": 106693, 
      "44": 0, 
      "45": 48, 
      "46": 0, 
      "47": 0, 
      "48": 3555, 
      "49": 3555, 
      "5": 194, 
      "50": 31, 
      "51": 25, 
      "52": 6, 
      "53": 2, 
      "54": 0, 
      "55": 0, 
      "56": 0, 
      "57": 0, 
      "58": 1, 
      "59": 0, 
      "6": 62, 
      "60": 0, 
      "61": 24607, 
      "62": 1008955, 
      "63": 677661, 
      "7": 255, 
      "8": 164, 
      "9": 0
    }, 
    "shader core counters": {
      "0": [
        3377414309, 
        3377414309, 
        3377414309, 
        3377414309
      ], 
      "1": [
        15, 
        15, 
        15, 
        15
      ], 
      "10": [
        0, 
        0, 
        0, 
        0
      ], 
      "11": [
        0, 
        0, 
        0, 
        0
      ], 
      "12": [
        0, 
        0, 
        0, 
        0
      ], 
      "13": [
        0, 
        0, 
        0, 
        0
      ], 
      "14": [
        0, 
        0, 
        0, 
        0
      ], 
      "15": [
        0, 
        0, 
        0, 
        0
      ], 
      "16": [
        0, 
        0, 
        0, 
        0
      ], 
      "17": [
        0, 
        0, 
        0, 
        0
      ], 
      "18": [
        0, 
        0, 
        0, 
        0
      ], 
      "19": [
        0, 
        0, 
        0, 
        0
      ], 
      "2": [
        65535, 
        65535, 
        65535, 
        65535
      ], 
      "20": [
        0, 
        0, 
        0, 
        0
      ], 
      "21": [
        0, 
        0, 
        0, 
        0
      ], 
      "22": [
        1589042, 
        1589391, 
        1588880, 
        1588820
      ], 
      "23": [
        518, 
        498, 
        523, 
        509
      ], 
      "24": [
        66304, 
        63744, 
        66944, 
        65152
      ], 
      "25": [
        55415, 
        69950, 
        68739, 
        88302
      ], 
      "26": [
        1588694, 
        1589039, 
        1588533, 
        1588467
      ], 
      "27": [
        879530, 
        848164, 
        888762, 
        862714
      ], 
      "28": [
        18864, 
        17904, 
        19388, 
        18133
      ], 
      "29": [
        661952, 
        684329, 
        655378, 
        672572
      ], 
      "3": [
        0, 
        0, 
        0, 
        0
      ], 
      "30": [
        0, 
        0, 
        0, 
        0
      ], 
      "31": [
        369976, 
        356406, 
        371025, 
        362888
      ], 
      "32": [
        1036304, 
        1084728, 
        1015785, 
        1056191
      ], 
      "33": [
        0, 
        0, 
        0, 
        0
      ], 
      "34": [
        666328, 
        728322, 
        644760, 
        693303
      ], 
      "35": [
        0, 
        0, 
        0, 
        0
      ], 
      "36": [
        0, 
        0, 
        0, 
        0
      ], 
      "37": [
        0, 
        0, 
        0, 
        0
      ], 
      "38": [
        0, 
        0, 
        0, 
        0
      ], 
      "39": [
        0, 
        0, 
        0, 
        0
      ], 
      "4": [
        0, 
        0, 
        0, 
        0
      ], 
      "40": [
        0, 
        0, 
        0, 
        0
      ], 
      "41": [
        0, 
        0, 
        0, 
        0
      ], 
      "42": [
        0, 
        0, 
        0, 
        0
      ], 
      "43": [
        0, 
        0, 
        0, 
        0
      ], 
      "44": [
        0, 
        0, 
        0, 
        0
      ], 
      "45": [
        0, 
        0, 
        0, 
        0
      ], 
      "46": [
        0, 
        0, 
        0, 
        0
      ], 
      "47": [
        0, 
        0, 
        0, 
        0
      ], 
      "48": [
        92425, 
        88338, 
        92454, 
        89982
      ], 
      "49": [
        32310, 
        37554, 
        31340, 
        34488
      ], 
      "5": [
        0, 
        0, 
        0, 
        0
      ], 
      "50": [
        0, 
        0, 
        0, 
        0
      ], 
      "51": [
        0, 
        0, 
        0, 
        0
      ], 
      "52": [
        73564, 
        71631, 
        73928, 
        72752
      ], 
      "53": [
        286980, 
        313532, 
        276981, 
        298554
      ], 
      "54": [
        27082, 
        26322, 
        26765, 
        26306
      ], 
      "55": [
        22469, 
        21775, 
        22224, 
        21876
      ], 
      "56": [
        22554, 
        21847, 
        22300, 
        21958
      ], 
      "57": [
        1, 
        1, 
        1, 
        1
      ], 
      "58": [
        3, 
        3, 
        3, 
        3
      ], 
      "59": [
        42, 
        42, 
        42, 
        42
      ], 
      "6": [
        0, 
        0, 
        0, 
        0
      ], 
      "60": [
        1496, 
        1453, 
        1473, 
        1445
      ], 
      "61": [
        177692, 
        171231, 
        178216, 
        174336
      ], 
      "62": [
        332, 
        332, 
        332, 
        332
      ], 
      "63": [
        0, 
        0, 
        0, 
        0
      ], 
      "7": [
        0, 
        0, 
        0, 
        0
      ], 
      "8": [
        0, 
        0, 
        0, 
        0
      ], 
      "9": [
        0, 
        0, 
        0, 
        0
      ]
    }
  }, 
  "features": {
    "GWS": [
      64, 
      64, 
      64
    ], 
    "LWS": [
      4, 
      1, 
      64
    ], 
    "OFFSET": [
      0, 
      0, 
      0
    ], 
    "compiler name": "ARM Mali OpenCL", 
    "compiler version": "5.0", 
    "cpu_freq": 1600, 
    "gpu_freq": 266, 
    "image cols": 3600, 
    "image rows": 1800, 
    "pool_dir": "pool.17", 
    "program version": "c597087", 
    "size": 64
  }, 
  "meta": {
    "device name": "Mali-T628", 
    "device type": "GPU", 
    "device vendor": "ARM", 
    "experiment type": "benchmarking", 
    "kernel name": "calc_histogram", 
    "program name": "Realeyes HOG"
  }, 
  "tags": [
    "demo", 
    "arm", 
    "codegen15"
  ], 
  "work": {
    "repl": 2, 
    "timestamp": "2015-02-22T01:58:52.880179"
  }
}