{
  "characteristics": {
    "cpu": 0.004405, 
    "gpu_copy": 0.013489, 
    "gpu_only": 0.005119, 
    "is_gpu_better": false, 
    "l2 cache and mmu counters": {
      "0": 1767838631, 
      "1": 13, 
      "10": 0, 
      "11": 0, 
      "12": 0, 
      "13": 0, 
      "14": 0, 
      "15": 0, 
      "16": 8, 
      "17": 3, 
      "18": 180, 
      "19": 4, 
      "2": 65535, 
      "20": 0, 
      "21": 0, 
      "22": 0, 
      "23": 0, 
      "24": 0, 
      "25": 0, 
      "26": 0, 
      "27": 0, 
      "28": 0, 
      "29": 0, 
      "3": 0, 
      "30": 140, 
      "31": 18682, 
      "32": 845080, 
      "33": 659167, 
      "34": 658209, 
      "35": 62463, 
      "36": 71423, 
      "37": 635936, 
      "38": 0, 
      "39": 109607, 
      "4": 26867, 
      "40": 109602, 
      "41": 545, 
      "42": 0, 
      "43": 109447, 
      "44": 0, 
      "45": 119, 
      "46": 0, 
      "47": 0, 
      "48": 4670, 
      "49": 4670, 
      "5": 232, 
      "50": 50, 
      "51": 34, 
      "52": 6, 
      "53": 2, 
      "54": 0, 
      "55": 0, 
      "56": 0, 
      "57": 116, 
      "58": 2, 
      "59": 0, 
      "6": 77, 
      "60": 0, 
      "61": 17787, 
      "62": 707319, 
      "63": 262427, 
      "7": 349, 
      "8": 175, 
      "9": 0
    }, 
    "shader core counters": {
      "0": [
        1767838631, 
        1767838631, 
        1767838631, 
        1767838631
      ], 
      "1": [
        13, 
        13, 
        13, 
        13
      ], 
      "10": [
        0, 
        0, 
        0, 
        0
      ], 
      "11": [
        0, 
        0, 
        0, 
        0
      ], 
      "12": [
        0, 
        0, 
        0, 
        0
      ], 
      "13": [
        0, 
        0, 
        0, 
        0
      ], 
      "14": [
        0, 
        0, 
        0, 
        0
      ], 
      "15": [
        0, 
        0, 
        0, 
        0
      ], 
      "16": [
        0, 
        0, 
        0, 
        0
      ], 
      "17": [
        0, 
        0, 
        0, 
        0
      ], 
      "18": [
        0, 
        0, 
        0, 
        0
      ], 
      "19": [
        0, 
        0, 
        0, 
        0
      ], 
      "2": [
        65535, 
        65535, 
        65535, 
        65535
      ], 
      "20": [
        0, 
        0, 
        0, 
        0
      ], 
      "21": [
        0, 
        0, 
        0, 
        0
      ], 
      "22": [
        1352678, 
        1352801, 
        1358184, 
        1361352
      ], 
      "23": [
        285, 
        290, 
        287, 
        290
      ], 
      "24": [
        36480, 
        37120, 
        36736, 
        37120
      ], 
      "25": [
        5956, 
        4672, 
        4677, 
        4367
      ], 
      "26": [
        1352331, 
        1352449, 
        1357837, 
        1361011
      ], 
      "27": [
        817602, 
        816094, 
        829062, 
        825118
      ], 
      "28": [
        23373, 
        23594, 
        23880, 
        23862
      ], 
      "29": [
        493852, 
        494291, 
        488102, 
        496439
      ], 
      "3": [
        0, 
        0, 
        0, 
        0
      ], 
      "30": [
        0, 
        0, 
        0, 
        0
      ], 
      "31": [
        295606, 
        295234, 
        298103, 
        298143
      ], 
      "32": [
        753535, 
        756044, 
        745115, 
        765341
      ], 
      "33": [
        0, 
        0, 
        0, 
        0
      ], 
      "34": [
        457929, 
        460810, 
        447012, 
        467198
      ], 
      "35": [
        0, 
        0, 
        0, 
        0
      ], 
      "36": [
        0, 
        0, 
        0, 
        0
      ], 
      "37": [
        0, 
        0, 
        0, 
        0
      ], 
      "38": [
        0, 
        0, 
        0, 
        0
      ], 
      "39": [
        0, 
        0, 
        0, 
        0
      ], 
      "4": [
        0, 
        0, 
        0, 
        0
      ], 
      "40": [
        0, 
        0, 
        0, 
        0
      ], 
      "41": [
        0, 
        0, 
        0, 
        0
      ], 
      "42": [
        0, 
        0, 
        0, 
        0
      ], 
      "43": [
        0, 
        0, 
        0, 
        0
      ], 
      "44": [
        0, 
        0, 
        0, 
        0
      ], 
      "45": [
        0, 
        0, 
        0, 
        0
      ], 
      "46": [
        0, 
        0, 
        0, 
        0
      ], 
      "47": [
        0, 
        0, 
        0, 
        0
      ], 
      "48": [
        72623, 
        72564, 
        73666, 
        73379
      ], 
      "49": [
        29591, 
        31777, 
        29321, 
        31543
      ], 
      "5": [
        0, 
        0, 
        0, 
        0
      ], 
      "50": [
        0, 
        0, 
        0, 
        0
      ], 
      "51": [
        0, 
        0, 
        0, 
        0
      ], 
      "52": [
        72491, 
        72057, 
        72747, 
        72887
      ], 
      "53": [
        176728, 
        175810, 
        170595, 
        178441
      ], 
      "54": [
        27562, 
        26831, 
        27328, 
        27594
      ], 
      "55": [
        18229, 
        17538, 
        17582, 
        17802
      ], 
      "56": [
        18372, 
        17659, 
        17723, 
        17938
      ], 
      "57": [
        1, 
        1, 
        1, 
        1
      ], 
      "58": [
        3, 
        3, 
        3, 
        3
      ], 
      "59": [
        42, 
        42, 
        42, 
        43
      ], 
      "6": [
        0, 
        0, 
        0, 
        0
      ], 
      "60": [
        2616, 
        2621, 
        2739, 
        2793
      ], 
      "61": [
        157995, 
        157449, 
        159555, 
        159247
      ], 
      "62": [
        332, 
        332, 
        332, 
        332
      ], 
      "63": [
        0, 
        8, 
        0, 
        8
      ], 
      "7": [
        0, 
        0, 
        0, 
        0
      ], 
      "8": [
        0, 
        0, 
        0, 
        0
      ], 
      "9": [
        0, 
        0, 
        0, 
        0
      ]
    }
  }, 
  "features": {
    "GWS": [
      48, 
      48, 
      64
    ], 
    "LWS": [
      4, 
      1, 
      64
    ], 
    "OFFSET": [
      0, 
      0, 
      0
    ], 
    "compiler name": "ARM Mali OpenCL", 
    "compiler version": "5.0", 
    "cpu_freq": 1600, 
    "gpu_freq": 266, 
    "image cols": 2174, 
    "image rows": 2215, 
    "pool_dir": "pool.00", 
    "program version": "c597087", 
    "size": 48
  }, 
  "meta": {
    "device name": "Mali-T628", 
    "device type": "GPU", 
    "device vendor": "ARM", 
    "experiment type": "benchmarking", 
    "kernel name": "calc_histogram", 
    "program name": "Realeyes HOG"
  }, 
  "tags": [
    "demo", 
    "arm", 
    "codegen15"
  ], 
  "work": {
    "repl": 3, 
    "timestamp": "2015-02-25T13:00:51.234708"
  }
}