{
  "characteristics": {
    "cpu": 0.022957, 
    "gpu_copy": 0.039459, 
    "gpu_only": 0.031111, 
    "is_gpu_better": false, 
    "l2 cache and mmu counters": {
      "0": 1934581995, 
      "1": 15, 
      "10": 0, 
      "11": 0, 
      "12": 0, 
      "13": 0, 
      "14": 0, 
      "15": 0, 
      "16": 8, 
      "17": 3, 
      "18": 171, 
      "19": 4, 
      "2": 65535, 
      "20": 0, 
      "21": 0, 
      "22": 0, 
      "23": 0, 
      "24": 0, 
      "25": 0, 
      "26": 0, 
      "27": 0, 
      "28": 0, 
      "29": 0, 
      "3": 0, 
      "30": 284, 
      "31": 71350, 
      "32": 5402087, 
      "33": 4277863, 
      "34": 4276617, 
      "35": 400440, 
      "36": 452986, 
      "37": 4138388, 
      "38": 0, 
      "39": 663086, 
      "4": 137484, 
      "40": 663081, 
      "41": 2456, 
      "42": 0, 
      "43": 662244, 
      "44": 0, 
      "45": 203, 
      "46": 0, 
      "47": 0, 
      "48": 17837, 
      "49": 17837, 
      "5": 525, 
      "50": 76, 
      "51": 70, 
      "52": 6, 
      "53": 2, 
      "54": 0, 
      "55": 0, 
      "56": 0, 
      "57": 443, 
      "58": 1, 
      "59": 0, 
      "6": 71, 
      "60": 0, 
      "61": 116115, 
      "62": 4605583, 
      "63": 1794802, 
      "7": 350, 
      "8": 438, 
      "9": 0
    }, 
    "shader core counters": {
      "0": [
        1934581995, 
        1934581995, 
        1934581995, 
        1934581995
      ], 
      "1": [
        15, 
        15, 
        15, 
        15
      ], 
      "10": [
        0, 
        0, 
        0, 
        0
      ], 
      "11": [
        0, 
        0, 
        0, 
        0
      ], 
      "12": [
        0, 
        0, 
        0, 
        0
      ], 
      "13": [
        0, 
        0, 
        0, 
        0
      ], 
      "14": [
        0, 
        0, 
        0, 
        0
      ], 
      "15": [
        0, 
        0, 
        0, 
        0
      ], 
      "16": [
        0, 
        0, 
        0, 
        0
      ], 
      "17": [
        0, 
        0, 
        0, 
        0
      ], 
      "18": [
        0, 
        0, 
        0, 
        0
      ], 
      "19": [
        0, 
        0, 
        0, 
        0
      ], 
      "2": [
        65535, 
        65535, 
        65535, 
        65535
      ], 
      "20": [
        0, 
        0, 
        0, 
        0
      ], 
      "21": [
        0, 
        0, 
        0, 
        0
      ], 
      "22": [
        8274155, 
        8275277, 
        8273621, 
        8272530
      ], 
      "23": [
        2057, 
        2036, 
        2054, 
        2045
      ], 
      "24": [
        263296, 
        260608, 
        262912, 
        261760
      ], 
      "25": [
        6900, 
        5774, 
        8021, 
        7063
      ], 
      "26": [
        8273783, 
        8274893, 
        8273242, 
        8272156
      ], 
      "27": [
        5104386, 
        5084906, 
        5121726, 
        5088530
      ], 
      "28": [
        145320, 
        144659, 
        146671, 
        144773
      ], 
      "29": [
        2973662, 
        2985405, 
        2954416, 
        2985825
      ], 
      "3": [
        0, 
        0, 
        0, 
        0
      ], 
      "30": [
        0, 
        0, 
        0, 
        0
      ], 
      "31": [
        1856464, 
        1847090, 
        1858670, 
        1851329
      ], 
      "32": [
        4592850, 
        4667049, 
        4558727, 
        4641875
      ], 
      "33": [
        0, 
        0, 
        0, 
        0
      ], 
      "34": [
        2736386, 
        2819959, 
        2700057, 
        2790546
      ], 
      "35": [
        0, 
        0, 
        0, 
        0
      ], 
      "36": [
        0, 
        0, 
        0, 
        0
      ], 
      "37": [
        0, 
        0, 
        0, 
        0
      ], 
      "38": [
        0, 
        0, 
        0, 
        0
      ], 
      "39": [
        0, 
        0, 
        0, 
        0
      ], 
      "4": [
        0, 
        0, 
        0, 
        0
      ], 
      "40": [
        0, 
        0, 
        0, 
        0
      ], 
      "41": [
        0, 
        0, 
        0, 
        0
      ], 
      "42": [
        0, 
        0, 
        0, 
        0
      ], 
      "43": [
        0, 
        0, 
        0, 
        0
      ], 
      "44": [
        0, 
        0, 
        0, 
        0
      ], 
      "45": [
        0, 
        0, 
        0, 
        0
      ], 
      "46": [
        0, 
        0, 
        0, 
        0
      ], 
      "47": [
        0, 
        0, 
        0, 
        0
      ], 
      "48": [
        475253, 
        473134, 
        476964, 
        473938
      ], 
      "49": [
        171346, 
        184611, 
        172046, 
        182600
      ], 
      "5": [
        0, 
        0, 
        0, 
        0
      ], 
      "50": [
        0, 
        0, 
        0, 
        0
      ], 
      "51": [
        0, 
        0, 
        0, 
        0
      ], 
      "52": [
        416948, 
        415197, 
        416795, 
        416108
      ], 
      "53": [
        1078467, 
        1107944, 
        1060188, 
        1095433
      ], 
      "54": [
        166622, 
        166003, 
        164461, 
        164868
      ], 
      "55": [
        113576, 
        113310, 
        111790, 
        112534
      ], 
      "56": [
        114405, 
        114123, 
        112590, 
        113383
      ], 
      "57": [
        1, 
        1, 
        1, 
        1
      ], 
      "58": [
        4, 
        4, 
        4, 
        4
      ], 
      "59": [
        42, 
        42, 
        42, 
        42
      ], 
      "6": [
        0, 
        0, 
        0, 
        0
      ], 
      "60": [
        14036, 
        14114, 
        13762, 
        13911
      ], 
      "61": [
        971388, 
        967125, 
        973171, 
        969044
      ], 
      "62": [
        332, 
        332, 
        332, 
        332
      ], 
      "63": [
        0, 
        8, 
        0, 
        0
      ], 
      "7": [
        0, 
        0, 
        0, 
        0
      ], 
      "8": [
        0, 
        0, 
        0, 
        0
      ], 
      "9": [
        0, 
        0, 
        0, 
        0
      ]
    }
  }, 
  "features": {
    "GWS": [
      12, 
      12, 
      64
    ], 
    "LWS": [
      4, 
      1, 
      64
    ], 
    "OFFSET": [
      0, 
      0, 
      0
    ], 
    "compiler name": "ARM Mali OpenCL", 
    "compiler version": "5.0", 
    "cpu_freq": 1600, 
    "gpu_freq": 266, 
    "image cols": 2422, 
    "image rows": 2066, 
    "pool_dir": "pool.15", 
    "program version": "c597087", 
    "size": 128
  }, 
  "meta": {
    "device name": "Mali-T628", 
    "device type": "GPU", 
    "device vendor": "ARM", 
    "experiment type": "benchmarking", 
    "kernel name": "calc_histogram", 
    "program name": "Realeyes HOG"
  }, 
  "tags": [
    "demo", 
    "arm", 
    "codegen15"
  ], 
  "work": {
    "repl": 4, 
    "timestamp": "2015-02-22T01:57:52.821382"
  }
}