{
  "characteristics": {
    "cpu": 0.004423, 
    "gpu_copy": 0.015118, 
    "gpu_only": 0.002289, 
    "is_gpu_better": false, 
    "l2 cache and mmu counters": {
      "0": 391358753, 
      "1": 11, 
      "10": 0, 
      "11": 0, 
      "12": 0, 
      "13": 0, 
      "14": 0, 
      "15": 0, 
      "16": 8, 
      "17": 3, 
      "18": 190, 
      "19": 4, 
      "2": 65535, 
      "20": 0, 
      "21": 0, 
      "22": 0, 
      "23": 0, 
      "24": 0, 
      "25": 0, 
      "26": 0, 
      "27": 0, 
      "28": 0, 
      "29": 0, 
      "3": 0, 
      "30": 119, 
      "31": 11222, 
      "32": 372041, 
      "33": 285577, 
      "34": 284639, 
      "35": 27904, 
      "36": 31572, 
      "37": 274066, 
      "38": 0, 
      "39": 50363, 
      "4": 12614, 
      "40": 50358, 
      "41": 322, 
      "42": 0, 
      "43": 50270, 
      "44": 0, 
      "45": 84, 
      "46": 0, 
      "47": 0, 
      "48": 2805, 
      "49": 2805, 
      "5": 194, 
      "50": 45, 
      "51": 29, 
      "52": 5, 
      "53": 2, 
      "54": 0, 
      "55": 0, 
      "56": 0, 
      "57": 69, 
      "58": 3, 
      "59": 0, 
      "6": 83, 
      "60": 0, 
      "61": 8090, 
      "62": 304559, 
      "63": 106030, 
      "7": 333, 
      "8": 155, 
      "9": 0
    }, 
    "shader core counters": {
      "0": [
        391358753, 
        391358753, 
        391358753, 
        391358753
      ], 
      "1": [
        11, 
        11, 
        11, 
        11
      ], 
      "10": [
        0, 
        0, 
        0, 
        0
      ], 
      "11": [
        0, 
        0, 
        0, 
        0
      ], 
      "12": [
        0, 
        0, 
        0, 
        0
      ], 
      "13": [
        0, 
        0, 
        0, 
        0
      ], 
      "14": [
        0, 
        0, 
        0, 
        0
      ], 
      "15": [
        0, 
        0, 
        0, 
        0
      ], 
      "16": [
        0, 
        0, 
        0, 
        0
      ], 
      "17": [
        0, 
        0, 
        0, 
        0
      ], 
      "18": [
        0, 
        0, 
        0, 
        0
      ], 
      "19": [
        0, 
        0, 
        0, 
        0
      ], 
      "2": [
        65535, 
        65535, 
        65535, 
        65535
      ], 
      "20": [
        0, 
        0, 
        0, 
        0
      ], 
      "21": [
        0, 
        0, 
        0, 
        0
      ], 
      "22": [
        602354, 
        607102, 
        603359, 
        608740
      ], 
      "23": [
        130, 
        130, 
        125, 
        127
      ], 
      "24": [
        16640, 
        16640, 
        16000, 
        16256
      ], 
      "25": [
        4529, 
        4891, 
        4591, 
        4551
      ], 
      "26": [
        602001, 
        606745, 
        603004, 
        608390
      ], 
      "27": [
        365850, 
        361778, 
        366154, 
        364990
      ], 
      "28": [
        10698, 
        10345, 
        10695, 
        10383
      ], 
      "29": [
        214896, 
        221849, 
        214785, 
        223337
      ], 
      "3": [
        0, 
        0, 
        0, 
        0
      ], 
      "30": [
        0, 
        0, 
        0, 
        0
      ], 
      "31": [
        132029, 
        131177, 
        131443, 
        131621
      ], 
      "32": [
        336923, 
        343763, 
        330470, 
        335680
      ], 
      "33": [
        0, 
        0, 
        0, 
        0
      ], 
      "34": [
        204894, 
        212586, 
        199027, 
        204059
      ], 
      "35": [
        0, 
        0, 
        0, 
        0
      ], 
      "36": [
        0, 
        0, 
        0, 
        0
      ], 
      "37": [
        0, 
        0, 
        0, 
        0
      ], 
      "38": [
        0, 
        0, 
        0, 
        0
      ], 
      "39": [
        0, 
        0, 
        0, 
        0
      ], 
      "4": [
        0, 
        0, 
        0, 
        0
      ], 
      "40": [
        0, 
        0, 
        0, 
        0
      ], 
      "41": [
        0, 
        0, 
        0, 
        0
      ], 
      "42": [
        0, 
        0, 
        0, 
        0
      ], 
      "43": [
        0, 
        0, 
        0, 
        0
      ], 
      "44": [
        0, 
        0, 
        0, 
        0
      ], 
      "45": [
        0, 
        0, 
        0, 
        0
      ], 
      "46": [
        0, 
        0, 
        0, 
        0
      ], 
      "47": [
        0, 
        0, 
        0, 
        0
      ], 
      "48": [
        32481, 
        32186, 
        32470, 
        32471
      ], 
      "49": [
        14552, 
        15745, 
        14418, 
        14826
      ], 
      "5": [
        0, 
        0, 
        0, 
        0
      ], 
      "50": [
        0, 
        0, 
        0, 
        0
      ], 
      "51": [
        0, 
        0, 
        0, 
        0
      ], 
      "52": [
        32162, 
        31972, 
        32189, 
        32154
      ], 
      "53": [
        77264, 
        80087, 
        74573, 
        76610
      ], 
      "54": [
        12638, 
        12933, 
        12485, 
        12180
      ], 
      "55": [
        7953, 
        8017, 
        7749, 
        7718
      ], 
      "56": [
        8047, 
        8094, 
        7819, 
        7788
      ], 
      "57": [
        1, 
        1, 
        1, 
        1
      ], 
      "58": [
        3, 
        3, 
        3, 
        3
      ], 
      "59": [
        44, 
        42, 
        42, 
        42
      ], 
      "6": [
        0, 
        0, 
        0, 
        0
      ], 
      "60": [
        1269, 
        1273, 
        1242, 
        1249
      ], 
      "61": [
        70394, 
        69844, 
        70445, 
        70370
      ], 
      "62": [
        332, 
        332, 
        332, 
        332
      ], 
      "63": [
        16, 
        0, 
        0, 
        0
      ], 
      "7": [
        0, 
        0, 
        0, 
        0
      ], 
      "8": [
        0, 
        0, 
        0, 
        0
      ], 
      "9": [
        0, 
        0, 
        0, 
        0
      ]
    }
  }, 
  "features": {
    "GWS": [
      32, 
      32, 
      64
    ], 
    "LWS": [
      4, 
      1, 
      64
    ], 
    "OFFSET": [
      0, 
      0, 
      0
    ], 
    "compiler name": "ARM Mali OpenCL", 
    "compiler version": "5.0", 
    "cpu_freq": 800, 
    "gpu_freq": 266, 
    "image cols": 2174, 
    "image rows": 2215, 
    "pool_dir": "pool.00", 
    "program version": "c597087", 
    "size": 32
  }, 
  "meta": {
    "device name": "Mali-T628", 
    "device type": "GPU", 
    "device vendor": "ARM", 
    "experiment type": "benchmarking", 
    "kernel name": "calc_histogram", 
    "program name": "Realeyes HOG"
  }, 
  "tags": [
    "demo", 
    "arm", 
    "codegen15"
  ], 
  "work": {
    "repl": 4, 
    "timestamp": "2015-02-25T12:53:56.199347"
  }
}