{
  "characteristics": {
    "cpu": 0.020597, 
    "gpu_copy": 0.022017, 
    "gpu_only": 0.00915, 
    "is_gpu_better": false, 
    "l2 cache and mmu counters": {
      "0": 344599532, 
      "1": 21, 
      "10": 0, 
      "11": 0, 
      "12": 0, 
      "13": 0, 
      "14": 0, 
      "15": 0, 
      "16": 8, 
      "17": 2, 
      "18": 165, 
      "19": 4, 
      "2": 65535, 
      "20": 0, 
      "21": 0, 
      "22": 0, 
      "23": 0, 
      "24": 0, 
      "25": 0, 
      "26": 0, 
      "27": 0, 
      "28": 0, 
      "29": 0, 
      "3": 0, 
      "30": 376, 
      "31": 33410, 
      "32": 1559442, 
      "33": 1229317, 
      "34": 1228355, 
      "35": 115981, 
      "36": 130978, 
      "37": 1177159, 
      "38": 0, 
      "39": 193568, 
      "4": 46205, 
      "40": 193563, 
      "41": 1011, 
      "42": 0, 
      "43": 193263, 
      "44": 0, 
      "45": 114, 
      "46": 0, 
      "47": 0, 
      "48": 8352, 
      "49": 8352, 
      "5": 184, 
      "50": 99, 
      "51": 93, 
      "52": 6, 
      "53": 2, 
      "54": 0, 
      "55": 0, 
      "56": 0, 
      "57": 109, 
      "58": 1, 
      "59": 0, 
      "6": 72, 
      "60": 0, 
      "61": 32438, 
      "62": 1321667, 
      "63": 520998, 
      "7": 331, 
      "8": 133, 
      "9": 0
    }, 
    "shader core counters": {
      "0": [
        344599532, 
        344599532, 
        344599532, 
        344599532
      ], 
      "1": [
        21, 
        21, 
        21, 
        21
      ], 
      "10": [
        0, 
        0, 
        0, 
        0
      ], 
      "11": [
        0, 
        0, 
        0, 
        0
      ], 
      "12": [
        0, 
        0, 
        0, 
        0
      ], 
      "13": [
        0, 
        0, 
        0, 
        0
      ], 
      "14": [
        0, 
        0, 
        0, 
        0
      ], 
      "15": [
        0, 
        0, 
        0, 
        0
      ], 
      "16": [
        0, 
        0, 
        0, 
        0
      ], 
      "17": [
        0, 
        0, 
        0, 
        0
      ], 
      "18": [
        0, 
        0, 
        0, 
        0
      ], 
      "19": [
        0, 
        0, 
        0, 
        0
      ], 
      "2": [
        65535, 
        65535, 
        65535, 
        65535
      ], 
      "20": [
        0, 
        0, 
        0, 
        0
      ], 
      "21": [
        0, 
        0, 
        0, 
        0
      ], 
      "22": [
        2431944, 
        2433970, 
        2428507, 
        2427985
      ], 
      "23": [
        505, 
        505, 
        528, 
        510
      ], 
      "24": [
        64640, 
        64640, 
        67584, 
        65280
      ], 
      "25": [
        4671, 
        5103, 
        5676, 
        6240
      ], 
      "26": [
        2431598, 
        2433618, 
        2428160, 
        2427643
      ], 
      "27": [
        1465942, 
        1455668, 
        1469030, 
        1454900
      ], 
      "28": [
        41973, 
        41330, 
        41917, 
        41420
      ], 
      "29": [
        898959, 
        904316, 
        892493, 
        903401
      ], 
      "3": [
        0, 
        0, 
        0, 
        0
      ], 
      "30": [
        0, 
        0, 
        0, 
        0
      ], 
      "31": [
        530397, 
        527417, 
        533541, 
        527248
      ], 
      "32": [
        1363905, 
        1392410, 
        1355349, 
        1394196
      ], 
      "33": [
        0, 
        0, 
        0, 
        0
      ], 
      "34": [
        833508, 
        864993, 
        821808, 
        866948
      ], 
      "35": [
        0, 
        0, 
        0, 
        0
      ], 
      "36": [
        0, 
        0, 
        0, 
        0
      ], 
      "37": [
        0, 
        0, 
        0, 
        0
      ], 
      "38": [
        0, 
        0, 
        0, 
        0
      ], 
      "39": [
        0, 
        0, 
        0, 
        0
      ], 
      "4": [
        0, 
        0, 
        0, 
        0
      ], 
      "40": [
        0, 
        0, 
        0, 
        0
      ], 
      "41": [
        0, 
        0, 
        0, 
        0
      ], 
      "42": [
        0, 
        0, 
        0, 
        0
      ], 
      "43": [
        0, 
        0, 
        0, 
        0
      ], 
      "44": [
        0, 
        0, 
        0, 
        0
      ], 
      "45": [
        0, 
        0, 
        0, 
        0
      ], 
      "46": [
        0, 
        0, 
        0, 
        0
      ], 
      "47": [
        0, 
        0, 
        0, 
        0
      ], 
      "48": [
        129992, 
        129164, 
        130272, 
        128805
      ], 
      "49": [
        56057, 
        61201, 
        56235, 
        59800
      ], 
      "5": [
        0, 
        0, 
        0, 
        0
      ], 
      "50": [
        0, 
        0, 
        0, 
        0
      ], 
      "51": [
        0, 
        0, 
        0, 
        0
      ], 
      "52": [
        130614, 
        129832, 
        130614, 
        129744
      ], 
      "53": [
        323428, 
        334390, 
        317693, 
        336430
      ], 
      "54": [
        48819, 
        48967, 
        48448, 
        50027
      ], 
      "55": [
        32244, 
        32135, 
        31786, 
        32864
      ], 
      "56": [
        33335, 
        33227, 
        32844, 
        33944
      ], 
      "57": [
        1, 
        1, 
        1, 
        1
      ], 
      "58": [
        3, 
        3, 
        3, 
        3
      ], 
      "59": [
        42, 
        42, 
        42, 
        43
      ], 
      "6": [
        0, 
        0, 
        0, 
        0
      ], 
      "60": [
        4654, 
        4657, 
        4516, 
        4768
      ], 
      "61": [
        283718, 
        281856, 
        283942, 
        281336
      ], 
      "62": [
        332, 
        332, 
        332, 
        332
      ], 
      "63": [
        0, 
        0, 
        0, 
        8
      ], 
      "7": [
        0, 
        0, 
        0, 
        0
      ], 
      "8": [
        0, 
        0, 
        0, 
        0
      ], 
      "9": [
        0, 
        0, 
        0, 
        0
      ]
    }
  }, 
  "features": {
    "GWS": [
      64, 
      64, 
      64
    ], 
    "LWS": [
      4, 
      1, 
      64
    ], 
    "OFFSET": [
      0, 
      0, 
      0
    ], 
    "compiler name": "ARM Mali OpenCL", 
    "compiler version": "5.0", 
    "cpu_freq": 800, 
    "gpu_freq": 266, 
    "image cols": 2103, 
    "image rows": 2082, 
    "pool_dir": "pool.18", 
    "program version": "c597087", 
    "size": 64
  }, 
  "meta": {
    "device name": "Mali-T628", 
    "device type": "GPU", 
    "device vendor": "ARM", 
    "experiment type": "benchmarking", 
    "kernel name": "calc_histogram", 
    "program name": "Realeyes HOG"
  }, 
  "tags": [
    "demo", 
    "arm", 
    "codegen15"
  ], 
  "work": {
    "repl": 1, 
    "timestamp": "2015-02-22T02:14:40.456894"
  }
}