{
  "characteristics": {
    "cpu": 0.044608, 
    "gpu_copy": 0.018259, 
    "gpu_only": 0.015012, 
    "is_gpu_better": true, 
    "l2 cache and mmu counters": {
      "0": 1046799800, 
      "1": 22, 
      "10": 0, 
      "11": 0, 
      "12": 0, 
      "13": 0, 
      "14": 0, 
      "15": 0, 
      "16": 8, 
      "17": 3, 
      "18": 247, 
      "19": 4, 
      "2": 65535, 
      "20": 0, 
      "21": 0, 
      "22": 0, 
      "23": 0, 
      "24": 0, 
      "25": 0, 
      "26": 0, 
      "27": 0, 
      "28": 0, 
      "29": 0, 
      "3": 0, 
      "30": 296, 
      "31": 41570, 
      "32": 5747385, 
      "33": 4700842, 
      "34": 4699622, 
      "35": 397900, 
      "36": 444296, 
      "37": 4569977, 
      "38": 0, 
      "39": 596124, 
      "4": 129, 
      "40": 596119, 
      "41": 1314, 
      "42": 0, 
      "43": 595633, 
      "44": 0, 
      "45": 86, 
      "46": 0, 
      "47": 0, 
      "48": 10392, 
      "49": 10392, 
      "5": 52, 
      "50": 89, 
      "51": 73, 
      "52": 6, 
      "53": 2, 
      "54": 0, 
      "55": 0, 
      "56": 0, 
      "57": 252, 
      "58": 0, 
      "59": 0, 
      "6": 84, 
      "60": 0, 
      "61": 117690, 
      "62": 5003054, 
      "63": 2901769, 
      "7": 77, 
      "8": 25, 
      "9": 0
    }, 
    "shader core counters": {
      "0": [
        1046799800, 
        1046799800, 
        1046799800, 
        1046799800
      ], 
      "1": [
        22, 
        22, 
        22, 
        22
      ], 
      "10": [
        0, 
        0, 
        0, 
        0
      ], 
      "11": [
        0, 
        0, 
        0, 
        0
      ], 
      "12": [
        0, 
        0, 
        0, 
        0
      ], 
      "13": [
        0, 
        0, 
        0, 
        0
      ], 
      "14": [
        0, 
        0, 
        0, 
        0
      ], 
      "15": [
        0, 
        0, 
        0, 
        0
      ], 
      "16": [
        0, 
        0, 
        0, 
        0
      ], 
      "17": [
        0, 
        0, 
        0, 
        0
      ], 
      "18": [
        0, 
        0, 
        0, 
        0
      ], 
      "19": [
        0, 
        0, 
        0, 
        0
      ], 
      "2": [
        65535, 
        65535, 
        65535, 
        65535
      ], 
      "20": [
        0, 
        0, 
        0, 
        0
      ], 
      "21": [
        0, 
        0, 
        0, 
        0
      ], 
      "22": [
        7983531, 
        7980661, 
        7986035, 
        7978122
      ], 
      "23": [
        2085, 
        1969, 
        2080, 
        2058
      ], 
      "24": [
        266880, 
        252032, 
        266240, 
        263424
      ], 
      "25": [
        97572, 
        69432, 
        87393, 
        120318
      ], 
      "26": [
        7983053, 
        7980176, 
        7985555, 
        7977647
      ], 
      "27": [
        4558692, 
        4406698, 
        4577916, 
        4473280
      ], 
      "28": [
        113133, 
        106541, 
        112686, 
        109186
      ], 
      "29": [
        3210657, 
        3319136, 
        3205552, 
        3272614
      ], 
      "3": [
        0, 
        0, 
        0, 
        0
      ], 
      "30": [
        0, 
        0, 
        0, 
        0
      ], 
      "31": [
        1762981, 
        1702923, 
        1766916, 
        1735773
      ], 
      "32": [
        4945350, 
        5218662, 
        4941427, 
        5075547
      ], 
      "33": [
        0, 
        0, 
        0, 
        0
      ], 
      "34": [
        3182369, 
        3515739, 
        3174511, 
        3339774
      ], 
      "35": [
        0, 
        0, 
        0, 
        0
      ], 
      "36": [
        0, 
        0, 
        0, 
        0
      ], 
      "37": [
        0, 
        0, 
        0, 
        0
      ], 
      "38": [
        0, 
        0, 
        0, 
        0
      ], 
      "39": [
        0, 
        0, 
        0, 
        0
      ], 
      "4": [
        0, 
        0, 
        0, 
        0
      ], 
      "40": [
        0, 
        0, 
        0, 
        0
      ], 
      "41": [
        0, 
        0, 
        0, 
        0
      ], 
      "42": [
        0, 
        0, 
        0, 
        0
      ], 
      "43": [
        0, 
        0, 
        0, 
        0
      ], 
      "44": [
        0, 
        0, 
        0, 
        0
      ], 
      "45": [
        0, 
        0, 
        0, 
        0
      ], 
      "46": [
        0, 
        0, 
        0, 
        0
      ], 
      "47": [
        0, 
        0, 
        0, 
        0
      ], 
      "48": [
        436506, 
        420035, 
        437370, 
        427970
      ], 
      "49": [
        214160, 
        241202, 
        208881, 
        234411
      ], 
      "5": [
        0, 
        0, 
        0, 
        0
      ], 
      "50": [
        0, 
        0, 
        0, 
        0
      ], 
      "51": [
        0, 
        0, 
        0, 
        0
      ], 
      "52": [
        392381, 
        383491, 
        393970, 
        387413
      ], 
      "53": [
        1322048, 
        1465000, 
        1322846, 
        1382551
      ], 
      "54": [
        149307, 
        148201, 
        149439, 
        147940
      ], 
      "55": [
        110926, 
        110743, 
        111459, 
        109977
      ], 
      "56": [
        111417, 
        111226, 
        111897, 
        110457
      ], 
      "57": [
        1, 
        1, 
        1, 
        1
      ], 
      "58": [
        4, 
        4, 
        4, 
        4
      ], 
      "59": [
        42, 
        42, 
        42, 
        42
      ], 
      "6": [
        0, 
        0, 
        0, 
        0
      ], 
      "60": [
        14, 
        14, 
        14, 
        13
      ], 
      "61": [
        895863, 
        868175, 
        898482, 
        881039
      ], 
      "62": [
        332, 
        332, 
        332, 
        332
      ], 
      "63": [
        0, 
        0, 
        0, 
        0
      ], 
      "7": [
        0, 
        0, 
        0, 
        0
      ], 
      "8": [
        0, 
        0, 
        0, 
        0
      ], 
      "9": [
        0, 
        0, 
        0, 
        0
      ]
    }
  }, 
  "features": {
    "GWS": [
      12, 
      12, 
      64
    ], 
    "LWS": [
      4, 
      1, 
      64
    ], 
    "OFFSET": [
      0, 
      0, 
      0
    ], 
    "compiler name": "ARM Mali OpenCL", 
    "compiler version": "5.0", 
    "cpu_freq": 800, 
    "gpu_freq": 533, 
    "image cols": 633, 
    "image rows": 921, 
    "pool_dir": "pool.01", 
    "program version": "c597087", 
    "size": 128
  }, 
  "meta": {
    "device name": "Mali-T628", 
    "device type": "GPU", 
    "device vendor": "ARM", 
    "experiment type": "benchmarking", 
    "kernel name": "calc_histogram", 
    "program name": "Realeyes HOG"
  }, 
  "tags": [
    "demo", 
    "arm", 
    "codegen15"
  ], 
  "work": {
    "repl": 3, 
    "timestamp": "2015-02-22T02:18:08.706510"
  }
}