{
  "characteristics": {
    "cpu": 0.003001, 
    "gpu_copy": 0.013464, 
    "gpu_only": 0.000786, 
    "is_gpu_better": false, 
    "l2 cache and mmu counters": {
      "0": 2648349575, 
      "1": 9, 
      "10": 0, 
      "11": 0, 
      "12": 0, 
      "13": 0, 
      "14": 0, 
      "15": 0, 
      "16": 8, 
      "17": 3, 
      "18": 358, 
      "19": 4, 
      "2": 65535, 
      "20": 0, 
      "21": 0, 
      "22": 0, 
      "23": 0, 
      "24": 0, 
      "25": 0, 
      "26": 0, 
      "27": 0, 
      "28": 0, 
      "29": 0, 
      "3": 0, 
      "30": 96, 
      "31": 6622, 
      "32": 289080, 
      "33": 232445, 
      "34": 231098, 
      "35": 20353, 
      "36": 22619, 
      "37": 224569, 
      "38": 0, 
      "39": 29764, 
      "4": 4564, 
      "40": 29759, 
      "41": 148, 
      "42": 0, 
      "43": 29722, 
      "44": 0, 
      "45": 50, 
      "46": 0, 
      "47": 0, 
      "48": 1655, 
      "49": 1655, 
      "5": 129, 
      "50": 29, 
      "51": 23, 
      "52": 6, 
      "53": 2, 
      "54": 0, 
      "55": 0, 
      "56": 0, 
      "57": 0, 
      "58": 1, 
      "59": 0, 
      "6": 87, 
      "60": 0, 
      "61": 5969, 
      "62": 244312, 
      "63": 127631, 
      "7": 340, 
      "8": 102, 
      "9": 0
    }, 
    "shader core counters": {
      "0": [
        2648349575, 
        2648349575, 
        2648349575, 
        2648349575
      ], 
      "1": [
        9, 
        9, 
        9, 
        9
      ], 
      "10": [
        0, 
        0, 
        0, 
        0
      ], 
      "11": [
        0, 
        0, 
        0, 
        0
      ], 
      "12": [
        0, 
        0, 
        0, 
        0
      ], 
      "13": [
        0, 
        0, 
        0, 
        0
      ], 
      "14": [
        0, 
        0, 
        0, 
        0
      ], 
      "15": [
        0, 
        0, 
        0, 
        0
      ], 
      "16": [
        0, 
        0, 
        0, 
        0
      ], 
      "17": [
        0, 
        0, 
        0, 
        0
      ], 
      "18": [
        0, 
        0, 
        0, 
        0
      ], 
      "19": [
        0, 
        0, 
        0, 
        0
      ], 
      "2": [
        65535, 
        65535, 
        65535, 
        65535
      ], 
      "20": [
        0, 
        0, 
        0, 
        0
      ], 
      "21": [
        0, 
        0, 
        0, 
        0
      ], 
      "22": [
        417980, 
        416723, 
        412837, 
        415322
      ], 
      "23": [
        126, 
        126, 
        130, 
        130
      ], 
      "24": [
        16128, 
        16128, 
        16640, 
        16640
      ], 
      "25": [
        11430, 
        6253, 
        4083, 
        7325
      ], 
      "26": [
        417468, 
        416206, 
        412325, 
        414815
      ], 
      "27": [
        237560, 
        237046, 
        241238, 
        240754
      ], 
      "28": [
        5571, 
        5676, 
        5923, 
        5798
      ], 
      "29": [
        164881, 
        163002, 
        158550, 
        158572
      ], 
      "3": [
        0, 
        0, 
        0, 
        0
      ], 
      "30": [
        0, 
        0, 
        0, 
        0
      ], 
      "31": [
        95247, 
        95173, 
        96214, 
        95798
      ], 
      "32": [
        247327, 
        246713, 
        242581, 
        249628
      ], 
      "33": [
        0, 
        0, 
        0, 
        0
      ], 
      "34": [
        152080, 
        151540, 
        146367, 
        153830
      ], 
      "35": [
        0, 
        0, 
        0, 
        0
      ], 
      "36": [
        0, 
        0, 
        0, 
        0
      ], 
      "37": [
        0, 
        0, 
        0, 
        0
      ], 
      "38": [
        0, 
        0, 
        0, 
        0
      ], 
      "39": [
        0, 
        0, 
        0, 
        0
      ], 
      "4": [
        0, 
        0, 
        0, 
        0
      ], 
      "40": [
        0, 
        0, 
        0, 
        0
      ], 
      "41": [
        0, 
        0, 
        0, 
        0
      ], 
      "42": [
        0, 
        0, 
        0, 
        0
      ], 
      "43": [
        0, 
        0, 
        0, 
        0
      ], 
      "44": [
        0, 
        0, 
        0, 
        0
      ], 
      "45": [
        0, 
        0, 
        0, 
        0
      ], 
      "46": [
        0, 
        0, 
        0, 
        0
      ], 
      "47": [
        0, 
        0, 
        0, 
        0
      ], 
      "48": [
        24370, 
        24365, 
        24286, 
        24114
      ], 
      "49": [
        9132, 
        9478, 
        8348, 
        9224
      ], 
      "5": [
        0, 
        0, 
        0, 
        0
      ], 
      "50": [
        0, 
        0, 
        0, 
        0
      ], 
      "51": [
        0, 
        0, 
        0, 
        0
      ], 
      "52": [
        19171, 
        19194, 
        19607, 
        19579
      ], 
      "53": [
        62107, 
        61437, 
        59996, 
        62765
      ], 
      "54": [
        7614, 
        7343, 
        7276, 
        7388
      ], 
      "55": [
        5813, 
        5608, 
        5539, 
        5622
      ], 
      "56": [
        5821, 
        5632, 
        5560, 
        5644
      ], 
      "57": [
        1, 
        1, 
        1, 
        1
      ], 
      "58": [
        3, 
        3, 
        3, 
        3
      ], 
      "59": [
        42, 
        43, 
        42, 
        44
      ], 
      "6": [
        0, 
        0, 
        0, 
        0
      ], 
      "60": [
        487, 
        481, 
        455, 
        479
      ], 
      "61": [
        46899, 
        46858, 
        47303, 
        47083
      ], 
      "62": [
        332, 
        332, 
        332, 
        332
      ], 
      "63": [
        0, 
        8, 
        0, 
        24
      ], 
      "7": [
        0, 
        0, 
        0, 
        0
      ], 
      "8": [
        0, 
        0, 
        0, 
        0
      ], 
      "9": [
        0, 
        0, 
        0, 
        0
      ]
    }
  }, 
  "features": {
    "GWS": [
      32, 
      32, 
      64
    ], 
    "LWS": [
      4, 
      1, 
      64
    ], 
    "OFFSET": [
      0, 
      0, 
      0
    ], 
    "compiler name": "ARM Mali OpenCL", 
    "compiler version": "5.0", 
    "cpu_freq": 800, 
    "gpu_freq": 533, 
    "image cols": 2868, 
    "image rows": 1607, 
    "pool_dir": "pool.13", 
    "program version": "c597087", 
    "size": 32
  }, 
  "meta": {
    "device name": "Mali-T628", 
    "device type": "GPU", 
    "device vendor": "ARM", 
    "experiment type": "benchmarking", 
    "kernel name": "calc_histogram", 
    "program name": "Realeyes HOG"
  }, 
  "tags": [
    "demo", 
    "arm", 
    "codegen15"
  ], 
  "work": {
    "repl": 2, 
    "timestamp": "2015-02-25T12:49:32.309019"
  }
}