{
  "characteristics": {
    "cpu": 0.020233, 
    "gpu_copy": 0.022732, 
    "gpu_only": 0.014216, 
    "is_gpu_better": false, 
    "l2 cache and mmu counters": {
      "0": 3979193156, 
      "1": 23, 
      "10": 0, 
      "11": 0, 
      "12": 0, 
      "13": 0, 
      "14": 0, 
      "15": 0, 
      "16": 9, 
      "17": 3, 
      "18": 264, 
      "19": 7, 
      "2": 65535, 
      "20": 0, 
      "21": 0, 
      "22": 0, 
      "23": 0, 
      "24": 0, 
      "25": 0, 
      "26": 0, 
      "27": 0, 
      "28": 0, 
      "29": 0, 
      "3": 0, 
      "30": 260, 
      "31": 59338, 
      "32": 5076555, 
      "33": 4084471, 
      "34": 4083082, 
      "35": 369369, 
      "36": 416869, 
      "37": 3956570, 
      "38": 0, 
      "39": 568395, 
      "4": 96132, 
      "40": 568390, 
      "41": 1865, 
      "42": 0, 
      "43": 567760, 
      "44": 0, 
      "45": 177, 
      "46": 0, 
      "47": 0, 
      "48": 14834, 
      "49": 14834, 
      "5": 247, 
      "50": 70, 
      "51": 64, 
      "52": 6, 
      "53": 2, 
      "54": 0, 
      "55": 0, 
      "56": 0, 
      "57": 586, 
      "58": 0, 
      "59": 0, 
      "6": 143, 
      "60": 0, 
      "61": 108869, 
      "62": 4367650, 
      "63": 1977754, 
      "7": 425, 
      "8": 202, 
      "9": 0
    }, 
    "shader core counters": {
      "0": [
        3979193156, 
        3979193156, 
        3979193156, 
        3979193156
      ], 
      "1": [
        23, 
        23, 
        23, 
        23
      ], 
      "10": [
        0, 
        0, 
        0, 
        0
      ], 
      "11": [
        0, 
        0, 
        0, 
        0
      ], 
      "12": [
        0, 
        0, 
        0, 
        0
      ], 
      "13": [
        0, 
        0, 
        0, 
        0
      ], 
      "14": [
        0, 
        0, 
        0, 
        0
      ], 
      "15": [
        0, 
        0, 
        0, 
        0
      ], 
      "16": [
        0, 
        0, 
        0, 
        0
      ], 
      "17": [
        0, 
        0, 
        0, 
        0
      ], 
      "18": [
        0, 
        0, 
        0, 
        0
      ], 
      "19": [
        0, 
        0, 
        0, 
        0
      ], 
      "2": [
        65535, 
        65535, 
        65535, 
        65535
      ], 
      "20": [
        0, 
        0, 
        0, 
        0
      ], 
      "21": [
        0, 
        0, 
        0, 
        0
      ], 
      "22": [
        7562712, 
        7561193, 
        7561371, 
        7560929
      ], 
      "23": [
        2062, 
        2031, 
        2063, 
        2036
      ], 
      "24": [
        263936, 
        259968, 
        264064, 
        260608
      ], 
      "25": [
        11738, 
        13096, 
        12235, 
        7006
      ], 
      "26": [
        7562235, 
        7560707, 
        7560891, 
        7560454
      ], 
      "27": [
        4562478, 
        4518976, 
        4550204, 
        4528310
      ], 
      "28": [
        120857, 
        119021, 
        120509, 
        118737
      ], 
      "29": [
        2828692, 
        2855624, 
        2842639, 
        2860900
      ], 
      "3": [
        0, 
        0, 
        0, 
        0
      ], 
      "30": [
        0, 
        0, 
        0, 
        0
      ], 
      "31": [
        1734149, 
        1715616, 
        1729849, 
        1722760
      ], 
      "32": [
        4267040, 
        4340226, 
        4271537, 
        4342693
      ], 
      "33": [
        0, 
        0, 
        0, 
        0
      ], 
      "34": [
        2532891, 
        2624610, 
        2541688, 
        2619933
      ], 
      "35": [
        0, 
        0, 
        0, 
        0
      ], 
      "36": [
        0, 
        0, 
        0, 
        0
      ], 
      "37": [
        0, 
        0, 
        0, 
        0
      ], 
      "38": [
        0, 
        0, 
        0, 
        0
      ], 
      "39": [
        0, 
        0, 
        0, 
        0
      ], 
      "4": [
        0, 
        0, 
        0, 
        0
      ], 
      "40": [
        0, 
        0, 
        0, 
        0
      ], 
      "41": [
        0, 
        0, 
        0, 
        0
      ], 
      "42": [
        0, 
        0, 
        0, 
        0
      ], 
      "43": [
        0, 
        0, 
        0, 
        0
      ], 
      "44": [
        0, 
        0, 
        0, 
        0
      ], 
      "45": [
        0, 
        0, 
        0, 
        0
      ], 
      "46": [
        0, 
        0, 
        0, 
        0
      ], 
      "47": [
        0, 
        0, 
        0, 
        0
      ], 
      "48": [
        437621, 
        433190, 
        435623, 
        434653
      ], 
      "49": [
        148834, 
        160647, 
        147547, 
        156318
      ], 
      "5": [
        0, 
        0, 
        0, 
        0
      ], 
      "50": [
        0, 
        0, 
        0, 
        0
      ], 
      "51": [
        0, 
        0, 
        0, 
        0
      ], 
      "52": [
        379410, 
        375492, 
        379180, 
        377648
      ], 
      "53": [
        1036147, 
        1073710, 
        1041695, 
        1073644
      ], 
      "54": [
        141463, 
        140644, 
        142745, 
        142637
      ], 
      "55": [
        103479, 
        102926, 
        104626, 
        104488
      ], 
      "56": [
        104132, 
        103551, 
        105262, 
        105130
      ], 
      "57": [
        1, 
        1, 
        1, 
        1
      ], 
      "58": [
        3, 
        3, 
        3, 
        3
      ], 
      "59": [
        42, 
        42, 
        42, 
        42
      ], 
      "6": [
        0, 
        0, 
        0, 
        0
      ], 
      "60": [
        9973, 
        9700, 
        10084, 
        10079
      ], 
      "61": [
        884994, 
        875908, 
        882404, 
        879560
      ], 
      "62": [
        332, 
        332, 
        332, 
        332
      ], 
      "63": [
        0, 
        0, 
        0, 
        0
      ], 
      "7": [
        0, 
        0, 
        0, 
        0
      ], 
      "8": [
        0, 
        0, 
        0, 
        0
      ], 
      "9": [
        0, 
        0, 
        0, 
        0
      ]
    }
  }, 
  "features": {
    "GWS": [
      12, 
      12, 
      64
    ], 
    "LWS": [
      4, 
      1, 
      64
    ], 
    "OFFSET": [
      0, 
      0, 
      0
    ], 
    "compiler name": "ARM Mali OpenCL", 
    "compiler version": "5.0", 
    "cpu_freq": 1600, 
    "gpu_freq": 533, 
    "image cols": 2582, 
    "image rows": 1940, 
    "pool_dir": "pool.06", 
    "program version": "c597087", 
    "size": 128
  }, 
  "meta": {
    "device name": "Mali-T628", 
    "device type": "GPU", 
    "device vendor": "ARM", 
    "experiment type": "benchmarking", 
    "kernel name": "calc_histogram", 
    "program name": "Realeyes HOG"
  }, 
  "tags": [
    "demo", 
    "arm", 
    "codegen15"
  ], 
  "work": {
    "repl": 2, 
    "timestamp": "2015-02-22T02:23:09.685160"
  }
}