{
  "characteristics": {
    "cpu": 0.008795, 
    "gpu_copy": 0.006057, 
    "gpu_only": 0.00206, 
    "is_gpu_better": true, 
    "l2 cache and mmu counters": {
      "0": 1718572575, 
      "1": 10, 
      "10": 0, 
      "11": 0, 
      "12": 0, 
      "13": 0, 
      "14": 0, 
      "15": 0, 
      "16": 8, 
      "17": 2, 
      "18": 244, 
      "19": 4, 
      "2": 65535, 
      "20": 0, 
      "21": 0, 
      "22": 0, 
      "23": 0, 
      "24": 0, 
      "25": 0, 
      "26": 0, 
      "27": 0, 
      "28": 0, 
      "29": 0, 
      "3": 0, 
      "30": 99, 
      "31": 11634, 
      "32": 758056, 
      "33": 612645, 
      "34": 611357, 
      "35": 53805, 
      "36": 60236, 
      "37": 594165, 
      "38": 0, 
      "39": 80684, 
      "4": 1513, 
      "40": 80679, 
      "41": 305, 
      "42": 0, 
      "43": 80611, 
      "44": 0, 
      "45": 68, 
      "46": 0, 
      "47": 0, 
      "48": 2908, 
      "49": 2908, 
      "5": 58, 
      "50": 29, 
      "51": 24, 
      "52": 5, 
      "53": 2, 
      "54": 0, 
      "55": 0, 
      "56": 0, 
      "57": 0, 
      "58": 8, 
      "59": 0, 
      "6": 91, 
      "60": 0, 
      "61": 15092, 
      "62": 651759, 
      "63": 333670, 
      "7": 118, 
      "8": 35, 
      "9": 0
    }, 
    "shader core counters": {
      "0": [
        1718572575, 
        1718572575, 
        1718572575, 
        1718572575
      ], 
      "1": [
        10, 
        10, 
        10, 
        10
      ], 
      "10": [
        0, 
        0, 
        0, 
        0
      ], 
      "11": [
        0, 
        0, 
        0, 
        0
      ], 
      "12": [
        0, 
        0, 
        0, 
        0
      ], 
      "13": [
        0, 
        0, 
        0, 
        0
      ], 
      "14": [
        0, 
        0, 
        0, 
        0
      ], 
      "15": [
        0, 
        0, 
        0, 
        0
      ], 
      "16": [
        0, 
        0, 
        0, 
        0
      ], 
      "17": [
        0, 
        0, 
        0, 
        0
      ], 
      "18": [
        0, 
        0, 
        0, 
        0
      ], 
      "19": [
        0, 
        0, 
        0, 
        0
      ], 
      "2": [
        65535, 
        65535, 
        65535, 
        65535
      ], 
      "20": [
        0, 
        0, 
        0, 
        0
      ], 
      "21": [
        0, 
        0, 
        0, 
        0
      ], 
      "22": [
        1095492, 
        1094001, 
        1092594, 
        1091399
      ], 
      "23": [
        283, 
        287, 
        292, 
        290
      ], 
      "24": [
        36224, 
        36736, 
        37376, 
        37120
      ], 
      "25": [
        5600, 
        4890, 
        3097, 
        4509
      ], 
      "26": [
        1094933, 
        1093430, 
        1092029, 
        1090837
      ], 
      "27": [
        643716, 
        631092, 
        646784, 
        639364
      ], 
      "28": [
        16364, 
        16265, 
        16834, 
        16325
      ], 
      "29": [
        420820, 
        421614, 
        415741, 
        417708
      ], 
      "3": [
        0, 
        0, 
        0, 
        0
      ], 
      "30": [
        0, 
        0, 
        0, 
        0
      ], 
      "31": [
        247304, 
        243631, 
        248570, 
        245987
      ], 
      "32": [
        637068, 
        652449, 
        627330, 
        639459
      ], 
      "33": [
        0, 
        0, 
        0, 
        0
      ], 
      "34": [
        389764, 
        408818, 
        378760, 
        393472
      ], 
      "35": [
        0, 
        0, 
        0, 
        0
      ], 
      "36": [
        0, 
        0, 
        0, 
        0
      ], 
      "37": [
        0, 
        0, 
        0, 
        0
      ], 
      "38": [
        0, 
        0, 
        0, 
        0
      ], 
      "39": [
        0, 
        0, 
        0, 
        0
      ], 
      "4": [
        0, 
        0, 
        0, 
        0
      ], 
      "40": [
        0, 
        0, 
        0, 
        0
      ], 
      "41": [
        0, 
        0, 
        0, 
        0
      ], 
      "42": [
        0, 
        0, 
        0, 
        0
      ], 
      "43": [
        0, 
        0, 
        0, 
        0
      ], 
      "44": [
        0, 
        0, 
        0, 
        0
      ], 
      "45": [
        0, 
        0, 
        0, 
        0
      ], 
      "46": [
        0, 
        0, 
        0, 
        0
      ], 
      "47": [
        0, 
        0, 
        0, 
        0
      ], 
      "48": [
        61778, 
        59946, 
        61698, 
        60751
      ], 
      "49": [
        24031, 
        27201, 
        24809, 
        24453
      ], 
      "5": [
        0, 
        0, 
        0, 
        0
      ], 
      "50": [
        0, 
        0, 
        0, 
        0
      ], 
      "51": [
        0, 
        0, 
        0, 
        0
      ], 
      "52": [
        55136, 
        54791, 
        55405, 
        55109
      ], 
      "53": [
        163976, 
        170516, 
        157744, 
        165215
      ], 
      "54": [
        20601, 
        20016, 
        20126, 
        19751
      ], 
      "55": [
        15443, 
        14855, 
        14969, 
        14793
      ], 
      "56": [
        15513, 
        14944, 
        15052, 
        14882
      ], 
      "57": [
        1, 
        1, 
        1, 
        1
      ], 
      "58": [
        3, 
        3, 
        3, 
        3
      ], 
      "59": [
        42, 
        44, 
        42, 
        42
      ], 
      "6": [
        0, 
        0, 
        0, 
        0
      ], 
      "60": [
        174, 
        160, 
        170, 
        218
      ], 
      "61": [
        126384, 
        124047, 
        126701, 
        125261
      ], 
      "62": [
        332, 
        332, 
        332, 
        332
      ], 
      "63": [
        0, 
        16, 
        0, 
        0
      ], 
      "7": [
        0, 
        0, 
        0, 
        0
      ], 
      "8": [
        0, 
        0, 
        0, 
        0
      ], 
      "9": [
        0, 
        0, 
        0, 
        0
      ]
    }
  }, 
  "features": {
    "GWS": [
      48, 
      48, 
      64
    ], 
    "LWS": [
      4, 
      1, 
      64
    ], 
    "OFFSET": [
      0, 
      0, 
      0
    ], 
    "compiler name": "ARM Mali OpenCL", 
    "compiler version": "5.0", 
    "cpu_freq": 800, 
    "gpu_freq": 533, 
    "image cols": 1072, 
    "image rows": 804, 
    "pool_dir": "pool.22", 
    "program version": "c597087", 
    "size": 48
  }, 
  "meta": {
    "device name": "Mali-T628", 
    "device type": "GPU", 
    "device vendor": "ARM", 
    "experiment type": "benchmarking", 
    "kernel name": "calc_histogram", 
    "program name": "Realeyes HOG"
  }, 
  "tags": [
    "demo", 
    "arm", 
    "codegen15"
  ], 
  "work": {
    "repl": 2, 
    "timestamp": "2015-02-25T12:51:52.471720"
  }
}