{
  "characteristics": {
    "cpu": 0.003392, 
    "gpu_copy": 0.003693, 
    "gpu_only": 0.002247, 
    "is_gpu_better": false, 
    "l2 cache and mmu counters": {
      "0": 2322545390, 
      "1": 16, 
      "10": 0, 
      "11": 0, 
      "12": 0, 
      "13": 0, 
      "14": 0, 
      "15": 0, 
      "16": 9, 
      "17": 2, 
      "18": 255, 
      "19": 7, 
      "2": 65535, 
      "20": 0, 
      "21": 0, 
      "22": 0, 
      "23": 0, 
      "24": 0, 
      "25": 0, 
      "26": 0, 
      "27": 0, 
      "28": 0, 
      "29": 0, 
      "3": 0, 
      "30": 96, 
      "31": 9122, 
      "32": 861298, 
      "33": 705365, 
      "34": 704082, 
      "35": 59112, 
      "36": 66196, 
      "37": 686207, 
      "38": 0, 
      "39": 85340, 
      "4": 90, 
      "40": 85335, 
      "41": 215, 
      "42": 0, 
      "43": 85278, 
      "44": 0, 
      "45": 41, 
      "46": 0, 
      "47": 0, 
      "48": 2280, 
      "49": 2280, 
      "5": 44, 
      "50": 29, 
      "51": 23, 
      "52": 6, 
      "53": 2, 
      "54": 0, 
      "55": 0, 
      "56": 0, 
      "57": 0, 
      "58": 4, 
      "59": 0, 
      "6": 83, 
      "60": 0, 
      "61": 16698, 
      "62": 747051, 
      "63": 452194, 
      "7": 49, 
      "8": 18, 
      "9": 0
    }, 
    "shader core counters": {
      "0": [
        2322545390, 
        2322545390, 
        2322545390, 
        2322545390
      ], 
      "1": [
        16, 
        16, 
        16, 
        16
      ], 
      "10": [
        0, 
        0, 
        0, 
        0
      ], 
      "11": [
        0, 
        0, 
        0, 
        0
      ], 
      "12": [
        0, 
        0, 
        0, 
        0
      ], 
      "13": [
        0, 
        0, 
        0, 
        0
      ], 
      "14": [
        0, 
        0, 
        0, 
        0
      ], 
      "15": [
        0, 
        0, 
        0, 
        0
      ], 
      "16": [
        0, 
        0, 
        0, 
        0
      ], 
      "17": [
        0, 
        0, 
        0, 
        0
      ], 
      "18": [
        0, 
        0, 
        0, 
        0
      ], 
      "19": [
        0, 
        0, 
        0, 
        0
      ], 
      "2": [
        65535, 
        65535, 
        65535, 
        65535
      ], 
      "20": [
        0, 
        0, 
        0, 
        0
      ], 
      "21": [
        0, 
        0, 
        0, 
        0
      ], 
      "22": [
        1195090, 
        1191033, 
        1194679, 
        1191954
      ], 
      "23": [
        295, 
        284, 
        290, 
        283
      ], 
      "24": [
        37760, 
        36352, 
        37120, 
        36224
      ], 
      "25": [
        9561, 
        14536, 
        11040, 
        16857
      ], 
      "26": [
        1194476, 
        1190408, 
        1194059, 
        1191339
      ], 
      "27": [
        673696, 
        651960, 
        669586, 
        655130
      ], 
      "28": [
        16578, 
        15806, 
        16633, 
        15739
      ], 
      "29": [
        482530, 
        489962, 
        486480, 
        494900
      ], 
      "3": [
        0, 
        0, 
        0, 
        0
      ], 
      "30": [
        0, 
        0, 
        0, 
        0
      ], 
      "31": [
        265685, 
        257515, 
        263874, 
        258533
      ], 
      "32": [
        738788, 
        766206, 
        736265, 
        763865
      ], 
      "33": [
        0, 
        0, 
        0, 
        0
      ], 
      "34": [
        473103, 
        508691, 
        472391, 
        505332
      ], 
      "35": [
        0, 
        0, 
        0, 
        0
      ], 
      "36": [
        0, 
        0, 
        0, 
        0
      ], 
      "37": [
        0, 
        0, 
        0, 
        0
      ], 
      "38": [
        0, 
        0, 
        0, 
        0
      ], 
      "39": [
        0, 
        0, 
        0, 
        0
      ], 
      "4": [
        0, 
        0, 
        0, 
        0
      ], 
      "40": [
        0, 
        0, 
        0, 
        0
      ], 
      "41": [
        0, 
        0, 
        0, 
        0
      ], 
      "42": [
        0, 
        0, 
        0, 
        0
      ], 
      "43": [
        0, 
        0, 
        0, 
        0
      ], 
      "44": [
        0, 
        0, 
        0, 
        0
      ], 
      "45": [
        0, 
        0, 
        0, 
        0
      ], 
      "46": [
        0, 
        0, 
        0, 
        0
      ], 
      "47": [
        0, 
        0, 
        0, 
        0
      ], 
      "48": [
        62683, 
        60574, 
        62754, 
        60980
      ], 
      "49": [
        29264, 
        32759, 
        29591, 
        31561
      ], 
      "5": [
        0, 
        0, 
        0, 
        0
      ], 
      "50": [
        0, 
        0, 
        0, 
        0
      ], 
      "51": [
        0, 
        0, 
        0, 
        0
      ], 
      "52": [
        63118, 
        61469, 
        62421, 
        61666
      ], 
      "53": [
        203266, 
        217613, 
        202579, 
        217368
      ], 
      "54": [
        21158, 
        20535, 
        21807, 
        21562
      ], 
      "55": [
        16351, 
        15934, 
        16912, 
        16885
      ], 
      "56": [
        16394, 
        15995, 
        16942, 
        16922
      ], 
      "57": [
        1, 
        1, 
        1, 
        1
      ], 
      "58": [
        3, 
        3, 
        3, 
        3
      ], 
      "59": [
        42, 
        42, 
        42, 
        42
      ], 
      "6": [
        0, 
        0, 
        0, 
        0
      ], 
      "60": [
        9, 
        9, 
        9, 
        9
      ], 
      "61": [
        135670, 
        131517, 
        134941, 
        132146
      ], 
      "62": [
        332, 
        332, 
        332, 
        332
      ], 
      "63": [
        0, 
        0, 
        0, 
        0
      ], 
      "7": [
        0, 
        0, 
        0, 
        0
      ], 
      "8": [
        0, 
        0, 
        0, 
        0
      ], 
      "9": [
        0, 
        0, 
        0, 
        0
      ]
    }
  }, 
  "features": {
    "GWS": [
      48, 
      48, 
      64
    ], 
    "LWS": [
      4, 
      1, 
      64
    ], 
    "OFFSET": [
      0, 
      0, 
      0
    ], 
    "compiler name": "ARM Mali OpenCL", 
    "compiler version": "5.0", 
    "cpu_freq": 1600, 
    "gpu_freq": 533, 
    "image cols": 594, 
    "image rows": 446, 
    "pool_dir": "pool.03", 
    "program version": "c597087", 
    "size": 48
  }, 
  "meta": {
    "device name": "Mali-T628", 
    "device type": "GPU", 
    "device vendor": "ARM", 
    "experiment type": "benchmarking", 
    "kernel name": "calc_histogram", 
    "program name": "Realeyes HOG"
  }, 
  "tags": [
    "demo", 
    "arm", 
    "codegen15"
  ], 
  "work": {
    "repl": 3, 
    "timestamp": "2015-02-25T13:10:11.214020"
  }
}