{
  "characteristics": {
    "cpu": 0.002264, 
    "gpu_copy": 0.010641, 
    "gpu_only": 0.001104, 
    "is_gpu_better": false, 
    "l2 cache and mmu counters": {
      "0": 1098058173, 
      "1": 14, 
      "10": 0, 
      "11": 0, 
      "12": 0, 
      "13": 0, 
      "14": 0, 
      "15": 0, 
      "16": 9, 
      "17": 2, 
      "18": 254, 
      "19": 7, 
      "2": 65535, 
      "20": 0, 
      "21": 0, 
      "22": 0, 
      "23": 0, 
      "24": 0, 
      "25": 0, 
      "26": 0, 
      "27": 0, 
      "28": 0, 
      "29": 0, 
      "3": 0, 
      "30": 147, 
      "31": 11378, 
      "32": 334436, 
      "33": 253184, 
      "34": 251939, 
      "35": 25425, 
      "36": 29797, 
      "37": 242113, 
      "38": 0, 
      "39": 46978, 
      "4": 13411, 
      "40": 46973, 
      "41": 279, 
      "42": 0, 
      "43": 46886, 
      "44": 0, 
      "45": 91, 
      "46": 0, 
      "47": 0, 
      "48": 2844, 
      "49": 2844, 
      "5": 189, 
      "50": 41, 
      "51": 36, 
      "52": 5, 
      "53": 2, 
      "54": 0, 
      "55": 0, 
      "56": 0, 
      "57": 230, 
      "58": 3, 
      "59": 0, 
      "6": 121, 
      "60": 0, 
      "61": 7724, 
      "62": 267679, 
      "63": 87204, 
      "7": 550, 
      "8": 131, 
      "9": 0
    }, 
    "shader core counters": {
      "0": [
        1098058173, 
        1098058173, 
        1098058173, 
        1098058173
      ], 
      "1": [
        14, 
        14, 
        14, 
        14
      ], 
      "10": [
        0, 
        0, 
        0, 
        0
      ], 
      "11": [
        0, 
        0, 
        0, 
        0
      ], 
      "12": [
        0, 
        0, 
        0, 
        0
      ], 
      "13": [
        0, 
        0, 
        0, 
        0
      ], 
      "14": [
        0, 
        0, 
        0, 
        0
      ], 
      "15": [
        0, 
        0, 
        0, 
        0
      ], 
      "16": [
        0, 
        0, 
        0, 
        0
      ], 
      "17": [
        0, 
        0, 
        0, 
        0
      ], 
      "18": [
        0, 
        0, 
        0, 
        0
      ], 
      "19": [
        0, 
        0, 
        0, 
        0
      ], 
      "2": [
        65535, 
        65535, 
        65535, 
        65535
      ], 
      "20": [
        0, 
        0, 
        0, 
        0
      ], 
      "21": [
        0, 
        0, 
        0, 
        0
      ], 
      "22": [
        582152, 
        586973, 
        581327, 
        580315
      ], 
      "23": [
        129, 
        132, 
        124, 
        127
      ], 
      "24": [
        16512, 
        16896, 
        15872, 
        16256
      ], 
      "25": [
        3413, 
        4184, 
        4054, 
        5083
      ], 
      "26": [
        581682, 
        586499, 
        580858, 
        579840
      ], 
      "27": [
        362364, 
        363464, 
        359842, 
        362074
      ], 
      "28": [
        10907, 
        10886, 
        10968, 
        11005
      ], 
      "29": [
        196022, 
        199441, 
        198409, 
        196076
      ], 
      "3": [
        0, 
        0, 
        0, 
        0
      ], 
      "30": [
        0, 
        0, 
        0, 
        0
      ], 
      "31": [
        127117, 
        127959, 
        125924, 
        126573
      ], 
      "32": [
        316339, 
        323475, 
        315735, 
        313337
      ], 
      "33": [
        0, 
        0, 
        0, 
        0
      ], 
      "34": [
        189222, 
        195516, 
        189811, 
        186764
      ], 
      "35": [
        0, 
        0, 
        0, 
        0
      ], 
      "36": [
        0, 
        0, 
        0, 
        0
      ], 
      "37": [
        0, 
        0, 
        0, 
        0
      ], 
      "38": [
        0, 
        0, 
        0, 
        0
      ], 
      "39": [
        0, 
        0, 
        0, 
        0
      ], 
      "4": [
        0, 
        0, 
        0, 
        0
      ], 
      "40": [
        0, 
        0, 
        0, 
        0
      ], 
      "41": [
        0, 
        0, 
        0, 
        0
      ], 
      "42": [
        0, 
        0, 
        0, 
        0
      ], 
      "43": [
        0, 
        0, 
        0, 
        0
      ], 
      "44": [
        0, 
        0, 
        0, 
        0
      ], 
      "45": [
        0, 
        0, 
        0, 
        0
      ], 
      "46": [
        0, 
        0, 
        0, 
        0
      ], 
      "47": [
        0, 
        0, 
        0, 
        0
      ], 
      "48": [
        32649, 
        32776, 
        32440, 
        32535
      ], 
      "49": [
        16675, 
        18522, 
        17216, 
        16409
      ], 
      "5": [
        0, 
        0, 
        0, 
        0
      ], 
      "50": [
        0, 
        0, 
        0, 
        0
      ], 
      "51": [
        0, 
        0, 
        0, 
        0
      ], 
      "52": [
        29670, 
        29803, 
        29554, 
        29590
      ], 
      "53": [
        70676, 
        72020, 
        70257, 
        69912
      ], 
      "54": [
        12014, 
        11629, 
        12009, 
        11292
      ], 
      "55": [
        7631, 
        7261, 
        7522, 
        7220
      ], 
      "56": [
        7719, 
        7342, 
        7618, 
        7313
      ], 
      "57": [
        1, 
        1, 
        1, 
        1
      ], 
      "58": [
        3, 
        3, 
        3, 
        3
      ], 
      "59": [
        44, 
        42, 
        42, 
        42
      ], 
      "6": [
        0, 
        0, 
        0, 
        0
      ], 
      "60": [
        1336, 
        1337, 
        1418, 
        1224
      ], 
      "61": [
        68118, 
        68395, 
        67762, 
        67942
      ], 
      "62": [
        332, 
        332, 
        332, 
        332
      ], 
      "63": [
        24, 
        0, 
        0, 
        0
      ], 
      "7": [
        0, 
        0, 
        0, 
        0
      ], 
      "8": [
        0, 
        0, 
        0, 
        0
      ], 
      "9": [
        0, 
        0, 
        0, 
        0
      ]
    }
  }, 
  "features": {
    "GWS": [
      32, 
      32, 
      64
    ], 
    "LWS": [
      4, 
      1, 
      64
    ], 
    "OFFSET": [
      0, 
      0, 
      0
    ], 
    "compiler name": "ARM Mali OpenCL", 
    "compiler version": "5.0", 
    "cpu_freq": 1600, 
    "gpu_freq": 533, 
    "image cols": 2400, 
    "image rows": 2400, 
    "pool_dir": "pool.19", 
    "program version": "c597087", 
    "size": 32
  }, 
  "meta": {
    "device name": "Mali-T628", 
    "device type": "GPU", 
    "device vendor": "ARM", 
    "experiment type": "benchmarking", 
    "kernel name": "calc_histogram", 
    "program name": "Realeyes HOG"
  }, 
  "tags": [
    "demo", 
    "arm", 
    "codegen15"
  ], 
  "work": {
    "repl": 1, 
    "timestamp": "2015-02-25T13:03:22.361022"
  }
}