{
  "characteristics": {
    "cpu": 0.037334, 
    "gpu_copy": 0.017011, 
    "gpu_only": 0.013515, 
    "is_gpu_better": true, 
    "l2 cache and mmu counters": {
      "0": 2866035233, 
      "1": 18, 
      "10": 0, 
      "11": 0, 
      "12": 0, 
      "13": 0, 
      "14": 0, 
      "15": 0, 
      "16": 9, 
      "17": 0, 
      "18": 228, 
      "19": 4, 
      "2": 65535, 
      "20": 0, 
      "21": 0, 
      "22": 0, 
      "23": 0, 
      "24": 0, 
      "25": 0, 
      "26": 0, 
      "27": 0, 
      "28": 0, 
      "29": 0, 
      "3": 0, 
      "30": 196, 
      "31": 35670, 
      "32": 5178750, 
      "33": 4271724, 
      "34": 4270570, 
      "35": 355181, 
      "36": 397818, 
      "37": 4142637, 
      "38": 0, 
      "39": 503530, 
      "4": 747, 
      "40": 503525, 
      "41": 980, 
      "42": 0, 
      "43": 503222, 
      "44": 0, 
      "45": 87, 
      "46": 0, 
      "47": 0, 
      "48": 8917, 
      "49": 8917, 
      "5": 60, 
      "50": 54, 
      "51": 48, 
      "52": 6, 
      "53": 2, 
      "54": 0, 
      "55": 0, 
      "56": 0, 
      "57": 437, 
      "58": 0, 
      "59": 0, 
      "6": 63, 
      "60": 0, 
      "61": 113486, 
      "62": 4501930, 
      "63": 2836521, 
      "7": 81, 
      "8": 28, 
      "9": 0
    }, 
    "shader core counters": {
      "0": [
        2866035233, 
        2866035233, 
        2866035233, 
        2866035233
      ], 
      "1": [
        18, 
        18, 
        18, 
        18
      ], 
      "10": [
        0, 
        0, 
        0, 
        0
      ], 
      "11": [
        0, 
        0, 
        0, 
        0
      ], 
      "12": [
        0, 
        0, 
        0, 
        0
      ], 
      "13": [
        0, 
        0, 
        0, 
        0
      ], 
      "14": [
        0, 
        0, 
        0, 
        0
      ], 
      "15": [
        0, 
        0, 
        0, 
        0
      ], 
      "16": [
        0, 
        0, 
        0, 
        0
      ], 
      "17": [
        0, 
        0, 
        0, 
        0
      ], 
      "18": [
        0, 
        0, 
        0, 
        0
      ], 
      "19": [
        0, 
        0, 
        0, 
        0
      ], 
      "2": [
        65535, 
        65535, 
        65535, 
        65535
      ], 
      "20": [
        0, 
        0, 
        0, 
        0
      ], 
      "21": [
        0, 
        0, 
        0, 
        0
      ], 
      "22": [
        7189829, 
        7188506, 
        7187259, 
        7189377
      ], 
      "23": [
        2080, 
        2002, 
        2080, 
        2030
      ], 
      "24": [
        266240, 
        256256, 
        266240, 
        259840
      ], 
      "25": [
        304773, 
        399922, 
        285021, 
        386877
      ], 
      "26": [
        7189372, 
        7188043, 
        7186801, 
        7188924
      ], 
      "27": [
        4031628, 
        3894572, 
        4027034, 
        3943310
      ], 
      "28": [
        94583, 
        88834, 
        94025, 
        91327
      ], 
      "29": [
        2923628, 
        2984228, 
        2931622, 
        2974326
      ], 
      "3": [
        0, 
        0, 
        0, 
        0
      ], 
      "30": [
        0, 
        0, 
        0, 
        0
      ], 
      "31": [
        1626258, 
        1577776, 
        1626095, 
        1593947
      ], 
      "32": [
        4535745, 
        4712831, 
        4532547, 
        4661347
      ], 
      "33": [
        0, 
        0, 
        0, 
        0
      ], 
      "34": [
        2909487, 
        3135055, 
        2906452, 
        3067400
      ], 
      "35": [
        0, 
        0, 
        0, 
        0
      ], 
      "36": [
        0, 
        0, 
        0, 
        0
      ], 
      "37": [
        0, 
        0, 
        0, 
        0
      ], 
      "38": [
        0, 
        0, 
        0, 
        0
      ], 
      "39": [
        0, 
        0, 
        0, 
        0
      ], 
      "4": [
        0, 
        0, 
        0, 
        0
      ], 
      "40": [
        0, 
        0, 
        0, 
        0
      ], 
      "41": [
        0, 
        0, 
        0, 
        0
      ], 
      "42": [
        0, 
        0, 
        0, 
        0
      ], 
      "43": [
        0, 
        0, 
        0, 
        0
      ], 
      "44": [
        0, 
        0, 
        0, 
        0
      ], 
      "45": [
        0, 
        0, 
        0, 
        0
      ], 
      "46": [
        0, 
        0, 
        0, 
        0
      ], 
      "47": [
        0, 
        0, 
        0, 
        0
      ], 
      "48": [
        400960, 
        387301, 
        400449, 
        391205
      ], 
      "49": [
        172501, 
        194747, 
        171719, 
        187820
      ], 
      "5": [
        0, 
        0, 
        0, 
        0
      ], 
      "50": [
        0, 
        0, 
        0, 
        0
      ], 
      "51": [
        0, 
        0, 
        0, 
        0
      ], 
      "52": [
        347297, 
        339172, 
        347779, 
        342525
      ], 
      "53": [
        1261394, 
        1355550, 
        1260538, 
        1327776
      ], 
      "54": [
        126845, 
        123146, 
        127936, 
        126368
      ], 
      "55": [
        99740, 
        96590, 
        100591, 
        99443
      ], 
      "56": [
        100523, 
        97389, 
        101376, 
        100230
      ], 
      "57": [
        1, 
        1, 
        1, 
        1
      ], 
      "58": [
        3, 
        3, 
        3, 
        3
      ], 
      "59": [
        43, 
        44, 
        43, 
        43
      ], 
      "6": [
        0, 
        0, 
        0, 
        0
      ], 
      "60": [
        73, 
        101, 
        94, 
        87
      ], 
      "61": [
        804777, 
        781084, 
        804747, 
        788917
      ], 
      "62": [
        332, 
        332, 
        332, 
        332
      ], 
      "63": [
        8, 
        16, 
        8, 
        8
      ], 
      "7": [
        0, 
        0, 
        0, 
        0
      ], 
      "8": [
        0, 
        0, 
        0, 
        0
      ], 
      "9": [
        0, 
        0, 
        0, 
        0
      ]
    }
  }, 
  "features": {
    "GWS": [
      12, 
      12, 
      64
    ], 
    "LWS": [
      4, 
      1, 
      64
    ], 
    "OFFSET": [
      0, 
      0, 
      0
    ], 
    "compiler name": "ARM Mali OpenCL", 
    "compiler version": "5.0", 
    "cpu_freq": 800, 
    "gpu_freq": 533, 
    "image cols": 1064, 
    "image rows": 629, 
    "pool_dir": "pool.07", 
    "program version": "c597087", 
    "size": 128
  }, 
  "meta": {
    "device name": "Mali-T628", 
    "device type": "GPU", 
    "device vendor": "ARM", 
    "experiment type": "benchmarking", 
    "kernel name": "calc_histogram", 
    "program name": "Realeyes HOG"
  }, 
  "tags": [
    "demo", 
    "arm", 
    "codegen15"
  ], 
  "work": {
    "repl": 3, 
    "timestamp": "2015-02-22T02:07:28.675190"
  }
}