{
  "characteristics": {
    "cpu": 0.000654, 
    "gpu_copy": 0.008477, 
    "gpu_only": 0.000247, 
    "is_gpu_better": false, 
    "l2 cache and mmu counters": {
      "0": 3841787729, 
      "1": 25, 
      "10": 0, 
      "11": 0, 
      "12": 0, 
      "13": 0, 
      "14": 0, 
      "15": 0, 
      "16": 8, 
      "17": 2, 
      "18": 255, 
      "19": 4, 
      "2": 65535, 
      "20": 0, 
      "21": 0, 
      "22": 0, 
      "23": 0, 
      "24": 0, 
      "25": 0, 
      "26": 0, 
      "27": 0, 
      "28": 0, 
      "29": 0, 
      "3": 0, 
      "30": 102, 
      "31": 3890, 
      "32": 82359, 
      "33": 62538, 
      "34": 61283, 
      "35": 5600, 
      "36": 6161, 
      "37": 59360, 
      "38": 0, 
      "39": 9467, 
      "4": 1778, 
      "40": 9462, 
      "41": 95, 
      "42": 0, 
      "43": 9440, 
      "44": 0, 
      "45": 52, 
      "46": 0, 
      "47": 0, 
      "48": 972, 
      "49": 972, 
      "5": 129, 
      "50": 39, 
      "51": 25, 
      "52": 4, 
      "53": 2, 
      "54": 0, 
      "55": 0, 
      "56": 0, 
      "57": 31, 
      "58": 2, 
      "59": 0, 
      "6": 106, 
      "60": 0, 
      "61": 2113, 
      "62": 61565, 
      "63": 28079, 
      "7": 380, 
      "8": 90, 
      "9": 0
    }, 
    "shader core counters": {
      "0": [
        3841787729, 
        3841787729, 
        3841787729, 
        3841787729
      ], 
      "1": [
        25, 
        25, 
        25, 
        25
      ], 
      "10": [
        0, 
        0, 
        0, 
        0
      ], 
      "11": [
        0, 
        0, 
        0, 
        0
      ], 
      "12": [
        0, 
        0, 
        0, 
        0
      ], 
      "13": [
        0, 
        0, 
        0, 
        0
      ], 
      "14": [
        0, 
        0, 
        0, 
        0
      ], 
      "15": [
        0, 
        0, 
        0, 
        0
      ], 
      "16": [
        0, 
        0, 
        0, 
        0
      ], 
      "17": [
        0, 
        0, 
        0, 
        0
      ], 
      "18": [
        0, 
        0, 
        0, 
        0
      ], 
      "19": [
        0, 
        0, 
        0, 
        0
      ], 
      "2": [
        65535, 
        65535, 
        65535, 
        65535
      ], 
      "20": [
        0, 
        0, 
        0, 
        0
      ], 
      "21": [
        0, 
        0, 
        0, 
        0
      ], 
      "22": [
        127435, 
        128810, 
        131133, 
        131458
      ], 
      "23": [
        30, 
        32, 
        32, 
        34
      ], 
      "24": [
        3840, 
        4096, 
        4096, 
        4352
      ], 
      "25": [
        23801, 
        12088, 
        19437, 
        16585
      ], 
      "26": [
        126976, 
        128347, 
        130675, 
        130994
      ], 
      "27": [
        65432, 
        71820, 
        71964, 
        71660
      ], 
      "28": [
        1770, 
        1976, 
        1961, 
        2070
      ], 
      "29": [
        42418, 
        44517, 
        44942, 
        43699
      ], 
      "3": [
        0, 
        0, 
        0, 
        0
      ], 
      "30": [
        0, 
        0, 
        0, 
        0
      ], 
      "31": [
        25352, 
        27535, 
        27446, 
        27422
      ], 
      "32": [
        69021, 
        70346, 
        69697, 
        72055
      ], 
      "33": [
        0, 
        0, 
        0, 
        0
      ], 
      "34": [
        43669, 
        42811, 
        42251, 
        44633
      ], 
      "35": [
        0, 
        0, 
        0, 
        0
      ], 
      "36": [
        0, 
        0, 
        0, 
        0
      ], 
      "37": [
        0, 
        0, 
        0, 
        0
      ], 
      "38": [
        0, 
        0, 
        0, 
        0
      ], 
      "39": [
        0, 
        0, 
        0, 
        0
      ], 
      "4": [
        0, 
        0, 
        0, 
        0
      ], 
      "40": [
        0, 
        0, 
        0, 
        0
      ], 
      "41": [
        0, 
        0, 
        0, 
        0
      ], 
      "42": [
        0, 
        0, 
        0, 
        0
      ], 
      "43": [
        0, 
        0, 
        0, 
        0
      ], 
      "44": [
        0, 
        0, 
        0, 
        0
      ], 
      "45": [
        0, 
        0, 
        0, 
        0
      ], 
      "46": [
        0, 
        0, 
        0, 
        0
      ], 
      "47": [
        0, 
        0, 
        0, 
        0
      ], 
      "48": [
        6351, 
        6991, 
        7016, 
        6699
      ], 
      "49": [
        3756, 
        3463, 
        3363, 
        3467
      ], 
      "5": [
        0, 
        0, 
        0, 
        0
      ], 
      "50": [
        0, 
        0, 
        0, 
        0
      ], 
      "51": [
        0, 
        0, 
        0, 
        0
      ], 
      "52": [
        5596, 
        5999, 
        5955, 
        6119
      ], 
      "53": [
        16635, 
        16583, 
        16038, 
        17283
      ], 
      "54": [
        2382, 
        2254, 
        2313, 
        2416
      ], 
      "55": [
        1517, 
        1533, 
        1481, 
        1633
      ], 
      "56": [
        1523, 
        1529, 
        1480, 
        1638
      ], 
      "57": [
        1, 
        1, 
        1, 
        1
      ], 
      "58": [
        3, 
        3, 
        3, 
        3
      ], 
      "59": [
        42, 
        42, 
        42, 
        42
      ], 
      "6": [
        0, 
        0, 
        0, 
        0
      ], 
      "60": [
        207, 
        142, 
        192, 
        190
      ], 
      "61": [
        12916, 
        14071, 
        14027, 
        13887
      ], 
      "62": [
        332, 
        332, 
        332, 
        332
      ], 
      "63": [
        0, 
        8, 
        0, 
        0
      ], 
      "7": [
        0, 
        0, 
        0, 
        0
      ], 
      "8": [
        0, 
        0, 
        0, 
        0
      ], 
      "9": [
        0, 
        0, 
        0, 
        0
      ]
    }
  }, 
  "features": {
    "GWS": [
      16, 
      16, 
      64
    ], 
    "LWS": [
      4, 
      1, 
      64
    ], 
    "OFFSET": [
      0, 
      0, 
      0
    ], 
    "compiler name": "ARM Mali OpenCL", 
    "compiler version": "5.0", 
    "cpu_freq": 1600, 
    "gpu_freq": 533, 
    "image cols": 2582, 
    "image rows": 1940, 
    "pool_dir": "pool.06", 
    "program version": "c597087", 
    "size": 16
  }, 
  "meta": {
    "device name": "Mali-T628", 
    "device type": "GPU", 
    "device vendor": "ARM", 
    "experiment type": "benchmarking", 
    "kernel name": "calc_histogram", 
    "program name": "Realeyes HOG"
  }, 
  "tags": [
    "demo", 
    "arm", 
    "codegen15"
  ], 
  "work": {
    "repl": 1, 
    "timestamp": "2015-02-22T02:29:01.926303"
  }
}