{
  "characteristics": {
    "cpu": 0.011587, 
    "gpu_copy": 0.018936, 
    "gpu_only": 0.004124, 
    "is_gpu_better": false, 
    "l2 cache and mmu counters": {
      "0": 3545295234, 
      "1": 25, 
      "10": 0, 
      "11": 0, 
      "12": 0, 
      "13": 0, 
      "14": 0, 
      "15": 0, 
      "16": 8, 
      "17": 3, 
      "18": 229, 
      "19": 4, 
      "2": 65535, 
      "20": 0, 
      "21": 0, 
      "22": 0, 
      "23": 0, 
      "24": 0, 
      "25": 0, 
      "26": 0, 
      "27": 0, 
      "28": 0, 
      "29": 0, 
      "3": 0, 
      "30": 232, 
      "31": 24086, 
      "32": 1549656, 
      "33": 1256760, 
      "34": 1255434, 
      "35": 108613, 
      "36": 120718, 
      "37": 1216103, 
      "38": 0, 
      "39": 167214, 
      "4": 32886, 
      "40": 167209, 
      "41": 639, 
      "42": 0, 
      "43": 167036, 
      "44": 0, 
      "45": 79, 
      "46": 0, 
      "47": 0, 
      "48": 6021, 
      "49": 6021, 
      "5": 170, 
      "50": 63, 
      "51": 57, 
      "52": 6, 
      "53": 2, 
      "54": 0, 
      "55": 0, 
      "56": 0, 
      "57": 188, 
      "58": 2, 
      "59": 0, 
      "6": 110, 
      "60": 0, 
      "61": 30979, 
      "62": 1340329, 
      "63": 709296, 
      "7": 478, 
      "8": 132, 
      "9": 0
    }, 
    "shader core counters": {
      "0": [
        3545295234, 
        3545295234, 
        3545295234, 
        3545295234
      ], 
      "1": [
        25, 
        25, 
        25, 
        25
      ], 
      "10": [
        0, 
        0, 
        0, 
        0
      ], 
      "11": [
        0, 
        0, 
        0, 
        0
      ], 
      "12": [
        0, 
        0, 
        0, 
        0
      ], 
      "13": [
        0, 
        0, 
        0, 
        0
      ], 
      "14": [
        0, 
        0, 
        0, 
        0
      ], 
      "15": [
        0, 
        0, 
        0, 
        0
      ], 
      "16": [
        0, 
        0, 
        0, 
        0
      ], 
      "17": [
        0, 
        0, 
        0, 
        0
      ], 
      "18": [
        0, 
        0, 
        0, 
        0
      ], 
      "19": [
        0, 
        0, 
        0, 
        0
      ], 
      "2": [
        65535, 
        65535, 
        65535, 
        65535
      ], 
      "20": [
        0, 
        0, 
        0, 
        0
      ], 
      "21": [
        0, 
        0, 
        0, 
        0
      ], 
      "22": [
        2186252, 
        2182103, 
        2188489, 
        2192953
      ], 
      "23": [
        522, 
        508, 
        512, 
        506
      ], 
      "24": [
        66816, 
        65024, 
        65536, 
        64768
      ], 
      "25": [
        7927, 
        6219, 
        7069, 
        6288
      ], 
      "26": [
        2185790, 
        2181630, 
        2188021, 
        2192490
      ], 
      "27": [
        1257284, 
        1236508, 
        1263194, 
        1255174
      ], 
      "28": [
        32774, 
        32052, 
        33293, 
        32793
      ], 
      "29": [
        868479, 
        874183, 
        858381, 
        876565
      ], 
      "3": [
        0, 
        0, 
        0, 
        0
      ], 
      "30": [
        0, 
        0, 
        0, 
        0
      ], 
      "31": [
        476731, 
        467521, 
        476965, 
        473187
      ], 
      "32": [
        1336733, 
        1377917, 
        1325460, 
        1349746
      ], 
      "33": [
        0, 
        0, 
        0, 
        0
      ], 
      "34": [
        860002, 
        910396, 
        848495, 
        876559
      ], 
      "35": [
        0, 
        0, 
        0, 
        0
      ], 
      "36": [
        0, 
        0, 
        0, 
        0
      ], 
      "37": [
        0, 
        0, 
        0, 
        0
      ], 
      "38": [
        0, 
        0, 
        0, 
        0
      ], 
      "39": [
        0, 
        0, 
        0, 
        0
      ], 
      "4": [
        0, 
        0, 
        0, 
        0
      ], 
      "40": [
        0, 
        0, 
        0, 
        0
      ], 
      "41": [
        0, 
        0, 
        0, 
        0
      ], 
      "42": [
        0, 
        0, 
        0, 
        0
      ], 
      "43": [
        0, 
        0, 
        0, 
        0
      ], 
      "44": [
        0, 
        0, 
        0, 
        0
      ], 
      "45": [
        0, 
        0, 
        0, 
        0
      ], 
      "46": [
        0, 
        0, 
        0, 
        0
      ], 
      "47": [
        0, 
        0, 
        0, 
        0
      ], 
      "48": [
        116242, 
        114198, 
        116892, 
        115758
      ], 
      "49": [
        57297, 
        64968, 
        58617, 
        60787
      ], 
      "5": [
        0, 
        0, 
        0, 
        0
      ], 
      "50": [
        0, 
        0, 
        0, 
        0
      ], 
      "51": [
        0, 
        0, 
        0, 
        0
      ], 
      "52": [
        111604, 
        109568, 
        111889, 
        111291
      ], 
      "53": [
        346947, 
        365686, 
        339303, 
        352372
      ], 
      "54": [
        42721, 
        41725, 
        41427, 
        41685
      ], 
      "55": [
        30585, 
        29857, 
        29464, 
        30143
      ], 
      "56": [
        30970, 
        30219, 
        29833, 
        30483
      ], 
      "57": [
        1, 
        1, 
        1, 
        1
      ], 
      "58": [
        3, 
        3, 
        3, 
        3
      ], 
      "59": [
        42, 
        42, 
        42, 
        42
      ], 
      "6": [
        0, 
        0, 
        0, 
        0
      ], 
      "60": [
        3445, 
        3406, 
        3479, 
        3268
      ], 
      "61": [
        246838, 
        242408, 
        247891, 
        245967
      ], 
      "62": [
        332, 
        332, 
        332, 
        332
      ], 
      "63": [
        0, 
        0, 
        0, 
        0
      ], 
      "7": [
        0, 
        0, 
        0, 
        0
      ], 
      "8": [
        0, 
        0, 
        0, 
        0
      ], 
      "9": [
        0, 
        0, 
        0, 
        0
      ]
    }
  }, 
  "features": {
    "GWS": [
      64, 
      64, 
      64
    ], 
    "LWS": [
      4, 
      1, 
      64
    ], 
    "OFFSET": [
      0, 
      0, 
      0
    ], 
    "compiler name": "ARM Mali OpenCL", 
    "compiler version": "5.0", 
    "cpu_freq": 800, 
    "gpu_freq": 533, 
    "image cols": 2126, 
    "image rows": 2658, 
    "pool_dir": "pool.04", 
    "program version": "c597087", 
    "size": 64
  }, 
  "meta": {
    "device name": "Mali-T628", 
    "device type": "GPU", 
    "device vendor": "ARM", 
    "experiment type": "benchmarking", 
    "kernel name": "calc_histogram", 
    "program name": "Realeyes HOG"
  }, 
  "tags": [
    "demo", 
    "arm", 
    "codegen15"
  ], 
  "work": {
    "repl": 0, 
    "timestamp": "2015-02-22T02:28:49.662046"
  }
}