{
  "characteristics": {
    "cpu": 0.040843, 
    "gpu_copy": 0.031891, 
    "gpu_only": 0.015221, 
    "is_gpu_better": true, 
    "l2 cache and mmu counters": {
      "0": 254059378, 
      "1": 15, 
      "10": 0, 
      "11": 0, 
      "12": 0, 
      "13": 0, 
      "14": 0, 
      "15": 0, 
      "16": 8, 
      "17": 2, 
      "18": 224, 
      "19": 4, 
      "2": 65535, 
      "20": 0, 
      "21": 0, 
      "22": 0, 
      "23": 0, 
      "24": 0, 
      "25": 0, 
      "26": 0, 
      "27": 0, 
      "28": 0, 
      "29": 0, 
      "3": 0, 
      "30": 296, 
      "31": 58786, 
      "32": 5837133, 
      "33": 4773632, 
      "34": 4772240, 
      "35": 404503, 
      "36": 450112, 
      "37": 4636126, 
      "38": 0, 
      "39": 606674, 
      "4": 108175, 
      "40": 606669, 
      "41": 1742, 
      "42": 0, 
      "43": 606153, 
      "44": 0, 
      "45": 135, 
      "46": 0, 
      "47": 0, 
      "48": 14696, 
      "49": 14696, 
      "5": 295, 
      "50": 79, 
      "51": 73, 
      "52": 6, 
      "53": 2, 
      "54": 0, 
      "55": 0, 
      "56": 0, 
      "57": 1105, 
      "58": 0, 
      "59": 0, 
      "6": 92, 
      "60": 0, 
      "61": 117672, 
      "62": 5085855, 
      "63": 2904547, 
      "7": 392, 
      "8": 245, 
      "9": 0
    }, 
    "shader core counters": {
      "0": [
        254059378, 
        254059378, 
        254059378, 
        254059378
      ], 
      "1": [
        15, 
        15, 
        15, 
        15
      ], 
      "10": [
        0, 
        0, 
        0, 
        0
      ], 
      "11": [
        0, 
        0, 
        0, 
        0
      ], 
      "12": [
        0, 
        0, 
        0, 
        0
      ], 
      "13": [
        0, 
        0, 
        0, 
        0
      ], 
      "14": [
        0, 
        0, 
        0, 
        0
      ], 
      "15": [
        0, 
        0, 
        0, 
        0
      ], 
      "16": [
        0, 
        0, 
        0, 
        0
      ], 
      "17": [
        0, 
        0, 
        0, 
        0
      ], 
      "18": [
        0, 
        0, 
        0, 
        0
      ], 
      "19": [
        0, 
        0, 
        0, 
        0
      ], 
      "2": [
        65535, 
        65535, 
        65535, 
        65535
      ], 
      "20": [
        0, 
        0, 
        0, 
        0
      ], 
      "21": [
        0, 
        0, 
        0, 
        0
      ], 
      "22": [
        8096486, 
        8096513, 
        8093736, 
        8097287
      ], 
      "23": [
        2066, 
        2025, 
        2069, 
        2032
      ], 
      "24": [
        264448, 
        259200, 
        264832, 
        260096
      ], 
      "25": [
        43508, 
        46184, 
        36982, 
        43692
      ], 
      "26": [
        8096028, 
        8096050, 
        8093278, 
        8096834
      ], 
      "27": [
        4601826, 
        4477550, 
        4605002, 
        4523680
      ], 
      "28": [
        113416, 
        108690, 
        113892, 
        110372
      ], 
      "29": [
        3272124, 
        3360301, 
        3271162, 
        3334429
      ], 
      "3": [
        0, 
        0, 
        0, 
        0
      ], 
      "30": [
        0, 
        0, 
        0, 
        0
      ], 
      "31": [
        1808346, 
        1766819, 
        1812001, 
        1781931
      ], 
      "32": [
        5042046, 
        5254714, 
        5023442, 
        5182732
      ], 
      "33": [
        0, 
        0, 
        0, 
        0
      ], 
      "34": [
        3233700, 
        3487895, 
        3211441, 
        3400801
      ], 
      "35": [
        0, 
        0, 
        0, 
        0
      ], 
      "36": [
        0, 
        0, 
        0, 
        0
      ], 
      "37": [
        0, 
        0, 
        0, 
        0
      ], 
      "38": [
        0, 
        0, 
        0, 
        0
      ], 
      "39": [
        0, 
        0, 
        0, 
        0
      ], 
      "4": [
        0, 
        0, 
        0, 
        0
      ], 
      "40": [
        0, 
        0, 
        0, 
        0
      ], 
      "41": [
        0, 
        0, 
        0, 
        0
      ], 
      "42": [
        0, 
        0, 
        0, 
        0
      ], 
      "43": [
        0, 
        0, 
        0, 
        0
      ], 
      "44": [
        0, 
        0, 
        0, 
        0
      ], 
      "45": [
        0, 
        0, 
        0, 
        0
      ], 
      "46": [
        0, 
        0, 
        0, 
        0
      ], 
      "47": [
        0, 
        0, 
        0, 
        0
      ], 
      "48": [
        435294, 
        422145, 
        436024, 
        427626
      ], 
      "49": [
        189603, 
        215594, 
        186827, 
        211273
      ], 
      "5": [
        0, 
        0, 
        0, 
        0
      ], 
      "50": [
        0, 
        0, 
        0, 
        0
      ], 
      "51": [
        0, 
        0, 
        0, 
        0
      ], 
      "52": [
        417185, 
        410229, 
        418120, 
        412485
      ], 
      "53": [
        1324920, 
        1428797, 
        1317712, 
        1389633
      ], 
      "54": [
        151833, 
        151285, 
        150917, 
        151708
      ], 
      "55": [
        112362, 
        111995, 
        112187, 
        112319
      ], 
      "56": [
        112970, 
        112578, 
        112808, 
        112931
      ], 
      "57": [
        1, 
        1, 
        1, 
        1
      ], 
      "58": [
        3, 
        3, 
        3, 
        3
      ], 
      "59": [
        42, 
        42, 
        42, 
        42
      ], 
      "6": [
        0, 
        0, 
        0, 
        0
      ], 
      "60": [
        11199, 
        11099, 
        10872, 
        10916
      ], 
      "61": [
        919217, 
        897269, 
        921112, 
        905701
      ], 
      "62": [
        332, 
        332, 
        332, 
        332
      ], 
      "63": [
        0, 
        0, 
        8, 
        0
      ], 
      "7": [
        0, 
        0, 
        0, 
        0
      ], 
      "8": [
        0, 
        0, 
        0, 
        0
      ], 
      "9": [
        0, 
        0, 
        0, 
        0
      ]
    }
  }, 
  "features": {
    "GWS": [
      12, 
      12, 
      64
    ], 
    "LWS": [
      4, 
      1, 
      64
    ], 
    "OFFSET": [
      0, 
      0, 
      0
    ], 
    "compiler name": "ARM Mali OpenCL", 
    "compiler version": "5.0", 
    "cpu_freq": 800, 
    "gpu_freq": 533, 
    "image cols": 3074, 
    "image rows": 2185, 
    "pool_dir": "pool.14", 
    "program version": "c597087", 
    "size": 128
  }, 
  "meta": {
    "device name": "Mali-T628", 
    "device type": "GPU", 
    "device vendor": "ARM", 
    "experiment type": "benchmarking", 
    "kernel name": "calc_histogram", 
    "program name": "Realeyes HOG"
  }, 
  "tags": [
    "demo", 
    "arm", 
    "codegen15"
  ], 
  "work": {
    "repl": 2, 
    "timestamp": "2015-02-22T01:56:42.960831"
  }
}