{
  "characteristics": {
    "cpu": 0.003602, 
    "gpu_copy": 0.01381, 
    "gpu_only": 0.004622, 
    "is_gpu_better": false, 
    "l2 cache and mmu counters": {
      "0": 3471791095, 
      "1": 14, 
      "10": 0, 
      "11": 0, 
      "12": 0, 
      "13": 0, 
      "14": 0, 
      "15": 0, 
      "16": 8, 
      "17": 3, 
      "18": 168, 
      "19": 4, 
      "2": 65535, 
      "20": 0, 
      "21": 0, 
      "22": 0, 
      "23": 0, 
      "24": 0, 
      "25": 0, 
      "26": 0, 
      "27": 0, 
      "28": 0, 
      "29": 0, 
      "3": 0, 
      "30": 151, 
      "31": 15682, 
      "32": 870847, 
      "33": 704802, 
      "34": 703925, 
      "35": 61059, 
      "36": 67738, 
      "37": 681524, 
      "38": 0, 
      "39": 93759, 
      "4": 18671, 
      "40": 93754, 
      "41": 406, 
      "42": 0, 
      "43": 93643, 
      "44": 0, 
      "45": 67, 
      "46": 0, 
      "47": 0, 
      "48": 3920, 
      "49": 3920, 
      "5": 141, 
      "50": 42, 
      "51": 37, 
      "52": 5, 
      "53": 2, 
      "54": 0, 
      "55": 0, 
      "56": 0, 
      "57": 102, 
      "58": 2, 
      "59": 0, 
      "6": 90, 
      "60": 0, 
      "61": 17672, 
      "62": 751568, 
      "63": 401220, 
      "7": 270, 
      "8": 116, 
      "9": 0
    }, 
    "shader core counters": {
      "0": [
        3471791095, 
        3471791095, 
        3471791095, 
        3471791095
      ], 
      "1": [
        14, 
        14, 
        14, 
        14
      ], 
      "10": [
        0, 
        0, 
        0, 
        0
      ], 
      "11": [
        0, 
        0, 
        0, 
        0
      ], 
      "12": [
        0, 
        0, 
        0, 
        0
      ], 
      "13": [
        0, 
        0, 
        0, 
        0
      ], 
      "14": [
        0, 
        0, 
        0, 
        0
      ], 
      "15": [
        0, 
        0, 
        0, 
        0
      ], 
      "16": [
        0, 
        0, 
        0, 
        0
      ], 
      "17": [
        0, 
        0, 
        0, 
        0
      ], 
      "18": [
        0, 
        0, 
        0, 
        0
      ], 
      "19": [
        0, 
        0, 
        0, 
        0
      ], 
      "2": [
        65535, 
        65535, 
        65535, 
        65535
      ], 
      "20": [
        0, 
        0, 
        0, 
        0
      ], 
      "21": [
        0, 
        0, 
        0, 
        0
      ], 
      "22": [
        1229554, 
        1225381, 
        1225989, 
        1229259
      ], 
      "23": [
        295, 
        283, 
        292, 
        282
      ], 
      "24": [
        37760, 
        36224, 
        37376, 
        36096
      ], 
      "25": [
        5333, 
        10399, 
        6883, 
        3276
      ], 
      "26": [
        1229209, 
        1225031, 
        1225644, 
        1228916
      ], 
      "27": [
        713652, 
        697614, 
        708286, 
        703960
      ], 
      "28": [
        18914, 
        18135, 
        18490, 
        18042
      ], 
      "29": [
        482596, 
        486547, 
        481920, 
        492315
      ], 
      "3": [
        0, 
        0, 
        0, 
        0
      ], 
      "30": [
        0, 
        0, 
        0, 
        0
      ], 
      "31": [
        270148, 
        263160, 
        267236, 
        265229
      ], 
      "32": [
        739133, 
        760756, 
        737608, 
        763966
      ], 
      "33": [
        0, 
        0, 
        0, 
        0
      ], 
      "34": [
        468985, 
        497596, 
        470372, 
        498737
      ], 
      "35": [
        0, 
        0, 
        0, 
        0
      ], 
      "36": [
        0, 
        0, 
        0, 
        0
      ], 
      "37": [
        0, 
        0, 
        0, 
        0
      ], 
      "38": [
        0, 
        0, 
        0, 
        0
      ], 
      "39": [
        0, 
        0, 
        0, 
        0
      ], 
      "4": [
        0, 
        0, 
        0, 
        0
      ], 
      "40": [
        0, 
        0, 
        0, 
        0
      ], 
      "41": [
        0, 
        0, 
        0, 
        0
      ], 
      "42": [
        0, 
        0, 
        0, 
        0
      ], 
      "43": [
        0, 
        0, 
        0, 
        0
      ], 
      "44": [
        0, 
        0, 
        0, 
        0
      ], 
      "45": [
        0, 
        0, 
        0, 
        0
      ], 
      "46": [
        0, 
        0, 
        0, 
        0
      ], 
      "47": [
        0, 
        0, 
        0, 
        0
      ], 
      "48": [
        65982, 
        64220, 
        65346, 
        64883
      ], 
      "49": [
        30347, 
        32776, 
        30679, 
        33409
      ], 
      "5": [
        0, 
        0, 
        0, 
        0
      ], 
      "50": [
        0, 
        0, 
        0, 
        0
      ], 
      "51": [
        0, 
        0, 
        0, 
        0
      ], 
      "52": [
        63222, 
        61932, 
        62454, 
        62462
      ], 
      "53": [
        189154, 
        201780, 
        189724, 
        201973
      ], 
      "54": [
        23449, 
        22897, 
        23455, 
        23920
      ], 
      "55": [
        16821, 
        16498, 
        16852, 
        17214
      ], 
      "56": [
        16973, 
        16676, 
        17033, 
        17384
      ], 
      "57": [
        1, 
        1, 
        1, 
        1
      ], 
      "58": [
        3, 
        3, 
        3, 
        3
      ], 
      "59": [
        42, 
        42, 
        43, 
        42
      ], 
      "6": [
        0, 
        0, 
        0, 
        0
      ], 
      "60": [
        1974, 
        1922, 
        1963, 
        1870
      ], 
      "61": [
        139974, 
        136620, 
        138486, 
        137966
      ], 
      "62": [
        332, 
        332, 
        332, 
        332
      ], 
      "63": [
        0, 
        0, 
        16, 
        0
      ], 
      "7": [
        0, 
        0, 
        0, 
        0
      ], 
      "8": [
        0, 
        0, 
        0, 
        0
      ], 
      "9": [
        0, 
        0, 
        0, 
        0
      ]
    }
  }, 
  "features": {
    "GWS": [
      48, 
      48, 
      64
    ], 
    "LWS": [
      4, 
      1, 
      64
    ], 
    "OFFSET": [
      0, 
      0, 
      0
    ], 
    "compiler name": "ARM Mali OpenCL", 
    "compiler version": "5.0", 
    "cpu_freq": 1600, 
    "gpu_freq": 266, 
    "image cols": 2126, 
    "image rows": 2658, 
    "pool_dir": "pool.04", 
    "program version": "c597087", 
    "size": 48
  }, 
  "meta": {
    "device name": "Mali-T628", 
    "device type": "GPU", 
    "device vendor": "ARM", 
    "experiment type": "benchmarking", 
    "kernel name": "calc_histogram", 
    "program name": "Realeyes HOG"
  }, 
  "tags": [
    "demo", 
    "arm", 
    "codegen15"
  ], 
  "work": {
    "repl": 0, 
    "timestamp": "2015-02-25T13:05:01.189153"
  }
}