{
  "characteristics": {
    "cpu": 0.001435, 
    "gpu_copy": 0.017801, 
    "gpu_only": 0.00063, 
    "is_gpu_better": false, 
    "l2 cache and mmu counters": {
      "0": 338895255, 
      "1": 18, 
      "10": 0, 
      "11": 0, 
      "12": 0, 
      "13": 0, 
      "14": 0, 
      "15": 0, 
      "16": 9, 
      "17": 3, 
      "18": 171, 
      "19": 6, 
      "2": 65535, 
      "20": 0, 
      "21": 0, 
      "22": 0, 
      "23": 0, 
      "24": 0, 
      "25": 0, 
      "26": 0, 
      "27": 0, 
      "28": 0, 
      "29": 0, 
      "3": 0, 
      "30": 118, 
      "31": 5406, 
      "32": 109809, 
      "33": 83541, 
      "34": 82650, 
      "35": 7761, 
      "36": 8414, 
      "37": 79553, 
      "38": 0, 
      "39": 13617, 
      "4": 3571, 
      "40": 13607, 
      "41": 119, 
      "42": 0, 
      "43": 13579, 
      "44": 0, 
      "45": 71, 
      "46": 0, 
      "47": 0, 
      "48": 1351, 
      "49": 1351, 
      "5": 223, 
      "50": 33, 
      "51": 29, 
      "52": 4, 
      "53": 2, 
      "54": 0, 
      "55": 0, 
      "56": 0, 
      "57": 0, 
      "58": 2, 
      "59": 0, 
      "6": 65, 
      "60": 0, 
      "61": 2448, 
      "62": 87438, 
      "63": 35247, 
      "7": 388, 
      "8": 159, 
      "9": 0
    }, 
    "shader core counters": {
      "0": [
        338895255, 
        338895255, 
        338895255, 
        338895255
      ], 
      "1": [
        18, 
        18, 
        18, 
        18
      ], 
      "10": [
        0, 
        0, 
        0, 
        0
      ], 
      "11": [
        0, 
        0, 
        0, 
        0
      ], 
      "12": [
        0, 
        0, 
        0, 
        0
      ], 
      "13": [
        0, 
        0, 
        0, 
        0
      ], 
      "14": [
        0, 
        0, 
        0, 
        0
      ], 
      "15": [
        0, 
        0, 
        0, 
        0
      ], 
      "16": [
        0, 
        0, 
        0, 
        0
      ], 
      "17": [
        0, 
        0, 
        0, 
        0
      ], 
      "18": [
        0, 
        0, 
        0, 
        0
      ], 
      "19": [
        0, 
        0, 
        0, 
        0
      ], 
      "2": [
        65535, 
        65535, 
        65535, 
        65535
      ], 
      "20": [
        0, 
        0, 
        0, 
        0
      ], 
      "21": [
        0, 
        0, 
        0, 
        0
      ], 
      "22": [
        160790, 
        160977, 
        167408, 
        165536
      ], 
      "23": [
        31, 
        33, 
        33, 
        31
      ], 
      "24": [
        3968, 
        4224, 
        4224, 
        3968
      ], 
      "25": [
        5142, 
        4875, 
        3422, 
        5549
      ], 
      "26": [
        160419, 
        160595, 
        167031, 
        165164
      ], 
      "27": [
        91490, 
        89822, 
        99578, 
        92294
      ], 
      "28": [
        2556, 
        2369, 
        3011, 
        2638
      ], 
      "29": [
        58119, 
        60310, 
        57394, 
        61284
      ], 
      "3": [
        0, 
        0, 
        0, 
        0
      ], 
      "30": [
        0, 
        0, 
        0, 
        0
      ], 
      "31": [
        33786, 
        33692, 
        35757, 
        33874
      ], 
      "32": [
        94534, 
        96657, 
        89622, 
        96326
      ], 
      "33": [
        0, 
        0, 
        0, 
        0
      ], 
      "34": [
        60748, 
        62965, 
        53865, 
        62452
      ], 
      "35": [
        0, 
        0, 
        0, 
        0
      ], 
      "36": [
        0, 
        0, 
        0, 
        0
      ], 
      "37": [
        0, 
        0, 
        0, 
        0
      ], 
      "38": [
        0, 
        0, 
        0, 
        0
      ], 
      "39": [
        0, 
        0, 
        0, 
        0
      ], 
      "4": [
        0, 
        0, 
        0, 
        0
      ], 
      "40": [
        0, 
        0, 
        0, 
        0
      ], 
      "41": [
        0, 
        0, 
        0, 
        0
      ], 
      "42": [
        0, 
        0, 
        0, 
        0
      ], 
      "43": [
        0, 
        0, 
        0, 
        0
      ], 
      "44": [
        0, 
        0, 
        0, 
        0
      ], 
      "45": [
        0, 
        0, 
        0, 
        0
      ], 
      "46": [
        0, 
        0, 
        0, 
        0
      ], 
      "47": [
        0, 
        0, 
        0, 
        0
      ], 
      "48": [
        7973, 
        7771, 
        8750, 
        8119
      ], 
      "49": [
        5085, 
        5301, 
        5148, 
        5961
      ], 
      "5": [
        0, 
        0, 
        0, 
        0
      ], 
      "50": [
        0, 
        0, 
        0, 
        0
      ], 
      "51": [
        0, 
        0, 
        0, 
        0
      ], 
      "52": [
        8653, 
        8638, 
        8886, 
        8585
      ], 
      "53": [
        23466, 
        24570, 
        19668, 
        23490
      ], 
      "54": [
        3435, 
        3298, 
        3157, 
        3635
      ], 
      "55": [
        2203, 
        2052, 
        1849, 
        2287
      ], 
      "56": [
        2223, 
        2075, 
        1851, 
        2303
      ], 
      "57": [
        1, 
        1, 
        1, 
        1
      ], 
      "58": [
        4, 
        4, 
        4, 
        4
      ], 
      "59": [
        42, 
        42, 
        42, 
        43
      ], 
      "6": [
        0, 
        0, 
        0, 
        0
      ], 
      "60": [
        345, 
        320, 
        380, 
        383
      ], 
      "61": [
        18037, 
        17782, 
        19206, 
        18137
      ], 
      "62": [
        332, 
        332, 
        332, 
        332
      ], 
      "63": [
        0, 
        8, 
        0, 
        8
      ], 
      "7": [
        0, 
        0, 
        0, 
        0
      ], 
      "8": [
        0, 
        0, 
        0, 
        0
      ], 
      "9": [
        0, 
        0, 
        0, 
        0
      ]
    }
  }, 
  "features": {
    "GWS": [
      16, 
      16, 
      64
    ], 
    "LWS": [
      4, 
      1, 
      64
    ], 
    "OFFSET": [
      0, 
      0, 
      0
    ], 
    "compiler name": "ARM Mali OpenCL", 
    "compiler version": "5.0", 
    "cpu_freq": 800, 
    "gpu_freq": 266, 
    "image cols": 2593, 
    "image rows": 2593, 
    "pool_dir": "pool.02", 
    "program version": "c597087", 
    "size": 16
  }, 
  "meta": {
    "device name": "Mali-T628", 
    "device type": "GPU", 
    "device vendor": "ARM", 
    "experiment type": "benchmarking", 
    "kernel name": "calc_histogram", 
    "program name": "Realeyes HOG"
  }, 
  "tags": [
    "demo", 
    "arm", 
    "codegen15"
  ], 
  "work": {
    "repl": 0, 
    "timestamp": "2015-02-22T02:05:43.352572"
  }
}