{
  "characteristics": {
    "cpu": 0.002928, 
    "gpu_copy": 0.011336, 
    "gpu_only": 0.003444, 
    "is_gpu_better": false, 
    "l2 cache and mmu counters": {
      "0": 1485115194, 
      "1": 15, 
      "10": 0, 
      "11": 0, 
      "12": 0, 
      "13": 0, 
      "14": 0, 
      "15": 0, 
      "16": 8, 
      "17": 2, 
      "18": 178, 
      "19": 4, 
      "2": 65535, 
      "20": 0, 
      "21": 0, 
      "22": 0, 
      "23": 0, 
      "24": 0, 
      "25": 0, 
      "26": 0, 
      "27": 0, 
      "28": 0, 
      "29": 0, 
      "3": 0, 
      "30": 103, 
      "31": 10970, 
      "32": 628234, 
      "33": 509759, 
      "34": 508818, 
      "35": 44874, 
      "36": 50387, 
      "37": 493490, 
      "38": 0, 
      "39": 63707, 
      "4": 8744, 
      "40": 63702, 
      "41": 222, 
      "42": 0, 
      "43": 63644, 
      "44": 0, 
      "45": 71, 
      "46": 0, 
      "47": 0, 
      "48": 2742, 
      "49": 2742, 
      "5": 148, 
      "50": 30, 
      "51": 25, 
      "52": 5, 
      "53": 2, 
      "54": 0, 
      "55": 0, 
      "56": 0, 
      "57": 52, 
      "58": 0, 
      "59": 0, 
      "6": 117, 
      "60": 0, 
      "61": 12981, 
      "62": 539734, 
      "63": 282366, 
      "7": 281, 
      "8": 119, 
      "9": 0
    }, 
    "shader core counters": {
      "0": [
        1485115194, 
        1485115194, 
        1485115194, 
        1485115194
      ], 
      "1": [
        15, 
        15, 
        15, 
        15
      ], 
      "10": [
        0, 
        0, 
        0, 
        0
      ], 
      "11": [
        0, 
        0, 
        0, 
        0
      ], 
      "12": [
        0, 
        0, 
        0, 
        0
      ], 
      "13": [
        0, 
        0, 
        0, 
        0
      ], 
      "14": [
        0, 
        0, 
        0, 
        0
      ], 
      "15": [
        0, 
        0, 
        0, 
        0
      ], 
      "16": [
        0, 
        0, 
        0, 
        0
      ], 
      "17": [
        0, 
        0, 
        0, 
        0
      ], 
      "18": [
        0, 
        0, 
        0, 
        0
      ], 
      "19": [
        0, 
        0, 
        0, 
        0
      ], 
      "2": [
        65535, 
        65535, 
        65535, 
        65535
      ], 
      "20": [
        0, 
        0, 
        0, 
        0
      ], 
      "21": [
        0, 
        0, 
        0, 
        0
      ], 
      "22": [
        914784, 
        915875, 
        913835, 
        915584
      ], 
      "23": [
        290, 
        284, 
        291, 
        287
      ], 
      "24": [
        37120, 
        36352, 
        37248, 
        36736
      ], 
      "25": [
        4217, 
        6708, 
        8705, 
        6267
      ], 
      "26": [
        914437, 
        915523, 
        913488, 
        915242
      ], 
      "27": [
        543062, 
        532404, 
        540762, 
        538452
      ], 
      "28": [
        13218, 
        12708, 
        13260, 
        13025
      ], 
      "29": [
        350270, 
        356587, 
        348569, 
        353994
      ], 
      "3": [
        0, 
        0, 
        0, 
        0
      ], 
      "30": [
        0, 
        0, 
        0, 
        0
      ], 
      "31": [
        216747, 
        212498, 
        216466, 
        214758
      ], 
      "32": [
        533696, 
        543955, 
        535853, 
        535491
      ], 
      "33": [
        0, 
        0, 
        0, 
        0
      ], 
      "34": [
        316949, 
        331457, 
        319387, 
        320733
      ], 
      "35": [
        0, 
        0, 
        0, 
        0
      ], 
      "36": [
        0, 
        0, 
        0, 
        0
      ], 
      "37": [
        0, 
        0, 
        0, 
        0
      ], 
      "38": [
        0, 
        0, 
        0, 
        0
      ], 
      "39": [
        0, 
        0, 
        0, 
        0
      ], 
      "4": [
        0, 
        0, 
        0, 
        0
      ], 
      "40": [
        0, 
        0, 
        0, 
        0
      ], 
      "41": [
        0, 
        0, 
        0, 
        0
      ], 
      "42": [
        0, 
        0, 
        0, 
        0
      ], 
      "43": [
        0, 
        0, 
        0, 
        0
      ], 
      "44": [
        0, 
        0, 
        0, 
        0
      ], 
      "45": [
        0, 
        0, 
        0, 
        0
      ], 
      "46": [
        0, 
        0, 
        0, 
        0
      ], 
      "47": [
        0, 
        0, 
        0, 
        0
      ], 
      "48": [
        55240, 
        53893, 
        54705, 
        54717
      ], 
      "49": [
        15902, 
        16439, 
        15435, 
        16302
      ], 
      "5": [
        0, 
        0, 
        0, 
        0
      ], 
      "50": [
        0, 
        0, 
        0, 
        0
      ], 
      "51": [
        0, 
        0, 
        0, 
        0
      ], 
      "52": [
        43753, 
        43201, 
        44081, 
        43455
      ], 
      "53": [
        132200, 
        139201, 
        133845, 
        133944
      ], 
      "54": [
        16254, 
        15791, 
        15912, 
        15662
      ], 
      "55": [
        12814, 
        12479, 
        12568, 
        12396
      ], 
      "56": [
        12877, 
        12548, 
        12636, 
        12473
      ], 
      "57": [
        1, 
        1, 
        1, 
        1
      ], 
      "58": [
        3, 
        3, 
        3, 
        3
      ], 
      "59": [
        42, 
        42, 
        42, 
        42
      ], 
      "6": [
        0, 
        0, 
        0, 
        0
      ], 
      "60": [
        983, 
        914, 
        935, 
        843
      ], 
      "61": [
        106649, 
        104545, 
        106457, 
        105671
      ], 
      "62": [
        332, 
        332, 
        332, 
        332
      ], 
      "63": [
        0, 
        0, 
        0, 
        0
      ], 
      "7": [
        0, 
        0, 
        0, 
        0
      ], 
      "8": [
        0, 
        0, 
        0, 
        0
      ], 
      "9": [
        0, 
        0, 
        0, 
        0
      ]
    }
  }, 
  "features": {
    "GWS": [
      48, 
      48, 
      64
    ], 
    "LWS": [
      4, 
      1, 
      64
    ], 
    "OFFSET": [
      0, 
      0, 
      0
    ], 
    "compiler name": "ARM Mali OpenCL", 
    "compiler version": "5.0", 
    "cpu_freq": 1600, 
    "gpu_freq": 266, 
    "image cols": 2868, 
    "image rows": 1607, 
    "pool_dir": "pool.13", 
    "program version": "c597087", 
    "size": 48
  }, 
  "meta": {
    "device name": "Mali-T628", 
    "device type": "GPU", 
    "device vendor": "ARM", 
    "experiment type": "benchmarking", 
    "kernel name": "calc_histogram", 
    "program name": "Realeyes HOG"
  }, 
  "tags": [
    "demo", 
    "arm", 
    "codegen15"
  ], 
  "work": {
    "repl": 0, 
    "timestamp": "2015-02-25T13:06:37.489355"
  }
}