{
  "characteristics": {
    "cpu": 0.022479, 
    "gpu_copy": 0.024299, 
    "gpu_only": 0.015558, 
    "is_gpu_better": false, 
    "l2 cache and mmu counters": {
      "0": 1641604174, 
      "1": 19, 
      "10": 0, 
      "11": 0, 
      "12": 0, 
      "13": 0, 
      "14": 0, 
      "15": 0, 
      "16": 8, 
      "17": 3, 
      "18": 247, 
      "19": 4, 
      "2": 65535, 
      "20": 0, 
      "21": 0, 
      "22": 0, 
      "23": 0, 
      "24": 0, 
      "25": 0, 
      "26": 0, 
      "27": 0, 
      "28": 0, 
      "29": 0, 
      "3": 0, 
      "30": 384, 
      "31": 71838, 
      "32": 5370760, 
      "33": 4254143, 
      "34": 4252442, 
      "35": 399578, 
      "36": 452860, 
      "37": 4115086, 
      "38": 0, 
      "39": 655754, 
      "4": 135477, 
      "40": 655749, 
      "41": 2352, 
      "42": 0, 
      "43": 654953, 
      "44": 0, 
      "45": 200, 
      "46": 0, 
      "47": 0, 
      "48": 17959, 
      "49": 17959, 
      "5": 483, 
      "50": 112, 
      "51": 95, 
      "52": 6, 
      "53": 2, 
      "54": 0, 
      "55": 0, 
      "56": 0, 
      "57": 1366, 
      "58": 1, 
      "59": 0, 
      "6": 111, 
      "60": 0, 
      "61": 115508, 
      "62": 4574566, 
      "63": 1793643, 
      "7": 456, 
      "8": 410, 
      "9": 0
    }, 
    "shader core counters": {
      "0": [
        1641604174, 
        1641604174, 
        1641604174, 
        1641604174
      ], 
      "1": [
        19, 
        19, 
        19, 
        19
      ], 
      "10": [
        0, 
        0, 
        0, 
        0
      ], 
      "11": [
        0, 
        0, 
        0, 
        0
      ], 
      "12": [
        0, 
        0, 
        0, 
        0
      ], 
      "13": [
        0, 
        0, 
        0, 
        0
      ], 
      "14": [
        0, 
        0, 
        0, 
        0
      ], 
      "15": [
        0, 
        0, 
        0, 
        0
      ], 
      "16": [
        0, 
        0, 
        0, 
        0
      ], 
      "17": [
        0, 
        0, 
        0, 
        0
      ], 
      "18": [
        0, 
        0, 
        0, 
        0
      ], 
      "19": [
        0, 
        0, 
        0, 
        0
      ], 
      "2": [
        65535, 
        65535, 
        65535, 
        65535
      ], 
      "20": [
        0, 
        0, 
        0, 
        0
      ], 
      "21": [
        0, 
        0, 
        0, 
        0
      ], 
      "22": [
        8271113, 
        8274648, 
        8276638, 
        8275351
      ], 
      "23": [
        2049, 
        2032, 
        2066, 
        2045
      ], 
      "24": [
        262272, 
        260096, 
        264448, 
        261760
      ], 
      "25": [
        4592, 
        7101, 
        6780, 
        3596
      ], 
      "26": [
        8270648, 
        8274175, 
        8276170, 
        8274888
      ], 
      "27": [
        5114088, 
        5072590, 
        5125150, 
        5091124
      ], 
      "28": [
        146033, 
        144713, 
        147065, 
        144766
      ], 
      "29": [
        2963238, 
        2993615, 
        2956027, 
        2986147
      ], 
      "3": [
        0, 
        0, 
        0, 
        0
      ], 
      "30": [
        0, 
        0, 
        0, 
        0
      ], 
      "31": [
        1856894, 
        1842952, 
        1863514, 
        1849962
      ], 
      "32": [
        4554582, 
        4657573, 
        4558706, 
        4618210
      ], 
      "33": [
        0, 
        0, 
        0, 
        0
      ], 
      "34": [
        2697688, 
        2814621, 
        2695192, 
        2768248
      ], 
      "35": [
        0, 
        0, 
        0, 
        0
      ], 
      "36": [
        0, 
        0, 
        0, 
        0
      ], 
      "37": [
        0, 
        0, 
        0, 
        0
      ], 
      "38": [
        0, 
        0, 
        0, 
        0
      ], 
      "39": [
        0, 
        0, 
        0, 
        0
      ], 
      "4": [
        0, 
        0, 
        0, 
        0
      ], 
      "40": [
        0, 
        0, 
        0, 
        0
      ], 
      "41": [
        0, 
        0, 
        0, 
        0
      ], 
      "42": [
        0, 
        0, 
        0, 
        0
      ], 
      "43": [
        0, 
        0, 
        0, 
        0
      ], 
      "44": [
        0, 
        0, 
        0, 
        0
      ], 
      "45": [
        0, 
        0, 
        0, 
        0
      ], 
      "46": [
        0, 
        0, 
        0, 
        0
      ], 
      "47": [
        0, 
        0, 
        0, 
        0
      ], 
      "48": [
        476063, 
        472242, 
        477270, 
        473714
      ], 
      "49": [
        168927, 
        181402, 
        167755, 
        177643
      ], 
      "5": [
        0, 
        0, 
        0, 
        0
      ], 
      "50": [
        0, 
        0, 
        0, 
        0
      ], 
      "51": [
        0, 
        0, 
        0, 
        0
      ], 
      "52": [
        416883, 
        414108, 
        418305, 
        415637
      ], 
      "53": [
        1061719, 
        1109712, 
        1062734, 
        1090043
      ], 
      "54": [
        164509, 
        164532, 
        162820, 
        163080
      ], 
      "55": [
        113116, 
        113131, 
        112298, 
        112372
      ], 
      "56": [
        114007, 
        114038, 
        113190, 
        113275
      ], 
      "57": [
        1, 
        1, 
        1, 
        1
      ], 
      "58": [
        3, 
        3, 
        3, 
        3
      ], 
      "59": [
        42, 
        42, 
        43, 
        42
      ], 
      "6": [
        0, 
        0, 
        0, 
        0
      ], 
      "60": [
        13919, 
        13881, 
        13586, 
        13649
      ], 
      "61": [
        972307, 
        964932, 
        975113, 
        968261
      ], 
      "62": [
        332, 
        332, 
        332, 
        332
      ], 
      "63": [
        0, 
        0, 
        8, 
        0
      ], 
      "7": [
        0, 
        0, 
        0, 
        0
      ], 
      "8": [
        0, 
        0, 
        0, 
        0
      ], 
      "9": [
        0, 
        0, 
        0, 
        0
      ]
    }
  }, 
  "features": {
    "GWS": [
      12, 
      12, 
      64
    ], 
    "LWS": [
      4, 
      1, 
      64
    ], 
    "OFFSET": [
      0, 
      0, 
      0
    ], 
    "compiler name": "ARM Mali OpenCL", 
    "compiler version": "5.0", 
    "cpu_freq": 1600, 
    "gpu_freq": 533, 
    "image cols": 2422, 
    "image rows": 2066, 
    "pool_dir": "pool.15", 
    "program version": "c597087", 
    "size": 128
  }, 
  "meta": {
    "device name": "Mali-T628", 
    "device type": "GPU", 
    "device vendor": "ARM", 
    "experiment type": "benchmarking", 
    "kernel name": "calc_histogram", 
    "program name": "Realeyes HOG"
  }, 
  "tags": [
    "demo", 
    "arm", 
    "codegen15"
  ], 
  "work": {
    "repl": 1, 
    "timestamp": "2015-02-22T02:09:36.383971"
  }
}