{
  "characteristics": {
    "cpu": 0.003205, 
    "gpu_copy": 0.012525, 
    "gpu_only": 0.003994, 
    "is_gpu_better": false, 
    "l2 cache and mmu counters": {
      "0": 820223696, 
      "1": 10, 
      "10": 0, 
      "11": 0, 
      "12": 0, 
      "13": 0, 
      "14": 0, 
      "15": 0, 
      "16": 8, 
      "17": 3, 
      "18": 195, 
      "19": 4, 
      "2": 65535, 
      "20": 0, 
      "21": 0, 
      "22": 0, 
      "23": 0, 
      "24": 0, 
      "25": 0, 
      "26": 0, 
      "27": 0, 
      "28": 0, 
      "29": 0, 
      "3": 0, 
      "30": 134, 
      "31": 13474, 
      "32": 714429, 
      "33": 574466, 
      "34": 573513, 
      "35": 51347, 
      "36": 58002, 
      "37": 554978, 
      "38": 0, 
      "39": 77477, 
      "4": 13847, 
      "40": 77472, 
      "41": 365, 
      "42": 0, 
      "43": 77362, 
      "44": 0, 
      "45": 76, 
      "46": 0, 
      "47": 0, 
      "48": 3368, 
      "49": 3368, 
      "5": 183, 
      "50": 42, 
      "51": 33, 
      "52": 4, 
      "53": 2, 
      "54": 0, 
      "55": 0, 
      "56": 0, 
      "57": 0, 
      "58": 2, 
      "59": 0, 
      "6": 72, 
      "60": 0, 
      "61": 15476, 
      "62": 609417, 
      "63": 290563, 
      "7": 305, 
      "8": 142, 
      "9": 0
    }, 
    "shader core counters": {
      "0": [
        820223696, 
        820223696, 
        820223696, 
        820223696
      ], 
      "1": [
        10, 
        10, 
        10, 
        10
      ], 
      "10": [
        0, 
        0, 
        0, 
        0
      ], 
      "11": [
        0, 
        0, 
        0, 
        0
      ], 
      "12": [
        0, 
        0, 
        0, 
        0
      ], 
      "13": [
        0, 
        0, 
        0, 
        0
      ], 
      "14": [
        0, 
        0, 
        0, 
        0
      ], 
      "15": [
        0, 
        0, 
        0, 
        0
      ], 
      "16": [
        0, 
        0, 
        0, 
        0
      ], 
      "17": [
        0, 
        0, 
        0, 
        0
      ], 
      "18": [
        0, 
        0, 
        0, 
        0
      ], 
      "19": [
        0, 
        0, 
        0, 
        0
      ], 
      "2": [
        65535, 
        65535, 
        65535, 
        65535
      ], 
      "20": [
        0, 
        0, 
        0, 
        0
      ], 
      "21": [
        0, 
        0, 
        0, 
        0
      ], 
      "22": [
        1062022, 
        1060774, 
        1062059, 
        1060758
      ], 
      "23": [
        294, 
        286, 
        288, 
        284
      ], 
      "24": [
        37632, 
        36608, 
        36864, 
        36352
      ], 
      "25": [
        4985, 
        5363, 
        6313, 
        5085
      ], 
      "26": [
        1061606, 
        1060347, 
        1061637, 
        1060338
      ], 
      "27": [
        639766, 
        629094, 
        633780, 
        631308
      ], 
      "28": [
        17147, 
        16514, 
        16555, 
        16547
      ], 
      "29": [
        391309, 
        399543, 
        400091, 
        400023
      ], 
      "3": [
        0, 
        0, 
        0, 
        0
      ], 
      "30": [
        0, 
        0, 
        0, 
        0
      ], 
      "31": [
        244152, 
        239504, 
        241867, 
        239824
      ], 
      "32": [
        603058, 
        624581, 
        605922, 
        608621
      ], 
      "33": [
        0, 
        0, 
        0, 
        0
      ], 
      "34": [
        358906, 
        385077, 
        364055, 
        368797
      ], 
      "35": [
        0, 
        0, 
        0, 
        0
      ], 
      "36": [
        0, 
        0, 
        0, 
        0
      ], 
      "37": [
        0, 
        0, 
        0, 
        0
      ], 
      "38": [
        0, 
        0, 
        0, 
        0
      ], 
      "39": [
        0, 
        0, 
        0, 
        0
      ], 
      "4": [
        0, 
        0, 
        0, 
        0
      ], 
      "40": [
        0, 
        0, 
        0, 
        0
      ], 
      "41": [
        0, 
        0, 
        0, 
        0
      ], 
      "42": [
        0, 
        0, 
        0, 
        0
      ], 
      "43": [
        0, 
        0, 
        0, 
        0
      ], 
      "44": [
        0, 
        0, 
        0, 
        0
      ], 
      "45": [
        0, 
        0, 
        0, 
        0
      ], 
      "46": [
        0, 
        0, 
        0, 
        0
      ], 
      "47": [
        0, 
        0, 
        0, 
        0
      ], 
      "48": [
        61301, 
        60309, 
        61135, 
        60753
      ], 
      "49": [
        20098, 
        23313, 
        20037, 
        21072
      ], 
      "5": [
        0, 
        0, 
        0, 
        0
      ], 
      "50": [
        0, 
        0, 
        0, 
        0
      ], 
      "51": [
        0, 
        0, 
        0, 
        0
      ], 
      "52": [
        53412, 
        52400, 
        52749, 
        52240
      ], 
      "53": [
        147571, 
        157726, 
        150153, 
        151962
      ], 
      "54": [
        18920, 
        19491, 
        19770, 
        19002
      ], 
      "55": [
        14142, 
        14536, 
        14840, 
        14330
      ], 
      "56": [
        14208, 
        14608, 
        14902, 
        14401
      ], 
      "57": [
        1, 
        1, 
        1, 
        1
      ], 
      "58": [
        3, 
        3, 
        3, 
        3
      ], 
      "59": [
        44, 
        44, 
        42, 
        44
      ], 
      "6": [
        0, 
        0, 
        0, 
        0
      ], 
      "60": [
        1397, 
        1502, 
        1470, 
        1337
      ], 
      "61": [
        124268, 
        122008, 
        123285, 
        122328
      ], 
      "62": [
        0, 
        0, 
        332, 
        332
      ], 
      "63": [
        24, 
        24, 
        0, 
        16
      ], 
      "7": [
        0, 
        0, 
        0, 
        0
      ], 
      "8": [
        0, 
        0, 
        0, 
        0
      ], 
      "9": [
        0, 
        0, 
        0, 
        0
      ]
    }
  }, 
  "features": {
    "GWS": [
      48, 
      48, 
      64
    ], 
    "LWS": [
      4, 
      1, 
      64
    ], 
    "OFFSET": [
      0, 
      0, 
      0
    ], 
    "compiler name": "ARM Mali OpenCL", 
    "compiler version": "5.0", 
    "cpu_freq": 1600, 
    "gpu_freq": 266, 
    "image cols": 2582, 
    "image rows": 1940, 
    "pool_dir": "pool.06", 
    "program version": "c597087", 
    "size": 48
  }, 
  "meta": {
    "device name": "Mali-T628", 
    "device type": "GPU", 
    "device vendor": "ARM", 
    "experiment type": "benchmarking", 
    "kernel name": "calc_histogram", 
    "program name": "Realeyes HOG"
  }, 
  "tags": [
    "demo", 
    "arm", 
    "codegen15"
  ], 
  "work": {
    "repl": 0, 
    "timestamp": "2015-02-25T12:51:14.980756"
  }
}