{
  "characteristics": {
    "cpu": 0.00303, 
    "gpu_copy": 0.013073, 
    "gpu_only": 0.002145, 
    "is_gpu_better": false, 
    "l2 cache and mmu counters": {
      "0": 376842223, 
      "1": 13, 
      "10": 0, 
      "11": 0, 
      "12": 0, 
      "13": 0, 
      "14": 0, 
      "15": 0, 
      "16": 9, 
      "17": 3, 
      "18": 255, 
      "19": 7, 
      "2": 65535, 
      "20": 0, 
      "21": 0, 
      "22": 0, 
      "23": 0, 
      "24": 0, 
      "25": 0, 
      "26": 0, 
      "27": 0, 
      "28": 0, 
      "29": 0, 
      "3": 0, 
      "30": 100, 
      "31": 13410, 
      "32": 814454, 
      "33": 664628, 
      "34": 663310, 
      "35": 56248, 
      "36": 62877, 
      "37": 644134, 
      "38": 0, 
      "39": 82461, 
      "4": 16036, 
      "40": 82456, 
      "41": 339, 
      "42": 0, 
      "43": 82381, 
      "44": 0, 
      "45": 65, 
      "46": 0, 
      "47": 0, 
      "48": 3352, 
      "49": 3352, 
      "5": 186, 
      "50": 30, 
      "51": 24, 
      "52": 6, 
      "53": 2, 
      "54": 0, 
      "55": 0, 
      "56": 0, 
      "57": 59, 
      "58": 2, 
      "59": 0, 
      "6": 97, 
      "60": 0, 
      "61": 16678, 
      "62": 702562, 
      "63": 407949, 
      "7": 397, 
      "8": 148, 
      "9": 0
    }, 
    "shader core counters": {
      "0": [
        376842223, 
        376842223, 
        376842223, 
        376842223
      ], 
      "1": [
        13, 
        13, 
        13, 
        13
      ], 
      "10": [
        0, 
        0, 
        0, 
        0
      ], 
      "11": [
        0, 
        0, 
        0, 
        0
      ], 
      "12": [
        0, 
        0, 
        0, 
        0
      ], 
      "13": [
        0, 
        0, 
        0, 
        0
      ], 
      "14": [
        0, 
        0, 
        0, 
        0
      ], 
      "15": [
        0, 
        0, 
        0, 
        0
      ], 
      "16": [
        0, 
        0, 
        0, 
        0
      ], 
      "17": [
        0, 
        0, 
        0, 
        0
      ], 
      "18": [
        0, 
        0, 
        0, 
        0
      ], 
      "19": [
        0, 
        0, 
        0, 
        0
      ], 
      "2": [
        65535, 
        65535, 
        65535, 
        65535
      ], 
      "20": [
        0, 
        0, 
        0, 
        0
      ], 
      "21": [
        0, 
        0, 
        0, 
        0
      ], 
      "22": [
        1139309, 
        1140993, 
        1137425, 
        1140616
      ], 
      "23": [
        296, 
        281, 
        285, 
        290
      ], 
      "24": [
        37888, 
        35968, 
        36480, 
        37120
      ], 
      "25": [
        6518, 
        15886, 
        11642, 
        11689
      ], 
      "26": [
        1138845, 
        1140520, 
        1136958, 
        1140152
      ], 
      "27": [
        644320, 
        628586, 
        635170, 
        636506
      ], 
      "28": [
        16287, 
        15392, 
        15460, 
        15734
      ], 
      "29": [
        456079, 
        465796, 
        464579, 
        464738
      ], 
      "3": [
        0, 
        0, 
        0, 
        0
      ], 
      "30": [
        0, 
        0, 
        0, 
        0
      ], 
      "31": [
        254028, 
        248118, 
        251488, 
        251033
      ], 
      "32": [
        702815, 
        730386, 
        710060, 
        723696
      ], 
      "33": [
        0, 
        0, 
        0, 
        0
      ], 
      "34": [
        448787, 
        482268, 
        458572, 
        472663
      ], 
      "35": [
        0, 
        0, 
        0, 
        0
      ], 
      "36": [
        0, 
        0, 
        0, 
        0
      ], 
      "37": [
        0, 
        0, 
        0, 
        0
      ], 
      "38": [
        0, 
        0, 
        0, 
        0
      ], 
      "39": [
        0, 
        0, 
        0, 
        0
      ], 
      "4": [
        0, 
        0, 
        0, 
        0
      ], 
      "40": [
        0, 
        0, 
        0, 
        0
      ], 
      "41": [
        0, 
        0, 
        0, 
        0
      ], 
      "42": [
        0, 
        0, 
        0, 
        0
      ], 
      "43": [
        0, 
        0, 
        0, 
        0
      ], 
      "44": [
        0, 
        0, 
        0, 
        0
      ], 
      "45": [
        0, 
        0, 
        0, 
        0
      ], 
      "46": [
        0, 
        0, 
        0, 
        0
      ], 
      "47": [
        0, 
        0, 
        0, 
        0
      ], 
      "48": [
        60859, 
        59694, 
        60673, 
        60042
      ], 
      "49": [
        25511, 
        28668, 
        24784, 
        27290
      ], 
      "5": [
        0, 
        0, 
        0, 
        0
      ], 
      "50": [
        0, 
        0, 
        0, 
        0
      ], 
      "51": [
        0, 
        0, 
        0, 
        0
      ], 
      "52": [
        58570, 
        57319, 
        57952, 
        58060
      ], 
      "53": [
        183969, 
        198171, 
        189704, 
        194173
      ], 
      "54": [
        20261, 
        20275, 
        21070, 
        20527
      ], 
      "55": [
        15419, 
        15500, 
        16219, 
        15612
      ], 
      "56": [
        15483, 
        15548, 
        16286, 
        15670
      ], 
      "57": [
        1, 
        1, 
        1, 
        1
      ], 
      "58": [
        3, 
        3, 
        3, 
        3
      ], 
      "59": [
        42, 
        42, 
        42, 
        42
      ], 
      "6": [
        0, 
        0, 
        0, 
        0
      ], 
      "60": [
        1581, 
        1616, 
        1640, 
        1672
      ], 
      "61": [
        128810, 
        126087, 
        127856, 
        127356
      ], 
      "62": [
        332, 
        332, 
        332, 
        332
      ], 
      "63": [
        0, 
        0, 
        0, 
        0
      ], 
      "7": [
        0, 
        0, 
        0, 
        0
      ], 
      "8": [
        0, 
        0, 
        0, 
        0
      ], 
      "9": [
        0, 
        0, 
        0, 
        0
      ]
    }
  }, 
  "features": {
    "GWS": [
      48, 
      48, 
      64
    ], 
    "LWS": [
      4, 
      1, 
      64
    ], 
    "OFFSET": [
      0, 
      0, 
      0
    ], 
    "compiler name": "ARM Mali OpenCL", 
    "compiler version": "5.0", 
    "cpu_freq": 1600, 
    "gpu_freq": 533, 
    "image cols": 3074, 
    "image rows": 2185, 
    "pool_dir": "pool.14", 
    "program version": "c597087", 
    "size": 48
  }, 
  "meta": {
    "device name": "Mali-T628", 
    "device type": "GPU", 
    "device vendor": "ARM", 
    "experiment type": "benchmarking", 
    "kernel name": "calc_histogram", 
    "program name": "Realeyes HOG"
  }, 
  "tags": [
    "demo", 
    "arm", 
    "codegen15"
  ], 
  "work": {
    "repl": 0, 
    "timestamp": "2015-02-25T12:59:53.296451"
  }
}