{
  "characteristics": {
    "cpu": 0.000751, 
    "gpu_copy": 0.002726, 
    "gpu_only": 0.000245, 
    "is_gpu_better": false, 
    "l2 cache and mmu counters": {
      "0": 4023355107, 
      "1": 26, 
      "10": 0, 
      "11": 0, 
      "12": 0, 
      "13": 0, 
      "14": 0, 
      "15": 0, 
      "16": 8, 
      "17": 2, 
      "18": 261, 
      "19": 4, 
      "2": 65535, 
      "20": 0, 
      "21": 0, 
      "22": 0, 
      "23": 0, 
      "24": 0, 
      "25": 0, 
      "26": 0, 
      "27": 0, 
      "28": 0, 
      "29": 0, 
      "3": 0, 
      "30": 98, 
      "31": 3554, 
      "32": 90191, 
      "33": 69519, 
      "34": 68166, 
      "35": 5965, 
      "36": 6491, 
      "37": 66769, 
      "38": 0, 
      "39": 10020, 
      "4": 419, 
      "40": 10015, 
      "41": 92, 
      "42": 0, 
      "43": 9977, 
      "44": 0, 
      "45": 42, 
      "46": 0, 
      "47": 0, 
      "48": 888, 
      "49": 888, 
      "5": 62, 
      "50": 32, 
      "51": 24, 
      "52": 4, 
      "53": 2, 
      "54": 0, 
      "55": 0, 
      "56": 0, 
      "57": 0, 
      "58": 6, 
      "59": 0, 
      "6": 78, 
      "60": 0, 
      "61": 1853, 
      "62": 71083, 
      "63": 35814, 
      "7": 153, 
      "8": 33, 
      "9": 0
    }, 
    "shader core counters": {
      "0": [
        4023355107, 
        4023355107, 
        4023355107, 
        4023355107
      ], 
      "1": [
        26, 
        26, 
        26, 
        26
      ], 
      "10": [
        0, 
        0, 
        0, 
        0
      ], 
      "11": [
        0, 
        0, 
        0, 
        0
      ], 
      "12": [
        0, 
        0, 
        0, 
        0
      ], 
      "13": [
        0, 
        0, 
        0, 
        0
      ], 
      "14": [
        0, 
        0, 
        0, 
        0
      ], 
      "15": [
        0, 
        0, 
        0, 
        0
      ], 
      "16": [
        0, 
        0, 
        0, 
        0
      ], 
      "17": [
        0, 
        0, 
        0, 
        0
      ], 
      "18": [
        0, 
        0, 
        0, 
        0
      ], 
      "19": [
        0, 
        0, 
        0, 
        0
      ], 
      "2": [
        65535, 
        65535, 
        65535, 
        65535
      ], 
      "20": [
        0, 
        0, 
        0, 
        0
      ], 
      "21": [
        0, 
        0, 
        0, 
        0
      ], 
      "22": [
        129161, 
        129317, 
        130078, 
        127828
      ], 
      "23": [
        32, 
        31, 
        34, 
        31
      ], 
      "24": [
        4096, 
        3968, 
        4352, 
        3968
      ], 
      "25": [
        3683, 
        6499, 
        4351, 
        9044
      ], 
      "26": [
        128562, 
        128714, 
        129470, 
        127234
      ], 
      "27": [
        71170, 
        69680, 
        73694, 
        69224
      ], 
      "28": [
        1879, 
        1832, 
        1902, 
        1791
      ], 
      "29": [
        46980, 
        49133, 
        47964, 
        45605
      ], 
      "3": [
        0, 
        0, 
        0, 
        0
      ], 
      "30": [
        0, 
        0, 
        0, 
        0
      ], 
      "31": [
        27705, 
        26958, 
        28232, 
        26889
      ], 
      "32": [
        75337, 
        78391, 
        74463, 
        76676
      ], 
      "33": [
        0, 
        0, 
        0, 
        0
      ], 
      "34": [
        47632, 
        51433, 
        46231, 
        49787
      ], 
      "35": [
        0, 
        0, 
        0, 
        0
      ], 
      "36": [
        0, 
        0, 
        0, 
        0
      ], 
      "37": [
        0, 
        0, 
        0, 
        0
      ], 
      "38": [
        0, 
        0, 
        0, 
        0
      ], 
      "39": [
        0, 
        0, 
        0, 
        0
      ], 
      "4": [
        0, 
        0, 
        0, 
        0
      ], 
      "40": [
        0, 
        0, 
        0, 
        0
      ], 
      "41": [
        0, 
        0, 
        0, 
        0
      ], 
      "42": [
        0, 
        0, 
        0, 
        0
      ], 
      "43": [
        0, 
        0, 
        0, 
        0
      ], 
      "44": [
        0, 
        0, 
        0, 
        0
      ], 
      "45": [
        0, 
        0, 
        0, 
        0
      ], 
      "46": [
        0, 
        0, 
        0, 
        0
      ], 
      "47": [
        0, 
        0, 
        0, 
        0
      ], 
      "48": [
        6839, 
        6581, 
        7034, 
        6601
      ], 
      "49": [
        3994, 
        4961, 
        4664, 
        4034
      ], 
      "5": [
        0, 
        0, 
        0, 
        0
      ], 
      "50": [
        0, 
        0, 
        0, 
        0
      ], 
      "51": [
        0, 
        0, 
        0, 
        0
      ], 
      "52": [
        6228, 
        6127, 
        6236, 
        6092
      ], 
      "53": [
        18835, 
        19936, 
        17512, 
        19867
      ], 
      "54": [
        2470, 
        2501, 
        2431, 
        2511
      ], 
      "55": [
        1642, 
        1625, 
        1568, 
        1666
      ], 
      "56": [
        1634, 
        1630, 
        1561, 
        1669
      ], 
      "57": [
        1, 
        1, 
        1, 
        1
      ], 
      "58": [
        3, 
        3, 
        3, 
        3
      ], 
      "59": [
        42, 
        43, 
        43, 
        43
      ], 
      "6": [
        0, 
        0, 
        0, 
        0
      ], 
      "60": [
        52, 
        49, 
        42, 
        51
      ], 
      "61": [
        14124, 
        13735, 
        14356, 
        13700
      ], 
      "62": [
        332, 
        332, 
        332, 
        332
      ], 
      "63": [
        0, 
        8, 
        16, 
        16
      ], 
      "7": [
        0, 
        0, 
        0, 
        0
      ], 
      "8": [
        0, 
        0, 
        0, 
        0
      ], 
      "9": [
        0, 
        0, 
        0, 
        0
      ]
    }
  }, 
  "features": {
    "GWS": [
      16, 
      16, 
      64
    ], 
    "LWS": [
      4, 
      1, 
      64
    ], 
    "OFFSET": [
      0, 
      0, 
      0
    ], 
    "compiler name": "ARM Mali OpenCL", 
    "compiler version": "5.0", 
    "cpu_freq": 1600, 
    "gpu_freq": 533, 
    "image cols": 1072, 
    "image rows": 804, 
    "pool_dir": "pool.22", 
    "program version": "c597087", 
    "size": 16
  }, 
  "meta": {
    "device name": "Mali-T628", 
    "device type": "GPU", 
    "device vendor": "ARM", 
    "experiment type": "benchmarking", 
    "kernel name": "calc_histogram", 
    "program name": "Realeyes HOG"
  }, 
  "tags": [
    "demo", 
    "arm", 
    "codegen15"
  ], 
  "work": {
    "repl": 0, 
    "timestamp": "2015-02-22T02:32:08.352258"
  }
}