{
  "characteristics": {
    "cpu": 0.010853, 
    "gpu_copy": 0.020592, 
    "gpu_only": 0.003797, 
    "is_gpu_better": false, 
    "l2 cache and mmu counters": {
      "0": 4290586948, 
      "1": 14, 
      "10": 0, 
      "11": 0, 
      "12": 0, 
      "13": 0, 
      "14": 0, 
      "15": 0, 
      "16": 8, 
      "17": 3, 
      "18": 240, 
      "19": 4, 
      "2": 65535, 
      "20": 0, 
      "21": 0, 
      "22": 0, 
      "23": 0, 
      "24": 0, 
      "25": 0, 
      "26": 0, 
      "27": 0, 
      "28": 0, 
      "29": 0, 
      "3": 0, 
      "30": 119, 
      "31": 20470, 
      "32": 1448335, 
      "33": 1184474, 
      "34": 1183076, 
      "35": 100511, 
      "36": 111917, 
      "37": 1146913, 
      "38": 0, 
      "39": 147197, 
      "4": 27960, 
      "40": 147192, 
      "41": 535, 
      "42": 0, 
      "43": 147057, 
      "44": 0, 
      "45": 65, 
      "46": 0, 
      "47": 0, 
      "48": 5117, 
      "49": 5117, 
      "5": 220, 
      "50": 34, 
      "51": 29, 
      "52": 5, 
      "53": 2, 
      "54": 0, 
      "55": 0, 
      "56": 0, 
      "57": 168, 
      "58": 1, 
      "59": 0, 
      "6": 82, 
      "60": 0, 
      "61": 29896, 
      "62": 1256002, 
      "63": 725829, 
      "7": 464, 
      "8": 174, 
      "9": 0
    }, 
    "shader core counters": {
      "0": [
        4290586948, 
        4290586948, 
        4290586948, 
        4290586948
      ], 
      "1": [
        14, 
        14, 
        14, 
        14
      ], 
      "10": [
        0, 
        0, 
        0, 
        0
      ], 
      "11": [
        0, 
        0, 
        0, 
        0
      ], 
      "12": [
        0, 
        0, 
        0, 
        0
      ], 
      "13": [
        0, 
        0, 
        0, 
        0
      ], 
      "14": [
        0, 
        0, 
        0, 
        0
      ], 
      "15": [
        0, 
        0, 
        0, 
        0
      ], 
      "16": [
        0, 
        0, 
        0, 
        0
      ], 
      "17": [
        0, 
        0, 
        0, 
        0
      ], 
      "18": [
        0, 
        0, 
        0, 
        0
      ], 
      "19": [
        0, 
        0, 
        0, 
        0
      ], 
      "2": [
        65535, 
        65535, 
        65535, 
        65535
      ], 
      "20": [
        0, 
        0, 
        0, 
        0
      ], 
      "21": [
        0, 
        0, 
        0, 
        0
      ], 
      "22": [
        2019485, 
        2018124, 
        2018765, 
        2019374
      ], 
      "23": [
        526, 
        498, 
        517, 
        507
      ], 
      "24": [
        67328, 
        63744, 
        66176, 
        64896
      ], 
      "25": [
        16555, 
        19626, 
        11871, 
        26392
      ], 
      "26": [
        2019024, 
        2017654, 
        2018301, 
        2018913
      ], 
      "27": [
        1154788, 
        1112016, 
        1149502, 
        1126966
      ], 
      "28": [
        28737, 
        27319, 
        28526, 
        27369
      ], 
      "29": [
        806711, 
        830984, 
        812365, 
        826217
      ], 
      "3": [
        0, 
        0, 
        0, 
        0
      ], 
      "30": [
        0, 
        0, 
        0, 
        0
      ], 
      "31": [
        453928, 
        438708, 
        451470, 
        444445
      ], 
      "32": [
        1236076, 
        1306102, 
        1247937, 
        1276750
      ], 
      "33": [
        0, 
        0, 
        0, 
        0
      ], 
      "34": [
        782148, 
        867394, 
        796467, 
        832305
      ], 
      "35": [
        0, 
        0, 
        0, 
        0
      ], 
      "36": [
        0, 
        0, 
        0, 
        0
      ], 
      "37": [
        0, 
        0, 
        0, 
        0
      ], 
      "38": [
        0, 
        0, 
        0, 
        0
      ], 
      "39": [
        0, 
        0, 
        0, 
        0
      ], 
      "4": [
        0, 
        0, 
        0, 
        0
      ], 
      "40": [
        0, 
        0, 
        0, 
        0
      ], 
      "41": [
        0, 
        0, 
        0, 
        0
      ], 
      "42": [
        0, 
        0, 
        0, 
        0
      ], 
      "43": [
        0, 
        0, 
        0, 
        0
      ], 
      "44": [
        0, 
        0, 
        0, 
        0
      ], 
      "45": [
        0, 
        0, 
        0, 
        0
      ], 
      "46": [
        0, 
        0, 
        0, 
        0
      ], 
      "47": [
        0, 
        0, 
        0, 
        0
      ], 
      "48": [
        109066, 
        105058, 
        108500, 
        106905
      ], 
      "49": [
        44778, 
        52527, 
        43797, 
        48791
      ], 
      "5": [
        0, 
        0, 
        0, 
        0
      ], 
      "50": [
        0, 
        0, 
        0, 
        0
      ], 
      "51": [
        0, 
        0, 
        0, 
        0
      ], 
      "52": [
        104492, 
        101758, 
        104279, 
        102594
      ], 
      "53": [
        320250, 
        355987, 
        328216, 
        341812
      ], 
      "54": [
        36326, 
        36770, 
        37304, 
        36829
      ], 
      "55": [
        27361, 
        27899, 
        28332, 
        27868
      ], 
      "56": [
        27600, 
        28135, 
        28583, 
        28116
      ], 
      "57": [
        1, 
        1, 
        1, 
        1
      ], 
      "58": [
        3, 
        3, 
        3, 
        3
      ], 
      "59": [
        42, 
        42, 
        42, 
        43
      ], 
      "6": [
        0, 
        0, 
        0, 
        0
      ], 
      "60": [
        2811, 
        2818, 
        2896, 
        2867
      ], 
      "61": [
        230404, 
        222902, 
        229343, 
        225834
      ], 
      "62": [
        332, 
        332, 
        332, 
        332
      ], 
      "63": [
        0, 
        0, 
        0, 
        8
      ], 
      "7": [
        0, 
        0, 
        0, 
        0
      ], 
      "8": [
        0, 
        0, 
        0, 
        0
      ], 
      "9": [
        0, 
        0, 
        0, 
        0
      ]
    }
  }, 
  "features": {
    "GWS": [
      64, 
      64, 
      64
    ], 
    "LWS": [
      4, 
      1, 
      64
    ], 
    "OFFSET": [
      0, 
      0, 
      0
    ], 
    "compiler name": "ARM Mali OpenCL", 
    "compiler version": "5.0", 
    "cpu_freq": 800, 
    "gpu_freq": 533, 
    "image cols": 3074, 
    "image rows": 2185, 
    "pool_dir": "pool.14", 
    "program version": "c597087", 
    "size": 64
  }, 
  "meta": {
    "device name": "Mali-T628", 
    "device type": "GPU", 
    "device vendor": "ARM", 
    "experiment type": "benchmarking", 
    "kernel name": "calc_histogram", 
    "program name": "Realeyes HOG"
  }, 
  "tags": [
    "demo", 
    "arm", 
    "codegen15"
  ], 
  "work": {
    "repl": 2, 
    "timestamp": "2015-02-22T01:56:32.179068"
  }
}