{
  "characteristics": {
    "cpu": 0.02197, 
    "gpu_copy": 0.017099, 
    "gpu_only": 0.014895, 
    "is_gpu_better": true, 
    "l2 cache and mmu counters": {
      "0": 602326002, 
      "1": 20, 
      "10": 0, 
      "11": 0, 
      "12": 0, 
      "13": 0, 
      "14": 0, 
      "15": 0, 
      "16": 8, 
      "17": 3, 
      "18": 231, 
      "19": 4, 
      "2": 65535, 
      "20": 0, 
      "21": 0, 
      "22": 0, 
      "23": 0, 
      "24": 0, 
      "25": 0, 
      "26": 0, 
      "27": 0, 
      "28": 0, 
      "29": 0, 
      "3": 0, 
      "30": 336, 
      "31": 41678, 
      "32": 5282453, 
      "33": 4241459, 
      "34": 4240212, 
      "35": 385341, 
      "36": 436250, 
      "37": 4120248, 
      "38": 0, 
      "39": 597982, 
      "4": 146, 
      "40": 597977, 
      "41": 1433, 
      "42": 0, 
      "43": 597410, 
      "44": 0, 
      "45": 78, 
      "46": 0, 
      "47": 0, 
      "48": 10419, 
      "49": 10419, 
      "5": 54, 
      "50": 89, 
      "51": 83, 
      "52": 6, 
      "53": 2, 
      "54": 0, 
      "55": 0, 
      "56": 0, 
      "57": 701, 
      "58": 3, 
      "59": 0, 
      "6": 76, 
      "60": 0, 
      "61": 107858, 
      "62": 4547035, 
      "63": 2025739, 
      "7": 135, 
      "8": 27, 
      "9": 0
    }, 
    "shader core counters": {
      "0": [
        602326002, 
        602326002, 
        602326002, 
        602326002
      ], 
      "1": [
        20, 
        20, 
        20, 
        20
      ], 
      "10": [
        0, 
        0, 
        0, 
        0
      ], 
      "11": [
        0, 
        0, 
        0, 
        0
      ], 
      "12": [
        0, 
        0, 
        0, 
        0
      ], 
      "13": [
        0, 
        0, 
        0, 
        0
      ], 
      "14": [
        0, 
        0, 
        0, 
        0
      ], 
      "15": [
        0, 
        0, 
        0, 
        0
      ], 
      "16": [
        0, 
        0, 
        0, 
        0
      ], 
      "17": [
        0, 
        0, 
        0, 
        0
      ], 
      "18": [
        0, 
        0, 
        0, 
        0
      ], 
      "19": [
        0, 
        0, 
        0, 
        0
      ], 
      "2": [
        65535, 
        65535, 
        65535, 
        65535
      ], 
      "20": [
        0, 
        0, 
        0, 
        0
      ], 
      "21": [
        0, 
        0, 
        0, 
        0
      ], 
      "22": [
        7923661, 
        7920737, 
        7922798, 
        7922329
      ], 
      "23": [
        2046, 
        2038, 
        2062, 
        2046
      ], 
      "24": [
        261888, 
        260864, 
        263936, 
        261888
      ], 
      "25": [
        5729, 
        7145, 
        6043, 
        7348
      ], 
      "26": [
        7923204, 
        7920274, 
        7922340, 
        7921876
      ], 
      "27": [
        4769686, 
        4747494, 
        4787366, 
        4769328
      ], 
      "28": [
        127046, 
        127019, 
        127760, 
        127321
      ], 
      "29": [
        2962917, 
        2964801, 
        2948445, 
        2960460
      ], 
      "3": [
        0, 
        0, 
        0, 
        0
      ], 
      "30": [
        0, 
        0, 
        0, 
        0
      ], 
      "31": [
        1802166, 
        1793574, 
        1810310, 
        1802648
      ], 
      "32": [
        4439828, 
        4485528, 
        4410410, 
        4454462
      ], 
      "33": [
        0, 
        0, 
        0, 
        0
      ], 
      "34": [
        2637662, 
        2691954, 
        2600100, 
        2651814
      ], 
      "35": [
        0, 
        0, 
        0, 
        0
      ], 
      "36": [
        0, 
        0, 
        0, 
        0
      ], 
      "37": [
        0, 
        0, 
        0, 
        0
      ], 
      "38": [
        0, 
        0, 
        0, 
        0
      ], 
      "39": [
        0, 
        0, 
        0, 
        0
      ], 
      "4": [
        0, 
        0, 
        0, 
        0
      ], 
      "40": [
        0, 
        0, 
        0, 
        0
      ], 
      "41": [
        0, 
        0, 
        0, 
        0
      ], 
      "42": [
        0, 
        0, 
        0, 
        0
      ], 
      "43": [
        0, 
        0, 
        0, 
        0
      ], 
      "44": [
        0, 
        0, 
        0, 
        0
      ], 
      "45": [
        0, 
        0, 
        0, 
        0
      ], 
      "46": [
        0, 
        0, 
        0, 
        0
      ], 
      "47": [
        0, 
        0, 
        0, 
        0
      ], 
      "48": [
        448999, 
        447196, 
        450981, 
        449747
      ], 
      "49": [
        167451, 
        178900, 
        166071, 
        177722
      ], 
      "5": [
        0, 
        0, 
        0, 
        0
      ], 
      "50": [
        0, 
        0, 
        0, 
        0
      ], 
      "51": [
        0, 
        0, 
        0, 
        0
      ], 
      "52": [
        407503, 
        405255, 
        408979, 
        407060
      ], 
      "53": [
        1110332, 
        1127619, 
        1092867, 
        1107925
      ], 
      "54": [
        151364, 
        147310, 
        149802, 
        148371
      ], 
      "55": [
        110409, 
        107533, 
        109391, 
        107708
      ], 
      "56": [
        110904, 
        108028, 
        109886, 
        108198
      ], 
      "57": [
        1, 
        1, 
        1, 
        1
      ], 
      "58": [
        3, 
        3, 
        3, 
        3
      ], 
      "59": [
        42, 
        42, 
        42, 
        42
      ], 
      "6": [
        0, 
        0, 
        0, 
        0
      ], 
      "60": [
        16, 
        15, 
        16, 
        16
      ], 
      "61": [
        928119, 
        923711, 
        931867, 
        928428
      ], 
      "62": [
        332, 
        332, 
        332, 
        332
      ], 
      "63": [
        0, 
        0, 
        0, 
        0
      ], 
      "7": [
        0, 
        0, 
        0, 
        0
      ], 
      "8": [
        0, 
        0, 
        0, 
        0
      ], 
      "9": [
        0, 
        0, 
        0, 
        0
      ]
    }
  }, 
  "features": {
    "GWS": [
      12, 
      12, 
      64
    ], 
    "LWS": [
      4, 
      1, 
      64
    ], 
    "OFFSET": [
      0, 
      0, 
      0
    ], 
    "compiler name": "ARM Mali OpenCL", 
    "compiler version": "5.0", 
    "cpu_freq": 1600, 
    "gpu_freq": 533, 
    "image cols": 816, 
    "image rows": 612, 
    "pool_dir": "pool.21", 
    "program version": "c597087", 
    "size": 128
  }, 
  "meta": {
    "device name": "Mali-T628", 
    "device type": "GPU", 
    "device vendor": "ARM", 
    "experiment type": "benchmarking", 
    "kernel name": "calc_histogram", 
    "program name": "Realeyes HOG"
  }, 
  "tags": [
    "demo", 
    "arm", 
    "codegen15"
  ], 
  "work": {
    "repl": 2, 
    "timestamp": "2015-02-22T02:11:52.051188"
  }
}