{
  "characteristics": {
    "cpu": 0.001057, 
    "gpu_copy": 0.012608, 
    "gpu_only": 0.000404, 
    "is_gpu_better": false, 
    "l2 cache and mmu counters": {
      "0": 525069587, 
      "1": 19, 
      "10": 0, 
      "11": 0, 
      "12": 0, 
      "13": 0, 
      "14": 0, 
      "15": 0, 
      "16": 9, 
      "17": 3, 
      "18": 191, 
      "19": 7, 
      "2": 65535, 
      "20": 0, 
      "21": 0, 
      "22": 0, 
      "23": 0, 
      "24": 0, 
      "25": 0, 
      "26": 0, 
      "27": 0, 
      "28": 0, 
      "29": 0, 
      "3": 0, 
      "30": 90, 
      "31": 3274, 
      "32": 73082, 
      "33": 55461, 
      "34": 54575, 
      "35": 5004, 
      "36": 5463, 
      "37": 53050, 
      "38": 0, 
      "39": 8014, 
      "4": 1322, 
      "40": 8003, 
      "41": 76, 
      "42": 0, 
      "43": 7971, 
      "44": 0, 
      "45": 51, 
      "46": 0, 
      "47": 0, 
      "48": 818, 
      "49": 818, 
      "5": 113, 
      "50": 26, 
      "51": 22, 
      "52": 4, 
      "53": 2, 
      "54": 0, 
      "55": 0, 
      "56": 0, 
      "57": 0, 
      "58": 2, 
      "59": 0, 
      "6": 103, 
      "60": 0, 
      "61": 1464, 
      "62": 57127, 
      "63": 26737, 
      "7": 261, 
      "8": 80, 
      "9": 0
    }, 
    "shader core counters": {
      "0": [
        525069587, 
        525069587, 
        525069587, 
        525069587
      ], 
      "1": [
        19, 
        19, 
        19, 
        19
      ], 
      "10": [
        0, 
        0, 
        0, 
        0
      ], 
      "11": [
        0, 
        0, 
        0, 
        0
      ], 
      "12": [
        0, 
        0, 
        0, 
        0
      ], 
      "13": [
        0, 
        0, 
        0, 
        0
      ], 
      "14": [
        0, 
        0, 
        0, 
        0
      ], 
      "15": [
        0, 
        0, 
        0, 
        0
      ], 
      "16": [
        0, 
        0, 
        0, 
        0
      ], 
      "17": [
        0, 
        0, 
        0, 
        0
      ], 
      "18": [
        0, 
        0, 
        0, 
        0
      ], 
      "19": [
        0, 
        0, 
        0, 
        0
      ], 
      "2": [
        65535, 
        65535, 
        65535, 
        65535
      ], 
      "20": [
        0, 
        0, 
        0, 
        0
      ], 
      "21": [
        0, 
        0, 
        0, 
        0
      ], 
      "22": [
        107018, 
        106652, 
        107170, 
        106872
      ], 
      "23": [
        32, 
        31, 
        33, 
        32
      ], 
      "24": [
        4096, 
        3968, 
        4224, 
        4096
      ], 
      "25": [
        4715, 
        4724, 
        4390, 
        5579
      ], 
      "26": [
        106647, 
        106276, 
        106799, 
        106506
      ], 
      "27": [
        61066, 
        57452, 
        61940, 
        60102
      ], 
      "28": [
        1499, 
        1414, 
        1544, 
        1497
      ], 
      "29": [
        40057, 
        39125, 
        38020, 
        38653
      ], 
      "3": [
        0, 
        0, 
        0, 
        0
      ], 
      "30": [
        0, 
        0, 
        0, 
        0
      ], 
      "31": [
        24436, 
        22889, 
        24821, 
        23860
      ], 
      "32": [
        61148, 
        63847, 
        59870, 
        59437
      ], 
      "33": [
        0, 
        0, 
        0, 
        0
      ], 
      "34": [
        36712, 
        40958, 
        35049, 
        35577
      ], 
      "35": [
        0, 
        0, 
        0, 
        0
      ], 
      "36": [
        0, 
        0, 
        0, 
        0
      ], 
      "37": [
        0, 
        0, 
        0, 
        0
      ], 
      "38": [
        0, 
        0, 
        0, 
        0
      ], 
      "39": [
        0, 
        0, 
        0, 
        0
      ], 
      "4": [
        0, 
        0, 
        0, 
        0
      ], 
      "40": [
        0, 
        0, 
        0, 
        0
      ], 
      "41": [
        0, 
        0, 
        0, 
        0
      ], 
      "42": [
        0, 
        0, 
        0, 
        0
      ], 
      "43": [
        0, 
        0, 
        0, 
        0
      ], 
      "44": [
        0, 
        0, 
        0, 
        0
      ], 
      "45": [
        0, 
        0, 
        0, 
        0
      ], 
      "46": [
        0, 
        0, 
        0, 
        0
      ], 
      "47": [
        0, 
        0, 
        0, 
        0
      ], 
      "48": [
        6260, 
        5592, 
        6356, 
        6075
      ], 
      "49": [
        2715, 
        2617, 
        2621, 
        2807
      ], 
      "5": [
        0, 
        0, 
        0, 
        0
      ], 
      "50": [
        0, 
        0, 
        0, 
        0
      ], 
      "51": [
        0, 
        0, 
        0, 
        0
      ], 
      "52": [
        4934, 
        4832, 
        4994, 
        4826
      ], 
      "53": [
        14320, 
        16506, 
        13533, 
        13618
      ], 
      "54": [
        2022, 
        2096, 
        1883, 
        1957
      ], 
      "55": [
        1413, 
        1452, 
        1270, 
        1322
      ], 
      "56": [
        1416, 
        1465, 
        1274, 
        1335
      ], 
      "57": [
        1, 
        1, 
        1, 
        1
      ], 
      "58": [
        3, 
        3, 
        3, 
        3
      ], 
      "59": [
        42, 
        42, 
        42, 
        42
      ], 
      "6": [
        0, 
        0, 
        0, 
        0
      ], 
      "60": [
        127, 
        152, 
        139, 
        136
      ], 
      "61": [
        12038, 
        11240, 
        12218, 
        11738
      ], 
      "62": [
        332, 
        332, 
        332, 
        332
      ], 
      "63": [
        0, 
        0, 
        0, 
        0
      ], 
      "7": [
        0, 
        0, 
        0, 
        0
      ], 
      "8": [
        0, 
        0, 
        0, 
        0
      ], 
      "9": [
        0, 
        0, 
        0, 
        0
      ]
    }
  }, 
  "features": {
    "GWS": [
      16, 
      16, 
      64
    ], 
    "LWS": [
      4, 
      1, 
      64
    ], 
    "OFFSET": [
      0, 
      0, 
      0
    ], 
    "compiler name": "ARM Mali OpenCL", 
    "compiler version": "5.0", 
    "cpu_freq": 800, 
    "gpu_freq": 266, 
    "image cols": 2868, 
    "image rows": 1607, 
    "pool_dir": "pool.13", 
    "program version": "c597087", 
    "size": 16
  }, 
  "meta": {
    "device name": "Mali-T628", 
    "device type": "GPU", 
    "device vendor": "ARM", 
    "experiment type": "benchmarking", 
    "kernel name": "calc_histogram", 
    "program name": "Realeyes HOG"
  }, 
  "tags": [
    "demo", 
    "arm", 
    "codegen15"
  ], 
  "work": {
    "repl": 0, 
    "timestamp": "2015-02-22T02:08:50.074528"
  }
}