{
  "characteristics": {
    "cpu": 0.003372, 
    "gpu_copy": 0.015666, 
    "gpu_only": 0.00104, 
    "is_gpu_better": false, 
    "l2 cache and mmu counters": {
      "0": 2755135453, 
      "1": 10, 
      "10": 0, 
      "11": 0, 
      "12": 0, 
      "13": 0, 
      "14": 0, 
      "15": 0, 
      "16": 8, 
      "17": 3, 
      "18": 245, 
      "19": 4, 
      "2": 65535, 
      "20": 0, 
      "21": 0, 
      "22": 0, 
      "23": 0, 
      "24": 0, 
      "25": 0, 
      "26": 0, 
      "27": 0, 
      "28": 0, 
      "29": 0, 
      "3": 0, 
      "30": 115, 
      "31": 9198, 
      "32": 382967, 
      "33": 306922, 
      "34": 305610, 
      "35": 26708, 
      "36": 29804, 
      "37": 296212, 
      "38": 0, 
      "39": 41922, 
      "4": 8383, 
      "40": 41917, 
      "41": 205, 
      "42": 0, 
      "43": 41872, 
      "44": 0, 
      "45": 77, 
      "46": 0, 
      "47": 0, 
      "48": 2299, 
      "49": 2299, 
      "5": 141, 
      "50": 39, 
      "51": 28, 
      "52": 5, 
      "53": 2, 
      "54": 0, 
      "55": 0, 
      "56": 0, 
      "57": 94, 
      "58": 9, 
      "59": 0, 
      "6": 287, 
      "60": 0, 
      "61": 7925, 
      "62": 324301, 
      "63": 167161, 
      "7": 477, 
      "8": 107, 
      "9": 0
    }, 
    "shader core counters": {
      "0": [
        2755135453, 
        2755135453, 
        2755135453, 
        2755135453
      ], 
      "1": [
        10, 
        10, 
        10, 
        10
      ], 
      "10": [
        0, 
        0, 
        0, 
        0
      ], 
      "11": [
        0, 
        0, 
        0, 
        0
      ], 
      "12": [
        0, 
        0, 
        0, 
        0
      ], 
      "13": [
        0, 
        0, 
        0, 
        0
      ], 
      "14": [
        0, 
        0, 
        0, 
        0
      ], 
      "15": [
        0, 
        0, 
        0, 
        0
      ], 
      "16": [
        0, 
        0, 
        0, 
        0
      ], 
      "17": [
        0, 
        0, 
        0, 
        0
      ], 
      "18": [
        0, 
        0, 
        0, 
        0
      ], 
      "19": [
        0, 
        0, 
        0, 
        0
      ], 
      "2": [
        65535, 
        65535, 
        65535, 
        65535
      ], 
      "20": [
        0, 
        0, 
        0, 
        0
      ], 
      "21": [
        0, 
        0, 
        0, 
        0
      ], 
      "22": [
        549580, 
        553156, 
        552582, 
        551624
      ], 
      "23": [
        123, 
        131, 
        132, 
        126
      ], 
      "24": [
        15744, 
        16768, 
        16896, 
        16128
      ], 
      "25": [
        4238, 
        9168, 
        12123, 
        6722
      ], 
      "26": [
        549123, 
        552693, 
        552124, 
        551171
      ], 
      "27": [
        313154, 
        315740, 
        310980, 
        312428
      ], 
      "28": [
        8236, 
        8208, 
        8134, 
        8109
      ], 
      "29": [
        216587, 
        213798, 
        215689, 
        218420
      ], 
      "3": [
        0, 
        0, 
        0, 
        0
      ], 
      "30": [
        0, 
        0, 
        0, 
        0
      ], 
      "31": [
        117741, 
        118745, 
        118669, 
        118137
      ], 
      "32": [
        324654, 
        330883, 
        334912, 
        339196
      ], 
      "33": [
        0, 
        0, 
        0, 
        0
      ], 
      "34": [
        206913, 
        212138, 
        216243, 
        221059
      ], 
      "35": [
        0, 
        0, 
        0, 
        0
      ], 
      "36": [
        0, 
        0, 
        0, 
        0
      ], 
      "37": [
        0, 
        0, 
        0, 
        0
      ], 
      "38": [
        0, 
        0, 
        0, 
        0
      ], 
      "39": [
        0, 
        0, 
        0, 
        0
      ], 
      "4": [
        0, 
        0, 
        0, 
        0
      ], 
      "40": [
        0, 
        0, 
        0, 
        0
      ], 
      "41": [
        0, 
        0, 
        0, 
        0
      ], 
      "42": [
        0, 
        0, 
        0, 
        0
      ], 
      "43": [
        0, 
        0, 
        0, 
        0
      ], 
      "44": [
        0, 
        0, 
        0, 
        0
      ], 
      "45": [
        0, 
        0, 
        0, 
        0
      ], 
      "46": [
        0, 
        0, 
        0, 
        0
      ], 
      "47": [
        0, 
        0, 
        0, 
        0
      ], 
      "48": [
        28934, 
        29050, 
        28850, 
        28863
      ], 
      "49": [
        13910, 
        15566, 
        14585, 
        15602
      ], 
      "5": [
        0, 
        0, 
        0, 
        0
      ], 
      "50": [
        0, 
        0, 
        0, 
        0
      ], 
      "51": [
        0, 
        0, 
        0, 
        0
      ], 
      "52": [
        27770, 
        27684, 
        27709, 
        27817
      ], 
      "53": [
        82918, 
        83652, 
        86430, 
        88126
      ], 
      "54": [
        10399, 
        9901, 
        10846, 
        10612
      ], 
      "55": [
        7501, 
        6955, 
        7647, 
        7616
      ], 
      "56": [
        7547, 
        6992, 
        7690, 
        7652
      ], 
      "57": [
        1, 
        1, 
        1, 
        1
      ], 
      "58": [
        3, 
        3, 
        3, 
        3
      ], 
      "59": [
        42, 
        42, 
        43, 
        42
      ], 
      "6": [
        0, 
        0, 
        0, 
        0
      ], 
      "60": [
        776, 
        863, 
        914, 
        887
      ], 
      "61": [
        61450, 
        61444, 
        61255, 
        61423
      ], 
      "62": [
        332, 
        332, 
        332, 
        332
      ], 
      "63": [
        8, 
        0, 
        8, 
        0
      ], 
      "7": [
        0, 
        0, 
        0, 
        0
      ], 
      "8": [
        0, 
        0, 
        0, 
        0
      ], 
      "9": [
        0, 
        0, 
        0, 
        0
      ]
    }
  }, 
  "features": {
    "GWS": [
      32, 
      32, 
      64
    ], 
    "LWS": [
      4, 
      1, 
      64
    ], 
    "OFFSET": [
      0, 
      0, 
      0
    ], 
    "compiler name": "ARM Mali OpenCL", 
    "compiler version": "5.0", 
    "cpu_freq": 800, 
    "gpu_freq": 533, 
    "image cols": 2126, 
    "image rows": 2658, 
    "pool_dir": "pool.04", 
    "program version": "c597087", 
    "size": 32
  }, 
  "meta": {
    "device name": "Mali-T628", 
    "device type": "GPU", 
    "device vendor": "ARM", 
    "experiment type": "benchmarking", 
    "kernel name": "calc_histogram", 
    "program name": "Realeyes HOG"
  }, 
  "tags": [
    "demo", 
    "arm", 
    "codegen15"
  ], 
  "work": {
    "repl": 2, 
    "timestamp": "2015-02-25T12:52:35.716482"
  }
}