{
  "characteristics": {
    "cpu": 0.034479, 
    "gpu_copy": 0.024509, 
    "gpu_only": 0.011072, 
    "is_gpu_better": true, 
    "l2 cache and mmu counters": {
      "0": 481387180, 
      "1": 22, 
      "10": 0, 
      "11": 0, 
      "12": 0, 
      "13": 0, 
      "14": 0, 
      "15": 0, 
      "16": 8, 
      "17": 3, 
      "18": 239, 
      "19": 4, 
      "2": 65535, 
      "20": 0, 
      "21": 0, 
      "22": 0, 
      "23": 0, 
      "24": 0, 
      "25": 0, 
      "26": 0, 
      "27": 0, 
      "28": 0, 
      "29": 0, 
      "3": 0, 
      "30": 192, 
      "31": 45286, 
      "32": 3618624, 
      "33": 2877791, 
      "34": 2876395, 
      "35": 271454, 
      "36": 316657, 
      "37": 2771775, 
      "38": 0, 
      "39": 418096, 
      "4": 52157, 
      "40": 418091, 
      "41": 1318, 
      "42": 0, 
      "43": 417712, 
      "44": 0, 
      "45": 116, 
      "46": 0, 
      "47": 0, 
      "48": 11321, 
      "49": 11321, 
      "5": 197, 
      "50": 53, 
      "51": 47, 
      "52": 6, 
      "53": 2, 
      "54": 0, 
      "55": 0, 
      "56": 0, 
      "57": 572, 
      "58": 1, 
      "59": 0, 
      "6": 121, 
      "60": 0, 
      "61": 92413, 
      "62": 3039360, 
      "63": 1203499, 
      "7": 375, 
      "8": 153, 
      "9": 0
    }, 
    "shader core counters": {
      "0": [
        481387180, 
        481387180, 
        481387180, 
        481387180
      ], 
      "1": [
        22, 
        22, 
        22, 
        22
      ], 
      "10": [
        0, 
        0, 
        0, 
        0
      ], 
      "11": [
        0, 
        0, 
        0, 
        0
      ], 
      "12": [
        0, 
        0, 
        0, 
        0
      ], 
      "13": [
        0, 
        0, 
        0, 
        0
      ], 
      "14": [
        0, 
        0, 
        0, 
        0
      ], 
      "15": [
        0, 
        0, 
        0, 
        0
      ], 
      "16": [
        0, 
        0, 
        0, 
        0
      ], 
      "17": [
        0, 
        0, 
        0, 
        0
      ], 
      "18": [
        0, 
        0, 
        0, 
        0
      ], 
      "19": [
        0, 
        0, 
        0, 
        0
      ], 
      "2": [
        65535, 
        65535, 
        65535, 
        65535
      ], 
      "20": [
        0, 
        0, 
        0, 
        0
      ], 
      "21": [
        0, 
        0, 
        0, 
        0
      ], 
      "22": [
        5890604, 
        5889968, 
        5890277, 
        5890244
      ], 
      "23": [
        2053, 
        2044, 
        2059, 
        2036
      ], 
      "24": [
        262784, 
        261632, 
        263552, 
        260608
      ], 
      "25": [
        62651, 
        46500, 
        52384, 
        68684
      ], 
      "26": [
        5890150, 
        5889506, 
        5889821, 
        5889791
      ], 
      "27": [
        3729006, 
        3709912, 
        3736514, 
        3700152
      ], 
      "28": [
        99810, 
        98560, 
        99809, 
        98386
      ], 
      "29": [
        2017552, 
        2038314, 
        2014983, 
        2035649
      ], 
      "3": [
        0, 
        0, 
        0, 
        0
      ], 
      "30": [
        0, 
        0, 
        0, 
        0
      ], 
      "31": [
        1436285, 
        1432178, 
        1438800, 
        1426401
      ], 
      "32": [
        3170956, 
        3220358, 
        3167489, 
        3196620
      ], 
      "33": [
        0, 
        0, 
        0, 
        0
      ], 
      "34": [
        1734671, 
        1788180, 
        1728689, 
        1770219
      ], 
      "35": [
        0, 
        0, 
        0, 
        0
      ], 
      "36": [
        0, 
        0, 
        0, 
        0
      ], 
      "37": [
        0, 
        0, 
        0, 
        0
      ], 
      "38": [
        0, 
        0, 
        0, 
        0
      ], 
      "39": [
        0, 
        0, 
        0, 
        0
      ], 
      "4": [
        0, 
        0, 
        0, 
        0
      ], 
      "40": [
        0, 
        0, 
        0, 
        0
      ], 
      "41": [
        0, 
        0, 
        0, 
        0
      ], 
      "42": [
        0, 
        0, 
        0, 
        0
      ], 
      "43": [
        0, 
        0, 
        0, 
        0
      ], 
      "44": [
        0, 
        0, 
        0, 
        0
      ], 
      "45": [
        0, 
        0, 
        0, 
        0
      ], 
      "46": [
        0, 
        0, 
        0, 
        0
      ], 
      "47": [
        0, 
        0, 
        0, 
        0
      ], 
      "48": [
        388024, 
        386985, 
        388704, 
        385512
      ], 
      "49": [
        90970, 
        94793, 
        89571, 
        92710
      ], 
      "5": [
        0, 
        0, 
        0, 
        0
      ], 
      "50": [
        0, 
        0, 
        0, 
        0
      ], 
      "51": [
        0, 
        0, 
        0, 
        0
      ], 
      "52": [
        263330, 
        262733, 
        263848, 
        261496
      ], 
      "53": [
        706823, 
        729567, 
        704643, 
        722848
      ], 
      "54": [
        104243, 
        103879, 
        104707, 
        104763
      ], 
      "55": [
        78438, 
        78626, 
        79207, 
        79371
      ], 
      "56": [
        78913, 
        79089, 
        79683, 
        79852
      ], 
      "57": [
        1, 
        1, 
        1, 
        1
      ], 
      "58": [
        3, 
        3, 
        3, 
        3
      ], 
      "59": [
        42, 
        43, 
        42, 
        42
      ], 
      "6": [
        0, 
        0, 
        0, 
        0
      ], 
      "60": [
        5518, 
        5490, 
        5575, 
        5530
      ], 
      "61": [
        705010, 
        703021, 
        706200, 
        700248
      ], 
      "62": [
        332, 
        332, 
        332, 
        332
      ], 
      "63": [
        0, 
        16, 
        0, 
        8
      ], 
      "7": [
        0, 
        0, 
        0, 
        0
      ], 
      "8": [
        0, 
        0, 
        0, 
        0
      ], 
      "9": [
        0, 
        0, 
        0, 
        0
      ]
    }
  }, 
  "features": {
    "GWS": [
      12, 
      12, 
      64
    ], 
    "LWS": [
      4, 
      1, 
      64
    ], 
    "OFFSET": [
      0, 
      0, 
      0
    ], 
    "compiler name": "ARM Mali OpenCL", 
    "compiler version": "5.0", 
    "cpu_freq": 800, 
    "gpu_freq": 533, 
    "image cols": 3000, 
    "image rows": 1639, 
    "pool_dir": "pool.11", 
    "program version": "c597087", 
    "size": 128
  }, 
  "meta": {
    "device name": "Mali-T628", 
    "device type": "GPU", 
    "device vendor": "ARM", 
    "experiment type": "benchmarking", 
    "kernel name": "calc_histogram", 
    "program name": "Realeyes HOG"
  }, 
  "tags": [
    "demo", 
    "arm", 
    "codegen15"
  ], 
  "work": {
    "repl": 0, 
    "timestamp": "2015-02-22T02:17:45.150871"
  }
}