{
  "characteristics": {
    "cpu": 0.005191, 
    "gpu_copy": 0.007396, 
    "gpu_only": 0.003805, 
    "is_gpu_better": false, 
    "l2 cache and mmu counters": {
      "0": 475267308, 
      "1": 17, 
      "10": 0, 
      "11": 0, 
      "12": 0, 
      "13": 0, 
      "14": 0, 
      "15": 0, 
      "16": 8, 
      "17": 3, 
      "18": 163, 
      "19": 4, 
      "2": 65535, 
      "20": 0, 
      "21": 0, 
      "22": 0, 
      "23": 0, 
      "24": 0, 
      "25": 0, 
      "26": 0, 
      "27": 0, 
      "28": 0, 
      "29": 0, 
      "3": 0, 
      "30": 100, 
      "31": 8874, 
      "32": 717768, 
      "33": 589756, 
      "34": 588931, 
      "35": 48895, 
      "36": 54891, 
      "37": 570215, 
      "38": 0, 
      "39": 68766, 
      "4": 331, 
      "40": 68761, 
      "41": 188, 
      "42": 0, 
      "43": 68702, 
      "44": 0, 
      "45": 60, 
      "46": 0, 
      "47": 0, 
      "48": 2218, 
      "49": 2218, 
      "5": 64, 
      "50": 30, 
      "51": 24, 
      "52": 6, 
      "53": 2, 
      "54": 0, 
      "55": 0, 
      "56": 0, 
      "57": 0, 
      "58": 0, 
      "59": 0, 
      "6": 48, 
      "60": 0, 
      "61": 16897, 
      "62": 614909, 
      "63": 391696, 
      "7": 95, 
      "8": 31, 
      "9": 0
    }, 
    "shader core counters": {
      "0": [
        475267308, 
        475267308, 
        475267308, 
        475267308
      ], 
      "1": [
        17, 
        17, 
        17, 
        17
      ], 
      "10": [
        0, 
        0, 
        0, 
        0
      ], 
      "11": [
        0, 
        0, 
        0, 
        0
      ], 
      "12": [
        0, 
        0, 
        0, 
        0
      ], 
      "13": [
        0, 
        0, 
        0, 
        0
      ], 
      "14": [
        0, 
        0, 
        0, 
        0
      ], 
      "15": [
        0, 
        0, 
        0, 
        0
      ], 
      "16": [
        0, 
        0, 
        0, 
        0
      ], 
      "17": [
        0, 
        0, 
        0, 
        0
      ], 
      "18": [
        0, 
        0, 
        0, 
        0
      ], 
      "19": [
        0, 
        0, 
        0, 
        0
      ], 
      "2": [
        65535, 
        65535, 
        65535, 
        65535
      ], 
      "20": [
        0, 
        0, 
        0, 
        0
      ], 
      "21": [
        0, 
        0, 
        0, 
        0
      ], 
      "22": [
        1012005, 
        1010423, 
        1009982, 
        1012347
      ], 
      "23": [
        294, 
        276, 
        295, 
        287
      ], 
      "24": [
        37632, 
        35328, 
        37760, 
        36736
      ], 
      "25": [
        84770, 
        105351, 
        65544, 
        86408
      ], 
      "26": [
        1011662, 
        1010071, 
        1009634, 
        1012005
      ], 
      "27": [
        555988, 
        530062, 
        564582, 
        553290
      ], 
      "28": [
        13087, 
        11960, 
        13515, 
        12854
      ], 
      "29": [
        401764, 
        410081, 
        402934, 
        410544
      ], 
      "3": [
        0, 
        0, 
        0, 
        0
      ], 
      "30": [
        0, 
        0, 
        0, 
        0
      ], 
      "31": [
        225081, 
        215817, 
        226519, 
        224085
      ], 
      "32": [
        634991, 
        657109, 
        631064, 
        646450
      ], 
      "33": [
        0, 
        0, 
        0, 
        0
      ], 
      "34": [
        409910, 
        441292, 
        404545, 
        422365
      ], 
      "35": [
        0, 
        0, 
        0, 
        0
      ], 
      "36": [
        0, 
        0, 
        0, 
        0
      ], 
      "37": [
        0, 
        0, 
        0, 
        0
      ], 
      "38": [
        0, 
        0, 
        0, 
        0
      ], 
      "39": [
        0, 
        0, 
        0, 
        0
      ], 
      "4": [
        0, 
        0, 
        0, 
        0
      ], 
      "40": [
        0, 
        0, 
        0, 
        0
      ], 
      "41": [
        0, 
        0, 
        0, 
        0
      ], 
      "42": [
        0, 
        0, 
        0, 
        0
      ], 
      "43": [
        0, 
        0, 
        0, 
        0
      ], 
      "44": [
        0, 
        0, 
        0, 
        0
      ], 
      "45": [
        0, 
        0, 
        0, 
        0
      ], 
      "46": [
        0, 
        0, 
        0, 
        0
      ], 
      "47": [
        0, 
        0, 
        0, 
        0
      ], 
      "48": [
        55483, 
        53347, 
        55968, 
        55687
      ], 
      "49": [
        22002, 
        24970, 
        21143, 
        23622
      ], 
      "5": [
        0, 
        0, 
        0, 
        0
      ], 
      "50": [
        0, 
        0, 
        0, 
        0
      ], 
      "51": [
        0, 
        0, 
        0, 
        0
      ], 
      "52": [
        47712, 
        45820, 
        47915, 
        47310
      ], 
      "53": [
        179075, 
        192409, 
        177233, 
        183800
      ], 
      "54": [
        17443, 
        16709, 
        17339, 
        17101
      ], 
      "55": [
        13937, 
        13312, 
        13902, 
        13639
      ], 
      "56": [
        13968, 
        13367, 
        13951, 
        13681
      ], 
      "57": [
        1, 
        1, 
        1, 
        1
      ], 
      "58": [
        3, 
        3, 
        3, 
        3
      ], 
      "59": [
        42, 
        42, 
        43, 
        42
      ], 
      "6": [
        0, 
        0, 
        0, 
        0
      ], 
      "60": [
        31, 
        55, 
        33, 
        36
      ], 
      "61": [
        111008, 
        106620, 
        111763, 
        110694
      ], 
      "62": [
        332, 
        332, 
        332, 
        332
      ], 
      "63": [
        0, 
        0, 
        8, 
        0
      ], 
      "7": [
        0, 
        0, 
        0, 
        0
      ], 
      "8": [
        0, 
        0, 
        0, 
        0
      ], 
      "9": [
        0, 
        0, 
        0, 
        0
      ]
    }
  }, 
  "features": {
    "GWS": [
      48, 
      48, 
      64
    ], 
    "LWS": [
      4, 
      1, 
      64
    ], 
    "OFFSET": [
      0, 
      0, 
      0
    ], 
    "compiler name": "ARM Mali OpenCL", 
    "compiler version": "5.0", 
    "cpu_freq": 800, 
    "gpu_freq": 266, 
    "image cols": 1064, 
    "image rows": 629, 
    "pool_dir": "pool.07", 
    "program version": "c597087", 
    "size": 48
  }, 
  "meta": {
    "device name": "Mali-T628", 
    "device type": "GPU", 
    "device vendor": "ARM", 
    "experiment type": "benchmarking", 
    "kernel name": "calc_histogram", 
    "program name": "Realeyes HOG"
  }, 
  "tags": [
    "demo", 
    "arm", 
    "codegen15"
  ], 
  "work": {
    "repl": 1, 
    "timestamp": "2015-02-25T13:11:53.372753"
  }
}