{
  "characteristics": {
    "cpu": 0.006088, 
    "gpu_copy": 0.008248, 
    "gpu_only": 0.003946, 
    "is_gpu_better": false, 
    "l2 cache and mmu counters": {
      "0": 3462995665, 
      "1": 9, 
      "10": 0, 
      "11": 0, 
      "12": 0, 
      "13": 0, 
      "14": 0, 
      "15": 0, 
      "16": 8, 
      "17": 3, 
      "18": 161, 
      "19": 4, 
      "2": 65535, 
      "20": 0, 
      "21": 0, 
      "22": 0, 
      "23": 0, 
      "24": 0, 
      "25": 0, 
      "26": 0, 
      "27": 0, 
      "28": 0, 
      "29": 0, 
      "3": 0, 
      "30": 107, 
      "31": 10974, 
      "32": 744170, 
      "33": 606597, 
      "34": 605758, 
      "35": 51890, 
      "36": 57872, 
      "37": 587919, 
      "38": 0, 
      "39": 75285, 
      "4": 2408, 
      "40": 75280, 
      "41": 279, 
      "42": 0, 
      "43": 75212, 
      "44": 0, 
      "45": 57, 
      "46": 0, 
      "47": 0, 
      "48": 2743, 
      "49": 2743, 
      "5": 77, 
      "50": 31, 
      "51": 26, 
      "52": 5, 
      "53": 2, 
      "54": 0, 
      "55": 0, 
      "56": 0, 
      "57": 73, 
      "58": 2, 
      "59": 0, 
      "6": 67, 
      "60": 0, 
      "61": 15584, 
      "62": 641328, 
      "63": 364123, 
      "7": 119, 
      "8": 40, 
      "9": 0
    }, 
    "shader core counters": {
      "0": [
        3462995665, 
        3462995665, 
        3462995665, 
        3462995665
      ], 
      "1": [
        9, 
        9, 
        9, 
        9
      ], 
      "10": [
        0, 
        0, 
        0, 
        0
      ], 
      "11": [
        0, 
        0, 
        0, 
        0
      ], 
      "12": [
        0, 
        0, 
        0, 
        0
      ], 
      "13": [
        0, 
        0, 
        0, 
        0
      ], 
      "14": [
        0, 
        0, 
        0, 
        0
      ], 
      "15": [
        0, 
        0, 
        0, 
        0
      ], 
      "16": [
        0, 
        0, 
        0, 
        0
      ], 
      "17": [
        0, 
        0, 
        0, 
        0
      ], 
      "18": [
        0, 
        0, 
        0, 
        0
      ], 
      "19": [
        0, 
        0, 
        0, 
        0
      ], 
      "2": [
        65535, 
        65535, 
        65535, 
        65535
      ], 
      "20": [
        0, 
        0, 
        0, 
        0
      ], 
      "21": [
        0, 
        0, 
        0, 
        0
      ], 
      "22": [
        1047032, 
        1049388, 
        1049490, 
        1048662
      ], 
      "23": [
        287, 
        285, 
        290, 
        290
      ], 
      "24": [
        36736, 
        36480, 
        37120, 
        37120
      ], 
      "25": [
        20825, 
        21795, 
        18559, 
        30473
      ], 
      "26": [
        1046686, 
        1049036, 
        1049143, 
        1048320
      ], 
      "27": [
        604092, 
        594908, 
        606416, 
        602924
      ], 
      "28": [
        15155, 
        14568, 
        15113, 
        15189
      ], 
      "29": [
        410041, 
        416171, 
        409591, 
        410000
      ], 
      "3": [
        0, 
        0, 
        0, 
        0
      ], 
      "30": [
        0, 
        0, 
        0, 
        0
      ], 
      "31": [
        236875, 
        233800, 
        237792, 
        237058
      ], 
      "32": [
        633384, 
        657470, 
        628357, 
        641066
      ], 
      "33": [
        0, 
        0, 
        0, 
        0
      ], 
      "34": [
        396509, 
        423670, 
        390565, 
        404008
      ], 
      "35": [
        0, 
        0, 
        0, 
        0
      ], 
      "36": [
        0, 
        0, 
        0, 
        0
      ], 
      "37": [
        0, 
        0, 
        0, 
        0
      ], 
      "38": [
        0, 
        0, 
        0, 
        0
      ], 
      "39": [
        0, 
        0, 
        0, 
        0
      ], 
      "4": [
        0, 
        0, 
        0, 
        0
      ], 
      "40": [
        0, 
        0, 
        0, 
        0
      ], 
      "41": [
        0, 
        0, 
        0, 
        0
      ], 
      "42": [
        0, 
        0, 
        0, 
        0
      ], 
      "43": [
        0, 
        0, 
        0, 
        0
      ], 
      "44": [
        0, 
        0, 
        0, 
        0
      ], 
      "45": [
        0, 
        0, 
        0, 
        0
      ], 
      "46": [
        0, 
        0, 
        0, 
        0
      ], 
      "47": [
        0, 
        0, 
        0, 
        0
      ], 
      "48": [
        58882, 
        57553, 
        59101, 
        58610
      ], 
      "49": [
        23260, 
        26113, 
        22843, 
        24530
      ], 
      "5": [
        0, 
        0, 
        0, 
        0
      ], 
      "50": [
        0, 
        0, 
        0, 
        0
      ], 
      "51": [
        0, 
        0, 
        0, 
        0
      ], 
      "52": [
        51717, 
        51480, 
        51808, 
        51933
      ], 
      "53": [
        168346, 
        179612, 
        165782, 
        170825
      ], 
      "54": [
        19085, 
        18520, 
        18917, 
        18439
      ], 
      "55": [
        14732, 
        14273, 
        14582, 
        14203
      ], 
      "56": [
        14773, 
        14303, 
        14613, 
        14243
      ], 
      "57": [
        1, 
        1, 
        1, 
        1
      ], 
      "58": [
        3, 
        3, 
        3, 
        3
      ], 
      "59": [
        42, 
        42, 
        42, 
        42
      ], 
      "6": [
        0, 
        0, 
        0, 
        0
      ], 
      "60": [
        315, 
        252, 
        289, 
        275
      ], 
      "61": [
        119301, 
        117648, 
        119696, 
        119285
      ], 
      "62": [
        332, 
        332, 
        332, 
        332
      ], 
      "63": [
        0, 
        0, 
        0, 
        0
      ], 
      "7": [
        0, 
        0, 
        0, 
        0
      ], 
      "8": [
        0, 
        0, 
        0, 
        0
      ], 
      "9": [
        0, 
        0, 
        0, 
        0
      ]
    }
  }, 
  "features": {
    "GWS": [
      48, 
      48, 
      64
    ], 
    "LWS": [
      4, 
      1, 
      64
    ], 
    "OFFSET": [
      0, 
      0, 
      0
    ], 
    "compiler name": "ARM Mali OpenCL", 
    "compiler version": "5.0", 
    "cpu_freq": 800, 
    "gpu_freq": 266, 
    "image cols": 1232, 
    "image rows": 820, 
    "pool_dir": "pool.09", 
    "program version": "c597087", 
    "size": 48
  }, 
  "meta": {
    "device name": "Mali-T628", 
    "device type": "GPU", 
    "device vendor": "ARM", 
    "experiment type": "benchmarking", 
    "kernel name": "calc_histogram", 
    "program name": "Realeyes HOG"
  }, 
  "tags": [
    "demo", 
    "arm", 
    "codegen15"
  ], 
  "work": {
    "repl": 4, 
    "timestamp": "2015-02-25T12:50:06.277309"
  }
}