{
  "characteristics": {
    "cpu": 0.020792, 
    "gpu_copy": 0.036619, 
    "gpu_only": 0.028313, 
    "is_gpu_better": false, 
    "l2 cache and mmu counters": {
      "0": 431746525, 
      "1": 17, 
      "10": 0, 
      "11": 0, 
      "12": 0, 
      "13": 0, 
      "14": 0, 
      "15": 0, 
      "16": 9, 
      "17": 0, 
      "18": 160, 
      "19": 4, 
      "2": 65535, 
      "20": 0, 
      "21": 0, 
      "22": 0, 
      "23": 0, 
      "24": 0, 
      "25": 0, 
      "26": 0, 
      "27": 0, 
      "28": 0, 
      "29": 0, 
      "3": 0, 
      "30": 352, 
      "31": 59798, 
      "32": 5028161, 
      "33": 4039624, 
      "34": 4038611, 
      "35": 367555, 
      "36": 415473, 
      "37": 3913996, 
      "38": 0, 
      "39": 566131, 
      "4": 93910, 
      "40": 566126, 
      "41": 1893, 
      "42": 0, 
      "43": 565462, 
      "44": 0, 
      "45": 180, 
      "46": 0, 
      "47": 0, 
      "48": 14949, 
      "49": 14949, 
      "5": 261, 
      "50": 93, 
      "51": 87, 
      "52": 6, 
      "53": 2, 
      "54": 0, 
      "55": 0, 
      "56": 0, 
      "57": 276, 
      "58": 2, 
      "59": 0, 
      "6": 61, 
      "60": 0, 
      "61": 106191, 
      "62": 4325733, 
      "63": 1919484, 
      "7": 307, 
      "8": 209, 
      "9": 0
    }, 
    "shader core counters": {
      "0": [
        431746525, 
        431746525, 
        431746525, 
        431746525
      ], 
      "1": [
        17, 
        17, 
        17, 
        17
      ], 
      "10": [
        0, 
        0, 
        0, 
        0
      ], 
      "11": [
        0, 
        0, 
        0, 
        0
      ], 
      "12": [
        0, 
        0, 
        0, 
        0
      ], 
      "13": [
        0, 
        0, 
        0, 
        0
      ], 
      "14": [
        0, 
        0, 
        0, 
        0
      ], 
      "15": [
        0, 
        0, 
        0, 
        0
      ], 
      "16": [
        0, 
        0, 
        0, 
        0
      ], 
      "17": [
        0, 
        0, 
        0, 
        0
      ], 
      "18": [
        0, 
        0, 
        0, 
        0
      ], 
      "19": [
        0, 
        0, 
        0, 
        0
      ], 
      "2": [
        65535, 
        65535, 
        65535, 
        65535
      ], 
      "20": [
        0, 
        0, 
        0, 
        0
      ], 
      "21": [
        0, 
        0, 
        0, 
        0
      ], 
      "22": [
        7531018, 
        7530456, 
        7530336, 
        7529038
      ], 
      "23": [
        2042, 
        2039, 
        2070, 
        2041
      ], 
      "24": [
        261376, 
        260992, 
        264960, 
        261248
      ], 
      "25": [
        6242, 
        9025, 
        9485, 
        13947
      ], 
      "26": [
        7530673, 
        7530104, 
        7529989, 
        7528696
      ], 
      "27": [
        4548042, 
        4516386, 
        4565424, 
        4519432
      ], 
      "28": [
        119934, 
        119174, 
        121424, 
        119095
      ], 
      "29": [
        2814876, 
        2837391, 
        2799482, 
        2834587
      ], 
      "3": [
        0, 
        0, 
        0, 
        0
      ], 
      "30": [
        0, 
        0, 
        0, 
        0
      ], 
      "31": [
        1728925, 
        1717923, 
        1733475, 
        1718249
      ], 
      "32": [
        4203142, 
        4273552, 
        4212185, 
        4289488
      ], 
      "33": [
        0, 
        0, 
        0, 
        0
      ], 
      "34": [
        2474217, 
        2555629, 
        2478710, 
        2571239
      ], 
      "35": [
        0, 
        0, 
        0, 
        0
      ], 
      "36": [
        0, 
        0, 
        0, 
        0
      ], 
      "37": [
        0, 
        0, 
        0, 
        0
      ], 
      "38": [
        0, 
        0, 
        0, 
        0
      ], 
      "39": [
        0, 
        0, 
        0, 
        0
      ], 
      "4": [
        0, 
        0, 
        0, 
        0
      ], 
      "40": [
        0, 
        0, 
        0, 
        0
      ], 
      "41": [
        0, 
        0, 
        0, 
        0
      ], 
      "42": [
        0, 
        0, 
        0, 
        0
      ], 
      "43": [
        0, 
        0, 
        0, 
        0
      ], 
      "44": [
        0, 
        0, 
        0, 
        0
      ], 
      "45": [
        0, 
        0, 
        0, 
        0
      ], 
      "46": [
        0, 
        0, 
        0, 
        0
      ], 
      "47": [
        0, 
        0, 
        0, 
        0
      ], 
      "48": [
        437628, 
        433747, 
        436882, 
        432830
      ], 
      "49": [
        142510, 
        155530, 
        142374, 
        149855
      ], 
      "5": [
        0, 
        0, 
        0, 
        0
      ], 
      "50": [
        0, 
        0, 
        0, 
        0
      ], 
      "51": [
        0, 
        0, 
        0, 
        0
      ], 
      "52": [
        377818, 
        375929, 
        379297, 
        376784
      ], 
      "53": [
        1014138, 
        1044835, 
        1015392, 
        1056647
      ], 
      "54": [
        141307, 
        139699, 
        142137, 
        142316
      ], 
      "55": [
        103521, 
        102270, 
        103813, 
        104426
      ], 
      "56": [
        104221, 
        102964, 
        104512, 
        105127
      ], 
      "57": [
        1, 
        1, 
        1, 
        1
      ], 
      "58": [
        3, 
        3, 
        3, 
        3
      ], 
      "59": [
        43, 
        42, 
        42, 
        42
      ], 
      "6": [
        0, 
        0, 
        0, 
        0
      ], 
      "60": [
        9696, 
        9468, 
        9956, 
        9714
      ], 
      "61": [
        883066, 
        876849, 
        884233, 
        876816
      ], 
      "62": [
        332, 
        332, 
        332, 
        332
      ], 
      "63": [
        8, 
        0, 
        0, 
        0
      ], 
      "7": [
        0, 
        0, 
        0, 
        0
      ], 
      "8": [
        0, 
        0, 
        0, 
        0
      ], 
      "9": [
        0, 
        0, 
        0, 
        0
      ]
    }
  }, 
  "features": {
    "GWS": [
      12, 
      12, 
      64
    ], 
    "LWS": [
      4, 
      1, 
      64
    ], 
    "OFFSET": [
      0, 
      0, 
      0
    ], 
    "compiler name": "ARM Mali OpenCL", 
    "compiler version": "5.0", 
    "cpu_freq": 1600, 
    "gpu_freq": 266, 
    "image cols": 2582, 
    "image rows": 1940, 
    "pool_dir": "pool.06", 
    "program version": "c597087", 
    "size": 128
  }, 
  "meta": {
    "device name": "Mali-T628", 
    "device type": "GPU", 
    "device vendor": "ARM", 
    "experiment type": "benchmarking", 
    "kernel name": "calc_histogram", 
    "program name": "Realeyes HOG"
  }, 
  "tags": [
    "demo", 
    "arm", 
    "codegen15"
  ], 
  "work": {
    "repl": 2, 
    "timestamp": "2015-02-22T02:02:48.156434"
  }
}