{
  "characteristics": {
    "cpu": 0.001363, 
    "gpu_copy": 0.008746, 
    "gpu_only": 0.000788, 
    "is_gpu_better": false, 
    "l2 cache and mmu counters": {
      "0": 2564543611, 
      "1": 17, 
      "10": 0, 
      "11": 0, 
      "12": 0, 
      "13": 0, 
      "14": 0, 
      "15": 0, 
      "16": 9, 
      "17": 2, 
      "18": 257, 
      "19": 7, 
      "2": 65535, 
      "20": 0, 
      "21": 0, 
      "22": 0, 
      "23": 0, 
      "24": 0, 
      "25": 0, 
      "26": 0, 
      "27": 0, 
      "28": 0, 
      "29": 0, 
      "3": 0, 
      "30": 110, 
      "31": 6658, 
      "32": 295328, 
      "33": 238214, 
      "34": 236889, 
      "35": 20613, 
      "36": 22891, 
      "37": 230246, 
      "38": 0, 
      "39": 29968, 
      "4": 4399, 
      "40": 29963, 
      "41": 168, 
      "42": 0, 
      "43": 29911, 
      "44": 0, 
      "45": 45, 
      "46": 0, 
      "47": 0, 
      "48": 1664, 
      "49": 1664, 
      "5": 126, 
      "50": 31, 
      "51": 27, 
      "52": 4, 
      "53": 2, 
      "54": 0, 
      "55": 0, 
      "56": 0, 
      "57": 0, 
      "58": 0, 
      "59": 0, 
      "6": 105, 
      "60": 0, 
      "61": 6070, 
      "62": 250820, 
      "63": 136370, 
      "7": 314, 
      "8": 98, 
      "9": 0
    }, 
    "shader core counters": {
      "0": [
        2564543611, 
        2564543611, 
        2564543611, 
        2564543611
      ], 
      "1": [
        17, 
        17, 
        17, 
        17
      ], 
      "10": [
        0, 
        0, 
        0, 
        0
      ], 
      "11": [
        0, 
        0, 
        0, 
        0
      ], 
      "12": [
        0, 
        0, 
        0, 
        0
      ], 
      "13": [
        0, 
        0, 
        0, 
        0
      ], 
      "14": [
        0, 
        0, 
        0, 
        0
      ], 
      "15": [
        0, 
        0, 
        0, 
        0
      ], 
      "16": [
        0, 
        0, 
        0, 
        0
      ], 
      "17": [
        0, 
        0, 
        0, 
        0
      ], 
      "18": [
        0, 
        0, 
        0, 
        0
      ], 
      "19": [
        0, 
        0, 
        0, 
        0
      ], 
      "2": [
        65535, 
        65535, 
        65535, 
        65535
      ], 
      "20": [
        0, 
        0, 
        0, 
        0
      ], 
      "21": [
        0, 
        0, 
        0, 
        0
      ], 
      "22": [
        418094, 
        417788, 
        417580, 
        417162
      ], 
      "23": [
        130, 
        128, 
        128, 
        126
      ], 
      "24": [
        16640, 
        16384, 
        16384, 
        16128
      ], 
      "25": [
        4588, 
        7391, 
        4826, 
        12773
      ], 
      "26": [
        417608, 
        417295, 
        417092, 
        416679
      ], 
      "27": [
        243584, 
        237688, 
        243076, 
        235798
      ], 
      "28": [
        5932, 
        5637, 
        5772, 
        5745
      ], 
      "29": [
        159820, 
        163262, 
        160762, 
        164713
      ], 
      "3": [
        0, 
        0, 
        0, 
        0
      ], 
      "30": [
        0, 
        0, 
        0, 
        0
      ], 
      "31": [
        96760, 
        95110, 
        96553, 
        94544
      ], 
      "32": [
        247430, 
        254728, 
        240105, 
        252131
      ], 
      "33": [
        0, 
        0, 
        0, 
        0
      ], 
      "34": [
        150670, 
        159618, 
        143552, 
        157587
      ], 
      "35": [
        0, 
        0, 
        0, 
        0
      ], 
      "36": [
        0, 
        0, 
        0, 
        0
      ], 
      "37": [
        0, 
        0, 
        0, 
        0
      ], 
      "38": [
        0, 
        0, 
        0, 
        0
      ], 
      "39": [
        0, 
        0, 
        0, 
        0
      ], 
      "4": [
        0, 
        0, 
        0, 
        0
      ], 
      "40": [
        0, 
        0, 
        0, 
        0
      ], 
      "41": [
        0, 
        0, 
        0, 
        0
      ], 
      "42": [
        0, 
        0, 
        0, 
        0
      ], 
      "43": [
        0, 
        0, 
        0, 
        0
      ], 
      "44": [
        0, 
        0, 
        0, 
        0
      ], 
      "45": [
        0, 
        0, 
        0, 
        0
      ], 
      "46": [
        0, 
        0, 
        0, 
        0
      ], 
      "47": [
        0, 
        0, 
        0, 
        0
      ], 
      "48": [
        24550, 
        23844, 
        24841, 
        23899
      ], 
      "49": [
        9328, 
        8593, 
        8565, 
        9469
      ], 
      "5": [
        0, 
        0, 
        0, 
        0
      ], 
      "50": [
        0, 
        0, 
        0, 
        0
      ], 
      "51": [
        0, 
        0, 
        0, 
        0
      ], 
      "52": [
        19640, 
        19559, 
        19320, 
        19300
      ], 
      "53": [
        61059, 
        66465, 
        58495, 
        64607
      ], 
      "54": [
        7537, 
        7677, 
        7158, 
        7477
      ], 
      "55": [
        5693, 
        5932, 
        5418, 
        5792
      ], 
      "56": [
        5726, 
        5956, 
        5444, 
        5825
      ], 
      "57": [
        1, 
        1, 
        1, 
        1
      ], 
      "58": [
        3, 
        3, 
        3, 
        3
      ], 
      "59": [
        42, 
        42, 
        42, 
        42
      ], 
      "6": [
        0, 
        0, 
        0, 
        0
      ], 
      "60": [
        485, 
        471, 
        414, 
        481
      ], 
      "61": [
        47592, 
        46759, 
        47544, 
        46516
      ], 
      "62": [
        332, 
        332, 
        332, 
        332
      ], 
      "63": [
        0, 
        0, 
        0, 
        0
      ], 
      "7": [
        0, 
        0, 
        0, 
        0
      ], 
      "8": [
        0, 
        0, 
        0, 
        0
      ], 
      "9": [
        0, 
        0, 
        0, 
        0
      ]
    }
  }, 
  "features": {
    "GWS": [
      32, 
      32, 
      64
    ], 
    "LWS": [
      4, 
      1, 
      64
    ], 
    "OFFSET": [
      0, 
      0, 
      0
    ], 
    "compiler name": "ARM Mali OpenCL", 
    "compiler version": "5.0", 
    "cpu_freq": 1600, 
    "gpu_freq": 533, 
    "image cols": 2868, 
    "image rows": 1607, 
    "pool_dir": "pool.13", 
    "program version": "c597087", 
    "size": 32
  }, 
  "meta": {
    "device name": "Mali-T628", 
    "device type": "GPU", 
    "device vendor": "ARM", 
    "experiment type": "benchmarking", 
    "kernel name": "calc_histogram", 
    "program name": "Realeyes HOG"
  }, 
  "tags": [
    "demo", 
    "arm", 
    "codegen15"
  ], 
  "work": {
    "repl": 0, 
    "timestamp": "2015-02-25T13:13:20.347907"
  }
}