{
  "characteristics": {
    "cpu": 0.053134, 
    "gpu_copy": 0.030101, 
    "gpu_only": 0.018341, 
    "is_gpu_better": true, 
    "l2 cache and mmu counters": {
      "0": 3033627139, 
      "1": 17, 
      "10": 0, 
      "11": 0, 
      "12": 0, 
      "13": 0, 
      "14": 0, 
      "15": 0, 
      "16": 9, 
      "17": 2, 
      "18": 254, 
      "19": 7, 
      "2": 65535, 
      "20": 0, 
      "21": 0, 
      "22": 0, 
      "23": 0, 
      "24": 0, 
      "25": 0, 
      "26": 0, 
      "27": 0, 
      "28": 0, 
      "29": 0, 
      "3": 0, 
      "30": 1820, 
      "31": 108786, 
      "32": 6234002, 
      "33": 4909637, 
      "34": 4908263, 
      "35": 466593, 
      "36": 526693, 
      "37": 4712748, 
      "38": 0, 
      "39": 787825, 
      "4": 180598, 
      "40": 787814, 
      "41": 3524, 
      "42": 0, 
      "43": 786672, 
      "44": 0, 
      "45": 276, 
      "46": 0, 
      "47": 0, 
      "48": 27196, 
      "49": 27196, 
      "5": 203, 
      "50": 460, 
      "51": 454, 
      "52": 6, 
      "53": 2, 
      "54": 0, 
      "55": 0, 
      "56": 0, 
      "57": 2162, 
      "58": 0, 
      "59": 0, 
      "6": 108, 
      "60": 0, 
      "61": 131127, 
      "62": 5286938, 
      "63": 2019960, 
      "7": 426, 
      "8": 152, 
      "9": 0
    }, 
    "shader core counters": {
      "0": [
        3033627139, 
        3033627139, 
        3033627139, 
        3033627139
      ], 
      "1": [
        17, 
        17, 
        17, 
        17
      ], 
      "10": [
        0, 
        0, 
        0, 
        0
      ], 
      "11": [
        0, 
        0, 
        0, 
        0
      ], 
      "12": [
        0, 
        0, 
        0, 
        0
      ], 
      "13": [
        0, 
        0, 
        0, 
        0
      ], 
      "14": [
        0, 
        0, 
        0, 
        0
      ], 
      "15": [
        0, 
        0, 
        0, 
        0
      ], 
      "16": [
        0, 
        0, 
        0, 
        0
      ], 
      "17": [
        0, 
        0, 
        0, 
        0
      ], 
      "18": [
        0, 
        0, 
        0, 
        0
      ], 
      "19": [
        0, 
        0, 
        0, 
        0
      ], 
      "2": [
        65535, 
        65535, 
        65535, 
        65535
      ], 
      "20": [
        0, 
        0, 
        0, 
        0
      ], 
      "21": [
        0, 
        0, 
        0, 
        0
      ], 
      "22": [
        9751506, 
        9754012, 
        9756702, 
        9754583
      ], 
      "23": [
        2070, 
        2030, 
        2049, 
        2043
      ], 
      "24": [
        264960, 
        259840, 
        262272, 
        261504
      ], 
      "25": [
        4067, 
        7222, 
        4021, 
        7854
      ], 
      "26": [
        9751049, 
        9753549, 
        9756244, 
        9754130
      ], 
      "27": [
        5897466, 
        5828188, 
        5887846, 
        5879510
      ], 
      "28": [
        168367, 
        165866, 
        167052, 
        168731
      ], 
      "29": [
        3595730, 
        3644183, 
        3619033, 
        3606494
      ], 
      "3": [
        0, 
        0, 
        0, 
        0
      ], 
      "30": [
        0, 
        0, 
        0, 
        0
      ], 
      "31": [
        2136044, 
        2113771, 
        2131362, 
        2125653
      ], 
      "32": [
        5474337, 
        5594332, 
        5469230, 
        5539857
      ], 
      "33": [
        0, 
        0, 
        0, 
        0
      ], 
      "34": [
        3338293, 
        3480561, 
        3337868, 
        3414204
      ], 
      "35": [
        0, 
        0, 
        0, 
        0
      ], 
      "36": [
        0, 
        0, 
        0, 
        0
      ], 
      "37": [
        0, 
        0, 
        0, 
        0
      ], 
      "38": [
        0, 
        0, 
        0, 
        0
      ], 
      "39": [
        0, 
        0, 
        0, 
        0
      ], 
      "4": [
        0, 
        0, 
        0, 
        0
      ], 
      "40": [
        0, 
        0, 
        0, 
        0
      ], 
      "41": [
        0, 
        0, 
        0, 
        0
      ], 
      "42": [
        0, 
        0, 
        0, 
        0
      ], 
      "43": [
        0, 
        0, 
        0, 
        0
      ], 
      "44": [
        0, 
        0, 
        0, 
        0
      ], 
      "45": [
        0, 
        0, 
        0, 
        0
      ], 
      "46": [
        0, 
        0, 
        0, 
        0
      ], 
      "47": [
        0, 
        0, 
        0, 
        0
      ], 
      "48": [
        521651, 
        516011, 
        521614, 
        520391
      ], 
      "49": [
        237182, 
        250121, 
        234164, 
        245373
      ], 
      "5": [
        0, 
        0, 
        0, 
        0
      ], 
      "50": [
        0, 
        0, 
        0, 
        0
      ], 
      "51": [
        0, 
        0, 
        0, 
        0
      ], 
      "52": [
        525670, 
        521553, 
        524625, 
        523230
      ], 
      "53": [
        1288032, 
        1350001, 
        1290693, 
        1319470
      ], 
      "54": [
        198323, 
        198660, 
        200759, 
        198672
      ], 
      "55": [
        128631, 
        130278, 
        131259, 
        129782
      ], 
      "56": [
        132313, 
        133977, 
        134844, 
        133456
      ], 
      "57": [
        1, 
        1, 
        1, 
        1
      ], 
      "58": [
        3, 
        3, 
        3, 
        3
      ], 
      "59": [
        42, 
        42, 
        42, 
        42
      ], 
      "6": [
        0, 
        0, 
        0, 
        0
      ], 
      "60": [
        18236, 
        18004, 
        18376, 
        18087
      ], 
      "61": [
        1139982, 
        1129153, 
        1138921, 
        1135918
      ], 
      "62": [
        332, 
        332, 
        332, 
        332
      ], 
      "63": [
        0, 
        0, 
        0, 
        0
      ], 
      "7": [
        0, 
        0, 
        0, 
        0
      ], 
      "8": [
        0, 
        0, 
        0, 
        0
      ], 
      "9": [
        0, 
        0, 
        0, 
        0
      ]
    }
  }, 
  "features": {
    "GWS": [
      12, 
      12, 
      64
    ], 
    "LWS": [
      4, 
      1, 
      64
    ], 
    "OFFSET": [
      0, 
      0, 
      0
    ], 
    "compiler name": "ARM Mali OpenCL", 
    "compiler version": "5.0", 
    "cpu_freq": 800, 
    "gpu_freq": 533, 
    "image cols": 2103, 
    "image rows": 2082, 
    "pool_dir": "pool.18", 
    "program version": "c597087", 
    "size": 128
  }, 
  "meta": {
    "device name": "Mali-T628", 
    "device type": "GPU", 
    "device vendor": "ARM", 
    "experiment type": "benchmarking", 
    "kernel name": "calc_histogram", 
    "program name": "Realeyes HOG"
  }, 
  "tags": [
    "demo", 
    "arm", 
    "codegen15"
  ], 
  "work": {
    "repl": 0, 
    "timestamp": "2015-02-22T02:04:36.688216"
  }
}