{
  "characteristics": {
    "cpu": 0.006337, 
    "gpu_copy": 0.01274, 
    "gpu_only": 0.003886, 
    "is_gpu_better": false, 
    "l2 cache and mmu counters": {
      "0": 3803671779, 
      "1": 25, 
      "10": 0, 
      "11": 0, 
      "12": 0, 
      "13": 0, 
      "14": 0, 
      "15": 0, 
      "16": 8, 
      "17": 3, 
      "18": 248, 
      "19": 4, 
      "2": 65535, 
      "20": 0, 
      "21": 0, 
      "22": 0, 
      "23": 0, 
      "24": 0, 
      "25": 0, 
      "26": 0, 
      "27": 0, 
      "28": 0, 
      "29": 0, 
      "3": 0, 
      "30": 180, 
      "31": 23982, 
      "32": 1345158, 
      "33": 1067059, 
      "34": 1065619, 
      "35": 99008, 
      "36": 112242, 
      "37": 1030668, 
      "38": 0, 
      "39": 160739, 
      "4": 34367, 
      "40": 160734, 
      "41": 667, 
      "42": 0, 
      "43": 160554, 
      "44": 0, 
      "45": 113, 
      "46": 0, 
      "47": 0, 
      "48": 5995, 
      "49": 5995, 
      "5": 304, 
      "50": 50, 
      "51": 44, 
      "52": 6, 
      "53": 2, 
      "54": 0, 
      "55": 0, 
      "56": 0, 
      "57": 274, 
      "58": 1, 
      "59": 0, 
      "6": 138, 
      "60": 0, 
      "61": 28998, 
      "62": 1141968, 
      "63": 459323, 
      "7": 533, 
      "8": 247, 
      "9": 0
    }, 
    "shader core counters": {
      "0": [
        3803671779, 
        3803671779, 
        3803671779, 
        3803671779
      ], 
      "1": [
        25, 
        25, 
        25, 
        25
      ], 
      "10": [
        0, 
        0, 
        0, 
        0
      ], 
      "11": [
        0, 
        0, 
        0, 
        0
      ], 
      "12": [
        0, 
        0, 
        0, 
        0
      ], 
      "13": [
        0, 
        0, 
        0, 
        0
      ], 
      "14": [
        0, 
        0, 
        0, 
        0
      ], 
      "15": [
        0, 
        0, 
        0, 
        0
      ], 
      "16": [
        0, 
        0, 
        0, 
        0
      ], 
      "17": [
        0, 
        0, 
        0, 
        0
      ], 
      "18": [
        0, 
        0, 
        0, 
        0
      ], 
      "19": [
        0, 
        0, 
        0, 
        0
      ], 
      "2": [
        65535, 
        65535, 
        65535, 
        65535
      ], 
      "20": [
        0, 
        0, 
        0, 
        0
      ], 
      "21": [
        0, 
        0, 
        0, 
        0
      ], 
      "22": [
        2064617, 
        2066957, 
        2061444, 
        2065007
      ], 
      "23": [
        513, 
        510, 
        512, 
        513
      ], 
      "24": [
        65664, 
        65280, 
        65536, 
        65664
      ], 
      "25": [
        3477, 
        4293, 
        4406, 
        5241
      ], 
      "26": [
        2063981, 
        2066315, 
        2060804, 
        2064372
      ], 
      "27": [
        1276370, 
        1260064, 
        1268392, 
        1270246
      ], 
      "28": [
        36614, 
        35714, 
        36295, 
        36633
      ], 
      "29": [
        734245, 
        751802, 
        738781, 
        737187
      ], 
      "3": [
        0, 
        0, 
        0, 
        0
      ], 
      "30": [
        0, 
        0, 
        0, 
        0
      ], 
      "31": [
        462662, 
        459112, 
        461278, 
        460698
      ], 
      "32": [
        1134936, 
        1168017, 
        1134411, 
        1154570
      ], 
      "33": [
        0, 
        0, 
        0, 
        0
      ], 
      "34": [
        672274, 
        708905, 
        673133, 
        693872
      ], 
      "35": [
        0, 
        0, 
        0, 
        0
      ], 
      "36": [
        0, 
        0, 
        0, 
        0
      ], 
      "37": [
        0, 
        0, 
        0, 
        0
      ], 
      "38": [
        0, 
        0, 
        0, 
        0
      ], 
      "39": [
        0, 
        0, 
        0, 
        0
      ], 
      "4": [
        0, 
        0, 
        0, 
        0
      ], 
      "40": [
        0, 
        0, 
        0, 
        0
      ], 
      "41": [
        0, 
        0, 
        0, 
        0
      ], 
      "42": [
        0, 
        0, 
        0, 
        0
      ], 
      "43": [
        0, 
        0, 
        0, 
        0
      ], 
      "44": [
        0, 
        0, 
        0, 
        0
      ], 
      "45": [
        0, 
        0, 
        0, 
        0
      ], 
      "46": [
        0, 
        0, 
        0, 
        0
      ], 
      "47": [
        0, 
        0, 
        0, 
        0
      ], 
      "48": [
        119206, 
        117535, 
        118407, 
        118336
      ], 
      "49": [
        41742, 
        44208, 
        39580, 
        44344
      ], 
      "5": [
        0, 
        0, 
        0, 
        0
      ], 
      "50": [
        0, 
        0, 
        0, 
        0
      ], 
      "51": [
        0, 
        0, 
        0, 
        0
      ], 
      "52": [
        103199, 
        102940, 
        103227, 
        102941
      ], 
      "53": [
        264066, 
        280023, 
        266905, 
        271428
      ], 
      "54": [
        39467, 
        40586, 
        40272, 
        40118
      ], 
      "55": [
        27409, 
        28365, 
        28246, 
        27766
      ], 
      "56": [
        27617, 
        28584, 
        28472, 
        27965
      ], 
      "57": [
        1, 
        1, 
        1, 
        1
      ], 
      "58": [
        3, 
        3, 
        3, 
        3
      ], 
      "59": [
        44, 
        42, 
        42, 
        42
      ], 
      "6": [
        0, 
        0, 
        0, 
        0
      ], 
      "60": [
        3382, 
        3546, 
        3386, 
        3712
      ], 
      "61": [
        242191, 
        240060, 
        241315, 
        240933
      ], 
      "62": [
        0, 
        332, 
        332, 
        332
      ], 
      "63": [
        24, 
        0, 
        0, 
        0
      ], 
      "7": [
        0, 
        0, 
        0, 
        0
      ], 
      "8": [
        0, 
        0, 
        0, 
        0
      ], 
      "9": [
        0, 
        0, 
        0, 
        0
      ]
    }
  }, 
  "features": {
    "GWS": [
      64, 
      64, 
      64
    ], 
    "LWS": [
      4, 
      1, 
      64
    ], 
    "OFFSET": [
      0, 
      0, 
      0
    ], 
    "compiler name": "ARM Mali OpenCL", 
    "compiler version": "5.0", 
    "cpu_freq": 1600, 
    "gpu_freq": 533, 
    "image cols": 2422, 
    "image rows": 2066, 
    "pool_dir": "pool.15", 
    "program version": "c597087", 
    "size": 64
  }, 
  "meta": {
    "device name": "Mali-T628", 
    "device type": "GPU", 
    "device vendor": "ARM", 
    "experiment type": "benchmarking", 
    "kernel name": "calc_histogram", 
    "program name": "Realeyes HOG"
  }, 
  "tags": [
    "demo", 
    "arm", 
    "codegen15"
  ], 
  "work": {
    "repl": 4, 
    "timestamp": "2015-02-22T02:29:00.225745"
  }
}