{
  "characteristics": {
    "cpu": 0.001769, 
    "gpu_copy": 0.010446, 
    "gpu_only": 0.001039, 
    "is_gpu_better": false, 
    "l2 cache and mmu counters": {
      "0": 3418027070, 
      "1": 17, 
      "10": 0, 
      "11": 0, 
      "12": 0, 
      "13": 0, 
      "14": 0, 
      "15": 0, 
      "16": 9, 
      "17": 3, 
      "18": 255, 
      "19": 7, 
      "2": 65535, 
      "20": 0, 
      "21": 0, 
      "22": 0, 
      "23": 0, 
      "24": 0, 
      "25": 0, 
      "26": 0, 
      "27": 0, 
      "28": 0, 
      "29": 0, 
      "3": 0, 
      "30": 115, 
      "31": 9214, 
      "32": 387619, 
      "33": 311103, 
      "34": 309826, 
      "35": 26922, 
      "36": 29848, 
      "37": 300683, 
      "38": 0, 
      "39": 42342, 
      "4": 8676, 
      "40": 42337, 
      "41": 221, 
      "42": 0, 
      "43": 42294, 
      "44": 0, 
      "45": 65, 
      "46": 0, 
      "47": 0, 
      "48": 2303, 
      "49": 2303, 
      "5": 144, 
      "50": 33, 
      "51": 28, 
      "52": 5, 
      "53": 2, 
      "54": 0, 
      "55": 0, 
      "56": 0, 
      "57": 0, 
      "58": 2, 
      "59": 0, 
      "6": 146, 
      "60": 0, 
      "61": 7713, 
      "62": 328945, 
      "63": 173678, 
      "7": 391, 
      "8": 107, 
      "9": 0
    }, 
    "shader core counters": {
      "0": [
        3418027070, 
        3418027070, 
        3418027070, 
        3418027070
      ], 
      "1": [
        17, 
        17, 
        17, 
        17
      ], 
      "10": [
        0, 
        0, 
        0, 
        0
      ], 
      "11": [
        0, 
        0, 
        0, 
        0
      ], 
      "12": [
        0, 
        0, 
        0, 
        0
      ], 
      "13": [
        0, 
        0, 
        0, 
        0
      ], 
      "14": [
        0, 
        0, 
        0, 
        0
      ], 
      "15": [
        0, 
        0, 
        0, 
        0
      ], 
      "16": [
        0, 
        0, 
        0, 
        0
      ], 
      "17": [
        0, 
        0, 
        0, 
        0
      ], 
      "18": [
        0, 
        0, 
        0, 
        0
      ], 
      "19": [
        0, 
        0, 
        0, 
        0
      ], 
      "2": [
        65535, 
        65535, 
        65535, 
        65535
      ], 
      "20": [
        0, 
        0, 
        0, 
        0
      ], 
      "21": [
        0, 
        0, 
        0, 
        0
      ], 
      "22": [
        552220, 
        551789, 
        552991, 
        550731
      ], 
      "23": [
        131, 
        127, 
        128, 
        126
      ], 
      "24": [
        16768, 
        16256, 
        16384, 
        16128
      ], 
      "25": [
        7991, 
        5743, 
        4621, 
        9616
      ], 
      "26": [
        551757, 
        551320, 
        552527, 
        550272
      ], 
      "27": [
        316108, 
        307488, 
        316422, 
        310742
      ], 
      "28": [
        8433, 
        8105, 
        8309, 
        8116
      ], 
      "29": [
        213496, 
        221150, 
        216466, 
        215202
      ], 
      "3": [
        0, 
        0, 
        0, 
        0
      ], 
      "30": [
        0, 
        0, 
        0, 
        0
      ], 
      "31": [
        119458, 
        116639, 
        119474, 
        117331
      ], 
      "32": [
        326546, 
        341337, 
        337710, 
        331309
      ], 
      "33": [
        0, 
        0, 
        0, 
        0
      ], 
      "34": [
        207088, 
        224698, 
        218236, 
        213978
      ], 
      "35": [
        0, 
        0, 
        0, 
        0
      ], 
      "36": [
        0, 
        0, 
        0, 
        0
      ], 
      "37": [
        0, 
        0, 
        0, 
        0
      ], 
      "38": [
        0, 
        0, 
        0, 
        0
      ], 
      "39": [
        0, 
        0, 
        0, 
        0
      ], 
      "4": [
        0, 
        0, 
        0, 
        0
      ], 
      "40": [
        0, 
        0, 
        0, 
        0
      ], 
      "41": [
        0, 
        0, 
        0, 
        0
      ], 
      "42": [
        0, 
        0, 
        0, 
        0
      ], 
      "43": [
        0, 
        0, 
        0, 
        0
      ], 
      "44": [
        0, 
        0, 
        0, 
        0
      ], 
      "45": [
        0, 
        0, 
        0, 
        0
      ], 
      "46": [
        0, 
        0, 
        0, 
        0
      ], 
      "47": [
        0, 
        0, 
        0, 
        0
      ], 
      "48": [
        29262, 
        28480, 
        29195, 
        28761
      ], 
      "49": [
        14609, 
        16406, 
        14856, 
        16568
      ], 
      "5": [
        0, 
        0, 
        0, 
        0
      ], 
      "50": [
        0, 
        0, 
        0, 
        0
      ], 
      "51": [
        0, 
        0, 
        0, 
        0
      ], 
      "52": [
        27851, 
        27304, 
        28121, 
        27510
      ], 
      "53": [
        82073, 
        89273, 
        87055, 
        83700
      ], 
      "54": [
        10362, 
        10737, 
        10927, 
        10191
      ], 
      "55": [
        7313, 
        7568, 
        7718, 
        7134
      ], 
      "56": [
        7379, 
        7629, 
        7760, 
        7191
      ], 
      "57": [
        1, 
        1, 
        1, 
        1
      ], 
      "58": [
        3, 
        3, 
        3, 
        3
      ], 
      "59": [
        43, 
        42, 
        42, 
        42
      ], 
      "6": [
        0, 
        0, 
        0, 
        0
      ], 
      "60": [
        846, 
        922, 
        926, 
        895
      ], 
      "61": [
        61879, 
        60462, 
        62057, 
        60980
      ], 
      "62": [
        332, 
        332, 
        332, 
        332
      ], 
      "63": [
        16, 
        0, 
        0, 
        0
      ], 
      "7": [
        0, 
        0, 
        0, 
        0
      ], 
      "8": [
        0, 
        0, 
        0, 
        0
      ], 
      "9": [
        0, 
        0, 
        0, 
        0
      ]
    }
  }, 
  "features": {
    "GWS": [
      32, 
      32, 
      64
    ], 
    "LWS": [
      4, 
      1, 
      64
    ], 
    "OFFSET": [
      0, 
      0, 
      0
    ], 
    "compiler name": "ARM Mali OpenCL", 
    "compiler version": "5.0", 
    "cpu_freq": 1600, 
    "gpu_freq": 533, 
    "image cols": 2126, 
    "image rows": 2658, 
    "pool_dir": "pool.04", 
    "program version": "c597087", 
    "size": 32
  }, 
  "meta": {
    "device name": "Mali-T628", 
    "device type": "GPU", 
    "device vendor": "ARM", 
    "experiment type": "benchmarking", 
    "kernel name": "calc_histogram", 
    "program name": "Realeyes HOG"
  }, 
  "tags": [
    "demo", 
    "arm", 
    "codegen15"
  ], 
  "work": {
    "repl": 3, 
    "timestamp": "2015-02-25T13:13:55.939698"
  }
}