{
  "characteristics": {
    "cpu": 0.005359, 
    "gpu_copy": 0.015536, 
    "gpu_only": 0.007075, 
    "is_gpu_better": false, 
    "l2 cache and mmu counters": {
      "0": 420540679, 
      "1": 27, 
      "10": 0, 
      "11": 0, 
      "12": 0, 
      "13": 0, 
      "14": 0, 
      "15": 0, 
      "16": 9, 
      "17": 3, 
      "18": 179, 
      "19": 7, 
      "2": 65535, 
      "20": 0, 
      "21": 0, 
      "22": 0, 
      "23": 0, 
      "24": 0, 
      "25": 0, 
      "26": 0, 
      "27": 0, 
      "28": 0, 
      "29": 0, 
      "3": 0, 
      "30": 156, 
      "31": 20122, 
      "32": 1259805, 
      "33": 1013548, 
      "34": 1012615, 
      "35": 91350, 
      "36": 103271, 
      "37": 979892, 
      "38": 0, 
      "39": 138237, 
      "4": 24205, 
      "40": 138232, 
      "41": 533, 
      "42": 0, 
      "43": 138087, 
      "44": 0, 
      "45": 87, 
      "46": 0, 
      "47": 0, 
      "48": 5030, 
      "49": 5030, 
      "5": 166, 
      "50": 44, 
      "51": 38, 
      "52": 6, 
      "53": 2, 
      "54": 0, 
      "55": 0, 
      "56": 0, 
      "57": 60, 
      "58": 0, 
      "59": 0, 
      "6": 71, 
      "60": 0, 
      "61": 27501, 
      "62": 1077688, 
      "63": 505520, 
      "7": 325, 
      "8": 134, 
      "9": 0
    }, 
    "shader core counters": {
      "0": [
        420540679, 
        420540679, 
        420540679, 
        420540679
      ], 
      "1": [
        27, 
        27, 
        27, 
        27
      ], 
      "10": [
        0, 
        0, 
        0, 
        0
      ], 
      "11": [
        0, 
        0, 
        0, 
        0
      ], 
      "12": [
        0, 
        0, 
        0, 
        0
      ], 
      "13": [
        0, 
        0, 
        0, 
        0
      ], 
      "14": [
        0, 
        0, 
        0, 
        0
      ], 
      "15": [
        0, 
        0, 
        0, 
        0
      ], 
      "16": [
        0, 
        0, 
        0, 
        0
      ], 
      "17": [
        0, 
        0, 
        0, 
        0
      ], 
      "18": [
        0, 
        0, 
        0, 
        0
      ], 
      "19": [
        0, 
        0, 
        0, 
        0
      ], 
      "2": [
        65535, 
        65535, 
        65535, 
        65535
      ], 
      "20": [
        0, 
        0, 
        0, 
        0
      ], 
      "21": [
        0, 
        0, 
        0, 
        0
      ], 
      "22": [
        1881677, 
        1881909, 
        1879596, 
        1879996
      ], 
      "23": [
        511, 
        514, 
        515, 
        508
      ], 
      "24": [
        65408, 
        65792, 
        65920, 
        65024
      ], 
      "25": [
        6603, 
        11566, 
        7544, 
        15399
      ], 
      "26": [
        1881332, 
        1881557, 
        1879250, 
        1879653
      ], 
      "27": [
        1128776, 
        1125360, 
        1129150, 
        1118728
      ], 
      "28": [
        29628, 
        29576, 
        29768, 
        29188
      ], 
      "29": [
        704937, 
        708007, 
        705463, 
        709117
      ], 
      "3": [
        0, 
        0, 
        0, 
        0
      ], 
      "30": [
        0, 
        0, 
        0, 
        0
      ], 
      "31": [
        429827, 
        428624, 
        430375, 
        426424
      ], 
      "32": [
        1071485, 
        1082830, 
        1058790, 
        1076801
      ], 
      "33": [
        0, 
        0, 
        0, 
        0
      ], 
      "34": [
        641658, 
        654206, 
        628415, 
        650377
      ], 
      "35": [
        0, 
        0, 
        0, 
        0
      ], 
      "36": [
        0, 
        0, 
        0, 
        0
      ], 
      "37": [
        0, 
        0, 
        0, 
        0
      ], 
      "38": [
        0, 
        0, 
        0, 
        0
      ], 
      "39": [
        0, 
        0, 
        0, 
        0
      ], 
      "4": [
        0, 
        0, 
        0, 
        0
      ], 
      "40": [
        0, 
        0, 
        0, 
        0
      ], 
      "41": [
        0, 
        0, 
        0, 
        0
      ], 
      "42": [
        0, 
        0, 
        0, 
        0
      ], 
      "43": [
        0, 
        0, 
        0, 
        0
      ], 
      "44": [
        0, 
        0, 
        0, 
        0
      ], 
      "45": [
        0, 
        0, 
        0, 
        0
      ], 
      "46": [
        0, 
        0, 
        0, 
        0
      ], 
      "47": [
        0, 
        0, 
        0, 
        0
      ], 
      "48": [
        108733, 
        107863, 
        108525, 
        107774
      ], 
      "49": [
        36672, 
        37361, 
        35153, 
        36605
      ], 
      "5": [
        0, 
        0, 
        0, 
        0
      ], 
      "50": [
        0, 
        0, 
        0, 
        0
      ], 
      "51": [
        0, 
        0, 
        0, 
        0
      ], 
      "52": [
        93705, 
        93728, 
        93899, 
        92964
      ], 
      "53": [
        263993, 
        269680, 
        258578, 
        268380
      ], 
      "54": [
        34802, 
        34145, 
        34539, 
        34439
      ], 
      "55": [
        26042, 
        25373, 
        25831, 
        25719
      ], 
      "56": [
        26176, 
        25527, 
        25993, 
        25869
      ], 
      "57": [
        1, 
        1, 
        1, 
        1
      ], 
      "58": [
        3, 
        3, 
        3, 
        3
      ], 
      "59": [
        44, 
        42, 
        42, 
        42
      ], 
      "6": [
        0, 
        0, 
        0, 
        0
      ], 
      "60": [
        2476, 
        2479, 
        2517, 
        2520
      ], 
      "61": [
        219137, 
        218264, 
        219251, 
        217356
      ], 
      "62": [
        332, 
        332, 
        332, 
        332
      ], 
      "63": [
        16, 
        0, 
        0, 
        0
      ], 
      "7": [
        0, 
        0, 
        0, 
        0
      ], 
      "8": [
        0, 
        0, 
        0, 
        0
      ], 
      "9": [
        0, 
        0, 
        0, 
        0
      ]
    }
  }, 
  "features": {
    "GWS": [
      64, 
      64, 
      64
    ], 
    "LWS": [
      4, 
      1, 
      64
    ], 
    "OFFSET": [
      0, 
      0, 
      0
    ], 
    "compiler name": "ARM Mali OpenCL", 
    "compiler version": "5.0", 
    "cpu_freq": 1600, 
    "gpu_freq": 266, 
    "image cols": 2582, 
    "image rows": 1940, 
    "pool_dir": "pool.06", 
    "program version": "c597087", 
    "size": 64
  }, 
  "meta": {
    "device name": "Mali-T628", 
    "device type": "GPU", 
    "device vendor": "ARM", 
    "experiment type": "benchmarking", 
    "kernel name": "calc_histogram", 
    "program name": "Realeyes HOG"
  }, 
  "tags": [
    "demo", 
    "arm", 
    "codegen15"
  ], 
  "work": {
    "repl": 3, 
    "timestamp": "2015-02-22T02:32:37.177739"
  }
}