{
  "characteristics": {
    "cpu": 0.001761, 
    "gpu_copy": 0.003675, 
    "gpu_only": 0.000918, 
    "is_gpu_better": false, 
    "l2 cache and mmu counters": {
      "0": 3365688763, 
      "1": 9, 
      "10": 0, 
      "11": 0, 
      "12": 0, 
      "13": 0, 
      "14": 0, 
      "15": 0, 
      "16": 9, 
      "17": 2, 
      "18": 255, 
      "19": 7, 
      "2": 65535, 
      "20": 0, 
      "21": 0, 
      "22": 0, 
      "23": 0, 
      "24": 0, 
      "25": 0, 
      "26": 0, 
      "27": 0, 
      "28": 0, 
      "29": 0, 
      "3": 0, 
      "30": 96, 
      "31": 7294, 
      "32": 332994, 
      "33": 0, 
      "34": 265525, 
      "35": 23393, 
      "36": 26171, 
      "37": 258103, 
      "38": 0, 
      "39": 35824, 
      "4": 923, 
      "40": 35819, 
      "41": 176, 
      "42": 0, 
      "43": 35780, 
      "44": 0, 
      "45": 54, 
      "46": 0, 
      "47": 0, 
      "48": 1823, 
      "49": 1823, 
      "5": 64, 
      "50": 29, 
      "51": 23, 
      "52": 6, 
      "53": 2, 
      "54": 0, 
      "55": 0, 
      "56": 0, 
      "57": 0, 
      "58": 8, 
      "59": 0, 
      "6": 83, 
      "60": 0, 
      "61": 6591, 
      "62": 281885, 
      "63": 144818, 
      "7": 142, 
      "8": 33, 
      "9": 0
    }, 
    "shader core counters": {
      "0": [
        3365688763, 
        3365688763, 
        3365688763, 
        3365688763
      ], 
      "1": [
        9, 
        9, 
        9, 
        9
      ], 
      "10": [
        0, 
        0, 
        0, 
        0
      ], 
      "11": [
        0, 
        0, 
        0, 
        0
      ], 
      "12": [
        0, 
        0, 
        0, 
        0
      ], 
      "13": [
        0, 
        0, 
        0, 
        0
      ], 
      "14": [
        0, 
        0, 
        0, 
        0
      ], 
      "15": [
        0, 
        0, 
        0, 
        0
      ], 
      "16": [
        0, 
        0, 
        0, 
        0
      ], 
      "17": [
        0, 
        0, 
        0, 
        0
      ], 
      "18": [
        0, 
        0, 
        0, 
        0
      ], 
      "19": [
        0, 
        0, 
        0, 
        0
      ], 
      "2": [
        65535, 
        65535, 
        65535, 
        65535
      ], 
      "20": [
        0, 
        0, 
        0, 
        0
      ], 
      "21": [
        0, 
        0, 
        0, 
        0
      ], 
      "22": [
        485874, 
        486762, 
        485218, 
        488547
      ], 
      "23": [
        126, 
        126, 
        129, 
        131
      ], 
      "24": [
        16128, 
        16128, 
        16512, 
        16768
      ], 
      "25": [
        4646, 
        4244, 
        7144, 
        4039
      ], 
      "26": [
        485407, 
        486288, 
        484749, 
        488083
      ], 
      "27": [
        281792, 
        278630, 
        288452, 
        282164
      ], 
      "28": [
        7271, 
        6980, 
        7620, 
        7264
      ], 
      "29": [
        186408, 
        188821, 
        178520, 
        188820
      ], 
      "3": [
        0, 
        0, 
        0, 
        0
      ], 
      "30": [
        0, 
        0, 
        0, 
        0
      ], 
      "31": [
        108122, 
        107903, 
        110482, 
        109661
      ], 
      "32": [
        275444, 
        290335, 
        279480, 
        287654
      ], 
      "33": [
        0, 
        0, 
        0, 
        0
      ], 
      "34": [
        167322, 
        182432, 
        168998, 
        177993
      ], 
      "35": [
        0, 
        0, 
        0, 
        0
      ], 
      "36": [
        0, 
        0, 
        0, 
        0
      ], 
      "37": [
        0, 
        0, 
        0, 
        0
      ], 
      "38": [
        0, 
        0, 
        0, 
        0
      ], 
      "39": [
        0, 
        0, 
        0, 
        0
      ], 
      "4": [
        0, 
        0, 
        0, 
        0
      ], 
      "40": [
        0, 
        0, 
        0, 
        0
      ], 
      "41": [
        0, 
        0, 
        0, 
        0
      ], 
      "42": [
        0, 
        0, 
        0, 
        0
      ], 
      "43": [
        0, 
        0, 
        0, 
        0
      ], 
      "44": [
        0, 
        0, 
        0, 
        0
      ], 
      "45": [
        0, 
        0, 
        0, 
        0
      ], 
      "46": [
        0, 
        0, 
        0, 
        0
      ], 
      "47": [
        0, 
        0, 
        0, 
        0
      ], 
      "48": [
        27136, 
        26706, 
        27451, 
        26931
      ], 
      "49": [
        11580, 
        13316, 
        11011, 
        12485
      ], 
      "5": [
        0, 
        0, 
        0, 
        0
      ], 
      "50": [
        0, 
        0, 
        0, 
        0
      ], 
      "51": [
        0, 
        0, 
        0, 
        0
      ], 
      "52": [
        23893, 
        24143, 
        24617, 
        24598
      ], 
      "53": [
        68907, 
        74829, 
        70172, 
        73354
      ], 
      "54": [
        8994, 
        8952, 
        8714, 
        8999
      ], 
      "55": [
        6637, 
        6517, 
        6444, 
        6521
      ], 
      "56": [
        6661, 
        6546, 
        6471, 
        6539
      ], 
      "57": [
        1, 
        1, 
        1, 
        1
      ], 
      "58": [
        3, 
        3, 
        3, 
        3
      ], 
      "59": [
        42, 
        42, 
        42, 
        42
      ], 
      "6": [
        0, 
        0, 
        0, 
        0
      ], 
      "60": [
        115, 
        94, 
        110, 
        113
      ], 
      "61": [
        55165, 
        54975, 
        56313, 
        55726
      ], 
      "62": [
        332, 
        332, 
        332, 
        332
      ], 
      "63": [
        0, 
        0, 
        0, 
        0
      ], 
      "7": [
        0, 
        0, 
        0, 
        0
      ], 
      "8": [
        0, 
        0, 
        0, 
        0
      ], 
      "9": [
        0, 
        0, 
        0, 
        0
      ]
    }
  }, 
  "features": {
    "GWS": [
      32, 
      32, 
      64
    ], 
    "LWS": [
      4, 
      1, 
      64
    ], 
    "OFFSET": [
      0, 
      0, 
      0
    ], 
    "compiler name": "ARM Mali OpenCL", 
    "compiler version": "5.0", 
    "cpu_freq": 1600, 
    "gpu_freq": 533, 
    "image cols": 1072, 
    "image rows": 804, 
    "pool_dir": "pool.22", 
    "program version": "c597087", 
    "size": 32
  }, 
  "meta": {
    "device name": "Mali-T628", 
    "device type": "GPU", 
    "device vendor": "ARM", 
    "experiment type": "benchmarking", 
    "kernel name": "calc_histogram", 
    "program name": "Realeyes HOG"
  }, 
  "tags": [
    "demo", 
    "arm", 
    "codegen15"
  ], 
  "work": {
    "repl": 4, 
    "timestamp": "2015-02-25T12:50:02.076291"
  }
}