{
  "characteristics": {
    "cpu": 0.005826, 
    "gpu_copy": 0.011902, 
    "gpu_only": 0.00354, 
    "is_gpu_better": false, 
    "l2 cache and mmu counters": {
      "0": 3804324227, 
      "1": 24, 
      "10": 0, 
      "11": 0, 
      "12": 0, 
      "13": 0, 
      "14": 0, 
      "15": 0, 
      "16": 9, 
      "17": 3, 
      "18": 258, 
      "19": 7, 
      "2": 65535, 
      "20": 0, 
      "21": 0, 
      "22": 0, 
      "23": 0, 
      "24": 0, 
      "25": 0, 
      "26": 0, 
      "27": 0, 
      "28": 0, 
      "29": 0, 
      "3": 0, 
      "30": 140, 
      "31": 20102, 
      "32": 1262841, 
      "33": 1017248, 
      "34": 1015955, 
      "35": 91484, 
      "36": 103444, 
      "37": 983419, 
      "38": 0, 
      "39": 137420, 
      "4": 24625, 
      "40": 137415, 
      "41": 516, 
      "42": 0, 
      "43": 137252, 
      "44": 0, 
      "45": 90, 
      "46": 0, 
      "47": 0, 
      "48": 5025, 
      "49": 5025, 
      "5": 165, 
      "50": 40, 
      "51": 34, 
      "52": 6, 
      "53": 2, 
      "54": 0, 
      "55": 0, 
      "56": 0, 
      "57": 85, 
      "58": 3, 
      "59": 0, 
      "6": 121, 
      "60": 0, 
      "61": 27809, 
      "62": 1081684, 
      "63": 503996, 
      "7": 422, 
      "8": 131, 
      "9": 0
    }, 
    "shader core counters": {
      "0": [
        3804324227, 
        3804324227, 
        3804324227, 
        3804324227
      ], 
      "1": [
        24, 
        24, 
        24, 
        24
      ], 
      "10": [
        0, 
        0, 
        0, 
        0
      ], 
      "11": [
        0, 
        0, 
        0, 
        0
      ], 
      "12": [
        0, 
        0, 
        0, 
        0
      ], 
      "13": [
        0, 
        0, 
        0, 
        0
      ], 
      "14": [
        0, 
        0, 
        0, 
        0
      ], 
      "15": [
        0, 
        0, 
        0, 
        0
      ], 
      "16": [
        0, 
        0, 
        0, 
        0
      ], 
      "17": [
        0, 
        0, 
        0, 
        0
      ], 
      "18": [
        0, 
        0, 
        0, 
        0
      ], 
      "19": [
        0, 
        0, 
        0, 
        0
      ], 
      "2": [
        65535, 
        65535, 
        65535, 
        65535
      ], 
      "20": [
        0, 
        0, 
        0, 
        0
      ], 
      "21": [
        0, 
        0, 
        0, 
        0
      ], 
      "22": [
        1882979, 
        1882613, 
        1881398, 
        1883043
      ], 
      "23": [
        510, 
        511, 
        514, 
        513
      ], 
      "24": [
        65280, 
        65408, 
        65792, 
        65664
      ], 
      "25": [
        10987, 
        10701, 
        6531, 
        6549
      ], 
      "26": [
        1882512, 
        1882143, 
        1880930, 
        1882580
      ], 
      "27": [
        1127590, 
        1118296, 
        1136238, 
        1124480
      ], 
      "28": [
        29510, 
        29332, 
        30158, 
        29380
      ], 
      "29": [
        708027, 
        710416, 
        698061, 
        708842
      ], 
      "3": [
        0, 
        0, 
        0, 
        0
      ], 
      "30": [
        0, 
        0, 
        0, 
        0
      ], 
      "31": [
        429293, 
        426477, 
        430594, 
        428342
      ], 
      "32": [
        1056224, 
        1082220, 
        1054286, 
        1079508
      ], 
      "33": [
        0, 
        0, 
        0, 
        0
      ], 
      "34": [
        626931, 
        655743, 
        623692, 
        651166
      ], 
      "35": [
        0, 
        0, 
        0, 
        0
      ], 
      "36": [
        0, 
        0, 
        0, 
        0
      ], 
      "37": [
        0, 
        0, 
        0, 
        0
      ], 
      "38": [
        0, 
        0, 
        0, 
        0
      ], 
      "39": [
        0, 
        0, 
        0, 
        0
      ], 
      "4": [
        0, 
        0, 
        0, 
        0
      ], 
      "40": [
        0, 
        0, 
        0, 
        0
      ], 
      "41": [
        0, 
        0, 
        0, 
        0
      ], 
      "42": [
        0, 
        0, 
        0, 
        0
      ], 
      "43": [
        0, 
        0, 
        0, 
        0
      ], 
      "44": [
        0, 
        0, 
        0, 
        0
      ], 
      "45": [
        0, 
        0, 
        0, 
        0
      ], 
      "46": [
        0, 
        0, 
        0, 
        0
      ], 
      "47": [
        0, 
        0, 
        0, 
        0
      ], 
      "48": [
        108763, 
        107314, 
        108908, 
        107910
      ], 
      "49": [
        35198, 
        37453, 
        34937, 
        37459
      ], 
      "5": [
        0, 
        0, 
        0, 
        0
      ], 
      "50": [
        0, 
        0, 
        0, 
        0
      ], 
      "51": [
        0, 
        0, 
        0, 
        0
      ], 
      "52": [
        93422, 
        93254, 
        93777, 
        93571
      ], 
      "53": [
        257551, 
        269902, 
        256491, 
        267839
      ], 
      "54": [
        34289, 
        34384, 
        34477, 
        34039
      ], 
      "55": [
        25708, 
        25871, 
        25932, 
        25625
      ], 
      "56": [
        25868, 
        26022, 
        26101, 
        25783
      ], 
      "57": [
        1, 
        1, 
        1, 
        1
      ], 
      "58": [
        3, 
        3, 
        3, 
        3
      ], 
      "59": [
        42, 
        42, 
        42, 
        42
      ], 
      "6": [
        0, 
        0, 
        0, 
        0
      ], 
      "60": [
        2553, 
        2627, 
        2475, 
        2505
      ], 
      "61": [
        218918, 
        217190, 
        219457, 
        218171
      ], 
      "62": [
        332, 
        332, 
        332, 
        332
      ], 
      "63": [
        0, 
        0, 
        0, 
        0
      ], 
      "7": [
        0, 
        0, 
        0, 
        0
      ], 
      "8": [
        0, 
        0, 
        0, 
        0
      ], 
      "9": [
        0, 
        0, 
        0, 
        0
      ]
    }
  }, 
  "features": {
    "GWS": [
      64, 
      64, 
      64
    ], 
    "LWS": [
      4, 
      1, 
      64
    ], 
    "OFFSET": [
      0, 
      0, 
      0
    ], 
    "compiler name": "ARM Mali OpenCL", 
    "compiler version": "5.0", 
    "cpu_freq": 1600, 
    "gpu_freq": 533, 
    "image cols": 2582, 
    "image rows": 1940, 
    "pool_dir": "pool.06", 
    "program version": "c597087", 
    "size": 64
  }, 
  "meta": {
    "device name": "Mali-T628", 
    "device type": "GPU", 
    "device vendor": "ARM", 
    "experiment type": "benchmarking", 
    "kernel name": "calc_histogram", 
    "program name": "Realeyes HOG"
  }, 
  "tags": [
    "demo", 
    "arm", 
    "codegen15"
  ], 
  "work": {
    "repl": 4, 
    "timestamp": "2015-02-22T02:26:01.385484"
  }
}