{
  "characteristics": {
    "cpu": 0.005323, 
    "gpu_copy": 0.005675, 
    "gpu_only": 0.003704, 
    "is_gpu_better": false, 
    "l2 cache and mmu counters": {
      "0": 2776332630, 
      "1": 23, 
      "10": 0, 
      "11": 0, 
      "12": 0, 
      "13": 0, 
      "14": 0, 
      "15": 0, 
      "16": 8, 
      "17": 3, 
      "18": 304, 
      "19": 4, 
      "2": 65535, 
      "20": 0, 
      "21": 0, 
      "22": 0, 
      "23": 0, 
      "24": 0, 
      "25": 0, 
      "26": 0, 
      "27": 0, 
      "28": 0, 
      "29": 0, 
      "3": 0, 
      "30": 155, 
      "31": 15998, 
      "32": 1419367, 
      "33": 1160651, 
      "34": 1159443, 
      "35": 98022, 
      "36": 109312, 
      "37": 1126561, 
      "38": 0, 
      "39": 144742, 
      "4": 141, 
      "40": 144737, 
      "41": 444, 
      "42": 0, 
      "43": 144589, 
      "44": 0, 
      "45": 54, 
      "46": 0, 
      "47": 0, 
      "48": 3999, 
      "49": 3999, 
      "5": 50, 
      "50": 43, 
      "51": 38, 
      "52": 5, 
      "53": 2, 
      "54": 0, 
      "55": 0, 
      "56": 0, 
      "57": 105, 
      "58": 1, 
      "59": 0, 
      "6": 0, 
      "60": 0, 
      "61": 29084, 
      "62": 1231313, 
      "63": 727566, 
      "7": 73, 
      "8": 26, 
      "9": 0
    }, 
    "shader core counters": {
      "0": [
        2776332630, 
        2776332630, 
        2776332630, 
        2776332630
      ], 
      "1": [
        23, 
        23, 
        23, 
        23
      ], 
      "10": [
        0, 
        0, 
        0, 
        0
      ], 
      "11": [
        0, 
        0, 
        0, 
        0
      ], 
      "12": [
        0, 
        0, 
        0, 
        0
      ], 
      "13": [
        0, 
        0, 
        0, 
        0
      ], 
      "14": [
        0, 
        0, 
        0, 
        0
      ], 
      "15": [
        0, 
        0, 
        0, 
        0
      ], 
      "16": [
        0, 
        0, 
        0, 
        0
      ], 
      "17": [
        0, 
        0, 
        0, 
        0
      ], 
      "18": [
        0, 
        0, 
        0, 
        0
      ], 
      "19": [
        0, 
        0, 
        0, 
        0
      ], 
      "2": [
        65535, 
        65535, 
        65535, 
        65535
      ], 
      "20": [
        0, 
        0, 
        0, 
        0
      ], 
      "21": [
        0, 
        0, 
        0, 
        0
      ], 
      "22": [
        1966291, 
        1968090, 
        1963038, 
        1970076
      ], 
      "23": [
        505, 
        519, 
        521, 
        503
      ], 
      "24": [
        64640, 
        66432, 
        66688, 
        64384
      ], 
      "25": [
        18995, 
        27176, 
        21447, 
        22123
      ], 
      "26": [
        1965800, 
        1967595, 
        1962548, 
        1969580
      ], 
      "27": [
        1114080, 
        1080846, 
        1118322, 
        1101326
      ], 
      "28": [
        27308, 
        25957, 
        27589, 
        26750
      ], 
      "29": [
        798972, 
        818764, 
        790249, 
        807288
      ], 
      "3": [
        0, 
        0, 
        0, 
        0
      ], 
      "30": [
        0, 
        0, 
        0, 
        0
      ], 
      "31": [
        432312, 
        424906, 
        434238, 
        427076
      ], 
      "32": [
        1229138, 
        1284604, 
        1224639, 
        1257593
      ], 
      "33": [
        0, 
        0, 
        0, 
        0
      ], 
      "34": [
        796826, 
        859698, 
        790401, 
        830517
      ], 
      "35": [
        0, 
        0, 
        0, 
        0
      ], 
      "36": [
        0, 
        0, 
        0, 
        0
      ], 
      "37": [
        0, 
        0, 
        0, 
        0
      ], 
      "38": [
        0, 
        0, 
        0, 
        0
      ], 
      "39": [
        0, 
        0, 
        0, 
        0
      ], 
      "4": [
        0, 
        0, 
        0, 
        0
      ], 
      "40": [
        0, 
        0, 
        0, 
        0
      ], 
      "41": [
        0, 
        0, 
        0, 
        0
      ], 
      "42": [
        0, 
        0, 
        0, 
        0
      ], 
      "43": [
        0, 
        0, 
        0, 
        0
      ], 
      "44": [
        0, 
        0, 
        0, 
        0
      ], 
      "45": [
        0, 
        0, 
        0, 
        0
      ], 
      "46": [
        0, 
        0, 
        0, 
        0
      ], 
      "47": [
        0, 
        0, 
        0, 
        0
      ], 
      "48": [
        107195, 
        104297, 
        107700, 
        105882
      ], 
      "49": [
        51636, 
        59089, 
        53296, 
        57602
      ], 
      "5": [
        0, 
        0, 
        0, 
        0
      ], 
      "50": [
        0, 
        0, 
        0, 
        0
      ], 
      "51": [
        0, 
        0, 
        0, 
        0
      ], 
      "52": [
        96341, 
        93911, 
        95807, 
        94935
      ], 
      "53": [
        332577, 
        357483, 
        327773, 
        343810
      ], 
      "54": [
        36818, 
        35542, 
        36259, 
        35841
      ], 
      "55": [
        27851, 
        26853, 
        27265, 
        27023
      ], 
      "56": [
        28004, 
        27002, 
        27398, 
        27163
      ], 
      "57": [
        1, 
        1, 
        1, 
        1
      ], 
      "58": [
        4, 
        4, 
        4, 
        4
      ], 
      "59": [
        42, 
        42, 
        42, 
        42
      ], 
      "6": [
        0, 
        0, 
        0, 
        0
      ], 
      "60": [
        12, 
        13, 
        14, 
        12
      ], 
      "61": [
        219907, 
        213979, 
        219783, 
        216925
      ], 
      "62": [
        332, 
        332, 
        332, 
        332
      ], 
      "63": [
        0, 
        0, 
        8, 
        0
      ], 
      "7": [
        0, 
        0, 
        0, 
        0
      ], 
      "8": [
        0, 
        0, 
        0, 
        0
      ], 
      "9": [
        0, 
        0, 
        0, 
        0
      ]
    }
  }, 
  "features": {
    "GWS": [
      64, 
      64, 
      64
    ], 
    "LWS": [
      4, 
      1, 
      64
    ], 
    "OFFSET": [
      0, 
      0, 
      0
    ], 
    "compiler name": "ARM Mali OpenCL", 
    "compiler version": "5.0", 
    "cpu_freq": 1600, 
    "gpu_freq": 533, 
    "image cols": 633, 
    "image rows": 921, 
    "pool_dir": "pool.01", 
    "program version": "c597087", 
    "size": 64
  }, 
  "meta": {
    "device name": "Mali-T628", 
    "device type": "GPU", 
    "device vendor": "ARM", 
    "experiment type": "benchmarking", 
    "kernel name": "calc_histogram", 
    "program name": "Realeyes HOG"
  }, 
  "tags": [
    "demo", 
    "arm", 
    "codegen15"
  ], 
  "work": {
    "repl": 1, 
    "timestamp": "2015-02-22T02:22:19.507048"
  }
}