{
  "characteristics": {
    "cpu": 0.001175, 
    "gpu_copy": 0.010654, 
    "gpu_only": 0.000268, 
    "is_gpu_better": false, 
    "l2 cache and mmu counters": {
      "0": 1962112690, 
      "1": 22, 
      "10": 0, 
      "11": 0, 
      "12": 0, 
      "13": 0, 
      "14": 0, 
      "15": 0, 
      "16": 9, 
      "17": 2, 
      "18": 255, 
      "19": 7, 
      "2": 65535, 
      "20": 0, 
      "21": 0, 
      "22": 0, 
      "23": 0, 
      "24": 0, 
      "25": 0, 
      "26": 0, 
      "27": 0, 
      "28": 0, 
      "29": 0, 
      "3": 0, 
      "30": 110, 
      "31": 4046, 
      "32": 98795, 
      "33": 0, 
      "34": 75397, 
      "35": 6604, 
      "36": 7110, 
      "37": 73509, 
      "38": 0, 
      "39": 10909, 
      "4": 1774, 
      "40": 10904, 
      "41": 88, 
      "42": 0, 
      "43": 10883, 
      "44": 0, 
      "45": 61, 
      "46": 0, 
      "47": 0, 
      "48": 1011, 
      "49": 1011, 
      "5": 89, 
      "50": 31, 
      "51": 27, 
      "52": 4, 
      "53": 2, 
      "54": 0, 
      "55": 0, 
      "56": 0, 
      "57": 51, 
      "58": 6, 
      "59": 0, 
      "6": 95, 
      "60": 0, 
      "61": 1964, 
      "62": 78914, 
      "63": 42801, 
      "7": 302, 
      "8": 63, 
      "9": 0
    }, 
    "shader core counters": {
      "0": [
        1962112690, 
        1962112690, 
        1962112690, 
        1962112690
      ], 
      "1": [
        22, 
        22, 
        22, 
        22
      ], 
      "10": [
        0, 
        0, 
        0, 
        0
      ], 
      "11": [
        0, 
        0, 
        0, 
        0
      ], 
      "12": [
        0, 
        0, 
        0, 
        0
      ], 
      "13": [
        0, 
        0, 
        0, 
        0
      ], 
      "14": [
        0, 
        0, 
        0, 
        0
      ], 
      "15": [
        0, 
        0, 
        0, 
        0
      ], 
      "16": [
        0, 
        0, 
        0, 
        0
      ], 
      "17": [
        0, 
        0, 
        0, 
        0
      ], 
      "18": [
        0, 
        0, 
        0, 
        0
      ], 
      "19": [
        0, 
        0, 
        0, 
        0
      ], 
      "2": [
        65535, 
        65535, 
        65535, 
        65535
      ], 
      "20": [
        0, 
        0, 
        0, 
        0
      ], 
      "21": [
        0, 
        0, 
        0, 
        0
      ], 
      "22": [
        142270, 
        138678, 
        140354, 
        137567
      ], 
      "23": [
        32, 
        33, 
        31, 
        32
      ], 
      "24": [
        4096, 
        4224, 
        3968, 
        4096
      ], 
      "25": [
        4765, 
        4839, 
        4985, 
        6930
      ], 
      "26": [
        141816, 
        138215, 
        139896, 
        137114
      ], 
      "27": [
        78872, 
        73568, 
        75406, 
        72382
      ], 
      "28": [
        2146, 
        1965, 
        1995, 
        1825
      ], 
      "29": [
        52789, 
        54078, 
        52991, 
        54607
      ], 
      "3": [
        0, 
        0, 
        0, 
        0
      ], 
      "30": [
        0, 
        0, 
        0, 
        0
      ], 
      "31": [
        29488, 
        28527, 
        28341, 
        27670
      ], 
      "32": [
        83938, 
        88819, 
        88311, 
        85314
      ], 
      "33": [
        0, 
        0, 
        0, 
        0
      ], 
      "34": [
        54450, 
        60292, 
        59970, 
        57644
      ], 
      "35": [
        0, 
        0, 
        0, 
        0
      ], 
      "36": [
        0, 
        0, 
        0, 
        0
      ], 
      "37": [
        0, 
        0, 
        0, 
        0
      ], 
      "38": [
        0, 
        0, 
        0, 
        0
      ], 
      "39": [
        0, 
        0, 
        0, 
        0
      ], 
      "4": [
        0, 
        0, 
        0, 
        0
      ], 
      "40": [
        0, 
        0, 
        0, 
        0
      ], 
      "41": [
        0, 
        0, 
        0, 
        0
      ], 
      "42": [
        0, 
        0, 
        0, 
        0
      ], 
      "43": [
        0, 
        0, 
        0, 
        0
      ], 
      "44": [
        0, 
        0, 
        0, 
        0
      ], 
      "45": [
        0, 
        0, 
        0, 
        0
      ], 
      "46": [
        0, 
        0, 
        0, 
        0
      ], 
      "47": [
        0, 
        0, 
        0, 
        0
      ], 
      "48": [
        7451, 
        6877, 
        6996, 
        6719
      ], 
      "49": [
        5165, 
        5025, 
        5521, 
        5187
      ], 
      "5": [
        0, 
        0, 
        0, 
        0
      ], 
      "50": [
        0, 
        0, 
        0, 
        0
      ], 
      "51": [
        0, 
        0, 
        0, 
        0
      ], 
      "52": [
        6698, 
        6583, 
        6534, 
        6349
      ], 
      "53": [
        20444, 
        23655, 
        23029, 
        22245
      ], 
      "54": [
        2764, 
        2635, 
        2737, 
        2675
      ], 
      "55": [
        1805, 
        1726, 
        1792, 
        1790
      ], 
      "56": [
        1797, 
        1724, 
        1801, 
        1794
      ], 
      "57": [
        1, 
        1, 
        1, 
        1
      ], 
      "58": [
        3, 
        3, 
        3, 
        3
      ], 
      "59": [
        42, 
        42, 
        42, 
        42
      ], 
      "6": [
        0, 
        0, 
        0, 
        0
      ], 
      "60": [
        189, 
        187, 
        196, 
        190
      ], 
      "61": [
        15326, 
        14559, 
        14654, 
        14137
      ], 
      "62": [
        332, 
        332, 
        332, 
        332
      ], 
      "63": [
        0, 
        0, 
        0, 
        0
      ], 
      "7": [
        0, 
        0, 
        0, 
        0
      ], 
      "8": [
        0, 
        0, 
        0, 
        0
      ], 
      "9": [
        0, 
        0, 
        0, 
        0
      ]
    }
  }, 
  "features": {
    "GWS": [
      16, 
      16, 
      64
    ], 
    "LWS": [
      4, 
      1, 
      64
    ], 
    "OFFSET": [
      0, 
      0, 
      0
    ], 
    "compiler name": "ARM Mali OpenCL", 
    "compiler version": "5.0", 
    "cpu_freq": 800, 
    "gpu_freq": 533, 
    "image cols": 1683, 
    "image rows": 2246, 
    "pool_dir": "pool.10", 
    "program version": "c597087", 
    "size": 16
  }, 
  "meta": {
    "device name": "Mali-T628", 
    "device type": "GPU", 
    "device vendor": "ARM", 
    "experiment type": "benchmarking", 
    "kernel name": "calc_histogram", 
    "program name": "Realeyes HOG"
  }, 
  "tags": [
    "demo", 
    "arm", 
    "codegen15"
  ], 
  "work": {
    "repl": 3, 
    "timestamp": "2015-02-22T02:18:46.839919"
  }
}