{
  "characteristics": {
    "cpu": 0.037472, 
    "gpu_copy": 0.033172, 
    "gpu_only": 0.030039, 
    "is_gpu_better": true, 
    "l2 cache and mmu counters": {
      "0": 174227506, 
      "1": 18, 
      "10": 0, 
      "11": 0, 
      "12": 0, 
      "13": 0, 
      "14": 0, 
      "15": 0, 
      "16": 8, 
      "17": 2, 
      "18": 171, 
      "19": 4, 
      "2": 65535, 
      "20": 0, 
      "21": 0, 
      "22": 0, 
      "23": 0, 
      "24": 0, 
      "25": 0, 
      "26": 0, 
      "27": 0, 
      "28": 0, 
      "29": 0, 
      "3": 0, 
      "30": 272, 
      "31": 42202, 
      "32": 5764491, 
      "33": 4716252, 
      "34": 4715465, 
      "35": 398326, 
      "36": 444848, 
      "37": 4584405, 
      "38": 0, 
      "39": 597195, 
      "4": 123, 
      "40": 597190, 
      "41": 1396, 
      "42": 0, 
      "43": 596651, 
      "44": 0, 
      "45": 77, 
      "46": 0, 
      "47": 0, 
      "48": 10550, 
      "49": 10550, 
      "5": 49, 
      "50": 77, 
      "51": 67, 
      "52": 6, 
      "53": 2, 
      "54": 0, 
      "55": 0, 
      "56": 0, 
      "57": 308, 
      "58": 2, 
      "59": 0, 
      "6": 43, 
      "60": 0, 
      "61": 118109, 
      "62": 5019570, 
      "63": 2920610, 
      "7": 52, 
      "8": 23, 
      "9": 0
    }, 
    "shader core counters": {
      "0": [
        174227506, 
        174227506, 
        174227506, 
        174227506
      ], 
      "1": [
        18, 
        18, 
        18, 
        18
      ], 
      "10": [
        0, 
        0, 
        0, 
        0
      ], 
      "11": [
        0, 
        0, 
        0, 
        0
      ], 
      "12": [
        0, 
        0, 
        0, 
        0
      ], 
      "13": [
        0, 
        0, 
        0, 
        0
      ], 
      "14": [
        0, 
        0, 
        0, 
        0
      ], 
      "15": [
        0, 
        0, 
        0, 
        0
      ], 
      "16": [
        0, 
        0, 
        0, 
        0
      ], 
      "17": [
        0, 
        0, 
        0, 
        0
      ], 
      "18": [
        0, 
        0, 
        0, 
        0
      ], 
      "19": [
        0, 
        0, 
        0, 
        0
      ], 
      "2": [
        65535, 
        65535, 
        65535, 
        65535
      ], 
      "20": [
        0, 
        0, 
        0, 
        0
      ], 
      "21": [
        0, 
        0, 
        0, 
        0
      ], 
      "22": [
        7986184, 
        7990039, 
        7988539, 
        7985946
      ], 
      "23": [
        2083, 
        1975, 
        2098, 
        2036
      ], 
      "24": [
        266624, 
        252800, 
        268544, 
        260608
      ], 
      "25": [
        99699, 
        117110, 
        118659, 
        101767
      ], 
      "26": [
        7985837, 
        7989687, 
        7988192, 
        7985604
      ], 
      "27": [
        4552786, 
        4406036, 
        4573994, 
        4470818
      ], 
      "28": [
        112097, 
        106110, 
        112866, 
        108964
      ], 
      "29": [
        3224204, 
        3326469, 
        3212810, 
        3295289
      ], 
      "3": [
        0, 
        0, 
        0, 
        0
      ], 
      "30": [
        0, 
        0, 
        0, 
        0
      ], 
      "31": [
        1762410, 
        1707040, 
        1768930, 
        1733249
      ], 
      "32": [
        4983348, 
        5219143, 
        4936797, 
        5119954
      ], 
      "33": [
        0, 
        0, 
        0, 
        0
      ], 
      "34": [
        3220938, 
        3512103, 
        3167867, 
        3386705
      ], 
      "35": [
        0, 
        0, 
        0, 
        0
      ], 
      "36": [
        0, 
        0, 
        0, 
        0
      ], 
      "37": [
        0, 
        0, 
        0, 
        0
      ], 
      "38": [
        0, 
        0, 
        0, 
        0
      ], 
      "39": [
        0, 
        0, 
        0, 
        0
      ], 
      "4": [
        0, 
        0, 
        0, 
        0
      ], 
      "40": [
        0, 
        0, 
        0, 
        0
      ], 
      "41": [
        0, 
        0, 
        0, 
        0
      ], 
      "42": [
        0, 
        0, 
        0, 
        0
      ], 
      "43": [
        0, 
        0, 
        0, 
        0
      ], 
      "44": [
        0, 
        0, 
        0, 
        0
      ], 
      "45": [
        0, 
        0, 
        0, 
        0
      ], 
      "46": [
        0, 
        0, 
        0, 
        0
      ], 
      "47": [
        0, 
        0, 
        0, 
        0
      ], 
      "48": [
        435327, 
        420790, 
        437868, 
        427896
      ], 
      "49": [
        213526, 
        245296, 
        210105, 
        234604
      ], 
      "5": [
        0, 
        0, 
        0, 
        0
      ], 
      "50": [
        0, 
        0, 
        0, 
        0
      ], 
      "51": [
        0, 
        0, 
        0, 
        0
      ], 
      "52": [
        393191, 
        384491, 
        393443, 
        387649
      ], 
      "53": [
        1342525, 
        1459207, 
        1318863, 
        1405984
      ], 
      "54": [
        149408, 
        148140, 
        149683, 
        148728
      ], 
      "55": [
        111218, 
        110480, 
        111448, 
        110535
      ], 
      "56": [
        111726, 
        110942, 
        111930, 
        110987
      ], 
      "57": [
        1, 
        1, 
        1, 
        1
      ], 
      "58": [
        3, 
        3, 
        3, 
        3
      ], 
      "59": [
        42, 
        43, 
        42, 
        42
      ], 
      "6": [
        0, 
        0, 
        0, 
        0
      ], 
      "60": [
        14, 
        13, 
        14, 
        13
      ], 
      "61": [
        895275, 
        870093, 
        898431, 
        881279
      ], 
      "62": [
        332, 
        332, 
        332, 
        332
      ], 
      "63": [
        0, 
        16, 
        8, 
        0
      ], 
      "7": [
        0, 
        0, 
        0, 
        0
      ], 
      "8": [
        0, 
        0, 
        0, 
        0
      ], 
      "9": [
        0, 
        0, 
        0, 
        0
      ]
    }
  }, 
  "features": {
    "GWS": [
      12, 
      12, 
      64
    ], 
    "LWS": [
      4, 
      1, 
      64
    ], 
    "OFFSET": [
      0, 
      0, 
      0
    ], 
    "compiler name": "ARM Mali OpenCL", 
    "compiler version": "5.0", 
    "cpu_freq": 800, 
    "gpu_freq": 266, 
    "image cols": 633, 
    "image rows": 921, 
    "pool_dir": "pool.01", 
    "program version": "c597087", 
    "size": 128
  }, 
  "meta": {
    "device name": "Mali-T628", 
    "device type": "GPU", 
    "device vendor": "ARM", 
    "experiment type": "benchmarking", 
    "kernel name": "calc_histogram", 
    "program name": "Realeyes HOG"
  }, 
  "tags": [
    "demo", 
    "arm", 
    "codegen15"
  ], 
  "work": {
    "repl": 2, 
    "timestamp": "2015-02-22T02:05:36.495689"
  }
}