{
  "characteristics": {
    "cpu": 0.015528, 
    "gpu_copy": 0.006671, 
    "gpu_only": 0.003702, 
    "is_gpu_better": true, 
    "l2 cache and mmu counters": {
      "0": 3307824122, 
      "1": 14, 
      "10": 0, 
      "11": 0, 
      "12": 0, 
      "13": 0, 
      "14": 0, 
      "15": 0, 
      "16": 8, 
      "17": 2, 
      "18": 237, 
      "19": 4, 
      "2": 65535, 
      "20": 0, 
      "21": 0, 
      "22": 0, 
      "23": 0, 
      "24": 0, 
      "25": 0, 
      "26": 0, 
      "27": 0, 
      "28": 0, 
      "29": 0, 
      "3": 0, 
      "30": 176, 
      "31": 16062, 
      "32": 1419051, 
      "33": 1161392, 
      "34": 1160245, 
      "35": 98168, 
      "36": 109405, 
      "37": 1127151, 
      "38": 0, 
      "39": 143596, 
      "4": 132, 
      "40": 143591, 
      "41": 417, 
      "42": 0, 
      "43": 143459, 
      "44": 0, 
      "45": 59, 
      "46": 0, 
      "47": 0, 
      "48": 4015, 
      "49": 4015, 
      "5": 50, 
      "50": 49, 
      "51": 43, 
      "52": 6, 
      "53": 2, 
      "54": 0, 
      "55": 0, 
      "56": 0, 
      "57": 206, 
      "58": 0, 
      "59": 0, 
      "6": 0, 
      "60": 0, 
      "61": 28659, 
      "62": 1232517, 
      "63": 724972, 
      "7": 57, 
      "8": 22, 
      "9": 0
    }, 
    "shader core counters": {
      "0": [
        3307824122, 
        3307824122, 
        3307824122, 
        3307824122
      ], 
      "1": [
        14, 
        14, 
        14, 
        14
      ], 
      "10": [
        0, 
        0, 
        0, 
        0
      ], 
      "11": [
        0, 
        0, 
        0, 
        0
      ], 
      "12": [
        0, 
        0, 
        0, 
        0
      ], 
      "13": [
        0, 
        0, 
        0, 
        0
      ], 
      "14": [
        0, 
        0, 
        0, 
        0
      ], 
      "15": [
        0, 
        0, 
        0, 
        0
      ], 
      "16": [
        0, 
        0, 
        0, 
        0
      ], 
      "17": [
        0, 
        0, 
        0, 
        0
      ], 
      "18": [
        0, 
        0, 
        0, 
        0
      ], 
      "19": [
        0, 
        0, 
        0, 
        0
      ], 
      "2": [
        65535, 
        65535, 
        65535, 
        65535
      ], 
      "20": [
        0, 
        0, 
        0, 
        0
      ], 
      "21": [
        0, 
        0, 
        0, 
        0
      ], 
      "22": [
        1964640, 
        1967646, 
        1969383, 
        1964390
      ], 
      "23": [
        510, 
        503, 
        514, 
        521
      ], 
      "24": [
        65280, 
        64384, 
        65792, 
        66688
      ], 
      "25": [
        18806, 
        22172, 
        22385, 
        31205
      ], 
      "26": [
        1964178, 
        1967172, 
        1968914, 
        1963926
      ], 
      "27": [
        1114182, 
        1079552, 
        1117744, 
        1103256
      ], 
      "28": [
        27350, 
        25887, 
        27534, 
        26771
      ], 
      "29": [
        794006, 
        817976, 
        796939, 
        801303
      ], 
      "3": [
        0, 
        0, 
        0, 
        0
      ], 
      "30": [
        0, 
        0, 
        0, 
        0
      ], 
      "31": [
        432814, 
        420671, 
        433881, 
        431000
      ], 
      "32": [
        1224414, 
        1280751, 
        1227096, 
        1245862
      ], 
      "33": [
        0, 
        0, 
        0, 
        0
      ], 
      "34": [
        791600, 
        860080, 
        793215, 
        814862
      ], 
      "35": [
        0, 
        0, 
        0, 
        0
      ], 
      "36": [
        0, 
        0, 
        0, 
        0
      ], 
      "37": [
        0, 
        0, 
        0, 
        0
      ], 
      "38": [
        0, 
        0, 
        0, 
        0
      ], 
      "39": [
        0, 
        0, 
        0, 
        0
      ], 
      "4": [
        0, 
        0, 
        0, 
        0
      ], 
      "40": [
        0, 
        0, 
        0, 
        0
      ], 
      "41": [
        0, 
        0, 
        0, 
        0
      ], 
      "42": [
        0, 
        0, 
        0, 
        0
      ], 
      "43": [
        0, 
        0, 
        0, 
        0
      ], 
      "44": [
        0, 
        0, 
        0, 
        0
      ], 
      "45": [
        0, 
        0, 
        0, 
        0
      ], 
      "46": [
        0, 
        0, 
        0, 
        0
      ], 
      "47": [
        0, 
        0, 
        0, 
        0
      ], 
      "48": [
        107171, 
        103761, 
        107504, 
        106638
      ], 
      "49": [
        50212, 
        58802, 
        51827, 
        55314
      ], 
      "5": [
        0, 
        0, 
        0, 
        0
      ], 
      "50": [
        0, 
        0, 
        0, 
        0
      ], 
      "51": [
        0, 
        0, 
        0, 
        0
      ], 
      "52": [
        96221, 
        93355, 
        96297, 
        95037
      ], 
      "53": [
        331491, 
        357890, 
        330738, 
        338280
      ], 
      "54": [
        36446, 
        35292, 
        36350, 
        35410
      ], 
      "55": [
        27725, 
        26839, 
        27618, 
        26854
      ], 
      "56": [
        27904, 
        27021, 
        27802, 
        27034
      ], 
      "57": [
        1, 
        1, 
        1, 
        1
      ], 
      "58": [
        3, 
        3, 
        3, 
        3
      ], 
      "59": [
        43, 
        43, 
        42, 
        42
      ], 
      "6": [
        0, 
        0, 
        0, 
        0
      ], 
      "60": [
        14, 
        12, 
        13, 
        13
      ], 
      "61": [
        219753, 
        212827, 
        220111, 
        217819
      ], 
      "62": [
        332, 
        332, 
        332, 
        332
      ], 
      "63": [
        8, 
        16, 
        0, 
        0
      ], 
      "7": [
        0, 
        0, 
        0, 
        0
      ], 
      "8": [
        0, 
        0, 
        0, 
        0
      ], 
      "9": [
        0, 
        0, 
        0, 
        0
      ]
    }
  }, 
  "features": {
    "GWS": [
      64, 
      64, 
      64
    ], 
    "LWS": [
      4, 
      1, 
      64
    ], 
    "OFFSET": [
      0, 
      0, 
      0
    ], 
    "compiler name": "ARM Mali OpenCL", 
    "compiler version": "5.0", 
    "cpu_freq": 800, 
    "gpu_freq": 533, 
    "image cols": 633, 
    "image rows": 921, 
    "pool_dir": "pool.01", 
    "program version": "c597087", 
    "size": 64
  }, 
  "meta": {
    "device name": "Mali-T628", 
    "device type": "GPU", 
    "device vendor": "ARM", 
    "experiment type": "benchmarking", 
    "kernel name": "calc_histogram", 
    "program name": "Realeyes HOG"
  }, 
  "tags": [
    "demo", 
    "arm", 
    "codegen15"
  ], 
  "work": {
    "repl": 0, 
    "timestamp": "2015-02-22T01:55:51.182809"
  }
}