{
  "characteristics": {
    "cpu": 0.001492, 
    "gpu_copy": 0.009962, 
    "gpu_only": 0.001797, 
    "is_gpu_better": false, 
    "l2 cache and mmu counters": {
      "0": 3447563424, 
      "1": 13, 
      "10": 0, 
      "11": 0, 
      "12": 0, 
      "13": 0, 
      "14": 0, 
      "15": 0, 
      "16": 8, 
      "17": 3, 
      "18": 164, 
      "19": 4, 
      "2": 65535, 
      "20": 0, 
      "21": 0, 
      "22": 0, 
      "23": 0, 
      "24": 0, 
      "25": 0, 
      "26": 0, 
      "27": 0, 
      "28": 0, 
      "29": 0, 
      "3": 0, 
      "30": 118, 
      "31": 8150, 
      "32": 322981, 
      "33": 257569, 
      "34": 256620, 
      "35": 22936, 
      "36": 25791, 
      "37": 248305, 
      "38": 0, 
      "39": 35295, 
      "4": 6529, 
      "40": 35290, 
      "41": 211, 
      "42": 0, 
      "43": 35224, 
      "44": 0, 
      "45": 62, 
      "46": 0, 
      "47": 0, 
      "48": 2037, 
      "49": 2037, 
      "5": 183, 
      "50": 33, 
      "51": 29, 
      "52": 4, 
      "53": 2, 
      "54": 0, 
      "55": 0, 
      "56": 0, 
      "57": 62, 
      "58": 0, 
      "59": 0, 
      "6": 86, 
      "60": 0, 
      "61": 7020, 
      "62": 271885, 
      "63": 133570, 
      "7": 313, 
      "8": 155, 
      "9": 0
    }, 
    "shader core counters": {
      "0": [
        3447563424, 
        3447563424, 
        3447563424, 
        3447563424
      ], 
      "1": [
        13, 
        13, 
        13, 
        13
      ], 
      "10": [
        0, 
        0, 
        0, 
        0
      ], 
      "11": [
        0, 
        0, 
        0, 
        0
      ], 
      "12": [
        0, 
        0, 
        0, 
        0
      ], 
      "13": [
        0, 
        0, 
        0, 
        0
      ], 
      "14": [
        0, 
        0, 
        0, 
        0
      ], 
      "15": [
        0, 
        0, 
        0, 
        0
      ], 
      "16": [
        0, 
        0, 
        0, 
        0
      ], 
      "17": [
        0, 
        0, 
        0, 
        0
      ], 
      "18": [
        0, 
        0, 
        0, 
        0
      ], 
      "19": [
        0, 
        0, 
        0, 
        0
      ], 
      "2": [
        65535, 
        65535, 
        65535, 
        65535
      ], 
      "20": [
        0, 
        0, 
        0, 
        0
      ], 
      "21": [
        0, 
        0, 
        0, 
        0
      ], 
      "22": [
        476297, 
        476780, 
        477291, 
        477784
      ], 
      "23": [
        125, 
        130, 
        126, 
        131
      ], 
      "24": [
        16000, 
        16640, 
        16128, 
        16768
      ], 
      "25": [
        5399, 
        11426, 
        9317, 
        3831
      ], 
      "26": [
        475926, 
        476396, 
        476912, 
        477410
      ], 
      "27": [
        281564, 
        280710, 
        280226, 
        282696
      ], 
      "28": [
        7249, 
        7319, 
        7246, 
        7520
      ], 
      "29": [
        178975, 
        176421, 
        179873, 
        177545
      ], 
      "3": [
        0, 
        0, 
        0, 
        0
      ], 
      "30": [
        0, 
        0, 
        0, 
        0
      ], 
      "31": [
        106709, 
        107016, 
        107188, 
        108335
      ], 
      "32": [
        271978, 
        275354, 
        272830, 
        282368
      ], 
      "33": [
        0, 
        0, 
        0, 
        0
      ], 
      "34": [
        165269, 
        168338, 
        165642, 
        174033
      ], 
      "35": [
        0, 
        0, 
        0, 
        0
      ], 
      "36": [
        0, 
        0, 
        0, 
        0
      ], 
      "37": [
        0, 
        0, 
        0, 
        0
      ], 
      "38": [
        0, 
        0, 
        0, 
        0
      ], 
      "39": [
        0, 
        0, 
        0, 
        0
      ], 
      "4": [
        0, 
        0, 
        0, 
        0
      ], 
      "40": [
        0, 
        0, 
        0, 
        0
      ], 
      "41": [
        0, 
        0, 
        0, 
        0
      ], 
      "42": [
        0, 
        0, 
        0, 
        0
      ], 
      "43": [
        0, 
        0, 
        0, 
        0
      ], 
      "44": [
        0, 
        0, 
        0, 
        0
      ], 
      "45": [
        0, 
        0, 
        0, 
        0
      ], 
      "46": [
        0, 
        0, 
        0, 
        0
      ], 
      "47": [
        0, 
        0, 
        0, 
        0
      ], 
      "48": [
        27201, 
        26753, 
        27181, 
        27088
      ], 
      "49": [
        9569, 
        10155, 
        9983, 
        10638
      ], 
      "5": [
        0, 
        0, 
        0, 
        0
      ], 
      "50": [
        0, 
        0, 
        0, 
        0
      ], 
      "51": [
        0, 
        0, 
        0, 
        0
      ], 
      "52": [
        23170, 
        23476, 
        23354, 
        23791
      ], 
      "53": [
        67594, 
        68751, 
        67405, 
        70942
      ], 
      "54": [
        8956, 
        8461, 
        8723, 
        8992
      ], 
      "55": [
        6632, 
        6197, 
        6403, 
        6499
      ], 
      "56": [
        6668, 
        6241, 
        6437, 
        6515
      ], 
      "57": [
        1, 
        1, 
        1, 
        1
      ], 
      "58": [
        4, 
        4, 
        4, 
        4
      ], 
      "59": [
        42, 
        42, 
        42, 
        44
      ], 
      "6": [
        0, 
        0, 
        0, 
        0
      ], 
      "60": [
        691, 
        587, 
        670, 
        740
      ], 
      "61": [
        54506, 
        54404, 
        54714, 
        55095
      ], 
      "62": [
        332, 
        332, 
        332, 
        332
      ], 
      "63": [
        0, 
        0, 
        0, 
        24
      ], 
      "7": [
        0, 
        0, 
        0, 
        0
      ], 
      "8": [
        0, 
        0, 
        0, 
        0
      ], 
      "9": [
        0, 
        0, 
        0, 
        0
      ]
    }
  }, 
  "features": {
    "GWS": [
      32, 
      32, 
      64
    ], 
    "LWS": [
      4, 
      1, 
      64
    ], 
    "OFFSET": [
      0, 
      0, 
      0
    ], 
    "compiler name": "ARM Mali OpenCL", 
    "compiler version": "5.0", 
    "cpu_freq": 1600, 
    "gpu_freq": 266, 
    "image cols": 2582, 
    "image rows": 1940, 
    "pool_dir": "pool.06", 
    "program version": "c597087", 
    "size": 32
  }, 
  "meta": {
    "device name": "Mali-T628", 
    "device type": "GPU", 
    "device vendor": "ARM", 
    "experiment type": "benchmarking", 
    "kernel name": "calc_histogram", 
    "program name": "Realeyes HOG"
  }, 
  "tags": [
    "demo", 
    "arm", 
    "codegen15"
  ], 
  "work": {
    "repl": 3, 
    "timestamp": "2015-02-25T13:02:01.240321"
  }
}