{
  "characteristics": {
    "cpu": 0.010066, 
    "gpu_copy": 0.010477, 
    "gpu_only": 0.007387, 
    "is_gpu_better": false, 
    "l2 cache and mmu counters": {
      "0": 860490278, 
      "1": 22, 
      "10": 0, 
      "11": 0, 
      "12": 0, 
      "13": 0, 
      "14": 0, 
      "15": 0, 
      "16": 8, 
      "17": 2, 
      "18": 170, 
      "19": 4, 
      "2": 65535, 
      "20": 0, 
      "21": 0, 
      "22": 0, 
      "23": 0, 
      "24": 0, 
      "25": 0, 
      "26": 0, 
      "27": 0, 
      "28": 0, 
      "29": 0, 
      "3": 0, 
      "30": 163, 
      "31": 15738, 
      "32": 1417553, 
      "33": 1159703, 
      "34": 1158914, 
      "35": 97785, 
      "36": 109223, 
      "37": 1126034, 
      "38": 0, 
      "39": 143995, 
      "4": 132, 
      "40": 143990, 
      "41": 392, 
      "42": 0, 
      "43": 143868, 
      "44": 0, 
      "45": 48, 
      "46": 0, 
      "47": 0, 
      "48": 3934, 
      "49": 3934, 
      "5": 47, 
      "50": 48, 
      "51": 40, 
      "52": 5, 
      "53": 2, 
      "54": 0, 
      "55": 0, 
      "56": 0, 
      "57": 163, 
      "58": 2, 
      "59": 0, 
      "6": 0, 
      "60": 0, 
      "61": 28703, 
      "62": 1231177, 
      "63": 730589, 
      "7": 56, 
      "8": 24, 
      "9": 0
    }, 
    "shader core counters": {
      "0": [
        860490278, 
        860490278, 
        860490278, 
        860490278
      ], 
      "1": [
        22, 
        22, 
        22, 
        22
      ], 
      "10": [
        0, 
        0, 
        0, 
        0
      ], 
      "11": [
        0, 
        0, 
        0, 
        0
      ], 
      "12": [
        0, 
        0, 
        0, 
        0
      ], 
      "13": [
        0, 
        0, 
        0, 
        0
      ], 
      "14": [
        0, 
        0, 
        0, 
        0
      ], 
      "15": [
        0, 
        0, 
        0, 
        0
      ], 
      "16": [
        0, 
        0, 
        0, 
        0
      ], 
      "17": [
        0, 
        0, 
        0, 
        0
      ], 
      "18": [
        0, 
        0, 
        0, 
        0
      ], 
      "19": [
        0, 
        0, 
        0, 
        0
      ], 
      "2": [
        65535, 
        65535, 
        65535, 
        65535
      ], 
      "20": [
        0, 
        0, 
        0, 
        0
      ], 
      "21": [
        0, 
        0, 
        0, 
        0
      ], 
      "22": [
        1957341, 
        1964797, 
        1962230, 
        1964381
      ], 
      "23": [
        513, 
        500, 
        531, 
        504
      ], 
      "24": [
        65664, 
        64000, 
        67968, 
        64512
      ], 
      "25": [
        19899, 
        24031, 
        22955, 
        24710
      ], 
      "26": [
        1956994, 
        1964445, 
        1961883, 
        1964039
      ], 
      "27": [
        1108644, 
        1082206, 
        1122328, 
        1105310
      ], 
      "28": [
        27253, 
        25933, 
        27870, 
        27134
      ], 
      "29": [
        793643, 
        821172, 
        786215, 
        803419
      ], 
      "3": [
        0, 
        0, 
        0, 
        0
      ], 
      "30": [
        0, 
        0, 
        0, 
        0
      ], 
      "31": [
        430954, 
        422072, 
        435980, 
        428229
      ], 
      "32": [
        1223973, 
        1284333, 
        1217097, 
        1257541
      ], 
      "33": [
        0, 
        0, 
        0, 
        0
      ], 
      "34": [
        793019, 
        862261, 
        781117, 
        829312
      ], 
      "35": [
        0, 
        0, 
        0, 
        0
      ], 
      "36": [
        0, 
        0, 
        0, 
        0
      ], 
      "37": [
        0, 
        0, 
        0, 
        0
      ], 
      "38": [
        0, 
        0, 
        0, 
        0
      ], 
      "39": [
        0, 
        0, 
        0, 
        0
      ], 
      "4": [
        0, 
        0, 
        0, 
        0
      ], 
      "40": [
        0, 
        0, 
        0, 
        0
      ], 
      "41": [
        0, 
        0, 
        0, 
        0
      ], 
      "42": [
        0, 
        0, 
        0, 
        0
      ], 
      "43": [
        0, 
        0, 
        0, 
        0
      ], 
      "44": [
        0, 
        0, 
        0, 
        0
      ], 
      "45": [
        0, 
        0, 
        0, 
        0
      ], 
      "46": [
        0, 
        0, 
        0, 
        0
      ], 
      "47": [
        0, 
        0, 
        0, 
        0
      ], 
      "48": [
        106708, 
        104068, 
        108121, 
        106177
      ], 
      "49": [
        51124, 
        56151, 
        50532, 
        56822
      ], 
      "5": [
        0, 
        0, 
        0, 
        0
      ], 
      "50": [
        0, 
        0, 
        0, 
        0
      ], 
      "51": [
        0, 
        0, 
        0, 
        0
      ], 
      "52": [
        95501, 
        94066, 
        95630, 
        95148
      ], 
      "53": [
        331364, 
        361338, 
        325780, 
        344043
      ], 
      "54": [
        36251, 
        35505, 
        36116, 
        35766
      ], 
      "55": [
        27614, 
        26973, 
        27298, 
        27074
      ], 
      "56": [
        27733, 
        27083, 
        27406, 
        27184
      ], 
      "57": [
        1, 
        1, 
        1, 
        1
      ], 
      "58": [
        3, 
        3, 
        3, 
        3
      ], 
      "59": [
        42, 
        42, 
        42, 
        42
      ], 
      "6": [
        0, 
        0, 
        0, 
        0
      ], 
      "60": [
        14, 
        13, 
        14, 
        12
      ], 
      "61": [
        218405, 
        213894, 
        220094, 
        217552
      ], 
      "62": [
        332, 
        332, 
        332, 
        332
      ], 
      "63": [
        0, 
        0, 
        0, 
        0
      ], 
      "7": [
        0, 
        0, 
        0, 
        0
      ], 
      "8": [
        0, 
        0, 
        0, 
        0
      ], 
      "9": [
        0, 
        0, 
        0, 
        0
      ]
    }
  }, 
  "features": {
    "GWS": [
      64, 
      64, 
      64
    ], 
    "LWS": [
      4, 
      1, 
      64
    ], 
    "OFFSET": [
      0, 
      0, 
      0
    ], 
    "compiler name": "ARM Mali OpenCL", 
    "compiler version": "5.0", 
    "cpu_freq": 800, 
    "gpu_freq": 266, 
    "image cols": 633, 
    "image rows": 921, 
    "pool_dir": "pool.01", 
    "program version": "c597087", 
    "size": 64
  }, 
  "meta": {
    "device name": "Mali-T628", 
    "device type": "GPU", 
    "device vendor": "ARM", 
    "experiment type": "benchmarking", 
    "kernel name": "calc_histogram", 
    "program name": "Realeyes HOG"
  }, 
  "tags": [
    "demo", 
    "arm", 
    "codegen15"
  ], 
  "work": {
    "repl": 2, 
    "timestamp": "2015-02-22T02:18:00.951948"
  }
}